# Blender 5.0.1
# www.blender.org
mtllib oplotturret.mtl
o turret2
v -0.744025 0.499808 -0.151911
v -0.689863 0.444310 -0.141854
v -0.744025 0.444310 -0.151911
v -0.670493 0.444310 -0.233557
v -0.726145 0.499808 -0.148111
v -0.706776 0.499808 -0.239814
v -0.689863 0.444310 -0.141854
v -0.724656 0.444310 -0.243614
v -0.706776 0.499808 -0.239814
v -0.724656 0.499808 -0.243614
v -0.670493 0.444310 -0.233557
v -0.578045 0.536690 -0.110646
v -0.616715 0.521934 -0.120404
v -0.578045 0.521934 -0.120404
v -0.616715 0.536690 -0.110646
v -0.578045 0.522233 -0.019088
v -0.616715 0.522233 0.011605
v -0.578045 0.522233 0.011605
v -0.616715 0.522233 -0.019088
v -0.616715 0.508453 -0.046058
v -0.578045 0.523723 -0.046058
v -0.689863 0.444310 -0.141854
v -0.744025 0.499808 -0.151911
v -0.726145 0.499808 -0.148111
v -0.578045 0.522233 0.011605
v -0.616715 0.548827 0.026951
v -0.578045 0.548827 0.026951
v -0.616715 0.522233 0.011605
v -0.578045 0.548827 0.026951
v -0.616715 0.575421 0.011605
v -0.578045 0.575421 0.011605
v -0.616715 0.548827 0.026951
v -0.578045 0.575421 0.011605
v -0.616715 0.575421 -0.019088
v -0.578045 0.575421 -0.019088
v -0.616715 0.575421 0.011605
v -0.743058 0.464424 -0.160179
v -0.727036 0.495264 -0.235791
v -0.743058 0.495264 -0.160179
v -0.727036 0.464424 -0.235791
v -0.266737 0.459956 -0.159657
v -0.282828 0.493851 -0.235868
v -0.282828 0.459956 -0.235868
v -0.266737 0.493851 -0.159657
v -0.468093 0.530356 -0.248681
v -0.543037 0.561049 -0.248681
v -0.543037 0.530356 -0.248681
v -0.468093 0.561049 -0.248681
v -0.265094 0.444310 -0.151911
v -0.284463 0.499808 -0.243615
v -0.284463 0.444310 -0.243615
v -0.265094 0.499808 -0.151911
v -0.338695 0.444310 -0.233557
v -0.283051 0.499808 -0.148111
v -0.319256 0.444310 -0.141854
v -0.302420 0.499808 -0.239814
v -0.284463 0.444310 -0.243615
v -0.302420 0.499808 -0.239814
v -0.338695 0.444310 -0.233557
v -0.284463 0.499808 -0.243615
v -0.319256 0.444310 -0.141854
v -0.265094 0.499808 -0.151911
v -0.265094 0.444310 -0.151911
v -0.283051 0.499808 -0.148111
v -0.283051 0.499808 -0.148111
v -0.284463 0.499808 -0.243615
v -0.265094 0.499808 -0.151911
v -0.302420 0.499808 -0.239814
v -0.744025 0.444310 -0.151911
v -0.724656 0.499808 -0.243614
v -0.744025 0.499808 -0.151911
v -0.724656 0.444310 -0.243614
v -0.726145 0.499808 -0.148111
v -0.724656 0.499808 -0.243614
v -0.706776 0.499808 -0.239814
v -0.744025 0.499808 -0.151911
v -0.458704 0.514564 -0.246593
v -0.552419 0.570131 -0.246593
v -0.552419 0.514564 -0.246593
v -0.458704 0.570131 -0.246593
v -0.553839 0.514564 -0.191548
v -0.458704 0.570131 -0.228268
v -0.460124 0.514564 -0.191548
v -0.552419 0.570131 -0.228268
v -0.552419 0.514564 -0.246593
v -0.552419 0.570131 -0.228268
v -0.553839 0.514564 -0.191548
v -0.552419 0.570131 -0.246593
v -0.460124 0.514564 -0.191548
v -0.458704 0.570131 -0.246593
v -0.458704 0.514564 -0.246593
v -0.458704 0.570131 -0.228268
v -0.458704 0.570131 -0.228268
v -0.552419 0.570131 -0.246593
v -0.458704 0.570131 -0.246593
v -0.552419 0.570131 -0.228268
v -0.222631 0.413172 -0.150944
v -0.310911 0.485959 -0.070195
v -0.294896 0.485959 -0.150944
v -0.244158 0.413172 -0.259337
v -0.395536 0.394102 -0.417264
v -0.505934 0.413172 -0.434246
v -0.505934 0.394102 -0.439244
v -0.397471 0.413172 -0.412642
v -0.302044 0.394102 -0.354764
v -0.305545 0.413172 -0.351263
v -0.239544 0.394102 -0.261272
v -0.217565 0.394102 -0.150944
v -0.238577 0.394102 -0.045383
v -0.243567 0.413172 -0.045383
v -0.327524 0.485959 -0.045383
v -0.400380 0.509643 -0.045383
v -0.425185 0.522978 -0.070195
v -0.462212 0.522978 -0.045383
v -0.505934 0.529910 -0.150944
v -0.505934 0.523500 -0.045383
v -0.549594 0.522978 -0.045383
v -0.310911 0.485959 -0.231700
v -0.356721 0.485959 -0.300157
v -0.425185 0.485959 -0.345897
v -0.505934 0.485959 -0.361912
v -0.614327 0.413172 -0.412642
v -0.586690 0.485959 -0.345897
v -0.706254 0.413172 -0.351263
v -0.655147 0.485959 -0.300157
v -0.767640 0.413172 -0.259337
v -0.700887 0.485959 -0.231699
v -0.789167 0.413172 -0.150943
v -0.716909 0.485959 -0.150943
v -0.700887 0.485959 -0.070195
v -0.620139 0.522978 -0.150944
v -0.611425 0.522978 -0.107214
v -0.586690 0.522978 -0.070195
v -0.549594 0.522978 -0.256428
v -0.611425 0.509643 -0.045383
v -0.684351 0.485959 -0.045383
v -0.768231 0.413172 -0.045383
v -0.773221 0.394102 -0.045383
v -0.794234 0.394102 -0.150943
v -0.772254 0.394102 -0.261272
v -0.709754 0.394102 -0.354764
v -0.616262 0.394102 -0.417264
v -0.505934 0.522978 -0.265149
v -0.462212 0.522978 -0.256428
v -0.586690 0.522978 -0.231699
v -0.611425 0.522978 -0.194596
v -0.425185 0.522978 -0.231700
v -0.400381 0.522978 -0.194596
v -0.391736 0.522978 -0.150944
v -0.400380 0.522978 -0.107215
v -0.396803 0.536690 -0.110646
v -0.435388 0.521934 -0.120404
v -0.396803 0.521934 -0.120404
v -0.435388 0.536690 -0.110646
v -0.396803 0.522233 -0.019088
v -0.435388 0.522233 0.011605
v -0.396803 0.522233 0.011605
v -0.435388 0.522233 -0.019088
v -0.435388 0.523723 -0.046058
v -0.396803 0.508453 -0.046058
v -0.578045 0.548827 0.026951
v -0.578045 0.522233 -0.019088
v -0.578045 0.522233 0.011605
v -0.578045 0.521934 -0.120404
v -0.578045 0.542125 -0.046204
v -0.578045 0.536690 -0.110646
v -0.578045 0.523723 -0.046058
v -0.578045 0.548827 -0.034435
v -0.578045 0.575421 -0.019088
v -0.578045 0.575421 0.011605
v -0.616715 0.575421 0.011605
v -0.616715 0.548827 -0.034435
v -0.616715 0.575421 -0.019088
v -0.616715 0.536690 -0.110646
v -0.616715 0.508453 -0.046058
v -0.616715 0.521934 -0.120404
v -0.616715 0.542125 -0.046204
v -0.616715 0.522233 -0.019088
v -0.616715 0.522233 0.011605
v -0.616715 0.548827 0.026951
v -0.578045 0.536690 -0.110646
v -0.616715 0.542125 -0.046204
v -0.616715 0.536690 -0.110646
v -0.578045 0.542125 -0.046204
v -0.616715 0.548827 -0.034435
v -0.578045 0.548827 -0.034435
v -0.578045 0.575421 -0.019088
v -0.616715 0.575421 -0.019088
v -0.396803 0.522233 0.011605
v -0.435388 0.548827 0.026951
v -0.396803 0.548827 0.026951
v -0.435388 0.522233 0.011605
v -0.396803 0.548827 0.026951
v -0.435388 0.575421 0.011605
v -0.396803 0.575421 0.011605
v -0.435388 0.548827 0.026951
v -0.396803 0.575421 0.011605
v -0.435388 0.575421 -0.019088
v -0.396803 0.575421 -0.019088
v -0.435388 0.575421 0.011605
v -0.407827 0.509566 -0.110270
v -0.311733 0.476048 -0.150944
v -0.399705 0.509566 -0.150944
v -0.326480 0.476048 -0.225212
v -0.264349 0.408258 -0.250992
v -0.321037 0.408258 -0.335763
v -0.326557 0.476048 -0.076675
v -0.430843 0.509566 -0.075853
v -0.505934 0.515977 -0.150944
v -0.407827 0.509566 -0.191548
v -0.368566 0.476048 -0.288242
v -0.405816 0.408258 -0.392459
v -0.431588 0.476048 -0.330328
v -0.505934 0.408258 -0.412350
v -0.505934 0.476048 -0.345076
v -0.605982 0.408258 -0.392459
v -0.580210 0.476048 -0.330328
v -0.690761 0.408258 -0.335763
v -0.643232 0.476048 -0.288242
v -0.747449 0.408258 -0.250992
v -0.685318 0.476048 -0.225212
v -0.767341 0.408258 -0.150943
v -0.751395 0.394025 -0.252627
v -0.771663 0.394025 -0.150943
v -0.693817 0.394025 -0.338819
v -0.607625 0.394025 -0.396405
v -0.505934 0.394025 -0.416665
v -0.404181 0.394025 -0.396405
v -0.317989 0.394025 -0.338819
v -0.260403 0.394025 -0.252627
v -0.240143 0.394025 -0.150944
v -0.244458 0.408258 -0.150944
v -0.260326 0.394102 -0.045314
v -0.263827 0.408182 -0.045314
v -0.341305 0.476048 -0.045314
v -0.409762 0.497728 -0.045314
v -0.465936 0.509497 -0.045314
v -0.505934 0.509720 -0.047617
v -0.545870 0.509497 -0.045314
v -0.580955 0.509574 -0.075853
v -0.602182 0.497874 -0.045314
v -0.685249 0.476048 -0.076675
v -0.670570 0.476048 -0.045314
v -0.747971 0.408182 -0.045313
v -0.751472 0.394102 -0.045313
v -0.700073 0.476048 -0.150943
v -0.612093 0.509574 -0.150944
v -0.603971 0.509574 -0.110270
v -0.465260 0.509566 -0.248981
v -0.430843 0.509566 -0.226034
v -0.505934 0.509574 -0.257103
v -0.546538 0.509574 -0.248981
v -0.580955 0.509574 -0.226034
v -0.603971 0.509574 -0.191548
v -0.396803 0.575421 -0.019088
v -0.396803 0.548827 0.026951
v -0.396803 0.575421 0.011605
v -0.396803 0.522233 -0.019088
v -0.396803 0.548827 -0.034435
v -0.396803 0.508453 -0.046058
v -0.396803 0.542125 -0.046204
v -0.396803 0.521934 -0.120404
v -0.396803 0.536690 -0.110646
v -0.396803 0.522233 0.011605
v -0.217565 0.394102 -0.150944
v -0.260326 0.394102 -0.045314
v -0.238577 0.394102 -0.045383
v -0.240143 0.394025 -0.150944
v -0.239544 0.394102 -0.261272
v -0.260403 0.394025 -0.252627
v -0.302044 0.394102 -0.354764
v -0.317989 0.394025 -0.338819
v -0.395536 0.394102 -0.417264
v -0.404181 0.394025 -0.396405
v -0.505934 0.394102 -0.439244
v -0.505934 0.394025 -0.416665
v -0.616262 0.394102 -0.417264
v -0.607625 0.394025 -0.396405
v -0.709754 0.394102 -0.354764
v -0.693817 0.394025 -0.338819
v -0.772254 0.394102 -0.261272
v -0.751395 0.394025 -0.252627
v -0.794234 0.394102 -0.150943
v -0.771663 0.394025 -0.150943
v -0.773221 0.394102 -0.045383
v -0.751472 0.394102 -0.045313
v -0.768231 0.413172 -0.045383
v -0.751472 0.394102 -0.045313
v -0.773221 0.394102 -0.045383
v -0.747971 0.408182 -0.045313
v -0.684351 0.485959 -0.045383
v -0.670570 0.476048 -0.045314
v -0.611425 0.509643 -0.045383
v -0.602182 0.497874 -0.045314
v -0.549594 0.522978 -0.045383
v -0.545870 0.509497 -0.045314
v -0.505934 0.523500 -0.045383
v -0.505934 0.509720 -0.047617
v -0.462212 0.522978 -0.045383
v -0.465936 0.509497 -0.045314
v -0.400380 0.509643 -0.045383
v -0.409762 0.497728 -0.045314
v -0.327524 0.485959 -0.045383
v -0.341305 0.476048 -0.045314
v -0.243567 0.413172 -0.045383
v -0.263827 0.408182 -0.045314
v -0.238577 0.394102 -0.045383
v -0.260326 0.394102 -0.045314
v -0.783355 0.355739 -0.045383
v -0.794234 0.394102 -0.150943
v -0.773221 0.394102 -0.045383
v -0.804291 0.355739 -0.150943
v -0.781643 0.355739 -0.265149
v -0.772254 0.394102 -0.261272
v -0.716910 0.355739 -0.361911
v -0.709754 0.394102 -0.354764
v -0.620139 0.355739 -0.426653
v -0.616262 0.394102 -0.417264
v -0.505934 0.355739 -0.449370
v -0.505934 0.394102 -0.439244
v -0.391659 0.355739 -0.426653
v -0.395536 0.394102 -0.417264
v -0.294897 0.355739 -0.361912
v -0.302044 0.394102 -0.354764
v -0.230155 0.355739 -0.265149
v -0.239544 0.394102 -0.261272
v -0.207507 0.355739 -0.150944
v -0.217565 0.394102 -0.150944
v -0.228443 0.355739 -0.045383
v -0.238577 0.394102 -0.045383
v -0.435388 0.575421 0.011605
v -0.435388 0.548827 -0.034435
v -0.435388 0.575421 -0.019088
v -0.435388 0.536690 -0.110646
v -0.435388 0.523723 -0.046058
v -0.435388 0.521934 -0.120404
v -0.435388 0.542125 -0.046204
v -0.435388 0.522233 -0.019088
v -0.435388 0.522233 0.011605
v -0.435388 0.548827 0.026951
v -0.396803 0.536690 -0.110646
v -0.435388 0.542125 -0.046204
v -0.435388 0.536690 -0.110646
v -0.396803 0.542125 -0.046204
v -0.435388 0.548827 -0.034435
v -0.396803 0.548827 -0.034435
v -0.396803 0.575421 -0.019088
v -0.435388 0.575421 -0.019088
vn -0.0000 0.4998 -0.8661
vn -0.0001 0.6315 -0.7754
vn -0.0000 0.6315 -0.7754
vn -0.0000 0.9778 -0.2095
vn -0.0000 0.9923 -0.1240
vn -0.0000 0.9965 -0.0840
vn -1.0000 -0.0000 -0.0000
vn 0.9494 0.2508 0.1890
vn 0.9495 0.2504 0.1889
vn 0.9654 0.2537 0.0600
vn 0.9648 0.2538 -0.0693
vn 0.9164 0.2546 -0.3087
vn 0.8675 0.2551 -0.4271
vn 0.7284 0.2546 -0.6361
vn 0.6382 0.2546 -0.7265
vn 0.4299 0.2550 -0.8661
vn 0.3116 0.2552 -0.9153
vn 0.0654 0.2549 -0.9647
vn -0.0626 0.2550 -0.9649
vn -0.3088 0.2552 -0.9163
vn -0.4272 0.2551 -0.8674
vn -0.6361 0.2547 -0.7284
vn -0.7265 0.2547 -0.6382
vn -0.8661 0.2551 -0.4299
vn -0.9154 0.2547 -0.3116
vn -0.9670 0.2546 -0.0060
vn -0.9673 0.2536 -0.0075
vn -0.9495 0.2504 0.1889
vn -0.9494 0.2508 0.1890
vn 0.0032 0.0008 1.0000
vn 0.0029 0.0021 1.0000
vn 0.0028 0.0028 1.0000
vn 0.0020 0.0042 1.0000
vn 0.0023 0.0037 1.0000
vn 0.0012 0.0049 1.0000
vn 0.0013 0.0047 1.0000
vn -0.0133 0.0089 0.9999
vn -0.0154 -0.0405 0.9991
vn -0.0000 -0.1031 0.9947
vn 0.0177 -0.1049 0.9943
vn 0.0161 -0.0423 0.9990
vn -0.0006 0.0050 1.0000
vn -0.0012 0.0049 1.0000
vn -0.0014 0.0048 1.0000
vn -0.0020 0.0042 1.0000
vn -0.0023 0.0037 1.0000
vn -0.0028 0.0029 1.0000
vn -0.0026 0.0033 1.0000
vn -0.0032 0.0008 1.0000
vn -0.0000 -1.0000 0.0007
vn -0.0004 -1.0000 0.0007
vn -0.0016 -1.0000 0.0004
vn -0.0034 -1.0000 -0.0000
vn -0.0034 -1.0000 -0.0007
vn -0.0031 -1.0000 -0.0013
vn -0.0029 -1.0000 -0.0019
vn -0.0019 -1.0000 -0.0029
vn -0.0013 -1.0000 -0.0031
vn -0.0000 -1.0000 -0.0034
vn 0.0008 -1.0000 -0.0034
vn 0.0013 -1.0000 -0.0031
vn 0.0024 -1.0000 -0.0024
vn 0.0028 -1.0000 -0.0020
vn 0.0031 -1.0000 -0.0013
vn 0.0033 -1.0000 -0.0010
vn 0.0034 -1.0000 0.0003
vn 0.0032 -1.0000 0.0003
vn 0.0005 -1.0000 0.0002
vn -0.0000 -1.0000 -0.0000
vn 1.0000 -0.0000 -0.0000
vn -0.0753 -0.9683 0.2382
vn -0.0001 -1.0000 -0.0003
vn 0.0214 -0.9683 0.2488
vn 0.1151 -0.9683 0.2217
vn 0.1912 -0.9683 0.1607
vn 0.2381 -0.9683 0.0754
vn 0.2489 -0.9683 -0.0216
vn 0.5245 -0.8514 0.0085
vn 0.5372 -0.8209 0.1937
vn 0.4221 -0.8208 0.3848
vn 0.2428 -0.8208 0.5170
vn 0.0264 -0.8209 0.5705
vn -0.1936 -0.8209 0.5373
vn -0.1607 -0.9683 0.1911
vn -0.3848 -0.8209 0.4221
vn -0.2216 -0.9683 0.1151
vn 0.1861 -0.9795 -0.0772
vn 0.1632 -0.9799 -0.1144
vn 0.5246 -0.8394 -0.1419
vn 0.7588 -0.6513 0.0009
vn 0.6827 -0.6525 0.3289
vn 0.9569 -0.2906 0.0002
vn 0.9485 -0.2621 -0.1776
vn 0.7211 -0.6708 -0.1731
vn 0.5089 -0.8272 -0.2382
vn 0.2776 -0.9462 -0.1662
vn 0.0511 -0.9953 -0.0824
vn -0.0000 -0.9982 -0.0604
vn -0.0516 -0.9952 -0.0829
vn -0.1634 -0.9797 -0.1157
vn -0.2775 -0.9457 -0.1692
vn -0.5410 -0.8276 -0.1496
vn -0.5079 -0.8277 -0.2388
vn -0.7210 -0.6709 -0.1734
vn -0.7561 -0.6533 -0.0405
vn -0.9486 -0.2618 -0.1776
vn -0.9554 -0.2887 0.0621
vn -0.5706 -0.8208 0.0263
vn -0.7152 -0.6526 0.2502
vn -0.8588 -0.2878 0.4238
vn -0.5652 -0.6525 0.5048
vn -0.6313 -0.2887 0.7198
vn -0.3289 -0.6525 0.6827
vn -0.3077 -0.2878 0.9069
vn -0.0425 -0.6526 0.7565
vn 0.0626 -0.2887 0.9554
vn 0.2502 -0.6526 0.7152
vn 0.4237 -0.2880 0.8588
vn 0.5048 -0.6525 0.5652
vn 0.7197 -0.2889 0.6313
vn 0.9068 -0.2879 0.3078
vn -0.5169 -0.8209 0.2428
vn -0.2488 -0.9683 0.0215
vn -0.2381 -0.9683 -0.0755
vn -0.0000 1.0000 -0.0000
vn -0.0000 0.4998 0.8661
vn -0.0000 -0.4998 0.8661
vn -0.0000 0.9778 -0.2094
vn -0.3324 -0.8399 0.4291
vn -0.0916 -0.9902 0.1055
vn -0.1894 -0.9574 0.2181
vn -0.0000 -0.9997 -0.0257
vn -0.0000 0.5516 -0.8341
vn 0.1625 0.9676 -0.1934
vn 0.0760 0.9676 -0.2409
vn 0.2240 0.9676 -0.1166
vn 0.2517 0.9676 -0.0218
vn 0.2408 0.9676 0.0760
vn 0.1605 0.9786 0.1288
vn 0.5426 0.8239 0.1638
vn 0.5688 0.8221 -0.0260
vn 0.5155 0.8221 -0.2417
vn 0.3835 0.8222 -0.4206
vn 0.1935 0.8221 -0.5355
vn -0.0261 0.8221 -0.5688
vn -0.0219 0.9676 -0.2517
vn -0.2416 0.8220 -0.5156
vn -0.1165 0.9676 -0.2241
vn -0.1934 0.9676 -0.1624
vn -0.2409 0.9676 -0.0760
vn -0.2517 0.9676 0.0219
vn -0.5231 0.8523 -0.0087
vn -0.5355 0.8221 -0.1934
vn -0.4206 0.8221 -0.3838
vn 0.0436 0.6380 -0.7688
vn -0.0634 0.2532 -0.9653
vn -0.2538 0.6378 -0.7272
vn -0.4279 0.2527 -0.8678
vn -0.5129 0.6376 -0.5748
vn -0.7277 0.2517 -0.6381
vn -0.6939 0.6377 -0.3346
vn -0.9158 0.2543 -0.3109
vn -0.7716 0.6361 -0.0016
vn -0.9665 0.2568 -0.0043
vn -0.9497 0.2500 0.1886
vn -0.7321 0.6515 0.1988
vn -0.5247 0.8372 0.1544
vn -0.4947 0.8041 0.3297
vn -0.2782 0.9339 0.2247
vn -0.1605 0.9786 0.1288
vn -0.0498 0.9945 0.0921
vn -0.1884 0.9790 0.0781
vn 0.3346 0.6378 -0.6937
vn 0.5746 0.6378 -0.5129
vn 0.7272 0.6379 -0.2536
vn -0.0000 0.9982 0.0606
vn 0.0498 0.9945 0.0920
vn 0.2775 0.9337 0.2261
vn 0.4944 0.8037 0.3310
vn 0.7320 0.6515 0.1993
vn 0.7682 0.6388 0.0422
vn 0.9495 0.2507 0.1887
vn 0.9646 0.2551 -0.0669
vn 0.8678 0.2524 -0.4280
vn 0.6380 0.2518 -0.7277
vn 0.3111 0.2534 -0.9160
vn 0.9997 -0.0256 -0.0000
vn 0.9998 -0.0063 0.0195
vn 0.9998 -0.0063 0.0194
vn 0.9997 -0.0000 0.0258
vn -0.9998 0.0068 -0.0206
vn -0.9998 0.0064 -0.0194
vn -0.9996 0.0085 -0.0258
vn -0.0000 0.5513 0.8343
vn -0.0000 -0.0000 -1.0000
vn -0.9784 -0.0000 -0.2067
vn 0.2070 -0.0248 0.9780
vn 0.1881 -0.0056 0.9821
vn 0.1887 -0.0062 0.9820
vn 0.1826 -0.0000 0.9832
vn -0.2070 -0.0000 -0.9783
vn -0.1890 0.0061 -0.9820
vn -0.1886 0.0062 -0.9820
vn -0.1823 0.0083 -0.9832
vn -0.8155 0.5525 0.1723
vn -0.8157 0.5522 0.1725
vn -0.8157 0.5520 0.1727
vn -0.8159 0.5518 0.1729
vn 0.9784 -0.0000 -0.2067
vn 0.9784 -0.0000 -0.2066
vn -0.9783 -0.0000 -0.2073
vn -0.2078 -0.0256 0.9778
vn 0.3668 -0.9289 -0.0513
vn 0.0914 -0.9902 0.1055
vn 0.1890 -0.9574 0.2182
vn -0.0000 -0.9726 0.2324
vn 0.1826 0.0085 -0.9832
vn 0.2079 -0.0000 -0.9782
vn 0.8155 0.5526 0.1722
vn 0.8155 0.5525 0.1722
vn -0.1826 -0.0000 0.9832
vt 0.624600 0.592600
vt 0.624600 0.582400
vt 0.628600 0.592600
vt 0.628600 0.582400
vt 0.631700 0.582400
vt 0.631700 0.592600
vt 0.648600 0.582400
vt 0.648600 0.592600
vt 0.612500 0.592600
vt 0.616600 0.592600
vt 0.651200 0.592600
vt 0.296800 0.771400
vt 0.294600 0.771400
vt 0.292300 0.749100
vt 0.290200 0.749100
vt 0.297000 0.725800
vt 0.295000 0.725000
vt 0.310200 0.706100
vt 0.308700 0.704600
vt 0.329900 0.692900
vt 0.329100 0.690900
vt 0.353200 0.688200
vt 0.353200 0.686100
vt 0.376600 0.692900
vt 0.377400 0.690900
vt 0.396300 0.706100
vt 0.397800 0.704600
vt 0.409500 0.725800
vt 0.411500 0.725000
vt 0.414200 0.749100
vt 0.416300 0.749100
vt 0.411900 0.771400
vt 0.409700 0.771400
vt 0.631500 0.546700
vt 0.631500 0.541000
vt 0.631500 0.547600
vt 0.631500 0.542300
vt 0.631500 0.567900
vt 0.631500 0.564300
vt 0.631500 0.585800
vt 0.631500 0.583400
vt 0.631500 0.600600
vt 0.631500 0.599600
vt 0.632100 0.611000
vt 0.631500 0.611000
vt 0.631500 0.621500
vt 0.631500 0.622500
vt 0.631500 0.636300
vt 0.631500 0.638700
vt 0.631500 0.654200
vt 0.631500 0.657800
vt 0.631500 0.674500
vt 0.631500 0.679800
vt 0.631500 0.675400
vt 0.631500 0.681100
vt 0.659200 0.680700
vt 0.659200 0.686600
vt 0.685800 0.675400
vt 0.688100 0.680900
vt 0.708400 0.660300
vt 0.712600 0.664500
vt 0.723500 0.637700
vt 0.729000 0.640000
vt 0.728800 0.611000
vt 0.734700 0.611000
vt 0.723500 0.584400
vt 0.729000 0.582100
vt 0.708400 0.561800
vt 0.712600 0.557600
vt 0.685800 0.546700
vt 0.688100 0.541200
vt 0.659200 0.541400
vt 0.659200 0.535500
vt 0.616600 0.582400
vt 0.612500 0.582400
vt 0.651200 0.582400
vt 0.551900 0.597400
vt 0.577600 0.608000
vt 0.549800 0.608000
vt 0.551900 0.618700
vt 0.557900 0.627700
vt 0.566900 0.633700
vt 0.577600 0.635900
vt 0.577600 0.658900
vt 0.558100 0.655100
vt 0.541600 0.644000
vt 0.530600 0.627500
vt 0.526700 0.608000
vt 0.530600 0.588600
vt 0.557900 0.588400
vt 0.541600 0.572000
vt 0.566900 0.582300
vt 0.588200 0.633700
vt 0.597300 0.627700
vt 0.597100 0.655000
vt 0.577600 0.676600
vt 0.551400 0.671300
vt 0.577600 0.677700
vt 0.605300 0.672400
vt 0.605300 0.671500
vt 0.605300 0.651200
vt 0.605300 0.633300
vt 0.605300 0.618500
vt 0.604700 0.608000
vt 0.605300 0.597600
vt 0.597300 0.588400
vt 0.605300 0.582800
vt 0.597100 0.561000
vt 0.605300 0.564900
vt 0.605300 0.544600
vt 0.577600 0.539500
vt 0.605300 0.543700
vt 0.577600 0.538400
vt 0.577600 0.557100
vt 0.551400 0.544700
vt 0.550900 0.543700
vt 0.529100 0.559600
vt 0.528300 0.558800
vt 0.514300 0.581800
vt 0.513200 0.581400
vt 0.509100 0.608000
vt 0.507900 0.608000
vt 0.514300 0.634300
vt 0.513200 0.634700
vt 0.529100 0.656500
vt 0.528300 0.657300
vt 0.550900 0.672400
vt 0.558100 0.561000
vt 0.577600 0.580200
vt 0.588200 0.582300
vt 0.624600 0.640100
vt 0.624600 0.630000
vt 0.628600 0.640100
vt 0.628600 0.630000
vt 0.631700 0.630000
vt 0.631700 0.640100
vt 0.648600 0.630000
vt 0.648600 0.640100
vt 0.612500 0.640100
vt 0.616600 0.640100
vt 0.651200 0.640100
vt 0.616600 0.630000
vt 0.612500 0.630000
vt 0.651200 0.630000
vt 0.680300 0.589900
vt 0.686800 0.599600
vt 0.659200 0.611000
vt 0.670600 0.583400
vt 0.659200 0.581100
vt 0.647700 0.583400
vt 0.638000 0.589900
vt 0.638000 0.559900
vt 0.659200 0.555700
vt 0.680300 0.559900
vt 0.698300 0.571900
vt 0.710300 0.589900
vt 0.714500 0.611000
vt 0.689100 0.611000
vt 0.710300 0.632200
vt 0.686800 0.622500
vt 0.680300 0.632200
vt 0.670600 0.638700
vt 0.659200 0.641000
vt 0.659200 0.666400
vt 0.680300 0.662100
vt 0.698300 0.650200
vt 0.733400 0.611000
vt 0.727800 0.639500
vt 0.711700 0.663600
vt 0.687600 0.679700
vt 0.659200 0.685300
vt 0.638000 0.662100
vt 0.638000 0.632200
vt 0.647700 0.638700
vt 0.727800 0.582600
vt 0.711700 0.558500
vt 0.687600 0.542400
vt 0.659200 0.536800
vt 0.679400 0.623200
vt 0.679400 0.598700
vt 0.684200 0.623200
vt 0.684200 0.598700
vt 0.669800 0.599000
vt 0.669800 0.623600
vt 0.659400 0.673500
vt 0.658400 0.668800
vt 0.683400 0.668400
vt 0.682500 0.663700
vt 0.682500 0.557700
vt 0.658400 0.552600
vt 0.683400 0.553000
vt 0.659400 0.547900
vt 0.656800 0.562100
vt 0.680800 0.567200
vt 0.884500 0.838200
vt 0.884500 0.817500
vt 0.935900 0.838200
vt 0.935900 0.817500
vt 0.910300 0.897800
vt 0.910300 0.874800
vt 0.921400 0.897800
vt 0.921400 0.874800
vt 0.926500 0.876500
vt 0.937500 0.876500
vt 0.926500 0.897400
vt 0.937500 0.897400
vt 0.656800 0.659300
vt 0.680800 0.654200
s 1
usemtl turret
f 348/1/1 347/2/1 345/3/2
f 346/4/3 345/3/2 347/2/1
f 346/4/3 344/5/4 345/3/2
f 342/6/5 345/3/2 344/5/4
f 344/5/4 341/7/6 342/6/5
f 343/8/6 342/6/5 341/7/6
f 340/9/7 331/10/7 339/10/7
f 331/10/7 332/3/7 339/10/7
f 339/10/7 332/3/7 338/1/7
f 332/3/7 337/6/7 338/1/7
f 335/6/7 338/1/7 337/6/7
f 337/6/7 334/8/7 335/6/7
f 336/11/7 335/6/7 334/8/7
f 333/1/7 332/3/7 331/10/7
f 330/12/8 329/13/9 328/14/10
f 327/15/11 328/14/10 329/13/9
f 328/14/10 327/15/11 326/16/12
f 325/17/13 326/16/12 327/15/11
f 326/16/12 325/17/13 324/18/14
f 323/19/15 324/18/14 325/17/13
f 324/18/14 323/19/15 322/20/16
f 321/21/17 322/20/16 323/19/15
f 322/20/16 321/21/17 320/22/18
f 319/23/19 320/22/18 321/21/17
f 320/22/18 319/23/19 318/24/20
f 317/25/21 318/24/20 319/23/19
f 318/24/20 317/25/21 316/26/22
f 315/27/23 316/26/22 317/25/21
f 316/26/22 315/27/23 314/28/24
f 313/29/25 314/28/24 315/27/23
f 314/28/24 313/29/25 310/30/26
f 312/31/27 310/30/26 313/29/25
f 312/31/27 309/32/28 310/30/26
f 311/33/29 310/30/26 309/32/28
f 308/34/30 307/35/30 306/36/31
f 305/37/32 306/36/31 307/35/30
f 306/36/31 305/37/32 304/38/33
f 303/39/34 304/38/33 305/37/32
f 304/38/33 303/39/34 302/40/35
f 301/41/36 302/40/35 303/39/34
f 302/40/35 301/41/36 300/42/37
f 299/43/38 300/42/37 301/41/36
f 300/42/37 299/43/38 298/44/39
f 297/45/40 298/44/39 299/43/38
f 298/44/39 297/45/40 296/46/41
f 295/47/42 296/46/41 297/45/40
f 296/46/41 295/47/42 294/48/43
f 293/49/44 294/48/43 295/47/42
f 294/48/43 293/49/44 292/50/45
f 291/51/46 292/50/45 293/49/44
f 292/50/45 291/51/46 290/52/47
f 287/53/48 290/52/47 291/51/46
f 290/52/47 287/53/48 288/54/49
f 289/55/49 288/54/49 287/53/48
f 286/54/50 285/55/51 284/56/52
f 283/57/53 284/56/52 285/55/51
f 284/56/52 283/57/53 282/58/54
f 281/59/55 282/58/54 283/57/53
f 282/58/54 281/59/55 280/60/56
f 279/61/57 280/60/56 281/59/55
f 280/60/56 279/61/57 278/62/58
f 277/63/58 278/62/58 279/61/57
f 278/62/58 277/63/58 276/64/59
f 275/65/60 276/64/59 277/63/58
f 276/64/59 275/65/60 274/66/61
f 273/67/61 274/66/61 275/65/60
f 274/66/61 273/67/61 272/68/62
f 271/69/63 272/68/62 273/67/61
f 272/68/62 271/69/63 270/70/64
f 269/71/65 270/70/64 271/69/63
f 270/70/64 269/71/65 268/72/66
f 265/73/67 268/72/66 269/71/65
f 268/72/66 265/73/67 266/34/68
f 267/35/69 266/34/68 265/73/67
f 264/74/70 258/2/70 256/75/70
f 263/7/70 261/5/70 262/76/70
f 260/5/70 262/76/70 261/5/70
f 261/5/70 259/4/70 260/5/70
f 258/2/70 260/5/70 259/4/70
f 255/2/70 258/2/70 259/4/70
f 256/75/70 258/2/70 255/2/70
f 257/74/70 256/75/70 255/2/70
f 249/77/71 209/78/72 251/79/73
f 251/79/73 209/78/72 252/80/74
f 252/80/74 209/78/72 253/81/75
f 253/81/75 209/78/72 254/82/76
f 254/82/76 209/78/72 247/83/77
f 247/83/77 246/84/78 254/82/76
f 221/85/79 254/82/76 246/84/78
f 254/82/76 221/85/79 253/81/75
f 219/86/80 253/81/75 221/85/79
f 253/81/75 219/86/80 252/80/74
f 217/87/81 252/80/74 219/86/80
f 252/80/74 217/87/81 251/79/73
f 215/88/82 251/79/73 217/87/81
f 251/79/73 215/88/82 249/77/71
f 213/89/83 249/77/71 215/88/82
f 249/77/71 213/89/83 250/90/84
f 211/91/85 250/90/84 213/89/83
f 250/90/84 211/91/85 210/92/86
f 210/92/86 209/78/72 250/90/84
f 250/90/84 209/78/72 249/77/71
f 248/93/87 240/94/88 242/95/89
f 248/93/87 209/78/72 240/94/88
f 247/83/77 209/78/72 248/93/87
f 248/93/87 242/95/89 247/83/77
f 246/84/78 247/83/77 242/95/89
f 246/84/78 242/95/89 222/96/90
f 246/84/78 222/96/90 221/85/79
f 220/97/91 221/85/79 222/96/90
f 224/98/92 222/96/90 245/99/93
f 244/100/94 245/99/93 222/96/90
f 244/100/94 222/96/90 242/95/89
f 244/100/94 242/95/89 243/101/95
f 243/101/95 242/95/89 241/102/96
f 242/95/89 240/94/88 241/102/96
f 241/102/96 240/94/88 239/103/97
f 240/94/88 209/78/72 239/103/97
f 239/103/97 209/78/72 238/104/98
f 238/104/98 209/78/72 237/105/99
f 237/105/99 209/78/72 208/106/100
f 236/107/101 237/105/99 208/106/100
f 236/107/101 208/106/100 207/108/102
f 235/109/103 236/107/101 207/108/102
f 207/108/102 234/110/104 235/109/103
f 234/110/104 207/108/102 232/111/105
f 234/110/104 232/111/105 233/112/106
f 231/113/107 233/112/106 232/111/105
f 202/114/108 232/111/105 207/108/102
f 232/111/105 202/114/108 205/115/109
f 232/111/105 205/115/109 231/113/107
f 230/116/110 231/113/107 205/115/109
f 205/115/109 206/117/111 230/116/110
f 229/118/112 230/116/110 206/117/111
f 206/117/111 212/119/113 229/118/112
f 228/120/114 229/118/112 212/119/113
f 212/119/113 214/121/115 228/120/114
f 227/122/116 228/120/114 214/121/115
f 214/121/115 216/123/117 227/122/116
f 226/124/118 227/122/116 216/123/117
f 216/123/117 218/125/119 226/124/118
f 225/126/120 226/124/118 218/125/119
f 218/125/119 220/97/91 225/126/120
f 223/127/121 225/126/120 220/97/91
f 220/97/91 222/96/90 223/127/121
f 224/98/92 223/127/121 222/96/90
f 221/85/79 220/97/91 219/86/80
f 218/125/119 219/86/80 220/97/91
f 219/86/80 218/125/119 217/87/81
f 216/123/117 217/87/81 218/125/119
f 217/87/81 216/123/117 215/88/82
f 214/121/115 215/88/82 216/123/117
f 215/88/82 214/121/115 213/89/83
f 212/119/113 213/89/83 214/121/115
f 213/89/83 212/119/113 211/91/85
f 206/117/111 211/91/85 212/119/113
f 211/91/85 206/117/111 204/128/122
f 204/128/122 210/92/86 211/91/85
f 210/92/86 204/128/122 203/129/123
f 203/129/123 209/78/72 210/92/86
f 201/130/124 209/78/72 203/129/123
f 208/106/100 209/78/72 201/130/124
f 208/106/100 201/130/124 207/108/102
f 207/108/102 201/130/124 202/114/108
f 205/115/109 204/128/122 206/117/111
f 204/128/122 205/115/109 202/114/108
f 202/114/108 203/129/123 204/128/122
f 203/129/123 202/114/108 201/130/124
f 200/10/125 197/74/125 198/1/125
f 199/2/125 198/1/125 197/74/125
f 196/9/126 193/75/126 194/10/126
f 195/74/126 194/10/126 193/75/126
f 192/10/127 189/74/127 190/9/127
f 191/75/127 190/9/127 189/74/127
f 188/131/1 187/132/1 185/133/3
f 186/134/3 185/133/3 187/132/1
f 186/134/3 184/135/128 185/133/3
f 182/136/5 185/133/3 184/135/128
f 184/135/128 181/137/6 182/136/5
f 183/138/6 182/136/5 181/137/6
f 180/139/7 171/140/7 179/140/7
f 171/140/7 172/133/7 179/140/7
f 179/140/7 172/133/7 178/131/7
f 172/133/7 177/136/7 178/131/7
f 175/136/7 178/131/7 177/136/7
f 177/136/7 174/138/7 175/136/7
f 176/141/7 175/136/7 174/138/7
f 173/131/7 172/133/7 171/140/7
f 170/142/70 161/143/70 169/132/70
f 161/143/70 162/132/70 169/132/70
f 169/132/70 162/132/70 168/134/70
f 162/132/70 167/135/70 168/134/70
f 165/135/70 168/134/70 167/135/70
f 167/135/70 164/144/70 165/135/70
f 166/137/70 165/135/70 164/144/70
f 163/142/70 162/132/70 161/143/70
f 160/5/129 155/2/130 159/6/131
f 158/1/132 159/6/131 155/2/130
f 158/1/132 155/2/130 156/10/69
f 157/74/69 156/10/69 155/2/130
f 154/8/133 151/7/133 152/11/133
f 153/76/133 152/11/133 151/7/133
f 147/145/134 144/146/135 115/147/125
f 148/148/136 147/145/134 115/147/125
f 149/149/137 148/148/136 115/147/125
f 150/150/138 149/149/137 115/147/125
f 113/151/139 150/150/138 115/147/125
f 150/150/138 113/151/139 98/152/140
f 98/152/140 99/153/141 150/150/138
f 149/149/137 150/150/138 99/153/141
f 99/153/141 118/154/142 149/149/137
f 148/148/136 149/149/137 118/154/142
f 118/154/142 119/155/143 148/148/136
f 147/145/134 148/148/136 119/155/143
f 119/155/143 120/156/144 147/145/134
f 144/146/135 147/145/134 120/156/144
f 120/156/144 121/157/145 144/146/135
f 143/158/146 144/146/135 121/157/145
f 121/157/145 123/159/147 143/158/146
f 134/160/148 143/158/146 123/159/147
f 145/161/149 146/162/150 115/147/125
f 146/162/150 131/163/151 115/147/125
f 131/163/151 146/162/150 129/164/152
f 127/165/153 129/164/152 146/162/150
f 146/162/150 145/161/149 127/165/153
f 125/166/154 127/165/153 145/161/149
f 145/161/149 134/160/148 125/166/154
f 134/160/148 145/161/149 115/147/125
f 143/158/146 134/160/148 115/147/125
f 144/146/135 143/158/146 115/147/125
f 102/167/155 103/65/156 122/168/157
f 142/63/158 122/168/157 103/65/156
f 122/168/157 142/63/158 124/169/159
f 141/61/160 124/169/159 142/63/158
f 124/169/159 141/61/160 126/170/161
f 140/59/162 126/170/161 141/61/160
f 126/170/161 140/59/162 128/171/163
f 139/57/164 128/171/163 140/59/162
f 139/57/164 138/55/165 128/171/163
f 137/53/166 128/171/163 138/55/165
f 137/53/166 130/172/167 128/171/163
f 137/53/166 136/51/168 130/172/167
f 136/51/168 135/49/169 130/172/167
f 135/49/169 133/173/170 130/172/167
f 135/49/169 117/47/171 133/173/170
f 133/173/170 117/47/171 115/147/125
f 132/174/172 133/173/170 115/147/125
f 131/163/151 132/174/172 115/147/125
f 123/159/147 125/166/154 134/160/148
f 133/173/170 132/174/172 130/172/167
f 132/174/172 131/163/151 130/172/167
f 129/164/152 130/172/167 131/163/151
f 129/164/152 128/171/163 130/172/167
f 129/164/152 127/165/153 128/171/163
f 126/170/161 128/171/163 127/165/153
f 127/165/153 125/166/154 126/170/161
f 124/169/159 126/170/161 125/166/154
f 125/166/154 123/159/147 124/169/159
f 122/168/157 124/169/159 123/159/147
f 123/159/147 121/157/145 122/168/157
f 102/167/155 122/168/157 121/157/145
f 121/157/145 120/156/144 102/167/155
f 104/175/173 102/167/155 120/156/144
f 120/156/144 119/155/143 104/175/173
f 106/176/174 104/175/173 119/155/143
f 119/155/143 118/154/142 106/176/174
f 100/177/175 106/176/174 118/154/142
f 118/154/142 99/153/141 100/177/175
f 117/47/171 116/45/176 115/147/125
f 116/45/176 114/43/177 115/147/125
f 114/43/177 113/151/139 115/147/125
f 112/41/178 113/151/139 114/43/177
f 98/152/140 113/151/139 112/41/178
f 111/39/179 98/152/140 112/41/178
f 98/152/140 111/39/179 110/37/180
f 110/37/180 97/178/181 98/152/140
f 110/37/180 109/35/182 97/178/181
f 108/73/183 97/178/181 109/35/182
f 97/178/181 108/73/183 100/177/175
f 107/71/184 100/177/175 108/73/183
f 100/177/175 107/71/184 106/176/174
f 105/69/185 106/176/174 107/71/184
f 106/176/174 105/69/185 104/175/173
f 101/67/186 104/175/173 105/69/185
f 104/175/173 101/67/186 102/167/155
f 103/65/156 102/167/155 101/67/186
f 97/178/181 100/177/175 99/153/141
f 99/153/141 98/152/140 97/178/181
f 96/179/125 93/180/125 94/181/125
f 95/182/125 94/181/125 93/180/125
f 92/180/187 89/183/188 90/182/189
f 91/182/190 90/182/189 89/183/188
f 88/181/7 85/181/191 86/179/192
f 87/184/193 86/179/192 85/181/191
f 84/179/194 81/184/194 82/180/194
f 83/183/194 82/180/194 81/184/194
f 80/182/195 77/182/195 78/181/195
f 79/181/195 78/181/195 77/182/195
f 76/185/125 73/186/125 74/187/125
f 75/188/125 74/187/125 73/186/125
f 72/187/196 69/185/196 70/187/196
f 71/185/196 70/187/196 69/185/196
f 68/189/125 65/190/125 66/191/125
f 67/192/125 66/191/125 65/190/125
f 64/190/197 61/193/198 62/192/199
f 63/192/200 62/192/199 61/193/198
f 60/191/201 57/191/202 58/189/203
f 59/194/204 58/189/203 57/191/202
f 56/189/205 53/194/206 54/190/207
f 55/193/208 54/190/207 53/194/206
f 52/192/209 49/192/209 50/191/209
f 51/191/209 50/191/209 49/192/209
f 48/195/195 45/196/195 46/197/195
f 47/198/195 46/197/195 45/196/195
f 44/199/210 41/200/210 42/201/210
f 43/202/210 42/201/210 41/200/210
f 40/203/211 37/204/211 38/205/211
f 39/206/211 38/205/211 37/204/211
f 36/140/125 33/142/125 34/131/125
f 35/132/125 34/131/125 33/142/125
f 32/139/126 29/143/126 30/140/126
f 31/142/126 30/140/126 29/143/126
f 28/140/127 25/142/127 26/139/127
f 27/143/127 26/139/127 25/142/127
f 24/186/212 23/185/212 22/207/212
f 21/135/213 16/132/214 20/136/215
f 19/131/216 20/136/215 16/132/214
f 19/131/216 16/132/214 17/140/69
f 18/142/69 17/140/69 16/132/214
f 15/138/133 12/137/133 13/141/133
f 14/144/133 13/141/133 12/137/133
f 11/208/217 8/187/217 9/188/217
f 10/187/218 9/188/217 8/187/217
f 7/207/219 4/208/220 5/186/219
f 6/188/220 5/186/219 4/208/220
f 3/185/221 2/207/221 1/185/221
o turret1
v -0.564118 0.225075 1.223336
v -0.324023 0.128458 1.404140
v -0.564118 0.128458 1.404140
v -0.564118 0.225075 1.223336
v -0.324023 0.225075 1.223336
v -0.564195 0.225443 0.979885
v -0.324023 0.225443 0.979885
v 0.347183 0.158997 1.190408
v 0.347183 0.194159 1.207321
v 0.347183 0.202350 1.025848
v 0.347183 0.079362 1.359889
v 0.347183 0.115345 1.365101
v 0.147085 0.097765 1.147946
v 0.347183 0.146407 0.964615
v 0.147085 0.146407 0.964615
v 0.347183 0.097765 1.147946
v 0.147085 0.202059 1.025034
v 0.147085 0.112658 1.221700
v 0.147085 0.170767 1.003876
v 0.147085 0.143950 1.233991
v 0.347183 0.112658 1.221700
v 0.347183 0.202059 1.025034
v 0.347183 0.170767 1.003876
v 0.347183 0.143950 1.233991
v 0.147085 0.170767 1.003876
v 0.347183 0.202059 1.025034
v 0.147085 0.202059 1.025034
v 0.347183 0.170767 1.003876
v 0.147085 0.202059 1.025034
v 0.347183 0.143950 1.233991
v 0.147085 0.143950 1.233991
v 0.347183 0.202059 1.025034
v 0.147085 0.143950 1.233991
v 0.347183 0.112658 1.221700
v 0.147085 0.112658 1.221700
v 0.347183 0.143950 1.233991
v 0.147085 0.112658 1.221700
v 0.347183 0.170767 1.003876
v 0.147085 0.170767 1.003876
v 0.347183 0.112658 1.221700
v 0.147085 0.202350 1.025848
v 0.347183 0.158997 1.190408
v 0.347183 0.202350 1.025848
v 0.147085 0.158997 1.190408
v 0.347183 0.079362 1.359889
v 0.147086 0.079362 1.359889
v 0.347183 0.158997 1.190408
v 0.147085 0.158997 1.190408
v 0.147086 0.115345 1.365102
v 0.147086 0.079362 1.359889
v 0.147085 0.194159 1.207321
v 0.147085 0.202350 1.025848
v 0.347183 0.202350 1.025848
v 0.147085 0.194159 1.207321
v 0.147085 0.202350 1.025848
v 0.347183 0.194159 1.207321
v 0.147086 0.115345 1.365102
v 0.347183 0.115345 1.365101
v 0.147086 0.115345 1.365102
v 0.347183 0.079362 1.359889
v 0.147086 0.079362 1.359889
v 0.347183 0.115345 1.365101
v 0.541614 0.128304 1.403318
v 0.750648 -0.098379 1.386405
v 0.541614 -0.098379 1.386405
v 0.750648 0.128304 1.403318
v -0.567765 -0.098978 1.386629
v -0.747824 0.128005 1.404432
v -0.567765 0.128005 1.404662
v -0.747970 -0.098901 1.386406
v -0.567765 -0.098978 1.385960
v -0.324023 0.128005 1.404209
v -0.324023 -0.098978 1.386183
v -0.567765 0.128005 1.403986
v -0.118491 0.097089 -1.481947
v -0.107690 0.309999 -1.471068
v -0.107690 0.097089 -1.471068
v -0.118491 0.309999 -1.481947
v -0.106868 0.097089 -1.615591
v -0.117816 0.309999 -1.604789
v -0.117816 0.097089 -1.604789
v -0.106868 0.309999 -1.615591
v 0.240354 0.309999 -1.482469
v 0.229399 0.097089 -1.471667
v 0.229399 0.309999 -1.471667
v 0.240354 0.097089 -1.482469
v 0.241022 0.097089 -1.605311
v 0.230220 0.309999 -1.616259
v 0.230220 0.097089 -1.616259
v 0.241022 0.309999 -1.605311
v -0.107613 0.320878 -1.481947
v 0.229399 0.309999 -1.471667
v -0.107690 0.309999 -1.471068
v 0.229476 0.320878 -1.482546
v -0.106945 0.320878 -1.604712
v -0.118491 0.309999 -1.481947
v -0.117816 0.309999 -1.604789
v -0.107613 0.320878 -1.481947
v 0.230143 0.320878 -1.605311
v -0.106868 0.309999 -1.615591
v 0.230220 0.309999 -1.616259
v -0.106945 0.320878 -1.604712
v 0.229476 0.320878 -1.482546
v 0.241022 0.309999 -1.605311
v 0.240354 0.309999 -1.482469
v 0.230143 0.320878 -1.605311
v 0.230143 0.086218 -1.605311
v 0.240354 0.097089 -1.482469
v 0.241022 0.097089 -1.605311
v 0.229476 0.086218 -1.482546
v -0.106945 0.086218 -1.604712
v 0.230220 0.097089 -1.616259
v -0.106868 0.097089 -1.615591
v 0.230143 0.086218 -1.605311
v -0.107613 0.086218 -1.481947
v -0.117816 0.097089 -1.604789
v -0.118491 0.097089 -1.481947
v -0.106945 0.086218 -1.604712
v 0.229476 0.086218 -1.482546
v -0.107690 0.097089 -1.471068
v 0.229399 0.097089 -1.471667
v -0.107613 0.086218 -1.481947
v -0.107690 0.097089 -1.471068
v 0.229399 0.309999 -1.471667
v 0.229399 0.097089 -1.471667
v -0.107690 0.309999 -1.471068
v -0.117816 0.097089 -1.604789
v -0.118491 0.309999 -1.481947
v -0.118491 0.097089 -1.481947
v -0.117816 0.309999 -1.604789
v 0.230220 0.097089 -1.616259
v -0.106868 0.309999 -1.615591
v -0.106868 0.097089 -1.615591
v 0.230220 0.309999 -1.616259
v 0.240354 0.097089 -1.482469
v 0.241022 0.309999 -1.605311
v 0.241022 0.097089 -1.605311
v 0.240354 0.309999 -1.482469
v 0.229476 0.320878 -1.482546
v -0.106945 0.320878 -1.604712
v 0.230143 0.320878 -1.605311
v -0.107613 0.320878 -1.481947
v 0.229476 0.086218 -1.482546
v -0.106945 0.086218 -1.604712
v -0.107613 0.086218 -1.481947
v 0.230143 0.086218 -1.605311
v -0.488806 0.309999 -1.471068
v -0.499677 0.097089 -1.481946
v -0.499677 0.309999 -1.481946
v -0.488806 0.097089 -1.471068
v -0.499009 0.309999 -1.604788
v -0.488062 0.097089 -1.615590
v -0.488062 0.309999 -1.615590
v -0.499009 0.097089 -1.604788
v -0.151787 0.097089 -1.471667
v -0.140839 0.309999 -1.482468
v -0.140839 0.097089 -1.482468
v -0.151787 0.309999 -1.471667
v -0.150966 0.309999 -1.616258
v -0.140164 0.097089 -1.605311
v -0.140164 0.309999 -1.605311
v -0.150966 0.097089 -1.616258
v -0.151787 0.309999 -1.471667
v -0.488806 0.320878 -1.481946
v -0.151710 0.320878 -1.482546
v -0.488806 0.309999 -1.471068
v -0.499677 0.309999 -1.481946
v -0.488062 0.320878 -1.604712
v -0.488806 0.320878 -1.481946
v -0.499009 0.309999 -1.604788
v -0.488062 0.309999 -1.615590
v -0.151042 0.320878 -1.605311
v -0.488062 0.320878 -1.604712
v -0.150966 0.309999 -1.616258
v -0.140164 0.309999 -1.605311
v -0.151710 0.320878 -1.482546
v -0.151042 0.320878 -1.605311
v -0.140839 0.309999 -1.482468
v -0.140839 0.097089 -1.482468
v -0.151042 0.086218 -1.605311
v -0.151718 0.086218 -1.482546
v -0.140164 0.097089 -1.605311
v -0.150966 0.097089 -1.616258
v -0.488062 0.086218 -1.604712
v -0.151042 0.086218 -1.605311
v -0.488062 0.097089 -1.615590
v -0.499009 0.097089 -1.604788
v -0.488806 0.086218 -1.481946
v -0.488062 0.086218 -1.604712
v -0.499677 0.097089 -1.481946
v -0.488806 0.097089 -1.471068
v -0.151718 0.086218 -1.482546
v -0.488806 0.086218 -1.481946
v -0.151787 0.097089 -1.471667
v 1.183163 0.128005 0.984430
v 1.038418 -0.098609 1.107126
v 1.038418 0.128082 1.124039
v 1.183163 -0.098678 0.967594
v 1.039462 0.225221 0.943910
v 1.039462 -0.098678 0.537166
v 1.039462 0.225443 0.537166
v 1.039462 -0.098609 1.106681
v 1.039462 0.128158 1.123586
v 1.183984 -0.098678 0.967448
v 1.183984 0.128005 0.984360
v 1.183984 0.225152 0.804677
v 1.183984 -0.098678 0.460211
v 1.183984 0.070350 0.460211
v 1.183984 -0.098678 0.084015
v 1.183984 0.238556 0.460211
v 1.183984 0.253235 0.084015
v 1.183984 0.070350 0.460211
v 1.183984 0.225152 0.804677
v -0.117816 0.309999 -1.604789
v -0.106868 0.309999 -1.615591
v -0.106945 0.320878 -1.604712
v 1.118429 -0.098678 0.466990
v 1.039462 0.225443 0.537166
v 1.039462 -0.098678 0.537166
v 1.118429 0.225374 0.466990
v 1.183984 -0.098678 0.967448
v 1.039462 -0.098678 0.537166
v 1.039462 -0.098609 1.106681
v 1.118429 -0.098678 0.466990
v 1.183984 -0.098678 0.460211
v 1.115742 -0.098678 0.460211
v 1.183984 -0.098678 0.084015
v 0.968840 -0.098678 0.084084
v 1.118429 0.225374 0.466990
v 1.183984 0.238556 0.460211
v 1.183984 0.225152 0.804677
v 1.039462 0.225443 0.537166
v 1.039462 0.225221 0.943910
v 1.183984 0.128005 0.984360
v 1.039462 0.225221 0.943910
v 1.039462 0.128158 1.123586
v 1.115742 0.225896 0.460211
v 1.183984 0.253235 0.084015
v 0.968840 0.253311 0.084084
v 1.038717 0.128082 1.124330
v 0.893896 -0.098532 1.247027
v 0.893896 0.128158 1.263939
v 1.038717 -0.098609 1.107425
v 0.895984 0.225374 1.082244
v 0.895984 -0.098609 0.664776
v 0.895984 0.225520 0.664776
v 0.895984 -0.098456 1.245015
v 0.895984 0.128227 1.261928
v 1.037973 0.225221 0.944800
v 1.037973 -0.098609 1.107571
v 1.037973 0.128158 1.124484
v 1.037972 -0.098678 0.538057
v 1.037972 0.225443 0.538057
v 0.895984 -0.098609 0.664776
v 1.037972 0.225443 0.538057
v 0.895984 0.225520 0.664776
v 1.037972 -0.098678 0.538057
v 1.037973 -0.098609 1.107571
v 0.895984 -0.098609 0.664776
v 0.895984 -0.098456 1.245015
v 1.037972 -0.098678 0.538057
v 0.749826 -0.098456 1.387303
v 0.894571 0.128158 1.264607
v 0.894571 -0.098609 1.247694
v 0.749826 0.128227 1.404140
v 0.749604 0.225443 1.223335
v 0.749603 -0.098532 0.795065
v 0.749603 0.225597 0.795065
v 0.749604 -0.098379 1.386106
v 0.749604 0.128304 1.403019
v 0.895016 0.225374 1.083135
v 0.895016 -0.098456 1.245983
v 0.895016 0.128227 1.262819
v 0.895016 -0.098609 0.665667
v 0.895016 0.225520 0.665667
v 0.749603 -0.098532 0.795065
v 0.895016 0.225520 0.665667
v 0.749603 0.225597 0.795065
v 0.895016 -0.098609 0.665667
v 0.895016 -0.098456 1.245983
v 0.749603 -0.098532 0.795065
v 0.749604 -0.098379 1.386106
v 0.895016 -0.098609 0.665667
v 0.746026 0.225443 1.223335
v 0.746026 -0.098379 1.386106
v 0.746026 0.128304 1.403019
v 0.746026 -0.098532 0.798044
v 0.746026 0.225597 0.798044
v 0.544739 0.225443 1.223335
v 0.544739 -0.098379 0.979885
v 0.544739 0.225743 0.979885
v 0.544739 -0.098379 1.386106
v 0.544739 0.128304 1.403019
v 0.544739 -0.098379 0.979885
v 0.746026 0.225597 0.798044
v 0.544739 0.225743 0.979885
v 0.746026 -0.098532 0.798044
v 0.544739 -0.098379 0.979885
v 0.746026 -0.098379 1.386106
v 0.746026 -0.098532 0.798044
v 0.544739 -0.098379 1.386106
v 0.746026 0.225443 1.223335
v 0.544739 0.225743 0.979885
v 0.746026 0.225597 0.798044
v 0.544739 0.225443 1.223335
v 0.544739 0.128304 1.403019
v 0.746026 0.128304 1.403019
v -0.107690 0.309999 -1.471068
v -0.118491 0.309999 -1.481947
v -0.107613 0.320878 -1.481947
v -1.002445 0.256213 0.128781
v -1.194044 -0.098901 0.128781
v -1.002445 -0.098901 0.128781
v -1.194044 0.256213 0.128781
v -1.194044 0.239155 0.465424
v -1.194044 -0.098901 0.128781
v -1.194044 0.256213 0.128781
v -1.194044 -0.098901 0.465424
v -1.193606 -0.098233 0.967449
v -1.193606 0.140449 0.967449
v -1.193606 0.259415 0.759083
v -1.193606 -0.098310 0.083939
v -1.193606 0.259637 0.083939
v 0.230220 0.309999 -1.616259
v 0.241022 0.309999 -1.605311
v 0.230143 0.320878 -1.605311
v -1.193606 -0.098310 0.083939
v -1.193606 0.259637 0.083939
v -1.287475 0.259568 0.083939
v -1.287475 -0.098310 0.083939
v -1.287475 -0.098310 0.083939
v -1.288219 -0.098233 0.919919
v -1.193606 -0.098233 0.967449
v -1.193606 -0.098310 0.083939
v -1.288219 -0.098233 0.919919
v -1.288219 0.140373 0.919919
v -1.193606 0.140449 0.967449
v -1.193606 -0.098233 0.967449
v -1.288219 0.259346 0.711485
v -1.287475 0.259568 0.083939
v -1.193606 0.259637 0.083939
v -1.193606 0.259415 0.759083
v -1.288219 0.140373 0.919919
v -1.193606 0.140449 0.967449
v 0.240354 0.309999 -1.482469
v 0.229399 0.309999 -1.471667
v 0.229476 0.320878 -1.482546
v -1.288219 0.259346 0.711485
v -1.288219 0.140373 0.919919
v -1.288219 -0.098233 0.919919
v -1.287475 -0.098310 0.083939
v -1.287475 0.259568 0.083939
v -1.138101 0.225152 0.465424
v -1.194044 -0.098901 0.465424
v -1.138101 -0.098901 0.465424
v -1.194044 0.239155 0.465424
v -1.043787 -0.098755 1.069509
v -1.193821 0.128158 0.928710
v -1.043787 0.128227 1.087535
v -1.193821 -0.098832 0.910684
v -1.194044 0.224775 0.748135
v -1.194044 -0.098901 0.465424
v -1.194044 0.239155 0.465424
v -1.194044 -0.098832 0.910906
v -1.194044 0.128158 0.928932
v -1.194044 -0.098832 0.910906
v -0.106945 0.086218 -1.604712
v -0.106868 0.097089 -1.615591
v -0.117816 0.097089 -1.604789
v -0.894504 0.225221 0.685114
v -1.042451 -0.098832 0.552360
v -0.894504 -0.098755 0.685114
v -1.042451 0.225152 0.552360
v -0.894504 -0.098755 0.685114
v -1.042451 -0.098755 1.071589
v -0.894504 -0.098678 1.228479
v -1.042451 -0.098832 0.552360
v -0.894873 -0.098755 1.229370
v -1.044907 0.128158 1.088579
v -0.894873 0.128158 1.247404
v -1.044907 -0.098832 1.070553
v -0.892938 0.127936 1.247549
v -0.742980 -0.098901 1.388348
v -0.892938 -0.098978 1.229524
v -0.742903 0.128005 1.406374
v -0.745737 0.225297 0.818757
v -0.893015 -0.098755 0.686004
v -0.745737 -0.098678 0.818757
v -0.893015 0.225221 0.686004
v -0.745737 -0.098678 0.818757
v -0.893015 -0.098678 1.229301
v -0.745736 -0.098532 1.386106
v -0.893015 -0.098755 0.686004
v -0.566352 0.225443 0.979885
v -0.742382 -0.098678 0.821437
v -0.566352 -0.098532 0.979885
v -0.742382 0.225297 0.821360
v -0.742381 -0.098532 1.386106
v -0.566352 -0.098532 0.979885
v -0.742382 -0.098678 0.821437
v -0.566275 -0.098532 1.386106
v -0.564118 0.225075 1.223336
v -0.564195 -0.098532 0.979885
v -0.564195 0.225443 0.979885
v -0.564118 -0.098532 1.386106
v -0.564118 0.128458 1.404140
v -0.107690 0.097089 -1.471068
v -0.107613 0.086218 -1.481947
v -0.118491 0.097089 -1.481947
v -0.564195 -0.098532 0.979885
v -0.324023 -0.098532 1.386106
v -0.324023 -0.098532 0.979885
v -0.564118 -0.098532 1.386106
v -0.151787 0.309999 -1.471667
v -0.488806 0.097089 -1.471068
v -0.488806 0.309999 -1.471068
v -0.151787 0.097089 -1.471667
v -0.499677 0.309999 -1.481946
v -0.499009 0.097089 -1.604788
v -0.499009 0.309999 -1.604788
v -0.499677 0.097089 -1.481946
v -0.488062 0.309999 -1.615590
v -0.150966 0.097089 -1.616258
v -0.150966 0.309999 -1.616258
v -0.488062 0.097089 -1.615590
v -0.140164 0.309999 -1.605311
v -0.140839 0.097089 -1.482468
v -0.140839 0.309999 -1.482468
v -0.140164 0.097089 -1.605311
v -0.488062 0.320878 -1.604712
v -0.151710 0.320878 -1.482546
v -0.488806 0.320878 -1.481946
v -0.151042 0.320878 -1.605311
v -0.488062 0.086218 -1.604712
v -0.151718 0.086218 -1.482546
v -0.151042 0.086218 -1.605311
v -0.488806 0.086218 -1.481946
v 0.647543 0.331526 -0.395584
v 0.770684 0.324824 -0.443712
v 0.751392 0.279828 -0.435590
v 0.666759 0.376445 -0.403707
v 0.751392 0.279828 -0.435590
v 0.683226 0.321845 -0.666826
v 0.664003 0.276926 -0.658703
v 0.770684 0.324824 -0.443712
v 0.664003 0.276926 -0.658703
v 0.579377 0.373543 -0.626820
v 0.560161 0.328624 -0.618697
v 0.683226 0.321845 -0.666826
v 0.560161 0.328624 -0.618697
v 0.666759 0.376445 -0.403707
v 0.647543 0.331526 -0.395584
v 0.579377 0.373543 -0.626820
v 0.664003 0.276926 -0.658703
v 0.647543 0.331526 -0.395584
v 0.751392 0.279828 -0.435590
v 0.560161 0.328624 -0.618697
v 0.683226 0.321845 -0.666826
v 0.666759 0.376445 -0.403707
v 0.579377 0.373543 -0.626820
v 0.770684 0.324824 -0.443712
v 0.149472 0.369443 -0.671217
v 0.026776 0.320502 -0.663470
v 0.026776 0.369443 -0.671217
v 0.149472 0.320502 -0.663470
v 0.026776 0.369443 -0.671217
v 0.026776 0.282884 -0.900142
v 0.026776 0.331902 -0.907965
v 0.026776 0.320502 -0.663470
v 0.026776 0.331902 -0.907965
v 0.149472 0.282884 -0.900142
v 0.149472 0.331902 -0.907965
v 0.026776 0.282884 -0.900142
v 0.149472 0.331902 -0.907965
v 0.149472 0.320502 -0.663470
v 0.149472 0.369443 -0.671217
v 0.149472 0.282884 -0.900142
v 0.026776 0.331902 -0.907965
v 0.149472 0.369443 -0.671217
v 0.026776 0.369443 -0.671217
v 0.149472 0.331902 -0.907965
v 0.026776 0.282884 -0.900142
v 0.149472 0.320502 -0.663470
v 0.149472 0.282884 -0.900142
v 0.026776 0.320502 -0.663470
v 0.021563 0.369443 -0.671217
v -0.101210 0.320502 -0.663470
v -0.101210 0.369443 -0.671217
v 0.021563 0.320502 -0.663470
v -0.101210 0.369443 -0.671217
v -0.101210 0.282884 -0.900142
v -0.101210 0.331902 -0.907965
v -0.101210 0.320502 -0.663470
v -0.101210 0.331902 -0.907965
v 0.021563 0.282884 -0.900142
v 0.021563 0.331902 -0.907965
v -0.101210 0.282884 -0.900142
v 0.021563 0.331902 -0.907965
v 0.021563 0.320502 -0.663470
v 0.021563 0.369443 -0.671217
v 0.021563 0.282884 -0.900142
v -0.101210 0.331902 -0.907965
v 0.021563 0.369443 -0.671217
v -0.101210 0.369443 -0.671217
v 0.021563 0.331902 -0.907965
v -0.101210 0.282884 -0.900142
v 0.021563 0.320502 -0.663470
v 0.021563 0.282884 -0.900142
v -0.101210 0.320502 -0.663470
v -0.106200 0.369443 -0.671217
v -0.228888 0.320502 -0.663470
v -0.228888 0.369443 -0.671217
v -0.106200 0.320502 -0.663470
v -0.228888 0.369443 -0.671217
v -0.228888 0.282884 -0.900141
v -0.228888 0.331902 -0.907965
v -0.228888 0.320502 -0.663470
v -0.228888 0.331902 -0.907965
v -0.106200 0.282884 -0.900142
v -0.106200 0.331902 -0.907965
v -0.228888 0.282884 -0.900141
v -0.106200 0.331902 -0.907965
v -0.106200 0.320502 -0.663470
v -0.106200 0.369443 -0.671217
v -0.106200 0.282884 -0.900142
v -0.228888 0.331902 -0.907965
v -0.106200 0.369443 -0.671217
v -0.228888 0.369443 -0.671217
v -0.106200 0.331902 -0.907965
v -0.228888 0.282884 -0.900141
v -0.106200 0.320502 -0.663470
v -0.106200 0.282884 -0.900142
v -0.228888 0.320502 -0.663470
v -0.339140 0.354097 -0.753531
v -0.337428 0.324156 -0.624655
v -0.338994 0.373098 -0.632332
v -0.337582 0.305155 -0.745938
v -0.338994 0.373098 -0.632332
v -0.576932 0.316778 -0.623096
v -0.578498 0.365720 -0.630765
v -0.337428 0.324156 -0.624655
v -0.578498 0.365720 -0.630765
v -0.577155 0.297785 -0.744295
v -0.578721 0.346727 -0.751972
v -0.576932 0.316778 -0.623096
v -0.578721 0.346727 -0.751972
v -0.337582 0.305155 -0.745938
v -0.339140 0.354097 -0.753531
v -0.577155 0.297785 -0.744295
v -0.578498 0.365720 -0.630765
v -0.339140 0.354097 -0.753531
v -0.338994 0.373098 -0.632332
v -0.578721 0.346727 -0.751972
v -0.576932 0.316778 -0.623096
v -0.337582 0.305155 -0.745938
v -0.577155 0.297785 -0.744295
v -0.337428 0.324156 -0.624655
v 0.105290 0.371455 -0.663094
v 0.106112 0.341506 -0.534149
v 0.106035 0.390456 -0.541818
v 0.105290 0.322513 -0.655425
v 0.106035 0.390456 -0.541818
v -0.133538 0.341660 -0.532583
v -0.133615 0.390602 -0.540252
v 0.106112 0.341506 -0.534149
v -0.133615 0.390602 -0.540252
v -0.134360 0.322659 -0.653858
v -0.134429 0.371608 -0.661536
v -0.133538 0.341660 -0.532583
v -0.134429 0.371608 -0.661536
v 0.105290 0.322513 -0.655425
v 0.105290 0.371455 -0.663094
v -0.134360 0.322659 -0.653858
v -0.133615 0.390602 -0.540252
v 0.105290 0.371455 -0.663094
v 0.106035 0.390456 -0.541818
v -0.134429 0.371608 -0.661536
v -0.133538 0.341660 -0.532583
v 0.105290 0.322513 -0.655425
v -0.134360 0.322659 -0.653858
v 0.106112 0.341506 -0.534149
v 0.108868 0.402148 -0.074364
v -0.013897 0.352761 -0.078310
v -0.013897 0.402148 -0.074364
v 0.108868 0.352761 -0.078310
v -0.013897 0.402148 -0.074364
v -0.013897 0.371831 -0.317215
v -0.013897 0.421295 -0.313269
v -0.013897 0.352761 -0.078310
v -0.013897 0.421295 -0.313269
v 0.108868 0.371831 -0.317216
v 0.108868 0.421295 -0.313270
v -0.013897 0.371831 -0.317215
v 0.108868 0.421295 -0.313270
v 0.108868 0.352761 -0.078310
v 0.108868 0.402148 -0.074364
v 0.108868 0.371831 -0.317216
v -0.013897 0.421295 -0.313269
v 0.108868 0.402148 -0.074364
v -0.013897 0.402148 -0.074364
v 0.108868 0.421295 -0.313270
v -0.013897 0.371831 -0.317215
v 0.108868 0.352761 -0.078310
v 0.108868 0.371831 -0.317216
v -0.013897 0.352761 -0.078310
v -0.018887 0.402148 -0.074364
v -0.141584 0.352761 -0.078310
v -0.141584 0.402148 -0.074364
v -0.018887 0.352761 -0.078310
v -0.141584 0.402148 -0.074364
v -0.141584 0.371831 -0.317215
v -0.141584 0.421295 -0.313269
v -0.141584 0.352761 -0.078310
v -0.141584 0.421295 -0.313269
v -0.018887 0.371831 -0.317215
v -0.018887 0.421295 -0.313269
v -0.141584 0.371831 -0.317215
v -0.018887 0.421295 -0.313269
v -0.018887 0.352761 -0.078310
v -0.018887 0.402148 -0.074364
v -0.018887 0.371831 -0.317215
v -0.141584 0.421295 -0.313269
v -0.018887 0.402148 -0.074364
v -0.141584 0.402148 -0.074364
v -0.018887 0.421295 -0.313269
v -0.141584 0.371831 -0.317215
v -0.018887 0.352761 -0.078310
v -0.018887 0.371831 -0.317215
v -0.141584 0.352761 -0.078310
v -0.086976 0.382633 0.174598
v -0.209672 0.333238 0.170575
v -0.209672 0.382633 0.174598
v -0.086976 0.333238 0.170575
v -0.209672 0.382633 0.174598
v -0.209672 0.352385 -0.068253
v -0.209672 0.401780 -0.064307
v -0.209672 0.333238 0.170575
v -0.209672 0.401780 -0.064307
v -0.086976 0.352385 -0.068253
v -0.086976 0.401780 -0.064307
v -0.209672 0.352385 -0.068253
v -0.086976 0.401780 -0.064307
v -0.086976 0.333238 0.170575
v -0.086976 0.382633 0.174598
v -0.086976 0.352385 -0.068253
v -0.209672 0.401780 -0.064307
v -0.086976 0.382633 0.174598
v -0.209672 0.382633 0.174598
v -0.086976 0.401780 -0.064307
v -0.209672 0.352385 -0.068253
v -0.086976 0.333238 0.170575
v -0.086976 0.352385 -0.068253
v -0.209672 0.333238 0.170575
v 0.040710 0.382633 0.174598
v -0.081986 0.333238 0.170575
v -0.081986 0.382633 0.174598
v 0.040710 0.333238 0.170575
v -0.081986 0.382633 0.174598
v -0.081986 0.352385 -0.068253
v -0.081986 0.401780 -0.064307
v -0.081986 0.333238 0.170575
v -0.081986 0.401780 -0.064307
v 0.040710 0.352385 -0.068253
v 0.040710 0.401780 -0.064307
v -0.081986 0.352385 -0.068253
v 0.040710 0.401780 -0.064307
v 0.040710 0.333238 0.170575
v 0.040710 0.382633 0.174598
v 0.040710 0.352385 -0.068253
v -0.081986 0.401780 -0.064307
v 0.040710 0.382633 0.174598
v -0.081986 0.382633 0.174598
v 0.040710 0.401780 -0.064307
v -0.081986 0.352385 -0.068253
v 0.040710 0.333238 0.170575
v 0.040710 0.352385 -0.068253
v -0.081986 0.333238 0.170575
v 0.168689 0.382633 0.174598
v 0.045992 0.333238 0.170575
v 0.045992 0.382633 0.174598
v 0.168689 0.333238 0.170575
v 0.045992 0.382633 0.174598
v 0.045992 0.352385 -0.068253
v 0.045992 0.401780 -0.064307
v 0.045992 0.333238 0.170575
v 0.045992 0.401780 -0.064307
v 0.168688 0.352385 -0.068253
v 0.168688 0.401780 -0.064307
v 0.045992 0.352385 -0.068253
v 0.168688 0.401780 -0.064307
v 0.168689 0.333238 0.170575
v 0.168689 0.382633 0.174598
v 0.168688 0.352385 -0.068253
v 0.045992 0.401780 -0.064307
v 0.168689 0.382633 0.174598
v 0.045992 0.382633 0.174598
v 0.168688 0.401780 -0.064307
v 0.045992 0.352385 -0.068253
v 0.168689 0.333238 0.170575
v 0.168688 0.352385 -0.068253
v 0.045992 0.333238 0.170575
v 0.238789 0.361697 0.421104
v 0.116092 0.312310 0.417150
v 0.116092 0.361697 0.421104
v 0.238789 0.312310 0.417150
v 0.116092 0.361697 0.421104
v 0.116092 0.331457 0.178245
v 0.116092 0.380844 0.182198
v 0.116092 0.312310 0.417150
v 0.116092 0.380844 0.182198
v 0.238789 0.331457 0.178245
v 0.238789 0.380844 0.182198
v 0.116092 0.331457 0.178245
v 0.238789 0.380844 0.182198
v 0.238789 0.312310 0.417150
v 0.238789 0.361697 0.421104
v 0.238789 0.331457 0.178245
v 0.116092 0.380844 0.182198
v 0.238789 0.361697 0.421104
v 0.116092 0.361697 0.421104
v 0.238789 0.380844 0.182198
v 0.116092 0.331457 0.178245
v 0.238789 0.312310 0.417150
v 0.238789 0.331457 0.178245
v 0.116092 0.312310 0.417150
v 0.106557 0.361697 0.421104
v -0.016208 0.312310 0.417150
v -0.016208 0.361697 0.421104
v 0.106557 0.312310 0.417150
v -0.016208 0.361697 0.421104
v -0.016208 0.331457 0.178245
v -0.016208 0.380844 0.182198
v -0.016208 0.312310 0.417150
v -0.016208 0.380844 0.182198
v 0.106557 0.331457 0.178245
v 0.106557 0.380844 0.182198
v -0.016208 0.331457 0.178245
v 0.106557 0.380844 0.182198
v 0.106557 0.312310 0.417150
v 0.106557 0.361697 0.421104
v 0.106557 0.331457 0.178245
v -0.016208 0.380844 0.182198
v 0.106557 0.361697 0.421104
v -0.016208 0.361697 0.421104
v 0.106557 0.380844 0.182198
v -0.016208 0.331457 0.178245
v 0.106557 0.312310 0.417150
v 0.106557 0.331457 0.178245
v -0.016208 0.312310 0.417150
v -0.026710 0.361697 0.421104
v -0.149406 0.312310 0.417150
v -0.149406 0.361697 0.421104
v -0.026710 0.312310 0.417150
v -0.149406 0.361697 0.421104
v -0.149407 0.331457 0.178245
v -0.149407 0.380844 0.182199
v -0.149406 0.312310 0.417150
v -0.149407 0.380844 0.182199
v -0.026710 0.331457 0.178245
v -0.026710 0.380844 0.182198
v -0.149407 0.331457 0.178245
v -0.026710 0.380844 0.182198
v -0.026710 0.312310 0.417150
v -0.026710 0.361697 0.421104
v -0.026710 0.331457 0.178245
v -0.149407 0.380844 0.182199
v -0.026710 0.361697 0.421104
v -0.149406 0.361697 0.421104
v -0.026710 0.380844 0.182198
v -0.149407 0.331457 0.178245
v -0.026710 0.312310 0.417150
v -0.026710 0.331457 0.178245
v -0.149406 0.312310 0.417150
v -0.158941 0.361697 0.421104
v -0.281630 0.312310 0.417150
v -0.281630 0.361697 0.421104
v -0.158941 0.312310 0.417150
v -0.281630 0.361697 0.421104
v -0.281630 0.331457 0.178245
v -0.281630 0.380844 0.182199
v -0.281630 0.312310 0.417150
v -0.281630 0.380844 0.182199
v -0.158942 0.331457 0.178245
v -0.158942 0.380844 0.182199
v -0.281630 0.331457 0.178245
v -0.158942 0.380844 0.182199
v -0.158941 0.312310 0.417150
v -0.158941 0.361697 0.421104
v -0.158942 0.331457 0.178245
v -0.281630 0.380844 0.182199
v -0.158941 0.361697 0.421104
v -0.281630 0.361697 0.421104
v -0.158942 0.380844 0.182199
v -0.281630 0.331457 0.178245
v -0.158941 0.312310 0.417150
v -0.158942 0.331457 0.178245
v -0.281630 0.312310 0.417150
v -0.408426 0.324901 0.673045
v -0.406115 0.294729 0.430194
v -0.409838 0.343971 0.434140
v -0.404695 0.271560 0.722209
v -0.409838 0.343971 0.434140
v -0.283795 0.303965 0.430194
v -0.287442 0.353207 0.434140
v -0.406115 0.294729 0.430194
v -0.287442 0.353207 0.434140
v -0.282305 0.280796 0.722209
v -0.286029 0.334136 0.673045
v -0.283795 0.303965 0.430194
v -0.406115 0.294729 0.430194
v -0.282305 0.280796 0.722209
v -0.283795 0.303965 0.430194
v -0.404695 0.271560 0.722209
v -0.412449 0.324302 0.652263
v -0.531114 0.265825 0.648309
v -0.534769 0.315066 0.652263
v -0.408717 0.275061 0.648309
v -0.534769 0.315066 0.652263
v -0.532535 0.284895 0.409404
v -0.536258 0.334136 0.413358
v -0.531114 0.265825 0.648309
v -0.536258 0.334136 0.413358
v -0.410138 0.294131 0.409404
v -0.413861 0.343372 0.413358
v -0.532535 0.284895 0.409404
v -0.413861 0.343372 0.413358
v -0.408717 0.275061 0.648309
v -0.412449 0.324302 0.652263
v -0.410138 0.294131 0.409404
v -0.536258 0.334136 0.413358
v -0.412449 0.324302 0.652263
v -0.534769 0.315066 0.652263
v -0.413861 0.343372 0.413358
v -0.532535 0.284895 0.409404
v -0.408717 0.275061 0.648309
v -0.410138 0.294131 0.409404
v -0.531114 0.265825 0.648309
v -0.539835 0.314690 0.652263
v -0.658424 0.256213 0.648309
v -0.662156 0.305454 0.652263
v -0.536104 0.265449 0.648309
v -0.662156 0.305454 0.652263
v -0.659922 0.275283 0.409404
v -0.663645 0.324525 0.413358
v -0.658424 0.256213 0.648309
v -0.663645 0.324525 0.413358
v -0.537525 0.284519 0.409404
v -0.541248 0.333760 0.413358
v -0.659922 0.275283 0.409404
v -0.541248 0.333760 0.413358
v -0.536104 0.265449 0.648309
v -0.539835 0.314690 0.652263
v -0.537525 0.284519 0.409404
v -0.663645 0.324525 0.413358
v -0.539835 0.314690 0.652263
v -0.662156 0.305454 0.652263
v -0.541248 0.333760 0.413358
v -0.659922 0.275283 0.409404
v -0.536104 0.265449 0.648309
v -0.537525 0.284519 0.409404
v -0.658424 0.256213 0.648309
v 1.183984 0.253235 0.084015
v 0.968840 -0.098678 0.084084
v 1.183984 -0.098678 0.084015
v 0.968840 0.253311 0.084084
v 1.183984 0.259415 0.759082
v 1.183984 -0.098310 0.083938
v 1.183984 0.259637 0.083938
v 1.183984 -0.098233 0.967448
v 1.183984 0.140449 0.967448
v 1.277845 0.259568 0.083938
v 1.183984 -0.098310 0.083938
v 1.277845 -0.098310 0.083938
v 1.183984 0.259637 0.083938
v 1.183984 -0.098233 0.967448
v 1.277845 -0.098310 0.083938
v 1.183984 -0.098310 0.083938
v 1.278590 -0.098233 0.919918
v 1.183984 0.140449 0.967448
v 1.278590 -0.098233 0.919918
v 1.183984 -0.098233 0.967448
v 1.278590 0.140373 0.919918
v -1.043718 0.225152 0.551094
v -1.138400 -0.098901 0.466100
v -1.043718 -0.098832 0.551094
v -1.138400 0.225075 0.466100
v -0.564195 0.225443 0.979885
v -0.324023 -0.098532 0.979885
v -0.324023 0.225443 0.979885
v -0.564195 -0.098532 0.979885
v -0.318434 0.146484 1.381270
v -0.742458 0.127936 1.414865
v -0.741337 0.146484 1.381270
v -0.318434 0.127936 1.414865
v -0.801089 -0.104121 1.337840
v -0.742458 0.127936 1.414865
v -0.742458 -0.104567 1.397952
v -0.801089 0.127936 1.354745
v -0.318434 0.146484 1.381270
v -0.318434 -0.104567 1.397952
v -0.318434 0.127936 1.414865
v -0.318434 -0.089742 1.364357
v -0.318434 -0.104567 1.397952
v -0.742458 0.127936 1.414865
v -0.318434 0.127936 1.414865
v -0.742458 -0.104567 1.397952
v 0.749082 0.127936 1.414865
v 0.364687 0.146484 1.381269
v 0.748038 0.146484 1.381269
v 0.364687 0.127936 1.414865
v 0.749082 0.127936 1.414865
v 0.807704 -0.104121 1.337840
v 0.749082 -0.104567 1.397952
v 0.807704 0.127936 1.354745
v 0.364687 -0.104567 1.397952
v 0.364687 0.146484 1.381269
v 0.364687 0.127936 1.414865
v 0.364687 -0.089742 1.364357
v 0.749082 0.127936 1.414865
v 0.364687 -0.104567 1.397952
v 0.364687 0.127936 1.414865
v 0.749082 -0.104567 1.397952
v 0.541461 0.128381 1.402719
v 0.370721 -0.072008 1.385960
v 0.370721 0.128304 1.402873
v 0.541538 -0.072008 1.385960
v 0.541392 -0.088475 1.301412
v 0.541391 0.225743 0.979885
v 0.541391 -0.098379 0.979885
v 0.541392 0.225443 1.223335
v 0.541461 0.128381 1.402719
v 0.541538 -0.072008 1.385960
v 0.370122 0.225443 1.223335
v 0.541461 0.128381 1.402719
v 0.370721 0.128304 1.402873
v 0.541392 0.225443 1.223335
v 0.370122 0.225743 0.979885
v 0.541391 0.225743 0.979885
v 0.370122 -0.098379 0.979885
v 0.541391 0.225743 0.979885
v 0.370122 0.225743 0.979885
v 0.541391 -0.098379 0.979885
v 0.147085 -0.005186 0.980039
v 0.147085 0.063048 1.285988
v 0.147085 -0.038566 0.980039
v 0.147085 0.096498 1.286288
v 0.347183 0.063048 1.285988
v 0.347183 -0.005186 0.980039
v 0.347183 -0.038566 0.980039
v 0.347183 0.096498 1.286288
v 0.147085 -0.038566 0.980039
v 0.347183 -0.005186 0.980039
v 0.147085 -0.005186 0.980039
v 0.347183 -0.038566 0.980039
v 0.147085 -0.005186 0.980039
v 0.347183 0.096498 1.286288
v 0.147085 0.096498 1.286288
v 0.347183 -0.005186 0.980039
v 0.147085 0.096498 1.286288
v 0.347183 0.063048 1.285988
v 0.147085 0.063048 1.285988
v 0.347183 0.096498 1.286288
v 0.147085 0.063048 1.285988
v 0.347183 -0.038566 0.980039
v 0.147085 -0.038566 0.980039
v 0.347183 0.063048 1.285988
v 0.147085 0.177699 0.985773
v 0.147085 0.097765 1.147946
v 0.147085 0.146407 0.964615
v 0.147085 0.129126 1.160244
v 0.347183 0.097765 1.147946
v 0.347183 0.177699 0.985773
v 0.347183 0.146407 0.964615
v 0.347183 0.129126 1.160244
v 0.147085 0.146407 0.964615
v 0.347183 0.177699 0.985773
v 0.147085 0.177699 0.985773
v 0.347183 0.146407 0.964615
v 0.147085 0.177699 0.985773
v 0.347183 0.129126 1.160244
v 0.147085 0.129126 1.160244
v 0.347183 0.177699 0.985773
v 0.147085 0.129126 1.160244
v 0.347183 0.097765 1.147946
v 0.147085 0.097765 1.147946
v 0.347183 0.129126 1.160244
v 1.183984 0.259415 0.759082
v 1.278590 0.140373 0.919918
v 1.183984 0.140449 0.967448
v 1.278590 0.259346 0.711484
v 1.183984 0.259637 0.083938
v 1.277845 0.259568 0.083938
v 0.370122 0.225443 1.223335
v 0.370721 0.128304 1.402873
v 0.370122 0.225743 0.979885
v 0.370122 -0.098379 0.979885
v 0.370122 -0.088475 1.301558
v 0.370721 -0.072008 1.385960
v -1.194044 0.239155 0.465424
v -1.138400 0.225075 0.466100
v -1.194044 0.224775 0.748135
v -1.043718 0.225152 0.551094
v -1.043718 0.224929 0.907482
v -1.194044 0.128158 0.928932
v -1.043717 0.128227 1.088279
v -1.194044 0.256213 0.128781
v -1.138101 0.225152 0.465424
v 0.230143 0.086218 -1.605311
v 0.241022 0.097089 -1.605311
v 0.230220 0.097089 -1.616259
v -1.043718 -0.098832 0.551094
v -1.194044 -0.098832 0.910906
v -1.043717 -0.098755 1.070253
v -1.138400 -0.098901 0.466100
v -1.194044 -0.098901 0.465424
v -1.138101 -0.098901 0.465424
v -1.194044 -0.098901 0.128781
v -1.002445 -0.098901 0.128781
v -0.324023 0.225075 1.223336
v -0.324023 0.225443 0.979885
v -0.324023 -0.098532 0.979885
v -0.324023 -0.098532 1.386106
v -0.324023 0.128458 1.404140
v 0.240354 0.097089 -1.482469
v 0.229476 0.086218 -1.482546
v 0.229399 0.097089 -1.471667
v 0.895016 0.128227 1.262819
v 0.749604 0.225443 1.223335
v 0.895016 0.225374 1.083135
v 0.749603 0.225597 0.795065
v 0.895016 0.225520 0.665667
v 0.749604 0.225443 1.223335
v 0.749604 0.128304 1.403019
v 1.278590 0.259346 0.711484
v 1.277845 0.259568 0.083938
v 1.277845 -0.098310 0.083938
v 1.278590 -0.098233 0.919918
v 1.278590 0.140373 0.919918
v -0.499009 0.309999 -1.604788
v -0.488062 0.309999 -1.615590
v -0.488062 0.320878 -1.604712
v 0.541538 -0.072008 1.385960
v 0.370122 -0.088475 1.301558
v 0.370721 -0.072008 1.385960
v 0.541392 -0.088475 1.301412
v 0.370122 -0.098379 0.979885
v 0.541391 -0.098379 0.979885
v 1.115742 -0.098678 0.460211
v 1.115742 0.225896 0.460211
v 1.183984 0.238556 0.460211
v 1.183984 0.070350 0.460211
v 1.183984 -0.098678 0.460211
v -0.488806 0.309999 -1.471068
v -0.499677 0.309999 -1.481946
v -0.488806 0.320878 -1.481946
v -0.404695 0.271560 0.722209
v -0.286029 0.334136 0.673045
v -0.282305 0.280796 0.722209
v -0.408426 0.324901 0.673045
v -0.409838 0.343971 0.434140
v -0.287442 0.353207 0.434140
v -0.150966 0.309999 -1.616258
v -0.140164 0.309999 -1.605311
v -0.151042 0.320878 -1.605311
v -0.566352 0.225443 0.979885
v -0.742382 0.225075 1.223336
v -0.742382 0.225297 0.821360
v -0.566275 0.225075 1.223336
v -0.566275 0.128458 1.404140
v -0.742382 0.225075 1.223336
v -0.742381 0.128458 1.404140
v -0.566352 0.225443 0.979885
v -0.566352 -0.098532 0.979885
v -0.566275 0.225075 1.223336
v -0.566275 -0.098532 1.386106
v -0.566275 0.128458 1.404140
v -0.140839 0.309999 -1.482468
v -0.151787 0.309999 -1.471667
v -0.151710 0.320878 -1.482546
v -0.742381 -0.098532 1.386106
v -0.742382 0.225075 1.223336
v -0.742381 0.128458 1.404140
v -0.742382 -0.098678 0.821437
v -0.742382 0.225297 0.821360
v -0.488062 0.086218 -1.604712
v -0.488062 0.097089 -1.615590
v -0.499009 0.097089 -1.604788
v -0.893015 0.128304 1.247327
v -0.745736 0.225075 1.223336
v -0.745736 0.128458 1.404140
v -0.893015 0.224998 1.066530
v -0.745737 0.225297 0.818757
v -0.893015 0.225221 0.686004
v -0.488806 0.097089 -1.471068
v -0.488806 0.086218 -1.481946
v -0.499677 0.097089 -1.481946
v -0.893015 -0.098678 1.229301
v -0.893015 0.224998 1.066530
v -0.893015 0.128304 1.247327
v -0.893015 -0.098755 0.686004
v -0.893015 0.225221 0.686004
v -0.151042 0.086218 -1.605311
v -0.140164 0.097089 -1.605311
v -0.150966 0.097089 -1.616258
v -0.745736 0.225075 1.223336
v -0.745737 0.225297 0.818757
v -0.745737 -0.098678 0.818757
v -0.745736 -0.098532 1.386106
v -0.745736 0.128458 1.404140
v -0.140839 0.097089 -1.482468
v -0.151718 0.086218 -1.482546
v -0.151787 0.097089 -1.471667
v -1.042451 0.128227 1.089546
v -0.894504 0.224998 1.065632
v -0.894504 0.128304 1.246429
v -1.042451 0.224929 0.908818
v -0.894504 0.225221 0.685114
v -1.042451 0.225152 0.552360
v 1.183984 0.238556 0.460211
v 1.118429 0.225374 0.466990
v 1.115742 0.225896 0.460211
v -1.042451 -0.098755 1.071589
v -1.042451 0.224929 0.908818
v -1.042451 0.128227 1.089546
v -1.042451 -0.098832 0.552360
v -1.042451 0.225152 0.552360
v 1.118429 -0.098678 0.466990
v 1.115742 0.225896 0.460211
v 1.118429 0.225374 0.466990
v 1.115742 -0.098678 0.460211
v 0.968840 -0.098678 0.084084
v 0.968840 0.253311 0.084084
v -0.894504 0.224998 1.065632
v -0.894504 0.225221 0.685114
v -0.894504 -0.098755 0.685114
v -0.894504 -0.098678 1.228479
v -0.894504 0.128304 1.246429
v 0.895984 0.225374 1.082244
v 1.037973 0.128158 1.124484
v 0.895984 0.128227 1.261928
v 0.895984 0.225374 1.082244
v 1.037973 0.225221 0.944800
v 0.895984 0.225520 0.664776
v 1.037972 0.225443 0.538057
v -1.138101 0.225152 0.465424
v -1.194044 0.256213 0.128781
v -1.002445 0.256213 0.128781
v -1.138400 0.225075 0.466100
v -1.194044 0.239155 0.465424
v -1.138101 0.225152 0.465424
v -1.002445 -0.098901 0.128781
v -1.138101 0.225152 0.465424
v -1.002445 0.256213 0.128781
v -1.138101 -0.098901 0.465424
v -1.138400 0.225075 0.466100
v -1.138400 -0.098901 0.466100
v -1.043718 0.224929 0.907482
v -1.043718 0.225152 0.551094
v -1.043718 -0.098832 0.551094
v -1.043717 -0.098755 1.070253
v -1.043717 0.128227 1.088279
vn 1.0000 -0.0000 -0.0000
vn 0.9142 -0.0000 0.4053
vn 0.9142 -0.0000 0.4052
vn 0.9144 -0.0000 0.4049
vn 0.9143 -0.0000 0.4051
vn 0.9275 -0.0000 0.3738
vn 0.2372 0.9478 0.2129
vn -0.0000 0.9958 0.0919
vn 0.0010 1.0000 0.0005
vn 0.0011 1.0000 0.0005
vn 0.0939 0.9909 0.0962
vn 0.1547 0.9751 0.1588
vn 0.4187 0.7990 0.4316
vn 0.4185 0.7989 0.4319
vn 0.4186 0.7990 0.4316
vn -0.9315 -0.0000 0.3638
vn -0.9296 -0.0000 0.3685
vn -1.0000 -0.0000 -0.0000
vn -0.1804 0.9726 0.1464
vn -0.0010 1.0000 0.0006
vn -0.1113 0.9883 0.1046
vn -0.2590 0.9346 0.2439
vn -0.4476 0.7885 0.4218
vn -0.4476 0.7885 0.4217
vn 0.5732 -0.5778 0.5810
vn 0.5798 -0.5802 -0.5721
vn -0.5775 -0.5775 0.5771
vn -0.1064 0.9893 0.0995
vn -0.0011 1.0000 0.0006
vn -0.2529 0.9380 0.2370
vn -0.4491 0.7879 0.4212
vn -0.4492 0.7880 0.4211
vn -0.5721 -0.5802 -0.5798
vn 0.5735 0.5772 0.5813
vn 1.0000 -0.0001 -0.0001
vn 1.0000 -0.0000 -0.0002
vn 1.0000 -0.0001 -0.0002
vn 1.0000 -0.0000 -0.0003
vn -0.0000 0.8820 0.4713
vn -0.0000 0.9749 0.2228
vn -0.0006 0.9931 0.1169
vn -0.0002 1.0000 0.0013
vn -0.0013 1.0000 0.0006
vn 0.5799 0.5799 -0.5722
vn -0.0750 0.9940 0.0798
vn -0.0729 0.9669 0.2444
vn -0.0730 0.9669 0.2444
vn -0.0509 0.6749 0.7361
vn -0.5776 0.5772 0.5772
vn -0.0000 -0.0000 1.0000
vn -0.0000 -0.9995 0.0308
vn -0.0000 -0.9988 0.0498
vn -0.0000 -0.9962 0.0869
vn 0.0001 -0.9815 0.1913
vn -0.0000 -0.9815 0.1915
vn -0.5722 0.5799 -0.5799
vn 1.0000 -0.0003 -0.0006
vn 1.0000 -0.0003 -0.0008
vn 1.0000 -0.0002 -0.0011
vn 1.0000 -0.0000 -0.0012
vn 0.4171 0.7995 0.4322
vn 0.0008 1.0000 0.0003
vn 0.0008 1.0000 0.0004
vn 0.0913 0.9914 0.0942
vn 0.1511 0.9761 0.1563
vn 0.5731 -0.5776 0.5813
vn -0.0000 -1.0000 -0.0000
vn -0.0000 -1.0000 0.0001
vn 0.0001 -1.0000 0.0001
vn 0.0004 -1.0000 0.0002
vn 0.0005 -1.0000 0.0002
vn 0.0004 -1.0000 0.0001
vn 0.5798 -0.5802 -0.5720
vn 0.2444 0.9684 0.0493
vn 0.2425 0.9689 0.0491
vn -0.4475 0.7886 0.4218
vn -0.2668 0.9305 0.2509
vn -0.4475 0.7886 0.4216
vn -0.0896 0.9889 0.1189
vn -0.0015 1.0000 0.0007
vn 0.0829 0.9964 0.0174
vn -1.0000 -0.0006 0.0072
vn -1.0000 -0.0000 0.0018
vn -1.0000 0.0019 0.0018
vn -1.0000 0.0008 0.0010
vn -1.0000 -0.0009 0.0012
vn -1.0000 -0.0062 -0.0000
vn 0.0007 1.0000 0.0004
vn 0.0404 0.9961 0.0790
vn 0.1072 0.9714 0.2119
vn 0.2424 0.8425 0.4810
vn -0.0000 -0.3651 0.9310
vn -0.0000 0.9634 0.2682
vn -0.0000 0.5601 -0.8284
vn -0.0000 -0.9490 0.3152
vn -0.0000 -0.0090 1.0000
vn -0.0000 -0.0089 1.0000
vn -0.0000 0.9491 -0.3151
vn -0.0000 -0.0000 -1.0000
vn -0.0000 1.0000 0.0012
vn -0.0000 0.9894 0.1451
vn 0.0002 0.9517 0.3071
vn -0.0000 0.8795 0.4759
vn 1.0000 0.0005 -0.0018
vn 1.0000 -0.0000 -0.0007
vn 1.0000 -0.0000 -0.0001
vn -0.0000 -0.0833 0.9965
vn 0.0005 -0.0838 0.9965
vn 0.0004 -0.0837 0.9965
vn 0.0009 -0.0841 0.9965
vn -0.0000 -0.0726 0.9974
vn 0.7150 -0.0508 0.6972
vn 0.7151 -0.0508 0.6972
vn 0.7149 -0.0509 0.6973
vn 0.7152 -0.0507 0.6971
vn -0.0000 0.8754 0.4833
vn -0.7150 -0.0508 0.6973
vn -0.7151 -0.0507 0.6972
vn -0.7150 -0.0508 0.6972
vn -0.7151 -0.0507 0.6971
vn 0.6680 -0.0000 -0.7442
vn 0.4489 -0.0000 0.8936
vn -0.0003 -0.0000 -1.0000
vn 0.0750 -0.9940 -0.0798
vn 0.9972 0.0754 0.0001
vn 0.9971 0.0755 0.0001
vn -0.0060 0.0796 -0.9968
vn -0.9971 -0.0756 0.0002
vn -0.9972 -0.0754 0.0002
vn 0.0060 -0.0796 0.9968
vn -0.9973 -0.0740 -0.0000
vn -0.9972 -0.0753 0.0002
vn -0.9972 -0.0752 0.0002
vn 0.0750 -0.9940 -0.0792
vn 0.0751 -0.9940 -0.0793
vn 0.9973 0.0738 0.0008
vn 0.9974 0.0719 0.0003
vn 0.9976 0.0693 -0.0004
vn -0.0060 0.0794 -0.9968
vn -0.9975 -0.0705 -0.0007
vn -0.9974 -0.0727 -0.0005
vn -0.9973 -0.0728 -0.0004
vn -0.9972 -0.0754 -0.0001
vn -0.0000 -0.9968 -0.0799
vn -0.0000 0.9968 0.0799
vn -0.0000 0.0798 -0.9968
vn -0.0000 -0.0798 0.9968
vn -0.0000 0.0796 -0.9968
vn -0.0000 -0.0812 0.9967
vn -0.0000 -0.9968 -0.0796
vn -0.0000 0.0795 -0.9968
vn -0.0000 -0.0796 0.9968
vn 0.0004 -0.9880 0.1547
vn 0.0004 -0.9880 0.1548
vn 0.0004 -0.9879 0.1548
vn -0.0004 0.9880 -0.1547
vn -0.0004 0.9880 -0.1548
vn -0.0004 0.9879 -0.1548
vn -0.0066 -0.1549 -0.9879
vn -0.0065 -0.1549 -0.9879
vn -0.0065 -0.1548 -0.9879
vn -1.0000 -0.0005 0.0069
vn -1.0000 -0.0005 0.0068
vn -1.0000 -0.0004 0.0068
vn 0.0066 0.1548 0.9879
vn 1.0000 -0.0010 -0.0066
vn 1.0000 0.0004 -0.0063
vn 1.0000 0.0002 -0.0063
vn 1.0000 0.0006 -0.0062
vn 0.0314 -0.9875 0.1547
vn -0.0314 0.9875 -0.1547
vn -0.0314 0.9875 -0.1548
vn -0.0020 -0.1550 -0.9879
vn -0.0018 -0.1540 -0.9881
vn -0.0017 -0.1536 -0.9881
vn -0.0017 -0.1534 -0.9882
vn -0.9995 -0.0309 0.0067
vn 0.0017 0.1550 0.9879
vn 0.0017 0.1549 0.9879
vn 0.9995 0.0309 -0.0061
vn 0.9995 0.0310 -0.0061
vn -0.0000 -0.9876 0.1570
vn -0.0000 0.9877 -0.1566
vn -0.0000 -0.1576 -0.9875
vn -0.0000 0.1563 0.9877
vn 0.3875 0.9072 -0.1640
vn 0.3881 0.9069 -0.1639
vn 0.3877 0.9071 -0.1640
vn 0.3883 0.9068 -0.1639
vn -0.3883 -0.9068 0.1639
vn -0.8464 0.4210 0.3260
vn -0.3648 -0.0123 -0.9310
vn 0.8461 -0.4216 -0.3260
vn 0.8463 -0.4212 -0.3260
vn 0.8464 -0.4212 -0.3260
vn 0.3646 0.0124 0.9311
vn 0.3646 0.0122 0.9311
vn 0.3646 0.0119 0.9311
vn 0.3645 0.0118 0.9311
vn -0.0000 1.0000 -0.0000
vn 1.0000 -0.0000 0.0055
vn -0.0020 -0.0000 -1.0000
vn -1.0000 -0.0000 -0.0054
vn 0.0018 -0.0000 1.0000
vn -0.5786 -0.5790 0.5745
vn -1.0000 -0.0000 0.0002
vn -1.0000 0.0001 0.0001
vn -1.0000 0.0001 0.0002
vn -1.0000 -0.0000 0.0003
vn 0.0002 -1.0000 0.0001
vn 0.0001 -1.0000 -0.0000
vn 0.0006 -1.0000 0.0003
vn 0.6692 -0.0002 -0.7431
vn 0.6691 -0.0001 -0.7432
vn 0.6690 -0.0000 -0.7432
vn 0.0007 -1.0000 0.0002
vn 0.0007 -1.0000 0.0003
vn 0.6695 -0.0000 -0.7428
vn -0.7259 -0.0542 0.6857
vn -0.7259 -0.0543 0.6856
vn -0.7260 -0.0545 0.6855
vn -0.7258 -0.0545 0.6857
vn -0.7259 -0.0545 0.6857
vn 0.6679 -0.0000 -0.7443
vn -0.5734 -0.5775 -0.5811
vn -1.0000 -0.0000 -0.0012
vn -1.0000 -0.0002 -0.0011
vn -1.0000 -0.0003 -0.0008
vn -1.0000 -0.0003 -0.0006
vn 0.5733 0.5774 0.5814
vn -0.2424 0.8425 0.4810
vn -0.2423 0.8425 0.4810
vn -0.1072 0.9714 0.2119
vn -0.0404 0.9961 0.0790
vn -0.0008 1.0000 0.0004
vn -0.0007 1.0000 0.0004
vn -0.4489 -0.0000 0.8936
vn -0.5787 0.5787 0.5746
vn -0.0000 0.8797 0.4756
vn 0.0002 0.9825 0.1861
vn -0.0000 0.9745 0.2244
vn 0.0007 1.0000 0.0006
vn 0.0011 1.0000 0.0004
vn -0.0004 -1.0000 0.0002
vn -0.0002 -1.0000 0.0001
vn -0.0005 -1.0000 0.0003
vn -0.6704 -0.0000 -0.7420
vn -0.0003 -1.0000 0.0003
vn -0.6648 -0.0000 -0.7470
vn 0.6930 -0.0534 0.7189
vn 0.6931 -0.0535 0.7188
vn 0.6931 -0.0535 0.7189
vn 0.6932 -0.0536 0.7188
vn -0.0004 -1.0000 0.0001
vn -0.0008 -1.0000 0.0002
vn -0.0008 -1.0000 0.0003
vn -0.6658 -0.0000 -0.7461
vn -0.6659 -0.0000 -0.7461
vn 0.6930 -0.0536 0.7189
vn 0.0004 0.9974 0.0725
vn -0.0443 0.9969 0.0644
vn -0.0442 0.9969 0.0644
vn -0.1932 0.9804 0.0382
vn 0.4170 0.7997 0.4320
vn 0.0657 0.9921 0.1071
vn 0.1564 0.9744 0.1618
vn 0.0002 1.0000 0.0010
vn -0.0816 0.9965 0.0165
vn -0.0003 -1.0000 0.0001
vn -0.0001 -1.0000 -0.0000
vn -0.6643 -0.0000 -0.7475
vn -0.5735 0.5772 -0.5813
vn 0.6932 -0.0536 0.7187
vn 0.0013 -0.7074 0.7069
vn -0.7071 -0.7071 -0.0038
vn -0.7058 -0.7084 -0.0041
vn -0.7057 -0.7085 -0.0041
vn -0.7046 -0.7096 -0.0043
vn -0.0014 -0.7073 -0.7069
vn -0.0013 -0.7086 -0.7056
vn -0.0013 -0.7083 -0.7059
vn -0.0013 -0.7096 -0.7046
vn 0.7068 -0.7074 0.0039
vn 0.7073 0.7069 0.0039
vn 0.7071 0.7071 0.0039
vn 0.7071 0.7071 0.0038
vn -0.0014 0.7093 -0.7049
vn -0.0013 0.7085 -0.7058
vn -0.0013 0.7082 -0.7061
vn -0.0013 0.7071 -0.7071
vn -0.7049 0.7093 -0.0038
vn -0.7064 0.7078 -0.0041
vn -0.7059 0.7083 -0.0040
vn -0.7073 0.7069 -0.0043
vn 0.0013 0.7071 0.7071
vn 0.7118 -0.0000 -0.7023
vn 0.7023 -0.0000 0.7118
vn -0.7024 -0.0000 -0.7118
vn -0.7074 -0.0000 0.7069
vn 1.0000 -0.0000 0.0054
vn -1.0000 -0.0000 -0.0055
vn -0.7069 -0.7073 -0.0039
vn -0.7068 -0.7074 -0.0039
vn -0.0013 -0.7087 -0.7055
vn -0.0014 -0.7074 -0.7069
vn 0.7068 -0.7074 0.0038
vn -0.0014 0.7090 -0.7052
vn -0.0013 0.7084 -0.7058
vn -0.7071 0.7071 -0.0038
vn -0.7073 0.7069 -0.0039
vn -0.7071 0.7071 -0.0039
vn 0.7118 -0.0000 -0.7024
vn 0.7021 -0.0000 0.7121
vn -0.7096 -0.0000 0.7046
vn -0.0009 -0.0792 0.9969
vn -0.0013 -0.0792 0.9969
vn -0.0000 -0.0744 0.9972
vn -0.0000 -0.1434 0.9897
vn -0.0000 0.8946 0.4469
vn -0.0000 0.9486 0.3165
vn -0.0000 0.9837 0.1798
vn -0.0000 0.9990 0.0451
vn -0.0000 -0.9486 -0.3165
vn -0.0000 -0.9051 -0.4253
vn -0.0000 -0.9277 -0.3733
vn -0.0000 -0.9670 -0.2548
vn -0.0000 -0.9486 -0.3164
vn -0.0000 -0.9662 -0.2578
vn -0.0000 -0.3656 0.9308
vn -0.0000 0.9634 0.2679
vn -0.0000 -0.9666 -0.2565
vn -0.0000 1.0000 0.0015
vn -0.0000 0.9895 0.1443
vt 0.340100 0.258600
vt 0.381900 0.260400
vt 0.322400 0.276600
vt 0.381900 0.312200
vt 0.322300 0.312200
vt 0.387600 0.275900
vt 0.387600 0.276000
vt 0.328100 0.275900
vt 0.328000 0.276000
vt 0.387600 0.312200
vt 0.488000 0.963000
vt 0.488500 0.990800
vt 0.487700 0.963100
vt 0.653300 0.897500
vt 0.653100 0.990800
vt 0.430400 0.082800
vt 0.370500 0.147900
vt 0.241300 0.082800
vt 0.176400 0.147900
vt 0.145500 0.082800
vt 0.080600 0.147900
vt 0.340100 0.256200
vt 0.381900 0.258000
vt 0.322400 0.274200
vt 0.320300 0.218200
vt 0.388600 0.218200
vt 0.325600 0.311900
vt 0.388600 0.311900
vt 0.388600 0.313600
vt 0.325700 0.313600
vt 0.381900 0.258600
vt 0.322400 0.294200
vt 0.322300 0.258600
vt 0.381900 0.310400
vt 0.340100 0.312200
vt 0.468100 0.043300
vt 0.464900 0.042100
vt 0.468400 0.011200
vt 0.445200 0.913400
vt 0.271100 0.913400
vt 0.380300 0.841100
vt 0.194400 0.841100
vt 0.171700 0.913200
vt 0.095000 0.841000
vt 0.884400 0.437700
vt 0.881800 0.422400
vt 0.871100 0.417100
vt 0.340100 0.253800
vt 0.381900 0.255600
vt 0.322400 0.271800
vt 0.879700 0.132100
vt 0.871600 0.142100
vt 0.882300 0.147400
vt 0.381900 0.256200
vt 0.322300 0.256200
vt 0.996400 0.427800
vt 0.985700 0.422500
vt 0.988400 0.437800
vt 0.377900 0.837900
vt 0.192000 0.838600
vt 0.313700 0.765400
vt 0.116000 0.766000
vt 0.092900 0.838500
vt 0.016900 0.765900
vt 0.996300 0.152700
vt 0.982900 0.132100
vt 0.985500 0.147400
vt 0.381900 0.254000
vt 0.322300 0.254000
vt 0.612700 0.417000
vt 0.613400 0.437000
vt 0.604100 0.417100
vt 0.340200 0.269900
vt 0.381900 0.271600
vt 0.322400 0.287900
vt 0.014700 0.763500
vt 0.014700 0.677400
vt 0.114900 0.763500
vt 0.114800 0.677500
vt 0.233800 0.677500
vt 0.311300 0.763500
vt 0.613100 0.191200
vt 0.604500 0.191300
vt 0.612500 0.171100
vt 0.991800 0.900300
vt 0.991800 0.973800
vt 0.848300 0.899400
vt 0.848300 0.972900
vt 0.818800 0.972900
vt 0.818800 0.899400
vt 0.881100 0.416100
vt 0.889700 0.415900
vt 0.881000 0.436100
vt 0.323900 0.276800
vt 0.351400 0.277700
vt 0.333900 0.116700
vt 0.320300 0.313600
vt 0.320300 0.242800
vt 0.346900 0.313600
vt 0.346900 0.227100
vt 0.320300 0.219300
vt 0.346900 0.219300
vt 0.881500 0.190300
vt 0.880800 0.170300
vt 0.890100 0.190100
vt 0.622600 0.266200
vt 0.622600 0.176400
vt 0.701200 0.310900
vt 0.937600 0.176200
vt 0.937600 0.311100
vt 0.013900 0.217900
vt 0.079500 0.150600
vt 0.108700 0.217600
vt 0.367200 0.150300
vt 0.306600 0.217600
vt 0.174300 0.150300
vt 0.357500 0.218100
vt 0.334500 0.252100
vt 0.322300 0.218700
vt 0.324300 0.252300
vt 0.334500 0.252200
vt 0.326800 0.296800
vt 0.352400 0.260400
vt 0.355400 0.312200
vt 0.172900 0.918000
vt 0.272200 0.917800
vt 0.250900 0.991000
vt 0.350200 0.990800
vt 0.446000 0.917100
vt 0.383200 0.309700
vt 0.339200 0.313600
vt 0.383200 0.301900
vt 0.383200 0.215400
vt 0.320300 0.215400
vt 0.320300 0.271900
vt 0.972100 0.347200
vt 0.683200 0.346600
vt 0.587700 0.291700
vt 0.826000 0.039200
vt 0.826000 0.091000
vt 0.805800 0.039200
vt 0.805800 0.091000
vt 0.971400 0.039200
vt 0.971400 0.091000
vt 0.993100 0.039200
vt 0.993100 0.091000
vt 0.826100 0.017200
vt 0.971400 0.017500
vt 0.826000 0.112600
vt 0.971400 0.112700
vt 0.371800 0.310900
vt 0.326300 0.310700
vt 0.372000 0.217800
vt 0.326600 0.217800
vt 0.346900 0.238400
vt 0.320300 0.238400
vt 0.222100 0.315000
vt 0.222100 0.378900
vt 0.108900 0.315000
vt 0.108900 0.378900
vt 0.013900 0.315000
vt 0.013900 0.378900
vt 0.383200 0.219300
vt 0.383200 0.242800
vt 0.339200 0.215400
vt 0.320300 0.257100
vt 0.383200 0.313600
vt 0.677500 0.633400
vt 0.677500 0.721400
vt 0.624600 0.633400
vt 0.624600 0.721400
vt 0.760000 0.633500
vt 0.758600 0.721300
vt 0.789800 0.721000
vt 0.789400 0.633800
vt 0.322300 0.279900
vt 0.366500 0.312200
vt 0.366500 0.279900
vt 0.345700 0.279900
vt 0.345700 0.312200
vt 0.587500 0.140100
vt 0.972100 0.140100
vt 0.344300 0.309400
vt 0.324400 0.288300
vt 0.384300 0.309400
vt 0.384300 0.220000
vt 0.324400 0.220000
vt 0.320300 0.231900
vt 0.362000 0.231900
vt 0.362000 0.313600
vt 0.083900 0.995900
vt 0.084800 0.847300
vt 0.007900 0.995900
vt 0.008800 0.847300
vt 0.008700 0.847200
vt 0.084800 0.847200
vt 0.007800 0.995800
vt 0.083900 0.995800
vt 0.005200 0.071200
vt 0.137200 0.072000
vt 0.005200 0.003600
vt 0.137200 0.004400
vt 0.137100 0.004200
vt 0.137100 0.071800
vt 0.005100 0.003400
vt 0.005100 0.071000
vt 0.992000 0.973700
vt 0.992000 0.900300
vt 0.116600 0.543000
vt 0.116600 0.394700
vt 0.040400 0.543000
vt 0.040400 0.394700
vt 0.040400 0.394800
vt 0.116600 0.394800
vt 0.040400 0.543100
vt 0.116600 0.543100
vt 0.440500 0.815500
vt 0.440500 0.667200
vt 0.364300 0.815500
vt 0.364300 0.667200
vt 0.364300 0.815600
vt 0.440500 0.815600
vt 0.225000 0.542400
vt 0.225000 0.394100
vt 0.148800 0.542400
vt 0.148800 0.394100
vt 0.148800 0.542500
vt 0.225000 0.542500
vt 0.275500 0.399000
vt 0.423900 0.399000
vt 0.275500 0.322800
vt 0.423900 0.322800
vt 0.423800 0.322800
vt 0.423800 0.399000
vt 0.423800 0.584000
vt 0.275400 0.584000
vt 0.423800 0.660200
vt 0.275400 0.660200
vt 0.423700 0.660200
vt 0.423700 0.584000
vt 0.423800 0.498800
vt 0.275400 0.498800
vt 0.423800 0.575000
vt 0.275400 0.575000
vt 0.423700 0.575000
vt 0.423700 0.498800
vt 0.421700 0.413700
vt 0.273300 0.413700
vt 0.421700 0.489900
vt 0.273300 0.489900
vt 0.420800 0.197000
vt 0.569200 0.197000
vt 0.420800 0.120800
vt 0.569200 0.120800
vt 0.408300 0.293100
vt 0.556700 0.293100
vt 0.408300 0.216900
vt 0.556700 0.216900
vt 0.591200 0.502700
vt 0.441800 0.501800
vt 0.590700 0.578300
vt 0.441300 0.577300
vt 0.441300 0.577200
vt 0.441800 0.501600
vt 0.590700 0.578200
vt 0.591200 0.502600
vt 0.591500 0.415500
vt 0.442500 0.414500
vt 0.591400 0.490900
vt 0.442400 0.489900
vt 0.441400 0.489900
vt 0.441600 0.414500
vt 0.590400 0.490900
vt 0.590500 0.415500
vt 0.443500 0.662600
vt 0.591200 0.662600
vt 0.443500 0.586200
vt 0.591200 0.586200
vt 0.590700 0.586200
vt 0.590700 0.662600
vt 0.443200 0.586200
vt 0.443200 0.662600
vt 0.450300 0.750900
vt 0.598000 0.750900
vt 0.450300 0.674500
vt 0.598000 0.674500
vt 0.597500 0.674500
vt 0.597500 0.750900
vt 0.450100 0.674500
vt 0.450100 0.750900
vt 0.543600 0.918100
vt 0.543600 0.770800
vt 0.467200 0.918100
vt 0.467200 0.770800
vt 0.467200 0.771600
vt 0.543600 0.771600
vt 0.467200 0.918900
vt 0.543600 0.918900
vt 0.439500 0.324200
vt 0.594800 0.324200
vt 0.439900 0.396400
vt 0.595200 0.396400
vt 0.594900 0.396900
vt 0.594500 0.324700
vt 0.439600 0.396900
vt 0.439200 0.324700
vt 0.995500 0.142600
vt 0.995500 0.437400
vt 0.872000 0.142600
vt 0.872000 0.437400
vt 0.980900 0.481700
vt 0.980400 0.923200
vt 0.677200 0.481100
vt 0.677100 0.921200
vt 0.995700 0.140600
vt 0.995700 0.437300
vt 0.873900 0.140600
vt 0.873900 0.437300
vt 0.980500 0.481600
vt 0.980500 0.922900
vt 0.677200 0.480600
vt 0.677200 0.921900
vt 0.366500 0.271600
vt 0.322300 0.271600
vt 0.340200 0.312200
vt 0.381900 0.269900
vt 0.322300 0.269900
vt 0.354700 0.312200
vt 0.322300 0.312000
vt 0.355700 0.271700
vt 0.323700 0.255600
vt 0.365900 0.279900
vt 0.365900 0.312200
vt 0.322300 0.242300
vt 0.349400 0.255600
vt 0.322400 0.296600
vt 0.349500 0.312200
vt 0.358800 0.279900
vt 0.358800 0.312200
vt 0.826700 0.868600
vt 0.739800 0.868600
vt 0.826700 0.778200
vt 0.739800 0.778200
vt 0.652900 0.778200
vt 0.652900 0.868600
vt 0.322300 0.244900
vt 0.349800 0.258000
vt 0.323500 0.296700
vt 0.351100 0.312200
vt 0.358900 0.279900
vt 0.358900 0.312200
vt 0.322800 0.276000
vt 0.344200 0.295600
vt 0.566000 0.778100
vt 0.566000 0.868600
vt 0.013900 0.218900
vt 0.108800 0.218700
vt 0.014100 0.312500
vt 0.109100 0.312300
vt 0.222300 0.312100
vt 0.306600 0.218300
vt 0.360900 0.257500
vt 0.360800 0.296300
vt 0.320300 0.257500
vt 0.372900 0.313600
vt 0.372900 0.238400
vt 0.320300 0.238300
vt 0.320300 0.273000
vt 0.385500 0.313600
vt 0.385500 0.257500
vt 0.339900 0.255900
vt 0.322400 0.313600
vt 0.320300 0.258300
vt 0.351200 0.301000
vt 0.349000 0.244700
vt 0.358000 0.313600
vt 0.358000 0.238400
vt 0.320300 0.273800
vt 0.385500 0.258300
vt 0.339900 0.256700
vt 0.339900 0.313600
vt 0.320300 0.296500
vt 0.385500 0.312000
vt 0.385500 0.255600
vt 0.320300 0.255600
vt 0.758400 0.721400
vt 0.758400 0.633400
vt 0.836400 0.721400
vt 0.836400 0.633300
vt 0.348000 0.245800
vt 0.351700 0.300100
vt 0.324100 0.313600
vt 0.357200 0.313600
vt 0.357200 0.238400
vt 0.320300 0.274800
vt 0.385500 0.259300
vt 0.339900 0.257700
vt 0.385500 0.256700
vt 0.320300 0.256700
vt 0.914400 0.633300
vt 0.914400 0.721300
vt 0.643500 0.111000
vt 0.643400 0.011200
vt 0.148400 0.078200
vt 0.213400 0.011200
vt 0.243200 0.078200
vt 0.308100 0.011200
vt 0.432200 0.078700
vt 0.363500 0.313600
vt 0.320300 0.312600
vt 0.337700 0.277100
vt 0.337200 0.276400
vt 0.328900 0.228500
vt 0.353700 0.270100
vt 0.359300 0.215900
vt 0.340800 0.238400
vt 0.340800 0.313600
vt 0.345100 0.155800
vt 0.385500 0.277700
vt 0.320300 0.244900
vt 0.385500 0.229400
vt 0.339800 0.227800
vt 0.385500 0.257700
vt 0.320300 0.257700
vt 0.992400 0.633200
vt 0.992400 0.721300
vt 0.667200 0.486900
vt 0.667400 0.930300
vt 0.990400 0.930700
vt 0.990400 0.489400
vt 0.990500 0.489400
vt 0.990500 0.930700
vt 0.667400 0.488400
vt 0.667400 0.929800
vt 0.898300 0.868600
vt 0.898300 0.778200
vt 0.995100 0.868600
vt 0.995100 0.778200
vt 0.901300 0.039200
vt 0.901300 0.091000
vt 0.906700 0.112700
vt 0.372000 0.259500
vt 0.326100 0.259400
vt 0.906400 0.017500
vt 0.234000 0.558200
vt 0.234000 0.675500
vt 0.115000 0.558200
vt 0.115100 0.675500
vt 0.014800 0.558300
vt 0.014900 0.675600
s 1
usemtl kontakt_turret
f 1509/209/222 1508/210/222 1505/211/222
f 1507/212/222 1505/211/222 1508/210/222
f 1507/212/222 1506/213/222 1505/211/222
f 1504/214/223 1502/215/224 1503/216/225
f 1500/217/226 1503/216/225 1502/215/224
f 1502/215/224 1499/218/227 1500/217/226
f 1501/213/227 1500/217/226 1499/218/227
f 1498/219/228 1497/220/228 1496/221/228
f 1495/222/229 1494/223/229 1493/219/229
f 1492/224/230 1491/225/231 1490/226/232
f 1489/227/233 1490/226/232 1491/225/231
f 1490/226/232 1489/227/233 1487/228/234
f 1488/229/235 1487/228/236 1486/227/235
f 1485/230/222 1484/231/222 1481/232/222
f 1483/212/222 1481/232/222 1484/231/222
f 1483/212/222 1482/213/222 1481/232/222
f 1480/233/237 1479/234/237 1476/235/238
f 1478/236/238 1476/235/238 1479/234/237
f 1478/236/238 1475/237/238 1476/235/238
f 1477/238/238 1476/235/238 1475/237/238
f 1473/239/239 1471/240/239 1474/241/239
f 1473/239/239 1470/242/239 1471/240/239
f 1472/243/239 1471/240/239 1470/242/239
f 1469/244/240 1468/245/240 1467/246/240
f 1466/247/241 1464/248/242 1465/249/241
f 1462/250/243 1465/249/241 1464/248/242
f 1464/248/242 1461/251/244 1462/250/243
f 1463/252/245 1462/250/243 1461/251/244
f 1460/253/246 1459/254/246 1458/255/246
f 1457/256/222 1456/257/222 1453/258/222
f 1455/212/222 1453/258/222 1456/257/222
f 1455/212/222 1454/213/222 1453/258/222
f 1452/259/247 1451/260/247 1450/261/247
f 1448/262/239 1446/240/239 1449/263/239
f 1448/262/239 1445/242/239 1446/240/239
f 1447/243/239 1446/240/239 1445/242/239
f 1444/264/248 1443/265/248 1442/266/248
f 1441/267/241 1439/268/249 1440/269/250
f 1437/270/251 1440/269/250 1439/268/249
f 1439/268/249 1436/271/252 1437/270/251
f 1438/272/253 1437/270/251 1436/271/252
f 1435/273/254 1434/274/254 1433/275/254
f 1431/276/239 1429/240/239 1432/277/239
f 1431/276/239 1428/242/239 1429/240/239
f 1430/243/239 1429/240/239 1428/242/239
f 1427/278/255 1426/279/255 1425/280/255
f 1424/281/222 1423/282/256 1422/283/257
f 1421/212/258 1422/283/257 1423/282/256
f 1422/283/257 1421/212/258 1420/213/259
f 1419/284/260 1417/285/260 1418/286/260
f 1416/287/261 1414/286/262 1417/285/260
f 1416/287/261 1413/288/263 1414/286/262
f 1415/289/264 1414/286/262 1413/288/263
f 1412/290/265 1411/291/265 1410/292/265
f 1409/293/266 1408/294/266 1405/295/267
f 1407/296/268 1405/295/267 1408/294/266
f 1407/296/268 1404/297/269 1405/295/267
f 1406/298/269 1405/295/267 1404/297/269
f 1403/299/270 1402/300/270 1401/301/270
f 1400/302/271 1399/303/271 1396/236/271
f 1399/303/271 1398/304/271 1396/236/271
f 1398/304/271 1397/244/271 1396/236/271
f 1395/305/272 1393/306/273 1394/307/272
f 1391/308/274 1394/307/272 1393/306/273
f 1393/306/273 1390/309/275 1391/308/274
f 1392/310/276 1391/308/274 1390/309/275
f 1389/311/277 1388/312/277 1387/313/277
f 1386/314/222 1385/315/278 1382/316/279
f 1385/315/278 1384/317/280 1382/316/279
f 1384/317/280 1383/318/281 1382/316/279
f 1381/319/282 1375/320/282 1380/321/282
f 1379/322/283 1378/323/284 1377/324/285
f 1376/321/286 1377/324/285 1378/323/284
f 1377/324/285 1376/321/286 1375/320/282
f 1374/253/287 1373/254/287 1372/255/287
f 1371/281/222 1370/282/222 1367/283/222
f 1370/282/222 1369/212/222 1367/283/222
f 1369/212/222 1368/213/222 1367/283/222
f 1366/325/288 1364/326/288 1365/327/288
f 1363/328/289 1365/327/288 1364/326/288
f 1364/326/288 1362/329/290 1363/328/289
f 1360/330/291 1363/328/289 1362/329/290
f 1362/329/290 1359/331/292 1360/330/291
f 1361/332/293 1360/330/291 1359/331/292
f 1358/259/294 1357/260/294 1356/261/294
f 1347/220/295 1355/219/296 1354/223/296
f 1353/333/297 1351/334/298 1352/335/299
f 1349/336/300 1352/335/299 1351/334/298
f 1351/334/298 1350/337/301 1349/336/300
f 1348/221/302 1349/336/300 1350/337/301
f 1349/336/300 1348/221/302 1347/220/295
f 1346/338/303 1342/339/304 1345/340/305
f 1345/340/305 1342/339/304 1344/341/306
f 1344/341/306 1342/339/304 1343/342/307
f 1343/342/307 1342/339/304 1341/343/308
f 1340/318/309 1339/344/284 1338/316/310
f 1335/345/311 1338/316/310 1339/344/284
f 1338/316/310 1335/345/311 1336/314/312
f 1337/346/312 1336/314/312 1335/345/311
f 1334/347/313 1331/348/313 1332/349/313
f 1333/350/313 1332/349/313 1331/348/313
f 1330/351/314 1327/352/314 1328/347/314
f 1329/348/314 1328/347/314 1327/352/314
f 1326/353/315 1323/354/315 1324/351/315
f 1325/352/315 1324/351/315 1323/354/315
f 1322/347/222 1319/355/222 1320/351/222
f 1321/356/222 1320/351/222 1319/355/222
f 1318/348/239 1315/352/239 1316/357/239
f 1317/358/239 1316/357/239 1315/352/239
f 1314/359/316 1311/360/316 1312/361/316
f 1313/362/316 1312/361/316 1311/360/316
f 1310/347/317 1307/348/317 1308/349/317
f 1309/350/318 1308/349/317 1307/348/317
f 1306/351/319 1303/352/319 1304/347/319
f 1305/348/319 1304/347/319 1303/352/319
f 1302/353/320 1299/354/320 1300/351/320
f 1301/352/320 1300/351/320 1299/354/320
f 1298/347/222 1295/355/222 1296/351/222
f 1297/356/222 1296/351/222 1295/355/222
f 1294/348/239 1291/352/239 1292/357/239
f 1293/358/239 1292/357/239 1291/352/239
f 1290/307/320 1287/305/320 1288/363/320
f 1289/364/320 1288/363/320 1287/305/320
f 1286/365/321 1285/366/321 1284/367/322
f 1281/368/323 1284/367/322 1285/366/321
f 1284/367/322 1281/368/323 1282/369/324
f 1283/370/324 1282/369/324 1281/368/323
f 1280/371/325 1275/372/257 1279/373/326
f 1278/374/327 1279/373/326 1275/372/257
f 1276/305/222 1278/374/327 1275/372/257
f 1277/375/222 1276/305/222 1275/372/257
f 1274/376/328 1271/377/329 1272/378/330
f 1273/379/331 1272/378/330 1271/377/329
f 1270/380/332 1267/381/332 1268/378/332
f 1269/379/332 1268/378/332 1267/381/332
f 1266/378/239 1263/378/239 1264/379/239
f 1265/379/239 1264/379/239 1263/378/239
f 1262/382/333 1259/381/334 1260/383/335
f 1261/380/336 1260/383/335 1259/381/334
f 1258/379/337 1255/381/337 1256/379/337
f 1257/381/337 1256/379/337 1255/381/337
f 1254/380/332 1251/378/332 1252/381/332
f 1253/379/332 1252/381/332 1251/378/332
f 1250/378/222 1247/379/222 1248/378/222
f 1249/379/222 1248/378/222 1247/379/222
f 1246/382/338 1243/383/339 1244/381/340
f 1245/380/341 1244/381/340 1243/383/339
f 1242/379/337 1239/379/337 1240/381/337
f 1241/381/337 1240/381/337 1239/379/337
f 1238/213/320 1235/384/320 1236/385/320
f 1237/386/320 1236/385/320 1235/384/320
f 1234/384/342 1231/387/342 1232/213/342
f 1233/388/342 1232/213/342 1231/387/342
f 1230/314/343 1227/346/343 1228/315/343
f 1229/389/343 1228/315/343 1227/346/343
f 1226/315/289 1223/389/289 1224/317/289
f 1225/390/289 1224/317/289 1223/389/289
f 1222/344/320 1219/318/320 1220/390/320
f 1221/317/320 1220/390/320 1219/318/320
f 1218/391/239 1214/392/239 1217/393/239
f 1214/392/239 1215/394/239 1217/393/239
f 1216/395/239 1215/394/239 1214/392/239
f 1213/396/344 1210/397/344 1211/305/344
f 1212/398/344 1211/305/344 1210/397/344
f 1209/399/345 1206/400/345 1207/401/345
f 1208/402/345 1207/401/345 1206/400/345
f 1205/403/266 1202/404/266 1203/405/266
f 1204/406/266 1203/405/266 1202/404/266
f 1201/402/346 1198/403/346 1199/401/347
f 1200/405/347 1199/401/347 1198/403/346
f 1197/400/348 1194/404/348 1195/402/348
f 1196/403/348 1195/402/348 1194/404/348
f 1193/399/349 1190/406/349 1191/400/350
f 1192/404/350 1191/400/350 1190/406/349
f 1189/401/351 1186/405/351 1187/399/351
f 1188/406/351 1187/399/351 1186/405/351
f 1185/407/345 1182/408/345 1183/409/345
f 1184/410/345 1183/409/345 1182/408/345
f 1181/411/266 1178/412/266 1179/413/266
f 1180/414/266 1179/413/266 1178/412/266
f 1177/410/346 1174/411/346 1175/409/347
f 1176/413/347 1175/409/347 1174/411/346
f 1173/408/348 1170/412/348 1171/410/348
f 1172/411/348 1171/410/348 1170/412/348
f 1169/407/352 1166/414/353 1167/408/354
f 1168/412/350 1167/408/354 1166/414/353
f 1165/409/351 1162/413/351 1163/407/351
f 1164/414/351 1163/407/351 1162/413/351
f 1161/297/355 1158/415/355 1159/298/355
f 1160/416/356 1159/298/355 1158/415/355
f 1157/416/357 1154/293/358 1155/298/358
f 1156/295/359 1155/298/358 1154/293/358
f 1153/415/360 1150/294/360 1151/416/360
f 1152/293/360 1151/416/360 1150/294/360
f 1149/297/361 1146/296/362 1147/415/363
f 1148/294/364 1147/415/363 1146/296/362
f 1145/417/365 1142/418/365 1143/419/365
f 1144/420/365 1143/419/365 1142/418/365
f 1141/421/366 1138/422/366 1139/423/366
f 1140/424/366 1139/423/366 1138/422/366
f 1137/420/222 1134/421/222 1135/419/222
f 1136/423/222 1135/419/222 1134/421/222
f 1133/418/367 1130/422/367 1131/420/367
f 1132/421/367 1131/420/367 1130/422/367
f 1129/417/239 1126/424/239 1127/418/239
f 1128/422/239 1127/418/239 1126/424/239
f 1125/419/368 1122/423/368 1123/417/368
f 1124/424/368 1123/417/368 1122/423/368
f 1121/425/365 1118/426/365 1119/427/365
f 1120/428/365 1119/427/365 1118/426/365
f 1117/428/366 1114/426/366 1115/429/366
f 1116/430/366 1115/429/366 1114/426/366
f 1113/428/222 1110/428/222 1111/427/222
f 1112/429/222 1111/427/222 1110/428/222
f 1109/426/367 1106/426/367 1107/428/367
f 1108/428/367 1107/428/367 1106/426/367
f 1105/425/239 1102/430/239 1103/426/239
f 1104/426/239 1103/426/239 1102/430/239
f 1101/427/368 1098/429/368 1099/425/368
f 1100/430/368 1099/425/368 1098/429/368
f 1097/431/365 1094/432/365 1095/433/365
f 1096/434/365 1095/433/365 1094/432/365
f 1093/434/366 1090/432/366 1091/435/366
f 1092/436/366 1091/435/366 1090/432/366
f 1089/434/222 1086/434/222 1087/433/222
f 1088/435/222 1087/433/222 1086/434/222
f 1085/432/367 1082/432/367 1083/434/367
f 1084/434/367 1083/434/367 1082/432/367
f 1081/431/239 1078/436/239 1079/432/239
f 1080/432/239 1079/432/239 1078/436/239
f 1077/433/368 1074/435/368 1075/431/368
f 1076/436/368 1075/431/368 1074/435/368
f 1073/437/365 1070/438/365 1071/439/365
f 1072/440/365 1071/439/365 1070/438/365
f 1069/441/366 1066/442/366 1067/439/366
f 1068/437/366 1067/439/366 1066/442/366
f 1065/440/222 1062/441/222 1063/439/222
f 1064/439/222 1063/439/222 1062/441/222
f 1061/438/367 1058/442/367 1059/440/367
f 1060/441/367 1059/440/367 1058/442/367
f 1057/437/239 1054/437/239 1055/438/239
f 1056/442/239 1055/438/239 1054/437/239
f 1053/439/368 1050/439/368 1051/437/368
f 1052/437/368 1051/437/368 1050/439/368
f 1049/443/365 1046/444/365 1047/445/365
f 1048/446/365 1047/445/365 1046/444/365
f 1045/446/366 1042/444/366 1043/447/366
f 1044/448/366 1043/447/366 1042/444/366
f 1041/446/222 1038/446/222 1039/445/222
f 1040/447/222 1039/445/222 1038/446/222
f 1037/444/369 1034/444/369 1035/446/369
f 1036/446/369 1035/446/369 1034/444/369
f 1033/443/239 1030/448/239 1031/444/239
f 1032/444/239 1031/444/239 1030/448/239
f 1029/445/370 1026/447/370 1027/443/370
f 1028/448/370 1027/443/370 1026/447/370
f 1025/449/365 1022/450/365 1023/451/365
f 1024/452/365 1023/451/365 1022/450/365
f 1021/452/366 1018/450/366 1019/453/366
f 1020/454/366 1019/453/366 1018/450/366
f 1017/452/222 1014/452/222 1015/451/222
f 1016/453/222 1015/451/222 1014/452/222
f 1013/450/369 1010/450/369 1011/452/369
f 1012/452/369 1011/452/369 1010/450/369
f 1009/449/239 1006/454/239 1007/450/239
f 1008/450/239 1007/450/239 1006/454/239
f 1005/451/370 1002/453/370 1003/449/370
f 1004/454/370 1003/449/370 1002/453/370
f 1001/455/365 998/456/365 999/457/365
f 1000/458/365 999/457/365 998/456/365
f 997/458/366 994/456/366 995/457/366
f 996/455/366 995/457/366 994/456/366
f 993/458/222 990/458/222 991/457/222
f 992/457/222 991/457/222 990/458/222
f 989/456/369 986/456/369 987/458/369
f 988/458/369 987/458/369 986/456/369
f 985/455/239 982/455/239 983/456/239
f 984/456/239 983/456/239 982/455/239
f 981/457/370 978/457/370 979/455/370
f 980/455/370 979/455/370 978/457/370
f 977/459/371 974/460/371 975/461/371
f 976/462/371 975/461/371 974/460/371
f 973/462/366 970/460/366 971/461/366
f 972/459/366 971/461/366 970/460/366
f 969/462/222 966/462/222 967/461/222
f 968/461/222 967/461/222 966/462/222
f 965/460/372 962/460/372 963/462/372
f 964/462/372 963/462/372 962/460/372
f 961/459/239 958/459/239 959/460/239
f 960/460/239 959/460/239 958/459/239
f 957/461/373 954/461/373 955/459/373
f 956/459/373 955/459/373 954/461/373
f 953/463/371 950/464/371 951/465/371
f 952/466/371 951/465/371 950/464/371
f 949/466/366 946/464/366 947/465/366
f 948/463/366 947/465/366 946/464/366
f 945/466/222 942/466/222 943/465/222
f 944/465/222 943/465/222 942/466/222
f 941/464/372 938/464/372 939/466/372
f 940/466/372 939/466/372 938/464/372
f 937/463/239 934/463/239 935/464/239
f 936/464/239 935/464/239 934/463/239
f 933/465/373 930/465/373 931/463/373
f 932/463/373 931/463/373 930/465/373
f 929/467/374 926/468/375 927/469/374
f 928/470/376 927/469/374 926/468/375
f 925/471/377 922/472/377 923/473/378
f 924/474/379 923/473/378 922/472/377
f 921/470/380 918/471/381 919/469/382
f 920/473/382 919/469/382 918/471/381
f 917/468/383 914/472/384 915/470/385
f 916/471/385 915/470/385 914/472/384
f 913/467/386 910/474/386 911/468/386
f 912/472/386 911/468/386 910/474/386
f 909/469/387 906/473/388 907/467/389
f 908/474/390 907/467/389 906/473/388
f 905/475/391 902/476/391 903/477/391
f 904/478/391 903/477/391 902/476/391
f 901/479/392 898/480/392 899/481/392
f 900/482/393 899/481/392 898/480/392
f 897/478/394 894/479/395 895/477/396
f 896/481/397 895/477/396 894/479/395
f 893/476/398 890/480/398 891/478/398
f 892/479/398 891/478/398 890/480/398
f 889/475/399 886/482/399 887/476/400
f 888/480/400 887/476/400 886/482/399
f 885/477/401 882/481/401 883/475/402
f 884/482/402 883/475/402 882/481/401
f 881/483/403 878/484/403 879/485/403
f 880/486/403 879/485/403 878/484/403
f 877/487/404 874/488/404 875/489/404
f 876/490/404 875/489/404 874/488/404
f 873/486/222 870/487/222 871/485/222
f 872/489/222 871/485/222 870/487/222
f 869/484/405 866/488/405 867/486/405
f 868/487/405 867/486/405 866/488/405
f 865/483/239 862/490/239 863/484/239
f 864/488/239 863/484/239 862/490/239
f 861/485/406 858/489/406 859/483/406
f 860/490/406 859/483/406 858/489/406
f 857/491/403 854/492/403 855/493/403
f 856/494/403 855/493/403 854/492/403
f 853/495/404 850/496/404 851/497/404
f 852/498/404 851/497/404 850/496/404
f 849/494/222 846/495/222 847/493/222
f 848/497/222 847/493/222 846/495/222
f 845/492/405 842/496/405 843/494/405
f 844/495/405 843/494/405 842/496/405
f 841/491/239 838/498/239 839/492/239
f 840/496/239 839/492/239 838/498/239
f 837/493/406 834/497/406 835/491/406
f 836/498/406 835/491/406 834/497/406
f 833/499/403 830/500/403 831/501/403
f 832/502/403 831/501/403 830/500/403
f 829/503/404 826/504/404 827/505/404
f 828/506/404 827/505/404 826/504/404
f 825/502/222 822/503/222 823/501/222
f 824/505/222 823/501/222 822/503/222
f 821/500/405 818/504/405 819/502/405
f 820/503/405 819/502/405 818/504/405
f 817/499/239 814/506/239 815/500/239
f 816/504/239 815/500/239 814/506/239
f 813/501/406 810/505/406 811/499/406
f 812/506/406 811/499/406 810/505/406
f 809/507/407 806/508/408 807/509/409
f 808/510/410 807/509/409 806/508/408
f 805/511/411 802/512/411 803/513/411
f 804/514/411 803/513/411 802/512/411
f 801/510/412 798/511/412 799/509/412
f 800/513/412 799/509/412 798/511/412
f 797/508/413 794/512/413 795/510/413
f 796/511/413 795/510/413 794/512/413
f 793/507/414 790/514/414 791/508/415
f 792/512/416 791/508/415 790/514/414
f 789/509/417 786/513/418 787/507/419
f 788/514/420 787/507/419 786/513/418
f 785/265/288 782/275/288 783/254/288
f 784/261/288 783/254/288 782/275/288
f 781/290/421 778/311/421 779/278/421
f 780/299/421 779/278/421 778/311/421
f 777/515/422 774/516/422 775/517/422
f 776/518/422 775/517/422 774/516/422
f 773/519/423 770/520/423 771/521/423
f 772/522/423 771/521/423 770/520/423
f 769/523/424 766/524/424 767/525/424
f 768/526/424 767/525/424 766/524/424
f 765/527/425 762/528/425 763/529/425
f 764/530/425 763/529/425 762/528/425
f 761/531/288 758/385/288 759/532/288
f 760/213/288 759/532/288 758/385/288
f 757/264/426 756/265/426 755/266/426
f 754/533/239 750/240/427 753/242/428
f 753/242/428 750/240/427 751/534/429
f 752/535/430 751/534/429 750/240/427
f 749/536/288 746/537/431 747/538/432
f 748/539/433 747/538/432 746/537/431
f 745/384/434 742/540/435 743/213/435
f 744/541/436 743/213/435 742/540/435
f 741/542/293 738/543/291 739/544/437
f 740/545/438 739/544/437 738/543/291
f 737/384/439 734/546/439 735/213/439
f 736/547/439 735/213/439 734/546/439
f 733/548/440 730/549/441 731/550/441
f 732/551/442 731/550/441 730/549/441
f 729/552/443 726/551/443 727/553/443
f 728/549/444 727/553/443 726/551/443
f 725/554/293 722/555/293 723/556/293
f 724/557/293 723/556/293 722/555/293
f 721/384/445 718/558/445 719/213/445
f 720/559/445 719/213/445 718/558/445
f 717/273/446 716/274/446 715/275/446
f 714/560/239 713/561/239 709/213/239
f 712/561/239 709/213/239 710/331/239
f 711/333/239 710/331/239 709/213/239
f 708/562/443 705/552/443 706/563/443
f 707/553/443 706/563/443 705/552/443
f 704/333/320 701/219/320 702/328/320
f 703/215/320 702/328/320 701/219/320
f 700/318/447 699/317/448 696/316/449
f 699/317/448 698/315/450 696/316/449
f 698/315/450 697/314/239 696/316/449
f 695/278/451 694/279/451 693/280/451
f 691/314/452 692/346/453 690/345/454
f 690/345/454 687/316/455 691/314/452
f 687/316/455 690/345/454 689/344/456
f 689/344/456 688/318/457 687/316/455
f 683/315/458 686/389/458 685/346/458
f 685/346/458 684/314/458 683/315/458
f 679/317/289 682/390/289 681/389/289
f 681/389/289 680/315/289 679/317/289
f 675/390/320 678/317/320 677/318/320
f 677/318/320 676/344/320 675/390/320
f 674/290/265 673/291/265 672/292/265
f 670/394/222 671/395/222 669/392/222
f 670/394/222 669/392/222 667/393/222
f 669/392/222 668/391/222 667/393/222
f 666/219/239 663/217/239 664/325/239
f 665/218/239 664/325/239 663/217/239
f 662/218/320 659/223/320 660/325/320
f 661/327/320 660/325/320 659/223/320
f 658/299/459 657/300/459 656/301/459
f 655/564/460 650/565/461 654/566/460
f 653/567/462 654/566/460 650/565/461
f 653/567/462 650/565/461 651/568/463
f 652/569/464 651/568/463 650/565/461
f 649/570/288 646/571/465 647/572/466
f 648/305/467 647/572/466 646/571/465
f 645/573/468 642/305/468 643/574/468
f 644/575/468 643/574/468 642/305/468
f 641/339/239 637/343/239 640/338/239
f 637/343/239 638/341/239 640/338/239
f 639/342/239 638/341/239 637/343/239
f 636/305/222 632/576/222 635/577/222
f 632/576/222 633/578/222 635/577/222
f 634/579/222 633/578/222 632/576/222
f 631/580/469 628/581/469 629/582/469
f 630/583/469 629/582/469 628/581/469
f 627/584/470 624/305/470 625/585/470
f 626/575/470 625/585/470 624/305/470
f 623/305/222 619/586/222 622/577/222
f 619/586/222 620/587/222 622/577/222
f 621/588/222 620/587/222 619/586/222
f 618/589/239 614/590/239 617/591/239
f 614/590/239 615/592/239 617/591/239
f 616/593/239 615/592/239 614/590/239
f 613/594/471 610/595/472 611/596/473
f 612/597/474 611/596/473 610/595/472
f 609/598/475 606/599/476 607/581/475
f 608/600/477 607/581/475 606/599/476
f 605/601/478 602/305/479 603/602/479
f 604/575/479 603/602/479 602/305/479
f 601/305/222 597/603/222 600/577/222
f 597/603/222 598/604/222 600/577/222
f 599/605/222 598/604/222 597/603/222
f 596/589/239 592/590/239 595/591/239
f 592/590/239 593/606/239 595/591/239
f 594/607/239 593/606/239 592/590/239
f 591/608/480 588/609/480 589/597/480
f 590/596/480 589/597/480 588/609/480
f 587/610/481 585/244/482 586/611/483
f 578/246/484 586/611/483 585/244/482
f 584/612/485 582/613/485 583/614/485
f 579/615/486 581/614/487 582/613/485
f 581/614/487 579/615/486 580/616/488
f 577/245/489 580/616/488 579/615/486
f 579/615/486 578/246/484 577/245/489
f 576/617/288 575/618/288 574/619/288
f 573/302/288 574/619/288 575/618/288
f 574/619/288 573/302/288 572/620/288
f 569/621/490 572/620/288 573/302/288
f 572/620/288 569/621/490 570/622/491
f 571/623/475 570/622/491 569/621/490
f 568/624/492 565/625/492 566/364/492
f 567/305/492 566/364/492 565/625/492
f 564/311/493 563/312/493 562/313/493
f 560/626/222 558/304/222 561/615/222
f 560/626/222 557/577/222 558/304/222
f 559/397/222 558/304/222 557/577/222
f 557/577/222 556/303/222 555/627/222
f 556/303/222 554/628/222 555/627/222
f 555/627/222 554/628/222 552/629/222
f 554/628/222 553/630/222 552/629/222
f 551/589/239 547/590/239 550/591/239
f 547/590/239 548/631/239 550/591/239
f 549/632/239 548/631/239 547/590/239
f 546/633/471 543/634/472 544/608/472
f 545/609/494 544/608/472 543/634/472
f 542/253/495 539/266/495 540/254/495
f 541/265/495 540/254/495 539/266/495
f 538/264/496 535/273/497 536/265/498
f 537/275/499 536/265/498 535/273/497
f 534/274/500 531/259/501 532/275/502
f 533/261/503 532/275/502 531/259/501
f 530/260/504 527/255/504 528/261/504
f 529/254/504 528/261/504 527/255/504
f 526/280/505 523/291/506 524/278/505
f 525/290/507 524/278/505 523/291/506
f 522/292/508 519/312/509 520/290/510
f 521/311/511 520/290/510 519/312/509
f 518/313/512 515/300/513 516/311/514
f 517/299/515 516/311/514 515/300/513
f 514/301/516 511/279/516 512/299/516
f 513/278/516 512/299/516 511/279/516
f 510/521/517 507/522/517 508/635/517
f 509/636/517 508/635/517 507/522/517
f 506/528/518 503/527/518 504/637/518
f 505/638/518 504/637/518 503/527/518
f 502/639/519 499/640/519 500/519/519
f 501/520/519 500/519/519 499/640/519
f 498/529/520 495/530/520 496/641/520
f 497/642/520 496/641/520 495/530/520
f 494/261/288 491/254/288 492/275/288
f 493/265/288 492/275/288 491/254/288
f 490/299/421 487/278/421 488/311/421
f 489/290/421 488/311/421 487/278/421
f 486/518/521 483/517/521 484/516/521
f 485/515/521 484/516/521 483/517/521
f 482/522/423 479/521/423 480/520/423
f 481/519/423 480/520/423 479/521/423
f 478/526/522 475/525/522 476/524/522
f 477/523/522 476/524/522 475/525/522
f 474/530/425 471/529/425 472/528/425
f 473/527/425 472/528/425 471/529/425
f 470/265/495 467/254/495 468/266/495
f 469/253/495 468/266/495 467/254/495
f 466/275/496 463/265/523 464/273/496
f 465/264/524 464/273/496 463/265/523
f 462/261/503 459/275/502 460/259/525
f 461/274/526 460/259/525 459/275/502
f 458/254/527 455/261/527 456/255/527
f 457/260/527 456/255/527 455/261/527
f 454/290/507 451/278/507 452/291/507
f 453/280/507 452/291/507 451/278/507
f 450/311/511 447/290/528 448/312/529
f 449/292/508 448/312/529 447/290/528
f 446/299/530 443/311/531 444/300/532
f 445/313/531 444/300/532 443/311/531
f 442/278/516 439/299/516 440/279/516
f 441/301/516 440/279/516 439/299/516
f 438/636/517 435/635/533 436/522/517
f 437/521/533 436/522/517 435/635/533
f 434/638/534 431/637/534 432/527/534
f 433/528/534 432/527/534 431/637/534
f 430/520/519 427/519/519 428/640/519
f 429/639/519 428/640/519 427/519/519
f 426/642/535 423/641/535 424/530/535
f 425/529/535 424/530/535 423/641/535
f 422/643/536 419/644/536 420/645/536
f 421/646/536 420/645/536 419/644/536
f 418/550/537 415/644/537 416/548/537
f 417/643/537 416/548/537 415/644/537
f 414/594/538 411/377/538 412/595/538
f 413/376/538 412/595/538 411/377/538
f 410/347/539 407/348/539 408/349/539
f 409/350/539 408/349/539 407/348/539
f 406/347/540 404/647/541 405/348/540
f 402/648/542 405/348/540 404/647/541
f 404/647/541 401/351/543 402/648/542
f 403/352/543 402/648/542 401/351/543
f 400/352/239 396/649/239 399/648/239
f 399/648/239 396/649/239 397/348/239
f 398/357/239 397/348/239 396/649/239
f 395/650/544 393/359/545 392/651/546
f 394/360/545 392/651/546 393/359/545
f 392/651/546 389/352/547 390/652/548
f 391/351/547 390/652/548 389/352/547
f 388/359/549 385/360/549 386/361/549
f 387/362/549 386/361/549 385/360/549
f 384/347/550 381/348/550 382/349/550
f 383/350/550 382/349/550 381/348/550
f 380/351/551 377/352/551 378/347/551
f 379/348/551 378/347/551 377/352/551
f 376/353/315 373/354/315 374/351/315
f 375/352/315 374/351/315 373/354/315
f 372/347/222 369/355/222 370/351/222
f 371/356/222 370/351/222 369/355/222
f 368/348/239 365/352/239 366/357/239
f 367/358/239 366/357/239 365/352/239
f 364/359/552 361/360/552 362/361/552
f 363/362/552 362/361/552 361/360/552
f 360/347/222 359/355/222 357/647/222
f 356/652/222 357/647/222 359/355/222
f 358/351/222 357/647/222 356/652/222
f 355/653/553 354/654/553 353/655/554
f 352/656/261 353/655/554 354/654/553
f 353/655/554 352/656/261 350/657/260
f 351/658/260 350/657/260 349/656/260
o turret
v 0.181425 0.358051 -0.198696
v 0.181202 0.358051 -0.048362
v 0.181202 0.349928 -0.044861
v 0.214652 0.281763 0.764449
v 0.308889 0.296518 0.505729
v 0.308889 0.281095 0.675425
v 0.308889 0.266792 0.826803
v 0.214652 0.229988 0.980407
v 0.308889 0.229988 0.980407
v 0.574088 0.279230 0.423929
v 0.435308 0.280427 0.505729
v 0.435309 0.246755 0.910460
v 0.957961 0.276627 0.058235
v 0.435308 0.280427 0.505729
v 0.541092 0.229988 0.980407
v 0.435309 0.229988 0.980407
v 1.118575 0.231032 0.463711
v 0.545184 0.358051 -0.190873
v 0.500787 0.349260 -0.099392
v 0.466969 0.358051 -0.138730
v 0.558150 0.345383 -0.114739
v 0.615437 0.333538 -0.099392
v 0.597480 0.358051 -0.268873
v 0.657447 0.320578 -0.057383
v 0.672793 0.309999 -0.000096
v 0.657447 0.304710 0.057268
v 0.615437 0.305977 0.099208
v 0.558150 0.313277 0.114632
v 0.500787 0.321845 0.099208
v 0.458770 0.333538 0.057268
v 0.383756 0.346282 -0.000464
v 0.271938 0.346427 -0.000541
v 0.181202 0.349928 -0.044861
v 0.443500 0.343295 -0.000318
v 0.458846 0.358273 -0.056707
v 0.500787 0.357828 -0.098724
v 0.272015 0.357974 -0.003819
v 0.384877 0.357974 -0.003819
v 0.443500 0.357974 -0.003819
v 0.181202 0.358051 -0.048362
v 0.181425 0.358051 -0.198696
v 0.459292 0.358051 -0.161377
v 0.528202 0.358051 -0.207932
v 0.375043 0.358051 -0.144388
v 0.290786 0.358051 -0.161377
v 0.221952 0.358051 -0.207862
v 0.174055 0.358051 -0.278185
v 0.151776 0.358051 -0.268873
v 0.133381 0.358051 -0.360945
v 0.112814 0.373167 -0.323104
v 0.136429 0.353652 -0.447658
v -0.162143 0.354550 -0.447658
v -0.175179 0.341737 -0.528483
v -0.270982 0.355295 -0.383968
v -0.142175 0.374434 -0.322728
v -0.199615 0.355295 -0.277210
v -0.159464 0.359763 -0.151166
v -0.174511 0.355295 -0.151243
v 0.119079 0.367655 -0.256804
v 0.151776 0.340915 -0.528483
v 0.151776 0.358051 -0.453024
v 0.157518 0.358051 -0.360945
v 0.127869 0.359686 -0.162268
v 0.136882 0.351640 -0.066465
v -0.172868 0.348516 -0.018789
v -0.252057 0.281763 0.763182
v -0.185159 0.338159 0.103085
v 0.221131 0.358051 -0.514035
v 0.282295 0.358051 -0.583237
v 0.291530 0.358051 -0.560965
v 0.204072 0.358051 -0.531093
v 0.174055 0.358051 -0.443781
v -0.566429 0.229988 0.980407
v -0.251981 0.229988 0.980407
v -0.199615 0.355295 -0.025269
v -0.270982 0.355295 0.081551
v -0.268372 0.330336 0.174974
v -0.433599 0.280496 0.610469
v -1.137655 0.230963 0.465278
v -0.524412 0.279828 0.534112
v -0.615217 0.279160 0.457755
v -0.504598 0.306575 0.241720
v -0.627585 0.295843 0.214228
v -0.503699 0.355295 0.177953
v -0.629750 0.355295 0.152918
v -0.765183 0.288097 0.122678
v -0.736501 0.355295 0.081551
v -0.807868 0.355295 -0.025269
v -0.386300 0.319834 0.224139
v -0.377733 0.355295 0.152918
v -0.843920 0.288995 0.003260
v -0.832972 0.355295 -0.151243
v -0.871635 0.300242 -0.118239
v -0.832819 0.276627 -0.293301
v -1.002822 0.276627 0.131837
v -0.807714 0.277894 0.295874
v -0.777697 0.276627 -0.430599
v -0.807868 0.355295 -0.277210
v -0.503700 0.355295 -0.438046
v -0.377733 0.355295 -0.455327
v -0.393970 0.355295 -0.416220
v -0.503700 0.355295 -0.480439
v -0.614327 0.276627 -0.838233
v -0.720333 0.276627 -0.573256
v -0.629751 0.355295 -0.455327
v -0.736502 0.355295 -0.383968
v -0.768684 0.355295 -0.260972
v -0.790510 0.355295 -0.151243
v -0.768684 0.355295 -0.041437
v -0.706553 0.355295 0.051610
v -0.613506 0.355295 0.113734
v -0.503699 0.355295 0.135560
v -0.240811 0.276627 -0.937982
v -0.706553 0.355295 -0.354020
v -0.613506 0.355295 -0.416220
v -0.393970 0.355295 0.113734
v -0.300930 0.355295 0.051610
v -0.238799 0.355295 -0.041437
v -0.216973 0.355295 -0.151243
v -0.238799 0.355295 -0.260973
v -0.300931 0.355295 -0.354020
v 0.229399 0.276627 -0.937982
v 0.374666 0.358051 -0.601562
v 0.374666 0.358051 -0.577425
v 0.466969 0.358051 -0.583237
v 0.457733 0.358051 -0.560965
v 0.545183 0.358051 -0.531093
v 0.528202 0.358051 -0.514035
v 0.597480 0.358051 -0.453025
v 0.575209 0.358051 -0.443781
v 0.615882 0.358051 -0.360945
v 0.591745 0.358051 -0.360945
v 0.575209 0.358051 -0.278185
v 0.750194 0.276627 -0.466506
v 0.602248 0.276627 -0.838310
v 1.118575 0.231032 0.463711
v 0.541092 -0.132281 0.980407
v 0.541092 0.229988 0.980407
v 1.118575 -0.132281 0.463711
v -0.251981 0.229988 0.980407
v -0.566429 -0.132281 0.980407
v -0.566429 0.229988 0.980407
v -0.251981 -0.132281 0.980407
v -1.137655 -0.132281 0.465278
v -0.566429 0.229988 0.980407
v -0.566429 -0.132281 0.980407
v -1.137655 0.230963 0.465278
v 0.021188 0.225965 1.200465
v -0.041834 0.225965 1.200465
v -0.010319 0.248836 1.200465
v -0.029765 0.188946 1.200465
v 0.009119 0.188946 1.200465
v 0.021188 0.225965 1.164636
v -0.010319 0.248836 1.200465
v -0.010319 0.248836 1.164636
v 0.021188 0.225965 1.200465
v 0.009119 0.188946 1.164636
v 0.021188 0.225965 1.200465
v 0.021188 0.225965 1.164636
v 0.009119 0.188946 1.200465
v -0.029765 0.188946 1.164636
v 0.009119 0.188946 1.200465
v 0.009119 0.188946 1.164636
v -0.029765 0.188946 1.200465
v -0.041834 0.225965 1.164636
v -0.029765 0.188946 1.200465
v -0.029765 0.188946 1.164636
v -0.041834 0.225965 1.200465
v -0.010319 0.248836 1.164636
v -0.041834 0.225965 1.200465
v -0.041834 0.225965 1.164636
v -0.010319 0.248836 1.200465
v -0.062992 0.161308 1.168282
v 0.042492 0.254125 1.168282
v 0.042492 0.161308 1.168282
v -0.062992 0.254125 1.168282
v -0.062992 0.161308 0.952025
v -0.062992 0.254125 1.168282
v -0.062992 0.161308 1.168282
v -0.062992 0.254125 0.952025
v 0.042492 0.161308 0.952025
v -0.062992 0.254125 0.952025
v -0.062992 0.161308 0.952025
v 0.042492 0.254125 0.952025
v 0.042492 0.161308 1.168282
v 0.042492 0.254125 0.952025
v 0.042492 0.161308 0.952025
v 0.042492 0.254125 1.168282
v 0.042492 0.254125 1.168282
v -0.062992 0.254125 0.952025
v 0.042492 0.254125 0.952025
v -0.062992 0.254125 1.168282
v 0.126825 0.172555 0.973928
v -0.010319 0.180900 1.169181
v -0.010319 0.173078 0.972139
v 0.075719 0.149539 1.169181
v 0.177779 0.073773 1.006333
v 0.121536 0.070127 1.169181
v 0.138963 -0.054949 0.996798
v 0.105590 -0.020087 1.169181
v 0.042645 -0.119913 0.996798
v 0.035490 -0.079017 1.169181
v -0.063215 -0.100168 0.996798
v -0.056060 -0.079017 1.169181
v -0.158719 -0.055625 1.043429
v -0.126236 -0.020087 1.169181
v -0.190893 0.073773 1.043429
v -0.142174 0.070127 1.169181
v -0.010319 0.276327 0.763781
v 0.214652 0.281763 0.764449
v -0.149629 0.174713 0.974081
v -0.096365 0.149539 1.169181
v -0.086154 0.137317 1.194953
v -0.010319 0.164955 1.194953
v 0.065516 0.137317 1.194953
v 0.105813 0.067371 1.194953
v 0.091810 -0.012195 1.194953
v 0.030055 -0.064039 1.194953
v -0.050624 -0.064039 1.194953
v -0.112456 -0.012195 1.194953
v -0.126459 0.067371 1.194953
v -0.251981 0.229988 0.980407
v -0.256380 0.073773 0.980561
v -0.256380 -0.133026 0.980561
v -0.063215 -0.122147 0.981152
v 0.042645 -0.141885 0.981152
v 0.215842 -0.133026 0.981152
v 0.215842 0.073773 0.983017
v 0.214652 0.229988 0.980407
v -0.252057 0.281763 0.763182
v 0.151407 0.376445 -0.211363
v 0.493117 0.394847 -0.132918
v 0.149319 0.394847 -0.200930
v 0.495198 0.376445 -0.143344
v 0.149319 0.394847 -0.200930
v 0.489018 0.394847 -0.112059
v 0.145227 0.394847 -0.180071
v 0.493117 0.394847 -0.132918
v 0.145227 0.394847 -0.180071
v 0.486929 0.376445 -0.101626
v 0.143139 0.376445 -0.169645
v 0.489018 0.394847 -0.112059
v 0.143139 0.376445 -0.169645
v 0.489018 0.357974 -0.112059
v 0.145227 0.357974 -0.180071
v 0.486929 0.376445 -0.101626
v 0.145227 0.357974 -0.180071
v 0.493117 0.357974 -0.132918
v 0.149319 0.357974 -0.200930
v 0.489018 0.357974 -0.112059
v 0.149319 0.357974 -0.200930
v 0.495198 0.376445 -0.143344
v 0.151407 0.376445 -0.211363
v 0.493117 0.357974 -0.132918
v 0.532148 -0.231731 -0.200108
v 0.255102 -0.173177 -0.200109
v 0.532147 -0.173177 -0.200109
v 0.255102 -0.231731 -0.200108
v 0.532147 -0.173177 -0.200109
v 0.255102 -0.173177 -0.483710
v 0.532147 -0.173177 -0.483710
v 0.255102 -0.173177 -0.200109
v 0.532147 -0.173177 -0.483710
v 0.255102 -0.231731 -0.483710
v 0.532148 -0.231731 -0.483710
v 0.255102 -0.173177 -0.483710
v 0.532148 -0.231731 -0.483710
v 0.255102 -0.231731 -0.200108
v 0.532148 -0.231731 -0.200108
v 0.255102 -0.231731 -0.483710
v 0.532147 -0.173177 -0.483710
v 0.532148 -0.231731 -0.200108
v 0.532147 -0.173177 -0.200109
v 0.532148 -0.231731 -0.483710
v 0.255102 -0.173177 -0.483710
v 0.255102 -0.231731 -0.200108
v 0.255102 -0.231731 -0.483710
v 0.255102 -0.173177 -0.200109
v -0.352928 -0.179212 -0.269318
v -0.629973 0.016932 -0.351786
v -0.352928 0.016932 -0.351786
v -0.629973 -0.179212 -0.269318
v -0.352928 0.016932 -0.351786
v -0.629973 -0.007274 -0.405050
v -0.352928 -0.007274 -0.405050
v -0.629973 0.016932 -0.351786
v -0.352928 0.016932 -0.351786
v -0.352928 -0.203418 -0.322658
v -0.352928 -0.179212 -0.269318
v -0.352928 -0.007274 -0.405050
v -0.629973 0.016932 -0.351786
v -0.629973 -0.203418 -0.322658
v -0.629973 -0.007274 -0.405050
v -0.629973 -0.179212 -0.269318
v -0.352928 -0.231731 0.014438
v -0.629973 -0.173177 0.014438
v -0.352928 -0.173177 0.014438
v -0.629973 -0.231731 0.014438
v -0.352928 -0.173177 0.014438
v -0.629973 -0.173177 -0.269172
v -0.352928 -0.173177 -0.269172
v -0.629973 -0.173177 0.014438
v -0.352928 -0.173177 -0.269172
v -0.629973 -0.231731 -0.269172
v -0.352928 -0.231731 -0.269172
v -0.629973 -0.173177 -0.269172
v -0.352928 -0.231731 -0.269172
v -0.629973 -0.231731 0.014438
v -0.352928 -0.231731 0.014438
v -0.629973 -0.231731 -0.269172
v -0.352928 -0.173177 -0.269172
v -0.352928 -0.231731 0.014438
v -0.352928 -0.173177 0.014438
v -0.352928 -0.231731 -0.269172
v -0.629973 -0.173177 -0.269172
v -0.629973 -0.231731 0.014438
v -0.629973 -0.231731 -0.269172
v -0.629973 -0.173177 0.014438
v 0.590333 0.270961 -0.824829
v 0.377123 0.326682 -0.605293
v 0.549805 0.326682 -0.533773
v 0.944626 0.270961 0.062780
v 0.621318 0.326682 -0.361098
v 0.549805 0.326682 -0.188493
v 0.494453 0.270961 0.492094
v 0.377123 0.326682 -0.116973
v 0.094865 0.270961 0.493138
v 0.204518 0.326682 -0.188493
v 0.133005 0.326682 -0.361098
v 0.094266 0.270961 -0.361620
v 0.093821 0.270961 -0.904011
v 0.204518 0.326682 -0.533773
v -0.677203 -0.125871 0.339235
v -0.957895 -0.125725 0.070304
v -0.803323 -0.125871 -0.047026
v -0.652467 -0.125871 -0.513812
v -0.603226 -0.125725 -0.824974
v -0.256004 -0.125871 -0.802772
v -0.132126 -0.125725 -0.904011
v 0.235886 -0.125725 -0.803448
v 0.093821 -0.125725 -0.904011
v 0.590333 -0.125725 -0.824829
v 0.630484 -0.125794 -0.517904
v 0.782599 -0.125725 -0.049183
v 0.944626 -0.125725 0.062780
v 0.657600 -0.125725 0.336547
v 0.234620 -0.125871 -0.803517
v 0.631974 -0.172801 -0.515747
v 0.234620 -0.172801 -0.803517
v 0.630484 -0.125794 -0.517904
v 0.630484 -0.125794 -0.517904
v 0.784242 -0.172801 -0.049406
v 0.631974 -0.172801 -0.515747
v 0.784242 -0.125871 -0.049406
v 0.633317 -0.172801 0.417449
v 0.657600 -0.125725 0.336547
v 0.633317 -0.125871 0.417449
v 0.784242 -0.125871 -0.049406
v 0.784242 -0.172801 -0.049406
v 0.633317 -0.125871 0.417449
v 0.236854 -0.172801 0.706340
v 0.633317 -0.172801 0.417449
v 0.236854 -0.125871 0.706340
v 0.236854 -0.125871 0.706340
v -0.253700 -0.172801 0.707085
v 0.236854 -0.172801 0.706340
v -0.253700 -0.125871 0.707085
v -0.253700 -0.125871 0.707085
v -0.651054 -0.172801 0.419315
v -0.253700 -0.172801 0.707085
v -0.651054 -0.125871 0.419315
v -0.803323 -0.172801 -0.047026
v -0.677203 -0.125871 0.339235
v -0.803323 -0.125871 -0.047026
v -0.651054 -0.125871 0.419315
v -0.651054 -0.172801 0.419315
v -0.803323 -0.125871 -0.047026
v -0.652467 -0.172801 -0.513812
v -0.803323 -0.172801 -0.047026
v -0.652467 -0.125871 -0.513812
v -0.652467 -0.125871 -0.513812
v -0.256004 -0.172801 -0.802772
v -0.652467 -0.172801 -0.513812
v -0.256004 -0.125871 -0.802772
v -0.260772 0.345529 -0.754429
v -0.286175 0.291451 -0.769100
v -0.286175 0.345529 -0.769100
v -0.260772 0.291451 -0.754429
v -0.286175 0.345529 -0.769100
v -0.286175 0.291451 -0.798527
v -0.286175 0.345529 -0.798527
v -0.286175 0.291451 -0.769100
v -0.286175 0.345529 -0.798527
v -0.260772 0.291451 -0.813205
v -0.260772 0.345529 -0.813205
v -0.286175 0.291451 -0.798527
v -0.260772 0.345529 -0.813205
v -0.235299 0.291298 -0.798527
v -0.235299 0.345529 -0.798527
v -0.260772 0.291451 -0.813205
v -0.235299 0.345529 -0.798527
v -0.235299 0.291298 -0.769100
v -0.235299 0.345529 -0.769100
v -0.235299 0.291298 -0.798527
v -0.235299 0.345529 -0.769100
v -0.260772 0.291451 -0.754429
v -0.260772 0.345529 -0.754429
v -0.235299 0.291298 -0.769100
v -0.260772 0.414439 -0.772309
v -0.270760 0.338981 -0.778044
v -0.270760 0.414439 -0.778044
v -0.260772 0.338981 -0.772309
v -0.270760 0.414439 -0.778044
v -0.270760 0.338981 -0.789590
v -0.270760 0.414439 -0.789590
v -0.270760 0.338981 -0.778044
v -0.270760 0.414439 -0.789590
v -0.260772 0.338981 -0.795325
v -0.260772 0.414439 -0.795325
v -0.270760 0.338981 -0.789590
v -0.260772 0.414439 -0.795325
v -0.250791 0.338750 -0.789590
v -0.250791 0.414439 -0.789590
v -0.260772 0.338981 -0.795325
v -0.250791 0.414439 -0.789590
v -0.250791 0.338750 -0.778044
v -0.250791 0.414439 -0.778044
v -0.250791 0.338750 -0.789590
v -0.250791 0.414439 -0.778044
v -0.260772 0.338981 -0.772309
v -0.260772 0.414439 -0.772309
v -0.250791 0.338750 -0.778044
v 1.078047 0.274170 -0.461439
v 0.972939 0.184770 -0.629722
v 1.043561 0.279905 -0.452203
v 1.007425 0.178966 -0.638965
v 1.043561 0.279905 -0.452203
v 0.956172 0.213897 -0.640524
v 1.026794 0.309032 -0.462928
v 0.972939 0.184770 -0.629722
v 1.026794 0.309032 -0.462928
v 0.973530 0.242356 -0.664814
v 1.044597 0.332348 -0.482966
v 0.956172 0.213897 -0.640524
v 1.044597 0.332348 -0.482966
v 1.008469 0.231408 -0.669804
v 1.079091 0.326536 -0.492278
v 0.973530 0.242356 -0.664814
v 1.079091 0.326536 -0.492278
v 1.025228 0.202281 -0.659072
v 1.095781 0.297486 -0.481476
v 1.008469 0.231408 -0.669804
v 1.095781 0.297486 -0.481476
v 1.007425 0.178966 -0.638965
v 1.078047 0.274170 -0.461439
v 1.025228 0.202281 -0.659072
v -0.274928 -0.095109 0.998065
v -0.261147 -0.026198 0.998065
v -0.261147 -0.077228 0.998065
v -0.274928 -0.008318 0.998065
v -0.296308 -0.008318 0.998065
v -0.296308 -0.095109 0.998065
v -0.310166 -0.077228 0.998065
v -0.310166 -0.026198 0.998065
v -0.274928 -0.008318 0.998065
v -0.296308 -0.008318 1.015722
v -0.274928 -0.008318 1.015722
v -0.296308 -0.008318 0.998065
v -0.296308 -0.095109 0.998065
v -0.274928 -0.095109 1.015722
v -0.296308 -0.095109 1.015722
v -0.274928 -0.095109 0.998065
v -0.272548 -0.104713 1.015722
v -0.296308 -0.095109 1.015722
v -0.274928 -0.095109 1.015722
v -0.254069 -0.082886 1.015722
v -0.261147 -0.077228 1.015722
v -0.254069 -0.020533 1.015722
v -0.261147 -0.026198 1.015722
v -0.272548 0.001294 1.015722
v -0.274928 -0.008318 1.015722
v -0.298688 0.001294 1.015722
v -0.296308 -0.008318 1.015722
v -0.317167 -0.020533 1.015722
v -0.310166 -0.026198 1.015722
v -0.317167 -0.082886 1.015722
v -0.310166 -0.077228 1.015722
v -0.298688 -0.104713 1.015722
v -0.272548 -0.104713 0.972884
v -0.298688 -0.104713 1.015722
v -0.272548 -0.104713 1.015722
v -0.254069 -0.082886 0.972884
v -0.254069 -0.082886 1.015722
v -0.254069 -0.020533 0.972884
v -0.254069 -0.020533 1.015722
v -0.272548 0.001294 0.972884
v -0.272548 0.001294 1.015722
v -0.298688 0.001294 0.972884
v -0.298688 0.001294 1.015722
v -0.317167 -0.020533 0.972884
v -0.317167 -0.020533 1.015722
v -0.317167 -0.082886 0.972884
v -0.317167 -0.082886 1.015722
v -0.298688 -0.104713 0.972884
v -1.037085 0.271337 -0.373834
v -0.931977 0.182014 -0.542117
v -0.966463 0.176210 -0.551353
v -1.002591 0.277149 -0.364522
v -1.002591 0.277149 -0.364522
v -0.915210 0.211072 -0.552919
v -0.931977 0.182014 -0.542117
v -0.985832 0.306276 -0.375324
v -0.985832 0.306276 -0.375324
v -0.932491 0.239600 -0.577202
v -0.915210 0.211072 -0.552919
v -1.003567 0.329592 -0.395361
v -1.003567 0.329592 -0.395361
v -0.967507 0.228652 -0.582192
v -0.932491 0.239600 -0.577202
v -1.038129 0.323780 -0.404673
v -1.038129 0.323780 -0.404673
v -0.984197 0.199525 -0.571390
v -0.967507 0.228652 -0.582192
v -1.054819 0.294653 -0.393871
v -1.054819 0.294653 -0.393871
v -0.966463 0.176210 -0.551353
v -0.984197 0.199525 -0.571390
v -1.037085 0.271337 -0.373834
v -1.090126 0.305823 -0.415175
v -1.106886 0.276696 -0.404451
v -1.141379 0.270961 -0.413686
v -1.142423 0.323335 -0.444525
v -1.159182 0.294277 -0.433723
v -1.107930 0.329146 -0.435290
v -1.036264 0.181568 -0.581969
v -1.070757 0.175757 -0.591282
v -1.141379 0.270961 -0.413686
v -1.106886 0.276696 -0.404451
v -1.019504 0.210619 -0.592771
v -1.036264 0.181568 -0.581969
v -1.106886 0.276696 -0.404451
v -1.090126 0.305823 -0.415175
v -1.036862 0.239155 -0.617131
v -1.019504 0.210619 -0.592771
v -1.090126 0.305823 -0.415175
v -1.107930 0.329146 -0.435290
v -1.071801 0.228207 -0.622121
v -1.036862 0.239155 -0.617131
v -1.107930 0.329146 -0.435290
v -1.142423 0.323335 -0.444525
v -1.088560 0.199072 -0.611319
v -1.071801 0.228207 -0.622121
v -1.142423 0.323335 -0.444525
v -1.159182 0.294277 -0.433723
v -1.070757 0.175757 -0.591282
v -1.088560 0.199072 -0.611319
v -1.159182 0.294277 -0.433723
v -1.141379 0.270961 -0.413686
v -1.070757 0.175757 -0.591282
v -1.036264 0.181568 -0.581969
v -1.019504 0.210619 -0.592771
v -1.071801 0.228207 -0.622121
v -1.036862 0.239155 -0.617131
v -1.088560 0.199072 -0.611319
v -1.141747 0.074741 -0.304555
v -1.160150 0.096498 -0.325706
v -1.284036 0.148864 -0.159879
v -1.265634 0.127038 -0.138729
v -1.141747 0.074741 -0.304555
v -1.112029 0.086065 -0.287343
v -1.100705 0.119215 -0.291289
v -1.148826 0.129648 -0.329660
v -1.119031 0.146783 -0.316025
v -1.160150 0.096498 -0.325706
v -1.161716 0.302998 -0.028101
v -1.173185 0.271260 -0.017822
v -1.208646 0.264704 -0.014843
v -1.221160 0.321546 -0.032500
v -1.232637 0.289885 -0.022213
v -1.185707 0.328102 -0.035479
v -1.173116 0.214496 -0.223577
v -1.208569 0.207939 -0.220598
v -1.208646 0.264704 -0.014843
v -1.173185 0.271260 -0.017822
v -1.161639 0.246233 -0.233933
v -1.173116 0.214496 -0.223577
v -1.173185 0.271260 -0.017822
v -1.161716 0.302998 -0.028101
v -1.186743 0.277218 -0.244359
v -1.161639 0.246233 -0.233933
v -1.161716 0.302998 -0.028101
v -1.185707 0.328102 -0.035479
v -1.221091 0.264781 -0.238325
v -1.186743 0.277218 -0.244359
v -1.185707 0.328102 -0.035479
v -1.221160 0.321546 -0.032500
v -1.232561 0.233120 -0.227968
v -1.221091 0.264781 -0.238325
v -1.221160 0.321546 -0.032500
v -1.232637 0.289885 -0.022213
v -1.208569 0.207939 -0.220598
v -1.232561 0.233120 -0.227968
v -1.232637 0.289885 -0.022213
v -1.208646 0.264704 -0.014843
v -1.208569 0.207939 -0.220598
v -1.173116 0.214496 -0.223577
v -1.161639 0.246233 -0.233933
v -1.221091 0.264781 -0.238325
v -1.186743 0.277218 -0.244359
v -1.232561 0.233120 -0.227968
v -1.131844 0.179188 -0.065873
v -1.143168 0.146039 -0.061919
v -1.172894 0.134638 -0.079131
v -1.179964 0.189614 -0.104159
v -1.191288 0.156464 -0.100213
v -1.150246 0.200938 -0.087031
v -1.019282 0.093665 -0.227677
v -1.049008 0.082341 -0.244881
v -1.172894 0.134638 -0.079131
v -1.143168 0.146039 -0.061919
v -1.007958 0.126815 -0.231623
v -1.019282 0.093665 -0.227677
v -1.143168 0.146039 -0.061919
v -1.131844 0.179188 -0.065873
v -1.026283 0.154376 -0.256351
v -1.007958 0.126815 -0.231623
v -1.131844 0.179188 -0.065873
v -1.150246 0.200938 -0.087031
v -1.056086 0.137317 -0.269985
v -1.026283 0.154376 -0.256351
v -1.150246 0.200938 -0.087031
v -1.179964 0.189614 -0.104159
v -1.067402 0.104167 -0.266039
v -1.056086 0.137317 -0.269985
v -1.179964 0.189614 -0.104159
v -1.191288 0.156464 -0.100213
v -1.049008 0.082341 -0.244881
v -1.067402 0.104167 -0.266039
v -1.191288 0.156464 -0.100213
v -1.172894 0.134638 -0.079131
v -1.049008 0.082341 -0.244881
v -1.019282 0.093665 -0.227677
v -1.007958 0.126815 -0.231623
v -1.056086 0.137317 -0.269985
v -1.026283 0.154376 -0.256351
v -1.067402 0.104167 -0.266039
v -1.051541 0.303965 -0.029222
v -1.063011 0.272228 -0.018866
v -1.098540 0.265671 -0.015887
v -1.110985 0.322513 -0.033613
v -1.122455 0.290853 -0.023257
v -1.075524 0.329069 -0.036523
v -1.063011 0.215463 -0.224621
v -1.098471 0.208907 -0.221711
v -1.098540 0.265671 -0.015887
v -1.063011 0.272228 -0.018866
v -1.051541 0.247200 -0.234977
v -1.063011 0.215463 -0.224621
v -1.063011 0.272228 -0.018866
v -1.051541 0.303965 -0.029222
v -1.076645 0.278193 -0.245403
v -1.051541 0.247200 -0.234977
v -1.051541 0.303965 -0.029222
v -1.075524 0.329069 -0.036523
v -1.110985 0.265748 -0.239369
v -1.076645 0.278193 -0.245403
v -1.075524 0.329069 -0.036523
v -1.110985 0.322513 -0.033613
v -1.122455 0.234088 -0.229012
v -1.110985 0.265748 -0.239369
v -1.110985 0.322513 -0.033613
v -1.122455 0.290853 -0.023257
v -1.098471 0.208907 -0.221711
v -1.122455 0.234088 -0.229012
v -1.122455 0.290853 -0.023257
v -1.098540 0.265671 -0.015887
v -1.098471 0.208907 -0.221711
v -1.063011 0.215463 -0.224621
v -1.051541 0.247200 -0.234977
v -1.110985 0.265748 -0.239369
v -1.076645 0.278193 -0.245403
v -1.122455 0.234088 -0.229012
v 1.269653 0.137317 -0.154744
v 1.116041 0.096344 -0.303359
v 1.239927 0.148718 -0.137540
v 1.145767 0.085020 -0.320571
v 1.239927 0.148718 -0.137540
v 1.104640 0.129494 -0.307312
v 1.228527 0.181791 -0.141486
v 1.116041 0.096344 -0.303359
v 1.228527 0.181791 -0.141486
v 1.122966 0.157063 -0.331971
v 1.246929 0.203617 -0.162644
v 1.104640 0.129494 -0.307312
v 1.246929 0.203617 -0.162644
v 1.152845 0.139928 -0.345675
v 1.276724 0.192293 -0.179849
v 1.122966 0.157063 -0.331971
v 1.276724 0.192293 -0.179849
v 1.164161 0.106778 -0.341729
v 1.288048 0.159143 -0.175903
v 1.152845 0.139928 -0.345675
v 1.288048 0.159143 -0.175903
v 1.145767 0.085020 -0.320571
v 1.269653 0.137317 -0.154744
v 1.164161 0.106778 -0.341729
v 1.180107 0.146783 -0.091124
v 1.026495 0.105810 -0.239746
v 1.150381 0.158176 -0.073919
v 1.056221 0.094486 -0.256950
v 1.150381 0.158176 -0.073919
v 1.015179 0.138960 -0.243692
v 1.139057 0.191326 -0.077865
v 1.026495 0.105810 -0.239746
v 1.139057 0.191326 -0.077865
v 1.033504 0.166521 -0.268420
v 1.157459 0.213083 -0.099024
v 1.015179 0.138960 -0.243692
v 1.157459 0.213083 -0.099024
v 1.063299 0.149463 -0.282055
v 1.187185 0.201759 -0.116228
v 1.033504 0.166521 -0.268420
v 1.187185 0.201759 -0.116228
v 1.074700 0.116313 -0.278109
v 1.198578 0.168609 -0.112282
v 1.063299 0.149463 -0.282055
v 1.198578 0.168609 -0.112282
v 1.056221 0.094486 -0.256950
v 1.180107 0.146783 -0.091124
v 1.074700 0.116313 -0.278109
v 1.032829 0.268282 -0.069597
v 0.997299 0.217996 -0.278408
v 0.997368 0.274838 -0.072576
v 1.032759 0.211517 -0.275429
v 0.997368 0.274838 -0.072576
v 0.985821 0.249734 -0.288688
v 0.985898 0.306499 -0.082932
v 0.997299 0.217996 -0.278408
v 0.985898 0.306499 -0.082932
v 1.011002 0.280719 -0.299113
v 1.009889 0.331680 -0.090310
v 0.985821 0.249734 -0.288688
v 1.009889 0.331680 -0.090310
v 1.045273 0.268282 -0.293079
v 1.045342 0.325123 -0.087324
v 1.011002 0.280719 -0.299113
v 1.045342 0.325123 -0.087324
v 1.056743 0.236621 -0.282730
v 1.056820 0.293386 -0.076975
v 1.045273 0.268282 -0.293079
v 1.056820 0.293386 -0.076975
v 1.032759 0.211517 -0.275429
v 1.032829 0.268282 -0.069597
v 1.056743 0.236621 -0.282730
v 1.119173 0.216806 -0.278776
v 1.170196 0.267092 -0.073244
v 1.154780 0.210250 -0.278477
v 1.134589 0.273648 -0.073620
v 1.106951 0.248536 -0.288242
v 1.134589 0.273648 -0.073620
v 1.119173 0.216806 -0.278776
v 1.122375 0.305309 -0.083009
v 1.131311 0.279529 -0.300534
v 1.122375 0.305309 -0.083009
v 1.106951 0.248536 -0.288242
v 1.145767 0.330413 -0.092168
v 1.165950 0.267092 -0.297033
v 1.145767 0.330413 -0.092168
v 1.131311 0.279529 -0.300534
v 1.181374 0.323857 -0.091869
v 1.178172 0.235431 -0.287644
v 1.181374 0.323857 -0.091869
v 1.165950 0.267092 -0.297033
v 1.193588 0.292196 -0.082410
v 1.154780 0.210250 -0.278477
v 1.193588 0.292196 -0.082410
v 1.178172 0.235431 -0.287644
v 1.170196 0.267092 -0.073244
v 0.973231 0.270662 -0.425088
v 0.868123 0.181269 -0.593371
v 0.938745 0.276473 -0.415775
v 0.902616 0.175534 -0.602606
v 0.938745 0.276473 -0.415775
v 0.851364 0.210396 -0.604096
v 0.921986 0.305531 -0.426577
v 0.868123 0.181269 -0.593371
v 0.921986 0.305531 -0.426577
v 0.868722 0.238932 -0.628455
v 0.939789 0.328847 -0.446614
v 0.851364 0.210396 -0.604096
v 0.939789 0.328847 -0.446614
v 0.903653 0.227908 -0.633445
v 0.974275 0.323112 -0.455850
v 0.868722 0.238932 -0.628455
v 0.974275 0.323112 -0.455850
v 0.920419 0.198850 -0.622644
v 0.990965 0.293985 -0.445125
v 0.903653 0.227908 -0.633445
v 0.990965 0.293985 -0.445125
v 0.902616 0.175534 -0.602606
v 0.973231 0.270662 -0.425088
v 0.920419 0.198850 -0.622644
v 0.902463 -0.042881 1.471775
v 0.928834 -0.042881 1.471775
v 0.885850 -0.042881 1.455093
v 0.885850 -0.042881 1.125374
v 0.945524 -0.042881 1.113905
v 0.945525 -0.042881 1.455093
v 0.902463 0.164364 1.471775
v 0.928834 0.164364 1.471775
v 0.885850 0.164364 1.455093
v 0.885850 0.164364 1.125374
v 0.945524 0.164364 1.113905
v 0.945525 0.164364 1.455093
v 0.936811 0.154376 1.549775
v 1.007802 0.119368 1.534505
v 0.865813 0.119437 1.565045
v 0.848309 0.040846 1.568845
v 0.976141 -0.022176 1.541284
v 1.025306 0.040846 1.530705
v 0.897397 -0.022176 1.558266
v 0.897397 -0.022176 1.558266
v 0.845775 0.040846 1.557299
v 0.848309 0.040846 1.568845
v 0.894863 -0.022176 1.546720
v 0.976141 -0.022176 1.541284
v 0.894863 -0.022176 1.546720
v 0.897397 -0.022176 1.558266
v 0.973684 -0.022176 1.529807
v 1.025306 0.040846 1.530705
v 0.973684 -0.022176 1.529807
v 0.976141 -0.022176 1.541284
v 1.022849 0.040846 1.519228
v 1.007802 0.119368 1.534505
v 1.022849 0.040846 1.519228
v 1.025306 0.040846 1.530705
v 1.005345 0.119368 1.522959
v 0.936811 0.154376 1.549775
v 1.005345 0.119368 1.522959
v 1.007802 0.119368 1.534505
v 0.934347 0.154376 1.538229
v 0.865813 0.119437 1.565045
v 0.934347 0.154376 1.538229
v 0.936811 0.154376 1.549775
v 0.863356 0.119437 1.553575
v 0.848309 0.040846 1.568845
v 0.863356 0.119437 1.553575
v 0.865813 0.119437 1.565045
v 0.845775 0.040846 1.557299
v 0.821116 -0.030666 1.563701
v 1.047431 0.163765 1.514982
v 1.047431 -0.030666 1.514982
v 0.821116 0.163765 1.563701
v 0.780220 -0.030666 1.373592
v 0.821116 0.163765 1.563701
v 0.821116 -0.030666 1.563701
v 0.780220 0.163765 1.373592
v 1.006535 -0.030666 1.324873
v 0.780220 0.163765 1.373592
v 0.780220 -0.030666 1.373592
v 1.006535 0.163765 1.324873
v 1.047431 -0.030666 1.514982
v 1.006535 0.163765 1.324873
v 1.006535 -0.030666 1.324873
v 1.047431 0.163765 1.514982
v 1.047431 0.163765 1.514982
v 0.780220 0.163765 1.373592
v 1.006535 0.163765 1.324873
v 0.821116 0.163765 1.563701
v 1.047431 -0.030666 1.514982
v 0.780220 -0.030666 1.373592
v 0.821116 -0.030666 1.563701
v 1.006535 -0.030666 1.324873
v 0.214652 0.281763 0.764449
v -0.010319 -0.133026 0.766161
v 0.215842 -0.133026 0.766161
v -0.010319 0.276327 0.763781
v -0.252057 0.281763 0.763182
v -0.010319 -0.133026 0.766161
v -0.010319 0.276327 0.763781
v -0.256380 -0.133026 0.765570
v -0.063215 -0.122147 0.981152
v -0.256380 -0.133026 0.765570
v -0.256380 -0.133026 0.980561
v -0.010319 -0.133026 0.766161
v 0.042645 -0.141885 0.981152
v 0.215842 -0.133026 0.981152
v 0.215842 -0.133026 0.766161
v 0.859632 0.227977 -1.269858
v 0.611859 0.168978 -1.555548
v 0.713397 0.234687 -1.591976
v 0.753625 0.146484 -1.244308
v 0.868645 0.370633 -1.244308
v 0.713397 0.234687 -1.591976
v 0.712952 0.370933 -1.591899
v 0.859632 0.227977 -1.269858
v 1.055031 0.212930 -0.835999
v 1.054954 0.037499 -0.836222
v 1.054954 0.037499 -0.836222
v 0.753625 0.146484 -1.244308
v 0.859632 0.227977 -1.269858
v 0.941424 -0.059126 -0.792424
v 0.612082 0.168533 -1.555694
v 0.860077 0.227754 -1.270157
v 0.713842 0.234387 -1.592198
v 0.753848 0.146108 -1.244531
v 0.860077 0.227754 -1.270157
v 1.055399 0.211885 -0.836598
v 0.869167 0.370933 -1.244454
v 0.713842 0.234387 -1.592198
v 0.713466 0.370933 -1.592122
v 0.602248 0.276627 -0.838310
v 0.229399 -0.132281 -0.937982
v 0.602248 -0.132281 -0.838310
v 0.229399 0.276627 -0.937982
v -0.240811 -0.132281 -0.937982
v -0.240811 0.276627 -0.937982
v -0.614327 0.276627 -0.838233
v -0.614327 -0.132281 -0.838233
v 0.667803 -0.045345 -0.696697
v 0.688662 -0.045345 -0.701987
v 0.677560 -0.055548 -0.701465
v 0.678904 -0.035211 -0.697219
v 0.527080 0.137540 -1.144114
v 0.677560 -0.055548 -0.701465
v 0.688662 -0.045345 -0.701987
v 0.515987 0.127337 -1.143515
v 0.476803 0.187457 -1.284982
v 0.465924 0.176878 -1.283569
v 0.515987 0.127337 -1.143515
v 0.667803 -0.045345 -0.696697
v 0.677560 -0.055548 -0.701465
v 0.506222 0.137540 -1.138747
v 0.465924 0.176878 -1.283569
v 0.455867 0.187380 -1.279616
v 0.506222 0.137540 -1.138747
v 0.678904 -0.035211 -0.697219
v 0.667803 -0.045345 -0.696697
v 0.517323 0.147750 -1.139346
v 0.455867 0.187380 -1.279616
v 0.466746 0.197959 -1.281036
v 0.517323 0.147750 -1.139346
v 0.688662 -0.045345 -0.701987
v 0.678904 -0.035211 -0.697219
v 0.527080 0.137540 -1.144114
v 0.466746 0.197959 -1.281036
v 0.476803 0.187457 -1.284982
v 0.756673 -0.045345 -0.732227
v 0.777609 -0.045345 -0.737594
v 0.766439 -0.055548 -0.737071
v 0.767851 -0.035211 -0.732749
v 0.606347 0.139029 -1.170708
v 0.766439 -0.055548 -0.737071
v 0.777609 -0.045345 -0.737594
v 0.595169 0.128826 -1.170109
v 0.590624 0.158775 -1.216893
v 0.579753 0.148196 -1.215404
v 0.436874 0.188946 -1.663043
v 0.425251 0.178590 -1.663934
v 0.426517 0.220829 -1.691648
v 0.412959 0.216507 -1.697905
v 0.426364 0.359609 -1.694404
v 0.412959 0.216507 -1.697905
v 0.412737 0.359463 -1.700815
v 0.595169 0.128826 -1.170109
v 0.756673 -0.045345 -0.732227
v 0.766439 -0.055548 -0.737071
v 0.585411 0.138960 -1.165264
v 0.579753 0.148196 -1.215404
v 0.569696 0.158775 -1.211458
v 0.425251 0.178590 -1.663934
v 0.416905 0.188946 -1.655742
v 0.412959 0.216507 -1.697905
v 0.406549 0.220829 -1.684424
v 0.412737 0.359463 -1.700815
v 0.406549 0.220829 -1.684424
v 0.406326 0.359763 -1.687257
v 0.585411 0.138960 -1.165264
v 0.767851 -0.035211 -0.732749
v 0.756673 -0.045345 -0.732227
v 0.596589 0.149163 -1.165863
v 0.569696 0.158775 -1.211458
v 0.580575 0.169277 -1.212871
v 0.416905 0.188946 -1.655742
v 0.428529 0.199303 -1.654852
v 0.406549 0.220829 -1.684424
v 0.420184 0.225152 -1.678090
v 0.406326 0.359763 -1.687257
v 0.420184 0.225152 -1.678090
v 0.419961 0.359909 -1.680846
v 0.596589 0.149163 -1.165863
v 0.777609 -0.045345 -0.737594
v 0.767851 -0.035211 -0.732749
v 0.606347 0.139029 -1.170708
v 0.580575 0.169277 -1.212871
v 0.590624 0.158775 -1.216893
v 0.428529 0.199303 -1.654852
v 0.436874 0.188946 -1.663043
v 0.420184 0.225152 -1.678090
v 0.426517 0.220829 -1.691648
v 0.419961 0.359909 -1.680846
v 0.426517 0.220829 -1.691648
v 0.426364 0.359609 -1.694404
v 0.469870 0.161454 -1.271048
v 0.476872 0.358573 -1.281926
v 0.476872 0.162130 -1.281926
v 0.469870 0.358496 -1.271048
v 0.455714 0.162199 -1.275969
v 0.469870 0.358496 -1.271048
v 0.469870 0.161454 -1.271048
v 0.455714 0.358573 -1.275969
v 0.463015 0.162875 -1.286771
v 0.455714 0.358573 -1.275969
v 0.455714 0.162199 -1.275969
v 0.463015 0.358573 -1.286771
v 0.476872 0.162130 -1.281926
v 0.463015 0.358573 -1.286771
v 0.463015 0.162875 -1.286771
v 0.476872 0.358573 -1.281926
v 0.907752 -0.045345 -0.792270
v 0.928688 -0.045345 -0.797637
v 0.917510 -0.055548 -0.797115
v 0.918930 -0.035211 -0.792792
v 0.756451 0.139029 -1.200879
v 0.917510 -0.055548 -0.797115
v 0.928688 -0.045345 -0.797637
v 0.745280 0.128826 -1.200280
v 0.737979 0.158775 -1.245875
v 0.727178 0.148196 -1.244454
v 0.562917 0.188946 -1.660955
v 0.551294 0.178590 -1.661853
v 0.552638 0.220829 -1.689560
v 0.539003 0.216507 -1.695894
v 0.552415 0.359609 -1.692393
v 0.539003 0.216507 -1.695894
v 0.538857 0.359463 -1.698803
v 0.745280 0.128826 -1.200280
v 0.907752 -0.045345 -0.792270
v 0.917510 -0.055548 -0.797115
v 0.735523 0.138960 -1.195436
v 0.727178 0.148196 -1.244454
v 0.717121 0.158775 -1.240508
v 0.551294 0.178590 -1.661853
v 0.542949 0.188946 -1.653731
v 0.539003 0.216507 -1.695894
v 0.532592 0.220829 -1.682336
v 0.538857 0.359463 -1.698803
v 0.532592 0.220829 -1.682336
v 0.532447 0.359763 -1.685169
v 0.735523 0.138960 -1.195436
v 0.918930 -0.035211 -0.792792
v 0.907752 -0.045345 -0.792270
v 0.746624 0.149163 -1.196035
v 0.717121 0.158775 -1.240508
v 0.727922 0.169277 -1.241921
v 0.542949 0.188946 -1.653731
v 0.554572 0.199303 -1.652764
v 0.532592 0.220829 -1.682336
v 0.546227 0.225152 -1.676079
v 0.532447 0.359763 -1.685169
v 0.546227 0.225152 -1.676079
v 0.546004 0.359909 -1.678758
v 0.746624 0.149163 -1.196035
v 0.928688 -0.045345 -0.797637
v 0.918930 -0.035211 -0.792792
v 0.756451 0.139029 -1.200879
v 0.727922 0.169277 -1.241921
v 0.737979 0.158775 -1.245875
v 0.554572 0.199303 -1.652764
v 0.562917 0.188946 -1.660955
v 0.546227 0.225152 -1.676079
v 0.552638 0.220829 -1.689560
v 0.546004 0.359909 -1.678758
v 0.552638 0.220829 -1.689560
v 0.552415 0.359609 -1.692393
v 0.260092 0.359318 -1.227618
v 0.461303 0.358051 -1.291684
v 0.260092 0.358941 -1.290640
v 0.477839 0.358342 -1.245644
v 0.259793 0.359318 -1.290640
v 0.477547 0.358719 -1.245644
v 0.259793 0.359609 -1.227618
v 0.461080 0.358342 -1.291684
v 0.844208 0.229543 -1.291239
v 0.864990 0.358342 -1.245276
v 0.864990 0.223363 -1.245199
v 0.844131 0.358496 -1.291316
v 0.865290 0.223140 -1.245199
v 0.844431 0.358496 -1.291316
v 0.844507 0.229320 -1.291239
v 0.865290 0.358342 -1.245276
v 0.260092 0.148119 -1.227618
v 0.260092 0.358941 -1.290640
v 0.260092 0.151919 -1.290640
v 0.260092 0.359318 -1.227618
v 0.259793 0.151696 -1.290640
v 0.259793 0.359609 -1.227618
v 0.259793 0.147973 -1.227618
v 0.259793 0.359318 -1.290640
v 0.752881 0.148119 -1.245130
v 0.260092 0.151919 -1.290640
v 0.732912 0.151919 -1.291162
v 0.864990 0.223363 -1.245199
v 0.752881 0.148119 -1.245130
v 0.260092 0.148119 -1.227618
v 1.118575 -0.132281 0.463711
v 1.118575 0.231032 0.463711
v 0.957961 0.276627 0.058235
v 0.750194 0.276627 -0.466506
v 0.602248 0.276627 -0.838310
v 0.602248 -0.132281 -0.838310
v 0.753173 0.147973 -1.245130
v 0.259793 0.151696 -1.290640
v 0.259793 0.147973 -1.227618
v 0.733212 0.151696 -1.291162
v 0.844507 0.229320 -1.291239
v -0.656344 -0.130193 -0.516637
v -0.257493 -0.172801 -0.807317
v -0.257493 -0.130193 -0.807317
v 0.236109 -0.172801 -0.808062
v 0.236109 -0.130193 -0.808062
v 0.635843 -0.172801 -0.518580
v 0.635843 -0.130193 -0.518580
v 0.789010 -0.172801 -0.049406
v 0.789010 -0.130193 -0.049406
v 0.637187 -0.172801 0.420205
v 0.637187 -0.130193 0.420205
v 0.238344 -0.172801 0.710885
v 0.238344 -0.130193 0.710885
v -0.255190 -0.172801 0.711630
v -0.255190 -0.130193 0.711630
v -0.654924 -0.172801 0.422148
v -0.654924 -0.130193 0.422148
v -0.808160 -0.172801 -0.047026
v -0.808160 -0.130193 -0.047026
v -0.656344 -0.172801 -0.516637
v -0.086085 0.137171 1.194953
v -0.105746 0.063716 1.194953
v -0.126459 0.067371 1.194953
v -0.094277 -0.001616 1.194953
v -0.112456 -0.012042 1.194953
v -0.043469 -0.044225 1.194953
v -0.050624 -0.063893 1.194953
v 0.022831 -0.044225 1.194953
v 0.030055 -0.063893 1.194953
v 0.073630 -0.001616 1.194953
v 0.091810 -0.012042 1.194953
v 0.085185 0.063716 1.194953
v 0.105813 0.067371 1.194953
v 0.052027 0.121157 1.194953
v 0.065516 0.137171 1.194953
v -0.010319 0.143797 1.194953
v -0.010319 0.164809 1.194953
v -0.072596 0.121157 1.194953
v 0.143139 0.376445 -0.169645
v 0.149319 0.394847 -0.200930
v 0.145227 0.394847 -0.180071
v 0.151407 0.376445 -0.211363
v 0.149319 0.357974 -0.200930
v 0.145227 0.357974 -0.180071
v 0.489018 0.357974 -0.112059
v 0.495198 0.376445 -0.143344
v 0.493117 0.357974 -0.132918
v 0.493117 0.394847 -0.132918
v 0.489018 0.394847 -0.112059
v 0.486929 0.376445 -0.101626
v -0.339593 0.548682 0.019497
v -0.339593 0.528491 -0.015511
v -0.339593 0.528491 0.007804
v -0.339593 0.548682 -0.027134
v -0.339593 0.568865 -0.015511
v -0.339593 0.568865 0.007804
v -0.671914 0.568865 0.007805
v -0.671914 0.548682 -0.027134
v -0.671914 0.568865 -0.015511
v -0.671914 0.528491 -0.015511
v -0.671914 0.528491 0.007805
v -0.671914 0.548682 0.019497
v 0.094865 0.270961 0.493138
v 0.094266 0.270961 -0.361620
v -0.132639 0.270961 0.493661
v 0.093821 0.270961 -0.904011
v -0.132126 0.270961 -0.904011
v -0.132348 0.270961 -0.361620
v -0.157076 0.289141 -0.157646
v -0.252058 0.289141 0.088184
v -0.493051 0.289141 0.194789
v -0.507799 0.270961 0.494628
v -0.738804 0.289141 0.099808
v -0.957895 0.270961 0.070304
v -0.845409 0.289141 -0.141186
v -0.603226 0.270961 -0.824974
v -0.750428 0.289141 -0.386947
v -0.509511 0.289141 -0.493544
v -0.263758 0.289141 -0.398563
v 0.737979 0.233489 -1.511965
v 0.761817 0.358342 -1.449020
v 0.761817 0.230364 -1.448943
v 0.737979 0.358496 -1.512041
v 0.762116 0.230142 -1.448943
v 0.738279 0.358496 -1.512041
v 0.738279 0.233266 -1.511965
v 0.762116 0.358342 -1.449020
v 0.260092 0.163097 -1.448874
v 0.260169 0.359241 -1.512486
v 0.260092 0.166821 -1.511819
v 0.260169 0.359609 -1.449541
v 0.259793 0.166667 -1.511819
v 0.259946 0.359609 -1.449541
v 0.259793 0.162875 -1.448874
v 0.259946 0.359318 -1.512486
v 0.649700 0.163097 -1.448874
v 0.260092 0.166821 -1.511819
v 0.626684 0.166821 -1.511819
v 0.761817 0.230364 -1.448943
v 0.649700 0.163097 -1.448874
v 0.260092 0.163097 -1.448874
v 0.626684 0.166821 -1.511819
v 0.737979 0.233489 -1.511965
v 0.649999 0.162875 -1.448874
v 0.259793 0.166667 -1.511819
v 0.259793 0.162875 -1.448874
v 0.626983 0.166667 -1.511819
v 0.738279 0.233266 -1.511965
v 0.649999 0.162875 -1.448874
v 0.762116 0.230142 -1.448943
v 0.519856 0.151397 -1.132859
v 0.504210 0.355963 -1.133681
v 0.520079 0.356262 -1.130702
v 0.504141 0.145440 -1.135915
v 0.532969 0.138284 -1.136513
v 0.525000 0.124658 -1.141726
v 0.741557 0.138361 -1.184857
v 0.742524 0.124658 -1.192534
v 0.853444 0.211740 -1.213247
v 0.864468 0.203471 -1.223526
v 0.855386 0.358795 -1.215327
v 0.864468 0.203471 -1.223526
v 0.866480 0.358496 -1.225684
v 0.510244 0.149831 -1.147914
v 0.526267 0.356561 -1.142694
v 0.510398 0.356262 -1.145672
v 0.526044 0.155719 -1.144858
v 0.525522 0.134561 -1.152159
v 0.533491 0.148273 -1.146870
v 0.736859 0.134561 -1.201247
v 0.735891 0.148273 -1.193578
v 0.851509 0.209582 -1.230374
v 0.840562 0.217851 -1.220095
v 0.853444 0.358496 -1.232386
v 0.840562 0.217851 -1.220095
v 0.842419 0.358795 -1.222029
v 0.526044 0.155719 -1.144858
v 0.520079 0.356262 -1.130702
v 0.526267 0.356561 -1.142694
v 0.519856 0.151397 -1.132859
v 0.533491 0.148273 -1.146870
v 0.532969 0.138284 -1.136513
v 0.735891 0.148273 -1.193578
v 0.741557 0.138361 -1.184857
v 0.840562 0.217851 -1.220095
v 0.853444 0.211740 -1.213247
v 0.842419 0.358795 -1.222029
v 0.853444 0.211740 -1.213247
v 0.855386 0.358795 -1.215327
v 0.594133 0.053360 -0.911020
v 0.578410 0.283252 -0.911911
v 0.594355 0.283552 -0.908855
v 0.578410 0.047479 -0.914145
v 0.607169 0.040324 -0.914667
v 0.599269 0.026620 -0.919957
v 0.841306 0.054926 -0.999960
v 0.842274 0.041146 -1.007637
v 0.942691 0.137317 -1.037064
v 0.953715 0.129049 -1.047344
v 0.942837 0.278116 -1.037586
v 0.953715 0.129049 -1.047344
v 0.953869 0.281986 -1.047942
v 0.584521 0.051802 -0.926068
v 0.600535 0.283851 -0.920847
v 0.584667 0.283552 -0.923903
v 0.600236 0.057682 -0.923012
v 0.599791 0.036601 -0.930313
v 0.607691 0.050235 -0.925100
v 0.836608 0.051057 -1.016351
v 0.835641 0.064837 -1.008681
v 0.940756 0.135160 -1.054199
v 0.929801 0.143428 -1.043920
v 0.940902 0.285786 -1.054721
v 0.929801 0.143428 -1.043920
v 0.929801 0.282208 -1.044365
v 0.600236 0.057682 -0.923012
v 0.594355 0.283552 -0.908855
v 0.600535 0.283851 -0.920847
v 0.594133 0.053360 -0.911020
v 0.607691 0.050235 -0.925100
v 0.607169 0.040324 -0.914667
v 0.835641 0.064837 -1.008681
v 0.841306 0.054926 -0.999960
v 0.929801 0.143428 -1.043920
v 0.942691 0.137317 -1.037064
v 0.929801 0.282208 -1.044365
v 0.942691 0.137317 -1.037064
v 0.942837 0.278116 -1.037586
v 0.678013 -0.033499 -0.698256
v 0.662291 0.204961 -0.699077
v 0.678159 0.205260 -0.696022
v 0.662221 -0.039380 -0.701311
v 0.691049 -0.046535 -0.701910
v 0.683149 -0.060239 -0.707123
v 0.924289 -0.046535 -0.792493
v 0.925256 -0.060239 -0.800170
v 1.032007 0.046067 -0.833320
v 1.043039 0.037722 -0.843600
v 1.033949 0.207794 -0.835408
v 1.043039 0.037722 -0.843600
v 1.045050 0.207494 -0.845757
v 0.492741 0.359318 -1.153127
v 0.677115 0.217175 -0.693120
v 0.661769 0.199970 -0.692076
v 0.508087 0.376522 -1.154094
v 0.460335 0.375332 -1.285573
v 0.444989 0.358196 -1.284536
v -0.603226 -0.125725 -0.824974
v -0.603226 0.270961 -0.824974
v -0.132126 -0.125725 -0.904011
v -0.132126 0.270961 -0.904011
v 0.093821 -0.125725 -0.904011
v 0.093821 0.270961 -0.904011
v 0.590333 -0.125725 -0.824829
v 0.590333 0.270961 -0.824829
v -0.957895 -0.125725 0.070304
v -0.677203 -0.125871 0.339235
v -0.957895 0.270961 0.070304
v -0.507799 -0.125725 0.494628
v -0.507799 0.270961 0.494628
v 0.508087 0.376522 -1.154094
v 0.693583 0.202949 -0.700198
v 0.677115 0.217175 -0.693120
v 0.524555 0.362365 -1.161242
v 0.476726 0.361175 -1.292651
v 0.460335 0.375332 -1.285573
v 0.944626 0.270961 0.062780
v 0.494453 0.270961 0.492094
v 0.944626 -0.125725 0.062780
v 0.657600 -0.125725 0.336547
v 0.494453 -0.125725 0.492094
v -0.507799 0.270961 0.494628
v -0.507799 -0.125725 0.494628
v -0.132639 0.270961 0.493661
v 0.494453 -0.125725 0.492094
v 0.094865 0.270961 0.493138
v 0.494453 0.270961 0.492094
v 0.590333 -0.125725 -0.824829
v 0.590333 0.270961 -0.824829
v 0.944626 -0.125725 0.062780
v 0.944626 0.270961 0.062780
v -0.603226 0.270961 -0.824974
v -0.603226 -0.125725 -0.824974
v -0.957895 0.270961 0.070304
v -0.957895 -0.125725 0.070304
v -0.256004 -0.125871 -0.802772
v 0.234620 -0.172801 -0.803517
v -0.256004 -0.172801 -0.802772
v 0.524555 0.362365 -1.161242
v 0.678236 0.185814 -0.699231
v 0.693583 0.202949 -0.700198
v 0.509208 0.345161 -1.160274
v 0.461379 0.344040 -1.291684
v 0.476726 0.361175 -1.292651
v 0.234620 -0.172801 -0.803517
v -0.256004 -0.125871 -0.802772
v 0.234620 -0.125871 -0.803517
v 1.033427 0.217175 -0.830265
v 1.034471 0.185814 -0.836376
v 1.018004 0.200047 -0.829297
v 1.049818 0.202949 -0.837343
v 0.848008 0.344639 -1.247587
v 1.018004 0.200047 -0.829297
v 1.034471 0.185814 -0.836376
v 0.831096 0.359318 -1.241775
v 0.669891 0.342182 -1.649708
v 0.654175 0.356707 -1.641140
v 0.647243 0.342105 -1.680179
v 0.636595 0.356630 -1.664678
v 0.611337 0.341959 -1.690159
v 0.608880 0.356561 -1.672433
v 0.318500 0.341959 -1.690159
v 0.321701 0.356485 -1.672501
v 0.285496 0.341883 -1.678014
v 0.299576 0.356485 -1.664310
v 0.274917 0.341883 -1.646507
v 0.292574 0.356485 -1.643597
v 0.274993 0.341883 -1.266357
v 0.292720 0.356485 -1.266357
v 0.831096 0.359318 -1.241775
v 1.033427 0.217175 -0.830265
v 1.018004 0.200047 -0.829297
v 0.845997 0.376967 -1.244155
v 0.654175 0.356707 -1.641140
v 0.666989 0.374510 -1.648219
v 0.636595 0.356630 -1.664678
v 0.645232 0.374364 -1.677423
v 0.608880 0.356561 -1.672433
v 0.610892 0.374288 -1.687027
v 0.321701 0.356485 -1.672501
v 0.319091 0.374211 -1.687027
v 0.299576 0.356485 -1.664310
v 0.287952 0.374211 -1.675557
v 0.292574 0.356485 -1.643597
v 0.278049 0.374211 -1.645984
v 0.292720 0.356485 -1.266357
v 0.278118 0.374211 -1.266357
v 0.845997 0.376967 -1.244155
v 1.049818 0.202949 -0.837343
v 1.033427 0.217175 -0.830265
v 0.862833 0.362365 -1.249897
v 0.666989 0.374510 -1.648219
v 0.682781 0.359985 -1.656786
v 0.645232 0.374364 -1.677423
v 0.655887 0.359832 -1.692838
v 0.610892 0.374288 -1.687027
v 0.613348 0.359686 -1.704684
v 0.319091 0.374211 -1.687027
v 0.315889 0.359609 -1.704761
v 0.287952 0.374211 -1.675557
v 0.273872 0.359609 -1.689268
v 0.278049 0.374211 -1.645984
v 0.260315 0.359609 -1.648886
v 0.278118 0.374211 -1.266357
v 0.260392 0.359609 -1.266357
v 0.862833 0.362365 -1.249897
v 1.034471 0.185814 -0.836376
v 1.049818 0.202949 -0.837343
v 0.848008 0.344639 -1.247587
v 0.682781 0.359985 -1.656786
v 0.669891 0.342182 -1.649708
v 0.655887 0.359832 -1.692838
v 0.647243 0.342105 -1.680179
v 0.613348 0.359686 -1.704684
v 0.611337 0.341959 -1.690159
v 0.315889 0.359609 -1.704761
v 0.318500 0.341959 -1.690159
v 0.273872 0.359609 -1.689268
v 0.285496 0.341883 -1.678014
v 0.260315 0.359609 -1.648886
v 0.274917 0.341883 -1.646507
v 0.260392 0.359609 -1.266357
v 0.274993 0.341883 -1.266357
v 0.993276 0.206082 -0.309769
v 1.035439 0.253826 -0.101404
v 1.035439 0.198328 -0.306268
v 0.993199 0.261580 -0.104904
v 0.979641 0.243769 -0.322060
v 0.993199 0.261580 -0.104904
v 0.993276 0.206082 -0.309769
v 0.979564 0.299274 -0.117195
v 1.008169 0.273717 -0.330774
v 0.979564 0.299274 -0.117195
v 0.979641 0.243769 -0.322060
v 1.008100 0.329215 -0.125917
v 1.050340 0.265894 -0.327273
v 1.008100 0.329215 -0.125917
v 1.008169 0.273717 -0.330774
v 1.050263 0.321400 -0.122416
v 1.063967 0.228199 -0.314982
v 1.050263 0.321400 -0.122416
v 1.050340 0.265894 -0.327273
v 1.063967 0.283705 -0.110125
v 1.035439 0.198328 -0.306268
v 1.063967 0.283705 -0.110125
v 1.063967 0.228199 -0.314982
v 1.035439 0.253826 -0.101404
v 1.110529 0.206082 -0.306936
v 1.170572 0.253826 -0.102970
v 1.152845 0.198328 -0.307090
v 1.128186 0.261580 -0.102824
v 1.095850 0.243769 -0.317961
v 1.128186 0.261580 -0.102824
v 1.110529 0.206082 -0.306936
v 1.113508 0.299274 -0.113925
v 1.123488 0.273717 -0.329215
v 1.113508 0.299274 -0.113925
v 1.095850 0.243769 -0.317961
v 1.141222 0.329215 -0.125095
v 1.165804 0.265894 -0.329361
v 1.141222 0.329215 -0.125095
v 1.123488 0.273717 -0.329215
v 1.183531 0.321400 -0.125241
v 1.180483 0.228199 -0.318260
v 1.183531 0.321400 -0.125241
v 1.165804 0.265894 -0.329361
v 1.198210 0.283705 -0.114217
v 1.152845 0.198328 -0.307090
v 1.198210 0.283705 -0.114217
v 1.180483 0.228199 -0.318260
v 1.170572 0.253826 -0.102970
v 0.857244 0.169131 -0.608641
v 0.968540 0.255991 -0.442668
v 0.898294 0.162276 -0.619665
v 0.927498 0.262846 -0.431644
v 0.837353 0.203771 -0.621454
v 0.927498 0.262846 -0.431644
v 0.857244 0.169131 -0.608641
v 0.907606 0.297486 -0.444457
v 0.858434 0.231478 -0.645291
v 0.907606 0.297486 -0.444457
v 0.837353 0.203771 -0.621454
v 0.928765 0.325193 -0.468295
v 0.899484 0.224630 -0.656316
v 0.928765 0.325193 -0.468295
v 0.858434 0.231478 -0.645291
v 0.969730 0.318344 -0.479319
v 0.919375 0.189990 -0.643502
v 0.969730 0.318344 -0.479319
v 0.899484 0.224630 -0.656316
v 0.989698 0.283705 -0.466506
v 0.898294 0.162276 -0.619665
v 0.989698 0.283705 -0.466506
v 0.919375 0.189990 -0.643502
v 0.968540 0.255991 -0.442668
v 0.959604 0.169423 -0.649468
v 1.070899 0.256213 -0.483488
v 1.000646 0.162498 -0.660492
v 1.029850 0.263069 -0.472463
v 0.939635 0.203993 -0.662281
v 1.029850 0.263069 -0.472463
v 0.959604 0.169423 -0.649468
v 1.009958 0.297708 -0.485276
v 0.960794 0.231708 -0.686118
v 1.009958 0.297708 -0.485276
v 0.939635 0.203993 -0.662281
v 1.031040 0.325415 -0.509114
v 1.001843 0.224852 -0.697143
v 1.031040 0.325415 -0.509114
v 0.960794 0.231708 -0.686118
v 1.072089 0.318567 -0.520138
v 1.021727 0.190282 -0.684330
v 1.072089 0.318567 -0.520138
v 1.001843 0.224852 -0.697143
v 1.091981 0.283928 -0.507325
v 1.000646 0.162498 -0.660492
v 1.091981 0.283928 -0.507325
v 1.021727 0.190282 -0.684330
v 1.070899 0.256213 -0.483488
v 1.009736 0.095531 -0.255684
v 1.168261 0.133072 -0.110939
v 1.045120 0.081973 -0.276097
v 1.132877 0.146553 -0.090533
v 0.996254 0.134937 -0.260382
v 1.132877 0.146553 -0.090533
v 1.009736 0.095531 -0.255684
v 1.119396 0.185967 -0.095223
v 1.018157 0.160863 -0.285555
v 1.119396 0.185967 -0.095223
v 0.996254 0.134937 -0.260382
v 1.141222 0.211885 -0.120328
v 1.053541 0.147374 -0.305969
v 1.141222 0.211885 -0.120328
v 1.018157 0.160863 -0.285555
v 1.176683 0.198404 -0.140810
v 1.067022 0.107891 -0.301278
v 1.176683 0.198404 -0.140810
v 1.053541 0.147374 -0.305969
v 1.190164 0.158997 -0.136120
v 1.045120 0.081973 -0.276097
v 1.190164 0.158997 -0.136120
v 1.067022 0.107891 -0.301278
v 1.168261 0.133072 -0.110939
v 1.098606 0.089496 -0.317961
v 1.257063 0.127038 -0.173216
v 1.133998 0.076008 -0.338374
v 1.221679 0.140526 -0.152733
v 1.085125 0.128903 -0.322659
v 1.221679 0.140526 -0.152733
v 1.098606 0.089496 -0.317961
v 1.208190 0.179933 -0.157424
v 1.107028 0.154829 -0.347763
v 1.208190 0.179933 -0.157424
v 1.085125 0.128903 -0.322659
v 1.230093 0.205851 -0.182605
v 1.142412 0.141340 -0.368246
v 1.230093 0.205851 -0.182605
v 1.107028 0.154829 -0.347763
v 1.265477 0.192370 -0.203095
v 1.155893 0.101933 -0.363555
v 1.265477 0.192370 -0.203095
v 1.142412 0.141340 -0.368246
v 1.278958 0.152963 -0.198397
v 1.133998 0.076008 -0.338374
v 1.278958 0.152963 -0.198397
v 1.155893 0.101933 -0.363555
v 1.257063 0.127038 -0.173216
v 1.128478 0.197882 -0.692222
v 1.123196 0.118547 -0.690141
v 1.128478 0.118547 -0.692222
v 1.123196 0.197882 -0.690141
v 1.171017 0.197882 -0.635012
v 1.123196 0.197882 -0.690141
v 1.128478 0.197882 -0.692222
v 1.148669 0.197882 -0.626075
v 1.179439 0.197882 -0.564167
v 1.174149 0.197882 -0.562086
v 1.179439 0.118547 -0.564167
v 1.174149 0.197882 -0.562086
v 1.179439 0.197882 -0.564167
v 1.174149 0.118547 -0.562086
v 1.171017 0.118547 -0.635012
v 1.174149 0.118547 -0.562086
v 1.179439 0.118547 -0.564167
v 1.148669 0.118547 -0.626075
v 1.128478 0.118547 -0.692222
v 1.123196 0.118547 -0.690141
v 1.272409 0.261349 0.080959
v 1.034471 0.104098 -0.181937
v 1.272409 0.181722 0.080959
v 1.018081 0.117948 -0.198097
v 1.010857 0.170544 -0.205176
v 1.021958 0.190658 -0.194305
v 1.009436 0.143874 -0.206596
v 0.891661 0.371086 -0.401695
v 0.803312 0.121825 -0.645445
v 0.881381 0.283851 -0.335841
v 0.804725 0.224476 -0.698187
v 1.119688 0.361099 -0.499510
v 0.804725 0.224476 -0.698187
v 0.891661 0.371086 -0.401695
v 0.998634 0.218818 -0.774467
v 1.209833 0.270815 -0.470675
v 0.998634 0.218818 -0.774467
v 1.119688 0.361099 -0.499510
v 1.029550 0.108789 -0.737962
v 0.803312 0.121825 -0.645445
v 0.998634 0.218818 -0.774467
v 1.029550 0.108789 -0.737962
v 0.804725 0.224476 -0.698187
v 1.063445 0.211885 -0.838610
v 0.891661 0.371086 -0.401695
v 0.743492 0.211885 -0.713902
v 1.119688 0.361099 -0.499579
v 0.807926 -0.073651 -0.321983
v 0.938967 -0.061206 -0.789668
v 0.664233 -0.061437 -0.683285
v 1.110897 -0.074618 -0.321983
v 0.967273 -0.098609 0.080959
v 1.110897 -0.074618 -0.321983
v 0.807926 -0.073651 -0.321983
v 1.272409 -0.098609 0.080959
v 0.951182 0.339871 -0.123905
v 0.931068 0.215317 -0.215163
v 0.931068 0.268504 -0.010675
v 0.951182 0.286308 -0.315427
v 1.257208 0.339871 -0.123905
v 0.951182 0.286308 -0.315427
v 0.951182 0.339871 -0.123905
v 1.257208 0.286308 -0.315427
v 1.272409 0.268504 -0.010675
v 1.257208 0.286308 -0.315427
v 1.257208 0.339871 -0.123905
v 1.272256 0.215317 -0.215164
v 1.272409 0.268427 -0.010675
v 0.967273 0.265226 0.080959
v 0.931068 0.268427 -0.010675
v 1.272409 0.265226 0.080959
v -0.646211 0.233942 -1.045178
v -0.646211 0.296518 -1.109321
v -0.646211 -0.050113 -1.018807
v -0.645988 0.230733 -0.761285
v -0.645988 -0.053314 -0.762252
v -0.646211 0.296518 -1.109321
v -0.646211 0.116980 -1.693068
v -0.646211 -0.050113 -1.018807
v -0.646211 0.328547 -1.692991
v -0.718468 0.414516 -0.810449
v -0.695828 0.207195 -0.799571
v -0.695828 0.414516 -0.799571
v -0.718468 0.207195 -0.810449
v -0.695828 0.414516 -0.799571
v -0.690239 0.207195 -0.775134
v -0.690239 0.414516 -0.775134
v -0.695828 0.207195 -0.799571
v -0.690239 0.414516 -0.775134
v -0.705885 0.207195 -0.755473
v -0.705885 0.414516 -0.755473
v -0.690239 0.207195 -0.775134
v -0.705885 0.414516 -0.755473
v -0.730989 0.207195 -0.755473
v -0.730989 0.414516 -0.755473
v -0.705885 0.207195 -0.755473
v -0.730989 0.414516 -0.755473
v -0.746628 0.207195 -0.775134
v -0.746628 0.414516 -0.775134
v -0.730989 0.207195 -0.755473
v -0.746628 0.414516 -0.775134
v -0.741046 0.207195 -0.799571
v -0.741046 0.414516 -0.799571
v -0.746628 0.207195 -0.775134
v -0.741046 0.414516 -0.799571
v -0.718468 0.207195 -0.810449
v -0.718468 0.414516 -0.810449
v -0.741046 0.207195 -0.799571
v -1.059065 0.206673 -0.244136
v -1.101227 0.254348 -0.035778
v -1.058988 0.262171 -0.039348
v -1.101227 0.198850 -0.240636
v -1.045430 0.244367 -0.256427
v -1.058988 0.262171 -0.039348
v -1.045353 0.299866 -0.051570
v -1.059065 0.206673 -0.244136
v -1.073958 0.274239 -0.265218
v -1.045353 0.299866 -0.051570
v -1.073889 0.329737 -0.060361
v -1.045430 0.244367 -0.256427
v -1.116129 0.266493 -0.261640
v -1.073889 0.329737 -0.060361
v -1.116052 0.321914 -0.056860
v -1.073958 0.274239 -0.265218
v -1.129756 0.228798 -0.249426
v -1.116052 0.321914 -0.056860
v -1.129756 0.284227 -0.044569
v -1.116129 0.266493 -0.261640
v -1.101227 0.198850 -0.240636
v -1.129756 0.284227 -0.044569
v -1.101227 0.254348 -0.035778
v -1.129756 0.228798 -0.249426
v -1.169239 0.206673 -0.244136
v -1.211402 0.254348 -0.035778
v -1.169163 0.262171 -0.039348
v -1.211402 0.198850 -0.240636
v -1.155605 0.244367 -0.256427
v -1.169163 0.262171 -0.039348
v -1.155536 0.299866 -0.051570
v -1.169239 0.206673 -0.244136
v -1.184141 0.274239 -0.265218
v -1.155536 0.299866 -0.051570
v -1.184064 0.329737 -0.060361
v -1.155605 0.244367 -0.256427
v -1.226304 0.266493 -0.261640
v -1.184064 0.329737 -0.060361
v -1.226227 0.321914 -0.056860
v -1.184141 0.274239 -0.265218
v -1.239938 0.228798 -0.249426
v -1.226227 0.321914 -0.056860
v -1.239861 0.284227 -0.044569
v -1.226304 0.266493 -0.261640
v -1.211402 0.198850 -0.240636
v -1.239861 0.284227 -0.044569
v -1.211402 0.254348 -0.035778
v -1.239938 0.228798 -0.249426
v -0.923033 0.169131 -0.561563
v -1.034329 0.255991 -0.395583
v -0.993287 0.262846 -0.384559
v -0.964083 0.162276 -0.572588
v -0.903142 0.203771 -0.574377
v -0.993287 0.262846 -0.384559
v -0.973395 0.297486 -0.397372
v -0.923033 0.169131 -0.561563
v -0.924223 0.231485 -0.598214
v -0.973395 0.297486 -0.397372
v -0.994477 0.325193 -0.421210
v -0.903142 0.203771 -0.574377
v -0.965273 0.224630 -0.609239
v -0.994477 0.325193 -0.421210
v -1.035519 0.318344 -0.432234
v -0.924223 0.231485 -0.598214
v -0.985164 0.189990 -0.596425
v -1.035519 0.318344 -0.432234
v -1.055410 0.283705 -0.419421
v -0.965273 0.224630 -0.609239
v -0.964083 0.162276 -0.572588
v -1.055410 0.283705 -0.419421
v -1.034329 0.255991 -0.395583
v -0.985164 0.189990 -0.596425
v -1.025393 0.169431 -0.602383
v -1.136688 0.256213 -0.436411
v -1.095639 0.263069 -0.425386
v -1.066366 0.162498 -0.613407
v -1.005424 0.203993 -0.615196
v -1.095639 0.263069 -0.425386
v -1.075678 0.297708 -0.438199
v -1.025393 0.169431 -0.602383
v -1.026583 0.231708 -0.639034
v -1.075678 0.297708 -0.438199
v -1.096829 0.325423 -0.462037
v -1.005424 0.203993 -0.615196
v -1.067632 0.224852 -0.650058
v -1.096829 0.325423 -0.462037
v -1.137878 0.318567 -0.473061
v -1.026583 0.231708 -0.639034
v -1.087516 0.190282 -0.637245
v -1.137878 0.318567 -0.473061
v -1.157770 0.283928 -0.460248
v -1.067632 0.224852 -0.650058
v -1.066366 0.162498 -0.613407
v -1.157770 0.283928 -0.460248
v -1.136688 0.256213 -0.436411
v -1.087516 0.190282 -0.637245
v -1.004534 0.085773 -0.236390
v -1.162982 0.123314 -0.091722
v -1.127598 0.136795 -0.071231
v -1.039918 0.072284 -0.256873
v -0.991045 0.125180 -0.241081
v -1.127598 0.136795 -0.071231
v -1.114117 0.176279 -0.075930
v -1.004534 0.085773 -0.236390
v -1.012948 0.151098 -0.266262
v -1.114117 0.176279 -0.075930
v -1.136013 0.202205 -0.101103
v -0.991045 0.125180 -0.241081
v -1.048332 0.137617 -0.286752
v -1.136013 0.202205 -0.101103
v -1.171396 0.188647 -0.121517
v -1.012948 0.151098 -0.266262
v -1.061821 0.098210 -0.282054
v -1.171396 0.188647 -0.121517
v -1.184885 0.149240 -0.116826
v -1.048332 0.137617 -0.286752
v -1.039918 0.072284 -0.256873
v -1.184885 0.149240 -0.116826
v -1.162982 0.123314 -0.091722
v -1.061821 0.098210 -0.282054
v -1.096759 0.079739 -0.298667
v -1.255208 0.117280 -0.153922
v -1.219824 0.130838 -0.133509
v -1.132143 0.066250 -0.319157
v -1.083271 0.119145 -0.303358
v -1.219824 0.130838 -0.133509
v -1.206335 0.170244 -0.138207
v -1.096759 0.079739 -0.298667
v -1.105097 0.145064 -0.328539
v -1.206335 0.170244 -0.138207
v -1.228238 0.196170 -0.163388
v -1.083271 0.119145 -0.303358
v -1.140558 0.131582 -0.348952
v -1.228238 0.196170 -0.163388
v -1.263622 0.182689 -0.183794
v -1.105097 0.145064 -0.328539
v -1.154046 0.092176 -0.344262
v -1.263622 0.182689 -0.183794
v -1.277111 0.143206 -0.179103
v -1.140558 0.131582 -0.348952
v -1.132143 0.066250 -0.319157
v -1.277111 0.143206 -0.179103
v -1.255208 0.117280 -0.153922
v -1.154046 0.092176 -0.344262
v -0.749092 0.484094 -0.807248
v -0.718622 0.397903 -0.821919
v -0.718622 0.484094 -0.821919
v -0.749092 0.397903 -0.807248
v -0.767118 0.484094 -0.807992
v -0.767118 0.397903 -0.807992
v -0.852043 0.484094 -0.767089
v -0.852043 0.397903 -0.767089
v -0.718622 0.484094 -0.821919
v -0.688151 0.397903 -0.807248
v -0.688151 0.484094 -0.807248
v -0.718622 0.397903 -0.821919
v -0.661112 0.484094 -0.675162
v -0.719965 0.397903 -0.601416
v -0.719965 0.484094 -0.601416
v -0.661112 0.397903 -0.675162
v -0.680704 0.484094 -0.774320
v -0.680704 0.397903 -0.774320
v -0.688151 0.484094 -0.807248
v -0.688151 0.397903 -0.807248
v -0.719965 0.484094 -0.601416
v -0.814271 0.397903 -0.601416
v -0.814271 0.484094 -0.601416
v -0.719965 0.397903 -0.601416
v -0.814271 0.484094 -0.601416
v -0.873047 0.397903 -0.675162
v -0.873047 0.484094 -0.675162
v -0.814271 0.397903 -0.601416
v -0.873047 0.484094 -0.675162
v -0.852043 0.397903 -0.767089
v -0.852043 0.484094 -0.767089
v -0.873047 0.397903 -0.675162
v -0.749092 0.397903 -0.807248
v -0.767118 0.397903 -0.807992
v -0.852043 0.397903 -0.767089
v -0.814271 0.397903 -0.601416
v -0.873047 0.397903 -0.675162
v -0.661112 0.397903 -0.675162
v -0.719965 0.397903 -0.601416
v -0.680704 0.397903 -0.774320
v -0.688151 0.397903 -0.807248
v -0.718622 0.397903 -0.821919
v -0.749092 0.484094 -0.807248
v -0.718622 0.484094 -0.821919
v -0.688151 0.484094 -0.807248
v -0.680704 0.484094 -0.774320
v -0.814271 0.484094 -0.601416
v -0.661112 0.484094 -0.675162
v -0.719965 0.484094 -0.601416
v -0.852043 0.484094 -0.767089
v -0.767118 0.484094 -0.807992
v -0.873047 0.484094 -0.675162
v -0.235299 0.345529 -0.798527
v -0.286175 0.345529 -0.798527
v -0.260772 0.345529 -0.813205
v -0.286175 0.345529 -0.769100
v -0.260772 0.345529 -0.754429
v -0.235299 0.345529 -0.769100
v -0.235299 0.291298 -0.798527
v -0.260772 0.291451 -0.754429
v -0.235299 0.291298 -0.769100
v -0.286175 0.291451 -0.769100
v -0.286175 0.291451 -0.798527
v -0.260772 0.291451 -0.813205
v -0.261294 1.567770 -0.825942
v -0.259213 1.567770 -0.825942
v -0.260250 1.567770 -0.824084
v -1.034252 0.270961 -0.268350
v -1.266010 0.339871 -0.076820
v -1.034252 0.339871 -0.076821
v -1.266010 0.270961 -0.268350
v -0.704020 0.414516 -0.749661
v -0.688373 0.229021 -0.681350
v -0.688373 0.414516 -0.681350
v -0.726068 0.229021 -0.749661
v -0.767118 0.414516 -0.780055
v -0.767118 0.229021 -0.780055
v -0.688373 0.414516 -0.681350
v -0.732103 0.229021 -0.626597
v -0.732103 0.414516 -0.626597
v -0.688373 0.229021 -0.681350
v -0.732103 0.414516 -0.626597
v -0.802126 0.229021 -0.626597
v -0.802126 0.414516 -0.626597
v -0.732103 0.229021 -0.626597
v -0.802126 0.414516 -0.626597
v -0.845786 0.229021 -0.681350
v -0.845786 0.414516 -0.681350
v -0.802126 0.229021 -0.626597
v -0.845786 0.414516 -0.681350
v -0.830217 0.229021 -0.749661
v -0.830217 0.414516 -0.749661
v -0.845786 0.229021 -0.681350
v -0.830217 0.414516 -0.749661
v -0.767118 0.229021 -0.780055
v -0.767118 0.414516 -0.780055
v -0.830217 0.229021 -0.749661
v -0.734268 0.317523 -1.285427
v -0.765475 0.317523 -1.285427
v -0.749837 0.301877 -1.286094
v -0.749837 0.333092 -1.284759
v -0.749906 0.299497 -1.243118
v -0.749906 0.330705 -1.241698
v -0.734268 0.315066 -1.242373
v -0.765552 0.315066 -1.242373
v -0.749837 0.301877 -1.286094
v -0.734268 0.315066 -1.242373
v -0.734268 0.317523 -1.285427
v -0.749906 0.299497 -1.243118
v -0.734268 0.317523 -1.285427
v -0.749906 0.330705 -1.241698
v -0.749837 0.333092 -1.284759
v -0.734268 0.315066 -1.242373
v -0.749837 0.333092 -1.284759
v -0.765552 0.315066 -1.242373
v -0.765475 0.317523 -1.285427
v -0.749906 0.330705 -1.241698
v -0.765475 0.317523 -1.285427
v -0.749906 0.299497 -1.243118
v -0.749837 0.301877 -1.286094
v -0.765552 0.315066 -1.242373
v -0.734114 0.326613 -1.447008
v -0.765406 0.326613 -1.447008
v -0.749760 0.310967 -1.447752
v -0.749760 0.342182 -1.446340
v -0.749760 0.308587 -1.404691
v -0.749760 0.339794 -1.403279
v -0.734191 0.324156 -1.403947
v -0.765406 0.324156 -1.404023
v -0.749760 0.310967 -1.447752
v -0.734191 0.324156 -1.403947
v -0.734114 0.326613 -1.447008
v -0.749760 0.308587 -1.404691
v -0.734114 0.326613 -1.447008
v -0.749760 0.339794 -1.403279
v -0.749760 0.342182 -1.446340
v -0.734191 0.324156 -1.403947
v -0.749760 0.342182 -1.446340
v -0.765406 0.324156 -1.404023
v -0.765406 0.326613 -1.447008
v -0.749760 0.339794 -1.403279
v -0.765406 0.326613 -1.447008
v -0.749760 0.308587 -1.404691
v -0.749760 0.310967 -1.447752
v -0.765406 0.324156 -1.404023
v -0.734038 0.335848 -1.584974
v -0.765253 0.335848 -1.584974
v -0.749684 0.320202 -1.585718
v -0.749684 0.351418 -1.584298
v -0.749684 0.317822 -1.542657
v -0.749684 0.349038 -1.541245
v -0.734038 0.333392 -1.541913
v -0.765330 0.333392 -1.541989
v -0.749684 0.320202 -1.585718
v -0.734038 0.333392 -1.541913
v -0.734038 0.335848 -1.584974
v -0.749684 0.317822 -1.542657
v -0.734038 0.335848 -1.584974
v -0.749684 0.349038 -1.541245
v -0.749684 0.351418 -1.584298
v -0.734038 0.333392 -1.541913
v -0.749684 0.351418 -1.584298
v -0.765330 0.333392 -1.541989
v -0.765253 0.335848 -1.584974
v -0.749684 0.349038 -1.541245
v -0.765253 0.335848 -1.584974
v -0.749684 0.317822 -1.542657
v -0.749684 0.320202 -1.585718
v -0.765330 0.333392 -1.541989
v -1.039542 0.298008 -1.146194
v -0.748793 0.312610 -1.145526
v -0.748793 0.298008 -1.146048
v -1.039542 0.312610 -1.145672
v -0.748793 0.298008 -1.146048
v -0.748494 0.337637 -1.657753
v -0.748494 0.323035 -1.658352
v -0.748793 0.312610 -1.145526
v -0.748494 0.323035 -1.658352
v -1.039174 0.337637 -1.657976
v -1.039174 0.323035 -1.658498
v -0.748494 0.337637 -1.657753
v -1.039174 0.323035 -1.658498
v -1.039542 0.312610 -1.145672
v -1.039542 0.298008 -1.146194
v -1.039174 0.337637 -1.657976
v -0.748494 0.337637 -1.657753
v -1.039542 0.312610 -1.145672
v -1.039174 0.337637 -1.657976
v -0.748793 0.312610 -1.145526
v -1.099961 0.328547 -1.691794
v -0.646211 0.116980 -1.693068
v -0.646211 0.328547 -1.692991
v -1.099961 0.117057 -1.691870
v -1.119921 0.116236 -0.711966
v -1.125211 0.195572 -0.713978
v -1.125211 0.116236 -0.713978
v -1.119921 0.195572 -0.711966
v -1.168195 0.195572 -0.582937
v -1.173562 0.116236 -0.584879
v -1.173562 0.195572 -0.584879
v -1.168195 0.116236 -0.582937
v -1.166629 0.195572 -0.655870
v -1.125211 0.116236 -0.713978
v -1.125211 0.195572 -0.713978
v -1.166629 0.116236 -0.655870
v -1.173562 0.195572 -0.584879
v -1.173562 0.116236 -0.584879
v -0.886383 0.121825 -0.598360
v -0.984719 0.349706 -0.374579
v -0.968697 0.266869 -0.295543
v -0.887795 0.238778 -0.651102
v -0.887795 0.238778 -0.651102
v -1.165293 0.349629 -0.446836
v -0.984719 0.349706 -0.374579
v -1.081712 0.240567 -0.727382
v -1.081712 0.240567 -0.727382
v -1.236138 0.253833 -0.400504
v -1.165293 0.349629 -0.446836
v -1.112551 0.108789 -0.690885
v -1.112551 0.108789 -0.690885
v -0.968697 0.266869 -0.295543
v -1.236138 0.253833 -0.400504
v -0.886383 0.121825 -0.598360
v -1.081712 0.240567 -0.727382
v -0.886383 0.121825 -0.598360
v -1.112551 0.108789 -0.690885
v -0.887795 0.238778 -0.651102
v -0.984719 0.349706 -0.374579
v -1.098694 0.233719 -0.768432
v -0.843552 0.233719 -0.675093
v -1.165293 0.349629 -0.446836
v -1.034183 0.339871 -0.076821
v -1.286124 0.271706 -0.274906
v -1.000434 0.271706 -0.274906
v -1.236138 0.253833 -0.400504
v -0.968697 0.266869 -0.295543
v -0.840419 0.267238 -0.274906
v -0.700741 0.233719 -0.622198
v -0.965649 0.268427 0.036410
v -1.286124 0.271706 -0.274906
v -1.266010 0.339871 -0.076820
v -0.260250 1.567770 -0.824084
v -0.263006 1.106197 -0.797037
v -0.261294 1.567770 -0.825942
v -0.260250 1.106197 -0.792347
v -0.263758 0.740281 -0.785568
v -0.260250 0.740281 -0.779456
v -0.264349 0.383378 -0.786090
v -0.260250 0.383378 -0.779011
v -1.286124 0.190658 -0.241303
v -1.286124 0.268427 0.036410
v -1.286124 0.265226 0.128037
v -1.286124 0.261357 0.128037
v -1.286124 0.143874 -0.259337
v -1.286124 0.271706 -0.274906
v -1.286124 0.170544 -0.257249
v -1.098694 0.021630 -0.768432
v -1.098694 0.233719 -0.768432
v -1.236138 0.253833 -0.400504
v -1.286124 0.021630 -0.274906
v -1.286124 0.117948 -0.246892
v -1.286124 0.104022 -0.223354
v -1.286124 -0.099423 0.128037
v -1.286124 0.181568 0.128037
v -1.001847 0.265226 0.128037
v -1.286124 0.268427 0.036410
v -0.965649 0.268427 0.036410
v -1.286124 0.265226 0.128037
v -0.862323 -0.028279 -1.245721
v -1.099961 0.117057 -1.691870
v -1.099516 0.049268 -1.244899
v -0.977342 -0.075063 -0.725448
v -1.099738 0.023488 -1.043320
v -1.098694 0.021630 -0.768432
v -1.153002 -0.074618 -0.274906
v -1.286124 0.021630 -0.274906
v -0.646211 -0.050113 -1.018807
v -0.646211 0.116980 -1.693068
v -0.700741 -0.061437 -0.622198
v -0.840419 -0.073651 -0.274906
v -1.001847 -0.099423 0.128037
v -1.195687 -0.099423 0.128037
v -1.286124 -0.099423 0.128037
v -0.645988 -0.053314 -0.762252
v -0.261294 1.567770 -0.825942
v -0.257570 1.106197 -0.797037
v -0.259213 1.567770 -0.825942
v -0.263006 1.106197 -0.797037
v -0.256749 0.740281 -0.785568
v -0.263758 0.740281 -0.785568
v -0.256158 0.383378 -0.786090
v -0.264349 0.383378 -0.786090
v 0.322669 0.595167 -0.923534
v 0.283561 0.626375 -0.916824
v 0.273873 0.583989 -0.916824
v 0.300988 0.550018 -0.916824
v 0.344426 0.550018 -0.916824
v 0.371465 0.583989 -0.916824
v 0.361853 0.626375 -0.916824
v 0.322669 0.645153 -0.916824
v -0.757882 0.359087 0.044601
v -0.700964 0.394325 0.101520
v -0.700964 0.359087 0.101520
v -0.757882 0.394325 0.044601
v -0.316945 0.359463 0.098318
v -0.255781 0.394103 0.046989
v -0.255781 0.359463 0.046989
v -0.316945 0.394103 0.098318
v 0.725243 0.331158 -0.135006
v 0.746693 0.357007 -0.196830
v 0.748037 0.332271 -0.197951
v 0.723900 0.355886 -0.133885
v 0.205262 0.363563 -0.060952
v 0.273581 0.393212 -0.027956
v 0.273581 0.363563 -0.027956
v 0.205262 0.393212 -0.060952
v 0.333847 0.363785 -0.016632
v 0.410872 0.392314 -0.016632
v 0.410872 0.363785 -0.016632
v 0.333847 0.392314 -0.016632
v 0.595914 0.439620 0.081182
v 0.511965 0.342927 0.081182
v 0.513823 0.439620 0.081182
v 0.595991 0.342927 0.081182
v 0.417728 0.375109 0.524653
v 0.329226 0.258747 0.524653
v 0.329226 0.375109 0.524653
v 0.417728 0.258747 0.524653
v 0.738279 0.385535 0.130646
v 0.777387 0.416750 0.123867
v 0.787075 0.374434 0.123867
v 0.760029 0.340470 0.123867
v 0.716599 0.340470 0.123867
v 0.689483 0.374434 0.123867
v 0.699164 0.416750 0.123867
v 0.738279 0.435598 0.123867
v -0.506832 0.355740 0.139736
v -0.364620 0.355740 0.088706
v -0.355907 0.355740 0.100775
v -0.506908 0.355740 0.127668
v -0.649120 0.355740 0.087586
v -0.584379 0.355740 0.046021
v -0.427342 0.355740 0.046543
v -0.506908 0.355740 0.020472
v -0.385702 0.355740 0.059948
v -0.657757 0.355740 0.099654
v -0.629152 0.355740 0.060324
v 0.123470 0.499518 -0.896564
v 0.123470 0.544882 -0.896564
v 0.100753 0.522234 -0.896564
v 0.146117 0.522234 -0.896564
v 0.100753 0.522234 -0.896564
v 0.123470 0.499663 -0.871606
v 0.123470 0.499518 -0.896564
v 0.100753 0.522157 -0.849334
v 0.123470 0.499518 -0.896564
v 0.146117 0.522157 -0.849334
v 0.146117 0.522234 -0.896564
v 0.123470 0.499663 -0.871606
v 0.123470 0.544882 -0.896564
v 0.146117 0.522157 -0.849334
v 0.123470 0.544659 -0.827132
v 0.146117 0.522234 -0.896564
v 0.123470 0.544882 -0.896564
v 0.100753 0.522157 -0.849334
v 0.100753 0.522234 -0.896564
v 0.123470 0.544659 -0.827132
v 0.123470 0.499663 -0.871606
v 0.100753 0.453624 -0.849334
v 0.123470 0.453624 -0.871759
v 0.100753 0.522157 -0.849334
v 0.123470 0.499663 -0.871606
v 0.146117 0.453624 -0.849334
v 0.146117 0.522157 -0.849334
v 0.123470 0.453624 -0.871759
v 0.146117 0.522157 -0.849334
v 0.123470 0.453624 -0.826986
v 0.123470 0.544659 -0.827132
v 0.146117 0.453624 -0.849334
v 0.123470 0.544659 -0.827132
v 0.100753 0.453624 -0.849334
v 0.100753 0.522157 -0.849334
v 0.123470 0.453624 -0.826986
v 0.133673 0.483127 -0.849557
v 0.175390 0.470160 -0.836299
v 0.133673 0.470160 -0.836298
v 0.175390 0.483127 -0.849557
v 0.133673 0.469492 -0.862892
v 0.175390 0.483127 -0.849557
v 0.133673 0.483127 -0.849557
v 0.175390 0.469492 -0.862892
v 0.133673 0.456533 -0.849634
v 0.175390 0.469492 -0.862892
v 0.133673 0.469492 -0.862892
v 0.175390 0.456533 -0.849634
v 0.133673 0.470160 -0.836298
v 0.175390 0.456533 -0.849634
v 0.133673 0.456533 -0.849634
v 0.175390 0.470160 -0.836299
v -0.528136 0.296741 -1.599944
v -0.527768 0.333914 -1.604267
v -0.527768 0.333914 -1.599944
v -0.528136 0.293309 -1.604267
v -0.528213 0.278339 -1.475244
v -0.528213 0.281763 -1.467045
v -0.528958 0.200193 -1.475244
v -0.528958 0.200193 -1.467045
v -0.528958 0.200193 -1.467045
v -0.502364 0.199970 -1.475244
v -0.528958 0.200193 -1.475244
v -0.502364 0.199970 -1.467045
v -0.528136 0.296741 -1.599944
v -0.501620 0.281540 -1.467045
v -0.528213 0.281763 -1.467045
v -0.501543 0.296518 -1.599944
v -0.527768 0.333914 -1.599944
v -0.501543 0.296518 -1.599944
v -0.528136 0.296741 -1.599944
v -0.501167 0.333691 -1.599944
v -0.527768 0.333914 -1.604267
v -0.501167 0.333691 -1.599944
v -0.527768 0.333914 -1.599944
v -0.501167 0.333691 -1.604267
v -0.528136 0.293309 -1.604267
v -0.501167 0.333691 -1.604267
v -0.527768 0.333914 -1.604267
v -0.501543 0.293018 -1.604267
v -0.528213 0.278339 -1.475244
v -0.501543 0.293018 -1.604267
v -0.528136 0.293309 -1.604267
v -0.501620 0.278039 -1.475244
v -0.528958 0.200193 -1.475244
v -0.501620 0.278039 -1.475244
v -0.528213 0.278339 -1.475244
v -0.502364 0.199970 -1.475244
v 0.209961 0.599489 -0.826763
v 0.201615 0.599489 -0.874293
v 0.242734 0.599489 -0.886730
v 0.258680 0.599489 -0.839200
v 0.319245 0.667578 -0.918091
v 0.331981 0.667578 -0.889931
v 0.296374 0.667578 -0.857825
v 0.279462 0.667578 -0.895221
v 0.242734 0.627718 -0.886730
v 0.258680 0.627718 -0.839200
v 0.258680 0.566854 -0.839200
v 0.242734 0.566854 -0.886730
v 0.279462 0.527002 -0.895221
v 0.296374 0.527002 -0.857825
v 0.331981 0.527002 -0.889931
v 0.319245 0.527002 -0.918091
v -0.094945 0.270738 0.493515
v -0.159755 0.383301 0.493284
v -0.159755 0.270738 0.493515
v -0.094945 0.383301 0.493284
v -0.070293 0.265971 0.438239
v -0.094945 0.383301 0.493284
v -0.094945 0.270738 0.493515
v -0.070293 0.369820 0.438086
v 0.094120 0.265971 0.438239
v -0.070293 0.369820 0.438086
v -0.070293 0.265971 0.438239
v 0.094120 0.369820 0.438086
v 0.154762 0.277740 0.579476
v 0.094120 0.369820 0.438086
v 0.094120 0.265971 0.438239
v 0.154762 0.399837 0.561826
v -0.018964 0.283997 0.651142
v 0.154762 0.399837 0.561826
v 0.154762 0.277740 0.579476
v -0.018964 0.416528 0.633484
v -0.190525 0.278262 0.585587
v -0.190525 0.401258 0.567929
v -0.331769 0.913930 0.253934
v -0.398292 0.913930 0.073506
v -0.331769 0.913930 0.165063
v -0.505933 0.913930 0.299076
v -0.364543 0.913930 0.298408
v -0.613582 0.913930 0.073506
v -0.505933 0.913930 0.038498
v -0.680028 0.913930 0.253934
v -0.647331 0.913930 0.298408
v -0.680028 0.913930 0.165063
v -0.505933 0.535193 0.406203
v -0.613582 0.561795 0.385497
v -0.505933 0.561718 0.385643
v -0.398292 0.561795 0.385497
v -0.647331 0.913930 0.298408
v -0.680028 0.561795 0.341093
v -0.680028 0.913930 0.253934
v -0.505933 0.913930 0.299076
v -0.364543 0.913930 0.298408
v -0.331769 0.913930 0.253934
v -0.331769 0.561795 0.341093
v -0.331769 0.913930 0.165063
v -0.613582 0.913930 0.073506
v -0.505864 0.437087 0.033431
v -0.505933 0.913930 0.038498
v -0.616415 0.437087 0.069337
v -0.680028 0.913930 0.165063
v -0.684727 0.437087 0.163351
v -0.684727 0.437087 0.344225
v -0.616415 0.437087 0.389812
v -0.505864 0.437087 0.411047
v -0.395313 0.437087 0.389812
v -0.327002 0.437087 0.344225
v -0.327002 0.437087 0.163351
v -0.398292 0.913930 0.073506
v -0.395313 0.437087 0.069337
v -0.505933 0.913930 0.038498
v -0.505864 0.437087 0.033431
v -0.259213 1.567770 -0.825942
v -0.260250 1.106197 -0.792347
v -0.260250 1.567770 -0.824084
v -0.257570 1.106197 -0.797037
v -0.260250 0.740281 -0.779456
v -0.256749 0.740281 -0.785568
v -0.260250 0.383378 -0.779011
v -0.256158 0.383378 -0.786090
v -0.302343 0.438576 0.299075
v -0.380635 0.438576 0.058236
v -0.302343 0.438576 0.165954
v -0.507277 0.438576 0.447997
v -0.380635 0.438576 0.406870
v -0.633919 0.438576 0.058236
v -0.507277 0.438576 0.017040
v -0.712211 0.438576 0.299076
v -0.633919 0.438576 0.406871
v -0.712211 0.438576 0.165954
v -0.712211 0.424128 0.165954
v -0.507277 0.424128 0.017040
v -0.633919 0.424128 0.058236
v -0.633919 0.424128 0.406871
v -0.712211 0.424128 0.299076
v -0.302343 0.424128 0.165954
v -0.380635 0.424128 0.058236
v -0.380635 0.424128 0.406870
v -0.507277 0.424128 0.447997
v -0.302343 0.424128 0.299075
v 0.181279 0.856720 -0.849711
v 0.184411 0.895682 -0.842187
v 0.184411 0.856720 -0.842187
v 0.181279 0.895682 -0.849711
v 0.184411 0.856720 -0.857303
v 0.184411 0.895682 -0.857303
v 0.191935 0.856720 -0.860435
v 0.191935 0.895682 -0.860435
v 0.199458 0.856720 -0.857303
v 0.199458 0.895682 -0.857303
v 0.202583 0.856720 -0.849711
v 0.202583 0.895682 -0.849711
v 0.199458 0.856720 -0.842187
v 0.199458 0.895682 -0.842187
v 0.191935 0.856720 -0.839055
v 0.191935 0.895682 -0.839055
v 0.184411 0.856720 -0.842187
v 0.184411 0.895682 -0.842187
v 0.158854 0.678894 -0.884872
v 0.225008 0.790267 -0.884872
v 0.158854 0.790267 -0.884872
v 0.225008 0.678894 -0.884872
v 0.191935 0.634275 -0.849711
v 0.810759 0.383002 0.125502
v 0.810759 0.395669 0.097274
v 0.810759 0.360062 0.065168
v 0.810759 0.343226 0.102563
v 0.670191 0.395669 0.097274
v 0.670191 0.382932 0.125502
v 0.670191 0.343226 0.102563
v 0.670191 0.360062 0.065168
v 0.808303 0.385466 0.124236
v 0.768596 0.337038 0.055855
v 0.773663 0.328701 0.124236
v 0.798100 0.385466 0.055855
v 0.773663 0.328701 0.124236
v 0.709597 0.337038 0.055855
v 0.704531 0.328701 0.124236
v 0.768596 0.337038 0.055855
v 0.704531 0.328701 0.124236
v 0.680094 0.385466 0.055855
v 0.669891 0.385466 0.124236
v 0.709597 0.337038 0.055855
v 0.669891 0.385466 0.124236
v 0.709597 0.433886 0.055855
v 0.704531 0.442231 0.124236
v 0.680094 0.385466 0.055855
v 0.704531 0.442231 0.124236
v 0.768596 0.433886 0.055855
v 0.773663 0.442231 0.124236
v 0.709597 0.433886 0.055855
v 0.773663 0.442231 0.124236
v 0.798100 0.385466 0.055855
v 0.808303 0.385466 0.124236
v 0.768596 0.433886 0.055855
v 0.436875 0.394701 0.521152
v 0.436875 0.257104 0.671632
v 0.436875 0.265671 0.520400
v 0.436875 0.418017 0.671701
v 0.307845 0.394701 0.521152
v 0.307845 0.257104 0.671632
v 0.307845 0.418017 0.671701
v 0.307845 0.265671 0.520400
v 0.303599 0.398870 0.520400
v 0.441120 0.422186 0.671632
v 0.303599 0.422186 0.671632
v 0.441120 0.398870 0.520400
v 0.441120 0.257104 0.671632
v 0.441120 0.398870 0.520400
v 0.441120 0.265671 0.520400
v 0.441120 0.422186 0.671632
v 0.303599 0.257104 0.671632
v 0.303599 0.398870 0.520400
v 0.303599 0.422186 0.671632
v 0.303599 0.265671 0.520400
v 0.447001 0.413994 0.500961
v 0.265459 0.401626 0.504608
v 0.268661 0.413994 0.500961
v 0.450279 0.401626 0.504608
v 0.268661 0.413994 0.500961
v 0.265459 0.401626 0.338636
v 0.268660 0.413994 0.342290
v 0.265459 0.401626 0.504608
v 0.268660 0.413994 0.342290
v 0.450279 0.401626 0.338636
v 0.447001 0.413994 0.342290
v 0.265459 0.401626 0.338636
v 0.447001 0.413994 0.342290
v 0.450279 0.401626 0.504608
v 0.447001 0.413994 0.500961
v 0.450279 0.401626 0.338636
v 0.466593 0.401626 0.522933
v 0.249068 0.214350 0.522933
v 0.249068 0.401626 0.522933
v 0.466593 0.214350 0.522933
v 0.249068 0.401626 0.522933
v 0.249068 0.214350 0.320310
v 0.249068 0.401626 0.320310
v 0.249068 0.214350 0.522933
v 0.249068 0.401626 0.320310
v 0.466593 0.214350 0.320310
v 0.466593 0.401626 0.320310
v 0.249068 0.214350 0.320310
v 0.466593 0.401626 0.320310
v 0.466593 0.214350 0.522933
v 0.466593 0.401626 0.522933
v 0.466593 0.214350 0.320310
v 0.268660 0.413994 0.342290
v 0.447001 0.413994 0.500961
v 0.268661 0.413994 0.500961
v 0.447001 0.413994 0.342290
v -0.768684 0.288764 -0.041437
v -0.790510 0.355295 -0.151243
v -0.790510 0.288764 -0.151243
v -0.768684 0.355295 -0.041437
v -0.790510 0.288764 -0.151243
v -0.768684 0.355295 -0.260972
v -0.768684 0.288764 -0.260972
v -0.790510 0.355295 -0.151243
v -0.768684 0.288764 -0.260972
v -0.706553 0.355295 -0.354020
v -0.706553 0.288764 -0.354020
v -0.768684 0.355295 -0.260972
v -0.706553 0.288764 -0.354020
v -0.613506 0.355295 -0.416220
v -0.613506 0.288764 -0.416220
v -0.706553 0.355295 -0.354020
v -0.613506 0.288764 -0.416220
v -0.503700 0.355295 -0.438046
v -0.503700 0.288764 -0.438046
v -0.613506 0.355295 -0.416220
v -0.503700 0.288764 -0.438046
v -0.393970 0.355295 -0.416220
v -0.393970 0.288764 -0.416220
v -0.503700 0.355295 -0.438046
v -0.393970 0.288764 -0.416220
v -0.300931 0.355295 -0.354020
v -0.300931 0.288764 -0.354020
v -0.393970 0.355295 -0.416220
v -0.300931 0.288764 -0.354020
v -0.238799 0.355295 -0.260973
v -0.238799 0.288764 -0.260973
v -0.300931 0.355295 -0.354020
v -0.238799 0.288764 -0.260973
v -0.216973 0.355295 -0.151243
v -0.216973 0.288764 -0.151243
v -0.238799 0.355295 -0.260973
v -0.216973 0.288764 -0.151243
v -0.238799 0.355295 -0.041437
v -0.238799 0.288764 -0.041437
v -0.216973 0.355295 -0.151243
v -0.238799 0.288764 -0.041437
v -0.300930 0.355295 0.051610
v -0.300930 0.288764 0.051610
v -0.238799 0.355295 -0.041437
v -0.300930 0.288764 0.051610
v -0.393970 0.355295 0.113734
v -0.393970 0.288764 0.113734
v -0.300930 0.355295 0.051610
v -0.393970 0.288764 0.113734
v -0.503699 0.355295 0.135560
v -0.503699 0.288764 0.135560
v -0.393970 0.355295 0.113734
v -0.503699 0.288764 0.135560
v -0.613506 0.355295 0.113734
v -0.613506 0.288764 0.113734
v -0.503699 0.355295 0.135560
v -0.613506 0.288764 0.113734
v -0.706553 0.355295 0.051610
v -0.706553 0.288764 0.051610
v -0.613506 0.355295 0.113734
v -0.706553 0.288764 0.051610
v -0.768684 0.355295 -0.041437
v -0.768684 0.288764 -0.041437
v -0.706553 0.355295 0.051610
v 0.292943 0.347840 -0.167703
v 0.225829 0.322813 -0.213743
v 0.292943 0.322813 -0.167703
v 0.375488 0.347840 -0.150944
v 0.375488 0.322813 -0.150944
v 0.458025 0.347840 -0.168379
v 0.458025 0.322813 -0.168379
v 0.525146 0.347840 -0.215232
v 0.525146 0.322813 -0.215232
v 0.569021 0.322813 -0.280719
v 0.569021 0.347840 -0.280719
v 0.585043 0.322813 -0.360945
v 0.585043 0.347840 -0.360945
v 0.569021 0.322813 -0.441255
v 0.569021 0.347840 -0.441255
v 0.523434 0.322813 -0.509267
v 0.523434 0.347840 -0.509267
v 0.455200 0.322813 -0.554785
v 0.455200 0.347840 -0.554785
v 0.374666 0.322813 -0.570723
v 0.374666 0.347840 -0.570723
v 0.294064 0.322813 -0.554785
v 0.294064 0.347840 -0.554785
v 0.225829 0.322813 -0.509267
v 0.225829 0.347840 -0.509267
v 0.180235 0.322813 -0.441255
v 0.180235 0.347840 -0.441255
v 0.164220 0.322813 -0.360945
v 0.164220 0.347840 -0.360945
v 0.179636 0.322813 -0.283766
v 0.179636 0.347840 -0.283766
v 0.225829 0.347840 -0.213743
v 0.290786 0.347840 -0.161377
v 0.225829 0.347840 -0.213743
v 0.292943 0.347840 -0.167703
v 0.375043 0.347840 -0.144388
v 0.375488 0.347840 -0.150944
v 0.458025 0.347840 -0.168379
v 0.459292 0.347840 -0.161377
v 0.525146 0.347840 -0.215232
v 0.528202 0.347840 -0.207932
v 0.569021 0.347840 -0.280719
v 0.575209 0.347840 -0.278185
v 0.585043 0.347840 -0.360945
v 0.591745 0.347840 -0.360945
v 0.569021 0.347840 -0.441255
v 0.575209 0.347840 -0.443781
v 0.523434 0.347840 -0.509267
v 0.528202 0.347840 -0.514035
v 0.455200 0.347840 -0.554785
v 0.457733 0.347840 -0.560965
v 0.374666 0.347840 -0.570723
v 0.374666 0.347840 -0.577425
v 0.294064 0.347840 -0.554785
v 0.291530 0.347840 -0.560965
v 0.225829 0.347840 -0.509267
v 0.221131 0.347840 -0.514035
v 0.180235 0.347840 -0.441255
v 0.174055 0.347840 -0.443781
v 0.164220 0.347840 -0.360945
v 0.157518 0.347840 -0.360945
v 0.179636 0.347840 -0.283766
v 0.174055 0.347840 -0.278185
v 0.221952 0.347840 -0.207862
v 0.272015 0.357974 -0.003819
v 0.181202 0.349928 -0.044861
v 0.181202 0.358051 -0.048362
v 0.271938 0.346427 -0.000541
v 0.384877 0.357974 -0.003819
v 0.383756 0.346282 -0.000464
v 0.443500 0.357974 -0.003819
v 0.443500 0.343295 -0.000318
v 0.657447 0.321769 -0.057383
v 0.558150 0.321769 -0.114739
v 0.615437 0.321769 -0.099392
v 0.500787 0.321769 -0.099392
v 0.458770 0.321769 -0.057383
v 0.443423 0.321769 -0.000096
v 0.458770 0.321769 0.057268
v 0.672793 0.321769 -0.000096
v 0.657447 0.321769 0.057268
v 0.615437 0.321769 0.099208
v 0.558150 0.321769 0.114632
v 0.500787 0.321845 0.099208
v 0.308889 0.220607 0.980407
v 0.214652 0.229988 0.980407
v 0.308889 0.229988 0.980407
v 0.214652 -0.132281 0.980407
v 0.435309 0.220607 0.980407
v 0.541092 -0.132281 0.980407
v 0.541092 0.229988 0.980407
v 0.435309 0.229988 0.980407
v 0.657447 0.321769 -0.057383
v 0.615437 0.333538 -0.099392
v 0.657447 0.320578 -0.057383
v 0.672793 0.321769 -0.000096
v 0.672793 0.309999 -0.000096
v 0.657447 0.321769 0.057268
v 0.657447 0.304710 0.057268
v 0.615437 0.305977 0.099208
v 0.615437 0.321769 0.099208
v 0.558150 0.313277 0.114632
v 0.558150 0.321769 0.114632
v 0.500787 0.321845 0.099208
v -0.250791 0.414439 -0.789590
v -0.270760 0.414439 -0.789590
v -0.260772 0.414439 -0.795325
v -0.270760 0.414439 -0.778044
v -0.260772 0.414439 -0.772309
v -0.250791 0.414439 -0.778044
v -0.250791 0.338750 -0.789590
v -0.260772 0.338981 -0.772309
v -0.250791 0.338750 -0.778044
v -0.270760 0.338981 -0.778044
v -0.270760 0.338981 -0.789590
v -0.260772 0.338981 -0.795325
v 1.078047 0.274170 -0.461439
v 1.079091 0.326536 -0.492278
v 1.095781 0.297486 -0.481476
v 1.026794 0.309032 -0.462928
v 1.044597 0.332348 -0.482966
v 1.043561 0.279905 -0.452203
v 0.956172 0.213897 -0.640524
v 1.008469 0.231408 -0.669804
v 0.973530 0.242356 -0.664814
v 1.007425 0.178966 -0.638965
v 1.025228 0.202281 -0.659072
v 0.972939 0.184770 -0.629722
v -0.274928 -0.095109 0.998065
v -0.261147 -0.077228 1.015722
v -0.274928 -0.095109 1.015722
v -0.261147 -0.077228 0.998065
v -0.261147 -0.026198 1.015722
v -0.261147 -0.026198 0.998065
v -0.274928 -0.008318 1.015722
v -0.274928 -0.008318 0.998065
v 0.458846 0.358273 -0.056707
v 0.443500 0.343295 -0.000318
v 0.443500 0.357974 -0.003819
v 0.458770 0.348585 -0.057383
v 0.500787 0.357828 -0.098724
v 0.500787 0.349260 -0.099392
v 0.615437 0.333538 -0.099392
v 0.657447 0.321769 -0.057383
v 0.615437 0.321769 -0.099392
v 0.558150 0.345383 -0.114739
v 0.558150 0.321769 -0.114739
v 0.500787 0.321769 -0.099392
v 0.458770 0.321769 -0.057383
v 0.443423 0.321769 -0.000096
v 0.458770 0.321769 0.057268
v 0.458770 0.333538 0.057268
v 0.500787 0.321845 0.099208
v -0.296308 -0.008318 0.998065
v -0.310166 -0.026198 1.015722
v -0.296308 -0.008318 1.015722
v -0.310166 -0.026198 0.998065
v -0.310166 -0.077228 1.015722
v -0.310166 -0.077228 0.998065
v -0.296308 -0.095109 1.015722
v -0.296308 -0.095109 0.998065
v 0.435308 0.220607 0.505729
v 0.308889 0.220607 0.980407
v 0.308889 0.220607 0.505729
v 0.435309 0.220607 0.980407
v 0.214652 0.229988 0.980407
v 0.216587 -0.132281 0.764449
v 0.214652 0.281763 0.764449
v 0.214652 -0.132281 0.980407
v -0.250491 -0.132281 0.764449
v -0.251981 0.229988 0.980407
v -0.252057 0.281763 0.763182
v -0.251981 -0.132281 0.980407
v 0.214652 0.281763 0.764449
v -0.250491 -0.132281 0.764449
v -0.252057 0.281763 0.763182
v 0.216587 -0.132281 0.764449
v -0.339593 0.548682 -0.027134
v -0.671914 0.528491 -0.015511
v -0.339593 0.528491 -0.015511
v -0.671914 0.548682 -0.027134
v -0.339593 0.528491 -0.015511
v -0.671914 0.528491 0.007805
v -0.339593 0.528491 0.007804
v -0.671914 0.528491 -0.015511
v -0.339593 0.528491 0.007804
v -0.671914 0.548682 0.019497
v -0.339593 0.548682 0.019497
v -0.671914 0.528491 0.007805
v -0.339593 0.548682 0.019497
v -0.671914 0.568865 0.007805
v -0.339593 0.568865 0.007804
v -0.671914 0.548682 0.019497
v -0.339593 0.568865 0.007804
v -0.671914 0.568865 -0.015511
v -0.339593 0.568865 -0.015511
v -0.671914 0.568865 0.007805
v -0.339593 0.568865 -0.015511
v -0.671914 0.548682 -0.027134
v -0.339593 0.548682 -0.027134
v -0.671914 0.568865 -0.015511
v -0.224566 0.165331 0.525467
v -0.224574 -0.114324 -0.110715
v -0.224574 0.165331 -0.110715
v -0.224573 -0.114324 0.525467
v -0.224574 0.165331 -0.110715
v 0.205040 -0.114324 -0.110716
v 0.205040 0.165331 -0.110716
v -0.224574 -0.114324 -0.110715
v 0.205040 0.165331 -0.110716
v 0.205040 -0.114324 0.525467
v 0.205040 0.165331 0.525467
v 0.205040 -0.114324 -0.110716
v -0.224574 0.165331 -0.110715
v 0.205040 0.165331 0.525467
v -0.224566 0.165331 0.525467
v 0.205040 0.165331 -0.110716
v -0.224574 -0.114324 -0.110715
v 0.205040 -0.114324 0.525467
v 0.205040 -0.114324 -0.110716
v -0.224573 -0.114324 0.525467
v 0.532148 -0.179212 -0.483864
v 0.255102 0.016932 -0.566332
v 0.532148 0.016932 -0.566332
v 0.255102 -0.179212 -0.483864
v 0.532148 0.016932 -0.566332
v 0.255102 -0.007274 -0.619596
v 0.532148 -0.007274 -0.619596
v 0.255102 0.016932 -0.566332
v 0.532148 0.016932 -0.566332
v 0.532148 -0.203418 -0.537205
v 0.532148 -0.179212 -0.483864
v 0.532148 -0.007274 -0.619596
v 0.255102 -0.203418 -0.537204
v 0.255102 0.016932 -0.566332
v 0.255102 -0.179212 -0.483864
v 0.255102 -0.007274 -0.619596
v -1.224591 0.171511 -0.125463
v -1.235915 0.138361 -0.121517
v -1.265634 0.127038 -0.138729
v -1.272712 0.182014 -0.163833
v -1.284036 0.148864 -0.159879
v -1.242986 0.193337 -0.146621
v -1.112029 0.086065 -0.287343
v -1.141747 0.074741 -0.304555
v -1.265634 0.127038 -0.138729
v -1.235915 0.138361 -0.121517
v -1.100705 0.119215 -0.291289
v -1.112029 0.086065 -0.287343
v -1.235915 0.138361 -0.121517
v -1.224591 0.171511 -0.125463
v -1.119031 0.146783 -0.316025
v -1.100705 0.119215 -0.291289
v -1.224591 0.171511 -0.125463
v -1.242986 0.193337 -0.146621
v -1.148826 0.129648 -0.329660
v -1.119031 0.146783 -0.316025
v -1.242986 0.193337 -0.146621
v -1.272712 0.182014 -0.163833
v -1.160150 0.096498 -0.325706
v -1.148826 0.129648 -0.329660
v -1.272712 0.182014 -0.163833
v -1.284036 0.148864 -0.159879
v -0.843321 0.040846 1.557299
v -0.894873 -0.022176 1.558267
v -0.845785 0.040846 1.568846
v -0.892416 -0.022176 1.546720
v -0.892416 -0.022176 1.546720
v -0.973686 -0.022176 1.541285
v -0.894873 -0.022176 1.558267
v -0.971230 -0.022176 1.529808
v -0.971230 -0.022176 1.529808
v -1.022858 0.040846 1.530706
v -0.973686 -0.022176 1.541285
v -1.020325 0.040846 1.519228
v -1.020325 0.040846 1.519228
v -1.005347 0.119368 1.534506
v -1.022858 0.040846 1.530706
v -1.002813 0.119368 1.522959
v -1.002813 0.119368 1.522959
v -0.934356 0.154376 1.549776
v -1.005347 0.119368 1.534506
v -0.931823 0.154376 1.538229
v -0.931823 0.154376 1.538229
v -0.863366 0.119437 1.565045
v -0.934356 0.154376 1.549776
v -0.860832 0.119437 1.553576
v -0.860832 0.119437 1.553576
v -0.845785 0.040846 1.568846
v -0.863366 0.119437 1.565045
v -0.843321 0.040846 1.557299
v -1.044984 0.163765 1.514983
v -0.818669 -0.030666 1.563702
v -1.044984 -0.030666 1.514983
v -0.818669 0.163765 1.563702
v -0.818669 0.163765 1.563702
v -0.777765 -0.030666 1.373593
v -0.818669 -0.030666 1.563702
v -0.777765 0.163765 1.373593
v -0.777765 0.163765 1.373593
v -1.004011 -0.030666 1.324874
v -0.777765 -0.030666 1.373593
v -1.004011 0.163765 1.324874
v -1.004011 0.163765 1.324874
v -1.044984 -0.030666 1.514983
v -1.004011 -0.030666 1.324874
v -1.044984 0.163765 1.514983
v -0.777765 0.163765 1.373593
v -1.044984 0.163765 1.514983
v -1.004011 0.163765 1.324874
v -0.818669 0.163765 1.563702
v -0.777765 -0.030666 1.373593
v -1.044984 -0.030666 1.514983
v -0.818669 -0.030666 1.563702
v -1.004011 -0.030666 1.324874
v 0.668402 -0.035065 -0.713234
v 0.684416 0.205559 -0.708021
v 0.668548 0.205260 -0.711069
v 0.684117 -0.029177 -0.710178
v 0.683595 -0.050259 -0.717556
v 0.691571 -0.036624 -0.712267
v 0.919598 -0.050335 -0.808884
v 0.918631 -0.036624 -0.801214
v 1.030072 0.043825 -0.850456
v 1.019125 0.052101 -0.840176
v 1.032007 0.207494 -0.852467
v 1.019125 0.052101 -0.840176
v 1.020982 0.207794 -0.842110
v 0.684117 -0.029177 -0.710178
v 0.678159 0.205260 -0.696022
v 0.684416 0.205559 -0.708021
v 0.678013 -0.033499 -0.698256
v 0.691571 -0.036624 -0.712267
v 0.691049 -0.046535 -0.701910
v 0.918631 -0.036624 -0.801214
v 0.924289 -0.046535 -0.792493
v 1.019125 0.052101 -0.840176
v 1.032007 0.046067 -0.833320
v 1.020982 0.207794 -0.842110
v 1.032007 0.046067 -0.833320
v 1.033949 0.207794 -0.835408
v 0.677115 0.217175 -0.693120
v 0.678236 0.185814 -0.699231
v 0.661769 0.199970 -0.692076
v 0.693583 0.202949 -0.700198
v 0.321778 0.665114 -0.916901
v 0.273351 0.625407 -0.848444
v 0.265013 0.630474 -0.916901
v 0.321778 0.654911 -0.848444
v 0.265013 0.630474 -0.916901
v 0.273351 0.566409 -0.848444
v 0.265013 0.561342 -0.916901
v 0.273351 0.625407 -0.848444
v 0.265013 0.561342 -0.916901
v 0.321778 0.536913 -0.848444
v 0.321778 0.526702 -0.916901
v 0.273351 0.566409 -0.848444
v 0.321778 0.526702 -0.916901
v 0.370198 0.566409 -0.848444
v 0.378543 0.561342 -0.916901
v 0.321778 0.536913 -0.848444
v 0.378543 0.561342 -0.916901
v 0.370198 0.625407 -0.848444
v 0.378543 0.630474 -0.916901
v 0.370198 0.566409 -0.848444
v 0.321778 0.654911 -0.848444
v 0.378543 0.630474 -0.916901
v 0.370198 0.625407 -0.848444
v 0.321778 0.665114 -0.916901
v -0.322680 0.345161 0.101220
v -0.250868 0.400659 0.040954
v -0.250868 0.345161 0.040954
v -0.322680 0.400659 0.101220
v -0.285208 0.345161 -0.002107
v -0.334449 0.400659 0.087217
v -0.357020 0.345161 0.058159
v -0.262637 0.400659 0.026951
v -0.250868 0.345161 0.040954
v -0.262637 0.400659 0.026951
v -0.285208 0.345161 -0.002107
v -0.250868 0.400659 0.040954
v -0.357020 0.345161 0.058159
v -0.322680 0.400659 0.101220
v -0.322680 0.345161 0.101220
v -0.334449 0.400659 0.087217
v -0.334449 0.400659 0.087217
v -0.250868 0.400659 0.040954
v -0.322680 0.400659 0.101220
v -0.262637 0.400659 0.026951
v -0.762051 0.345161 0.039388
v -0.695828 0.400659 0.105688
v -0.695751 0.345161 0.105688
v -0.762051 0.400659 0.039388
v -0.655822 0.345161 0.067702
v -0.749092 0.400659 0.026429
v -0.722122 0.345161 0.001471
v -0.682861 0.400659 0.092729
v -0.695828 0.345161 0.105688
v -0.682861 0.400659 0.092729
v -0.655822 0.345161 0.067702
v -0.695828 0.400659 0.105688
v -0.722122 0.345161 0.001471
v -0.762051 0.400659 0.039388
v -0.762051 0.345161 0.039388
v -0.749092 0.400659 0.026429
v -0.749092 0.400659 0.026429
v -0.695828 0.400659 0.105688
v -0.762051 0.400659 0.039388
v -0.682861 0.400659 0.092729
v -0.459080 0.470982 -1.475014
v -0.449991 0.429709 -1.420714
v -0.449991 0.475826 -1.470477
v -0.459080 0.424873 -1.425182
v -0.449991 0.475826 -1.470477
v -0.453422 0.437532 -1.413482
v -0.453422 0.483718 -1.463245
v -0.449991 0.429709 -1.420714
v -0.453422 0.483718 -1.463245
v -0.464669 0.437532 -1.413482
v -0.464669 0.483718 -1.463245
v -0.453422 0.437532 -1.413482
v -0.464669 0.483718 -1.463245
v -0.468170 0.429709 -1.420714
v -0.468170 0.475826 -1.470477
v -0.464669 0.437532 -1.413482
v -0.468170 0.475826 -1.470477
v -0.459080 0.424873 -1.425182
v -0.459080 0.470982 -1.475014
v -0.468170 0.429709 -1.420714
v -0.459157 0.443497 -1.365883
v -0.427120 0.411983 -1.360294
v -0.459157 0.414217 -1.347258
v -0.481728 0.441854 -1.375119
v -0.491109 0.411983 -1.360294
v -0.491109 0.437909 -1.397390
v -0.504376 0.406394 -1.391809
v -0.481728 0.433962 -1.419670
v -0.491109 0.400805 -1.423393
v -0.459157 0.432396 -1.428905
v -0.459157 0.398502 -1.436429
v -0.436510 0.433962 -1.419670
v -0.427120 0.400805 -1.423393
v -0.427120 0.437909 -1.397390
v -0.413862 0.406394 -1.391809
v -0.436510 0.441854 -1.375119
v -0.459157 0.450944 -1.399701
v -0.427120 0.345606 -1.354114
v -0.413862 0.345606 -1.386074
v -0.427120 0.345606 -1.418103
v -0.459157 0.345606 -1.431362
v -0.491109 0.345606 -1.418103
v -0.504376 0.345606 -1.386074
v -0.491109 0.345606 -1.354114
v -0.459157 0.345606 -1.340856
v -0.985832 0.306276 -0.375324
v -1.038129 0.323780 -0.404673
v -1.003567 0.329592 -0.395361
v -1.037085 0.271337 -0.373834
v -1.054819 0.294653 -0.393871
v -1.002591 0.277149 -0.364522
v -0.966463 0.176210 -0.551353
v -0.967507 0.228652 -0.582192
v -0.984197 0.199525 -0.571390
v -0.915210 0.211072 -0.552919
v -0.932491 0.239600 -0.577202
v -0.931977 0.182014 -0.542117
v 1.269653 0.137317 -0.154744
v 1.276724 0.192293 -0.179849
v 1.288048 0.159143 -0.175903
v 1.228527 0.181791 -0.141486
v 1.246929 0.203617 -0.162644
v 1.239927 0.148718 -0.137540
v 1.104640 0.129494 -0.307312
v 1.152845 0.139928 -0.345675
v 1.122966 0.157063 -0.331971
v 1.145767 0.085020 -0.320571
v 1.164161 0.106778 -0.341729
v 1.116041 0.096344 -0.303359
v 1.180107 0.146783 -0.091124
v 1.187185 0.201759 -0.116228
v 1.198578 0.168609 -0.112282
v 1.139057 0.191326 -0.077865
v 1.157459 0.213083 -0.099024
v 1.150381 0.158176 -0.073919
v 1.015179 0.138960 -0.243692
v 1.063299 0.149463 -0.282055
v 1.033504 0.166521 -0.268420
v 1.056221 0.094486 -0.256950
v 1.074700 0.116313 -0.278109
v 1.026495 0.105810 -0.239746
v 1.032829 0.268282 -0.069597
v 1.045342 0.325123 -0.087324
v 1.056820 0.293386 -0.076975
v 0.985898 0.306499 -0.082932
v 1.009889 0.331680 -0.090310
v 0.997368 0.274838 -0.072576
v 0.985821 0.249734 -0.288688
v 1.045273 0.268282 -0.293079
v 1.011002 0.280719 -0.299113
v 1.032759 0.211517 -0.275429
v 1.056743 0.236621 -0.282730
v 0.997299 0.217996 -0.278408
v 1.181374 0.323857 -0.091869
v 1.122375 0.305309 -0.083009
v 1.145767 0.330413 -0.092168
v 1.170196 0.267092 -0.073244
v 1.134589 0.273648 -0.073620
v 1.193588 0.292196 -0.082410
v 1.165950 0.267092 -0.297033
v 1.154780 0.210250 -0.278477
v 1.178172 0.235431 -0.287644
v 1.106951 0.248536 -0.288242
v 1.119173 0.216806 -0.278776
v 1.131311 0.279529 -0.300534
v 0.973231 0.270662 -0.425088
v 0.974275 0.323112 -0.455850
v 0.990965 0.293985 -0.445125
v 0.921986 0.305531 -0.426577
v 0.939789 0.328847 -0.446614
v 0.938745 0.276473 -0.415775
v 0.851364 0.210396 -0.604096
v 0.903653 0.227908 -0.633445
v 0.868722 0.238932 -0.628455
v 0.902616 0.175534 -0.602606
v 0.920419 0.198850 -0.622644
v 0.868123 0.181269 -0.593371
v 0.885850 -0.030812 1.455093
v 0.885850 -0.042881 1.125374
v 0.885850 -0.030812 1.125374
v 0.945524 -0.030812 1.113905
v 0.945525 -0.042881 1.455093
v 0.945525 -0.030812 1.455093
v 0.928834 -0.042881 1.471775
v 0.928834 -0.030812 1.471775
v 0.902463 -0.042881 1.471775
v 0.902463 -0.030812 1.471775
v 0.885850 -0.042881 1.455093
v 0.885850 -0.030812 1.455093
v 0.945525 -0.042881 1.455093
v 0.945524 -0.042881 1.113905
v 0.885850 -0.030812 1.455093
v 0.885850 -0.030812 1.125374
v 0.902463 -0.030812 1.471775
v 0.945525 -0.030812 1.455093
v 0.928834 -0.030812 1.471775
v 0.945524 -0.030812 1.113905
v 0.885850 0.179035 1.455093
v 0.885850 0.164364 1.125374
v 0.885850 0.179035 1.125374
v 0.945524 0.179035 1.113905
v 0.945525 0.164364 1.455093
v 0.945525 0.179035 1.455093
v 0.928834 0.164364 1.471775
v 0.928834 0.179035 1.471775
v 0.902463 0.164364 1.471775
v 0.902463 0.179035 1.471775
v 0.885850 0.164364 1.455093
v 0.885850 0.179035 1.455093
v 0.945525 0.164364 1.455093
v 0.945524 0.164364 1.113905
v 0.885850 0.179035 1.455093
v 0.885850 0.179035 1.125374
v 0.902463 0.179035 1.471775
v 0.945525 0.179035 1.455093
v 0.928834 0.179035 1.471775
v 0.945524 0.179035 1.113905
v -0.943001 -0.030812 1.113906
v -0.943001 -0.042881 1.455094
v -0.943001 -0.042881 1.113906
v -0.943001 -0.030812 1.455094
v -0.926387 -0.042881 1.471776
v -0.926387 -0.030812 1.471776
v -0.900016 -0.042881 1.471776
v -0.900016 -0.030812 1.471776
v -0.883326 -0.042881 1.455094
v -0.883326 -0.030812 1.455094
v -0.883326 -0.042881 1.125375
v -0.883326 -0.030812 1.125375
v -0.943001 -0.030812 1.455094
v -0.900016 -0.030812 1.471776
v -0.926387 -0.030812 1.471776
v -0.883326 -0.030812 1.125375
v -0.883326 -0.030812 1.455094
v -0.943001 -0.030812 1.113906
v -0.926387 -0.042881 1.471776
v -0.900016 -0.042881 1.471776
v -0.883326 -0.042881 1.455094
v -0.883326 -0.042881 1.125375
v -0.943001 -0.042881 1.113906
v -0.943001 -0.042881 1.455094
v -0.410361 0.346205 -1.333478
v -0.513757 0.334505 -1.333478
v -0.513757 0.346205 -1.333478
v -0.410361 0.334505 -1.333478
v -0.513757 0.346205 -1.333478
v -0.513757 0.334505 -1.440152
v -0.513757 0.346205 -1.440152
v -0.513757 0.334505 -1.333478
v -0.513757 0.346205 -1.440152
v -0.410361 0.334505 -1.440152
v -0.410361 0.346205 -1.440152
v -0.513757 0.334505 -1.440152
v -0.410361 0.346205 -1.440152
v -0.410361 0.334505 -1.333478
v -0.410361 0.346205 -1.333478
v -0.410361 0.334505 -1.440152
v -0.513757 0.346205 -1.440152
v -0.410361 0.346205 -1.333478
v -0.513757 0.346205 -1.333478
v -0.410361 0.346205 -1.440152
v 0.241990 0.351272 -0.962342
v 0.054038 0.335403 -0.962342
v 0.054038 0.351272 -0.962342
v 0.241990 0.335403 -0.962342
v 0.054038 0.351272 -0.962342
v 0.054037 0.335403 -1.296896
v 0.054037 0.351272 -1.296896
v 0.054038 0.335403 -0.962342
v 0.054037 0.351272 -1.296896
v 0.241989 0.335403 -1.296897
v 0.241989 0.351272 -1.296897
v 0.054037 0.335403 -1.296896
v 0.241989 0.351272 -1.296897
v 0.241990 0.335403 -0.962342
v 0.241990 0.351272 -0.962342
v 0.241989 0.335403 -1.296897
v 0.054037 0.351272 -1.296896
v 0.241990 0.351272 -0.962342
v 0.054038 0.351272 -0.962342
v 0.241989 0.351272 -1.296897
v -0.341228 0.351272 -0.962342
v -0.545195 0.335403 -0.962342
v -0.545195 0.351272 -0.962342
v -0.341228 0.335403 -0.962342
v -0.545195 0.351272 -0.962342
v -0.545195 0.335403 -1.296896
v -0.545195 0.351272 -1.296896
v -0.545195 0.335403 -0.962342
v -0.545195 0.351272 -1.296896
v -0.341228 0.335403 -1.296896
v -0.341228 0.351272 -1.296896
v -0.545195 0.335403 -1.296896
v -0.341228 0.351272 -1.296896
v -0.341228 0.335403 -0.962342
v -0.341228 0.351272 -0.962342
v -0.341228 0.335403 -1.296896
v -0.545195 0.351272 -1.296896
v -0.341228 0.351272 -0.962342
v -0.545195 0.351272 -0.962342
v -0.341228 0.351272 -1.296896
v 0.012328 0.351272 -0.962342
v -0.307710 0.335403 -0.962342
v -0.307710 0.351272 -0.962342
v 0.012328 0.335403 -0.962342
v -0.307710 0.351272 -0.962342
v -0.307710 0.335403 -1.428759
v -0.307710 0.351272 -1.428759
v -0.307710 0.335403 -0.962342
v -0.307710 0.351272 -1.428759
v 0.012327 0.335403 -1.428759
v 0.012327 0.351272 -1.428759
v -0.307710 0.335403 -1.428759
v 0.012327 0.351272 -1.428759
v 0.012328 0.335403 -0.962342
v 0.012328 0.351272 -0.962342
v 0.012327 0.335403 -1.428759
v -0.307710 0.351272 -1.428759
v 0.012328 0.351272 -0.962342
v -0.307710 0.351272 -0.962342
v 0.012327 0.351272 -1.428759
v -0.585799 0.104620 -1.467045
v 0.258526 0.336148 -1.467045
v -0.585799 0.336148 -1.467045
v 0.258526 0.104620 -1.467045
v -0.245057 0.336148 -0.937982
v -0.585799 -0.051003 -0.846133
v -0.585799 0.336148 -0.846133
v -0.245057 -0.051003 -0.937982
v 0.258526 -0.051003 -0.937982
v 0.258526 0.336148 -0.937982
v -0.943001 0.179035 1.113906
v -0.943001 0.164364 1.455094
v -0.943001 0.164364 1.113906
v -0.943001 0.179035 1.455094
v -0.926387 0.164364 1.471776
v -0.926387 0.179035 1.471776
v -0.900016 0.164364 1.471776
v -0.900016 0.179035 1.471776
v -0.883326 0.164364 1.455094
v -0.883326 0.179035 1.455094
v -0.883326 0.164364 1.125375
v -0.883326 0.179035 1.125375
v -0.943001 0.179035 1.455094
v -0.900016 0.179035 1.471776
v -0.926387 0.179035 1.471776
v -0.883326 0.179035 1.125375
v -0.883326 0.179035 1.455094
v -0.943001 0.179035 1.113906
v -0.926387 0.164364 1.471776
v -0.900016 0.164364 1.471776
v -0.883326 0.164364 1.455094
v -0.883326 0.164364 1.125375
v -0.943001 0.164364 1.113906
v -0.943001 0.164364 1.455094
v 0.258526 0.336148 -1.467045
v 0.258526 -0.051003 -0.937982
v 0.258526 0.336148 -0.937982
v 0.258526 0.104620 -1.467045
v -0.585799 0.336148 -1.467045
v -0.585799 -0.051003 -0.846133
v -0.585799 0.104620 -1.467045
v -0.585799 0.336148 -0.846133
v -0.570376 0.274685 -0.812607
v -0.637497 -0.008096 -0.812606
v -0.637497 0.274692 -0.812606
v -0.570376 -0.008096 -0.812607
v -0.637497 0.274692 -0.812606
v -0.637497 -0.008096 -0.895220
v -0.637497 0.274692 -0.895220
v -0.637497 -0.008096 -0.812606
v -0.637497 0.274692 -0.895220
v -0.570376 -0.008096 -0.895220
v -0.570376 0.274685 -0.895220
v -0.637497 -0.008096 -0.895220
v -0.637497 0.274692 -0.895220
v -0.570376 0.274685 -0.812607
v -0.637497 0.274692 -0.812606
v -0.570376 0.274685 -0.895220
v -0.637497 -0.008096 -0.895220
v -0.570376 -0.008096 -0.812607
v -0.570376 -0.008096 -0.895220
v -0.637497 -0.008096 -0.812606
v 0.258680 0.274685 -0.996313
v 0.325801 -0.008096 -0.996313
v 0.325801 0.274692 -0.996313
v 0.258680 -0.008096 -0.996313
v 0.325801 0.274692 -0.996313
v 0.325801 -0.008096 -0.913699
v 0.325801 0.274685 -0.913699
v 0.325801 -0.008096 -0.996313
v 0.258680 0.274685 -0.996313
v 0.325801 0.274685 -0.913699
v 0.258680 0.274685 -0.913699
v 0.325801 0.274692 -0.996313
v 0.258680 -0.008096 -0.996313
v 0.325801 -0.008096 -0.913699
v 0.325801 -0.008096 -0.996313
v 0.258680 -0.008096 -0.913699
v -0.454681 0.548528 0.018683
v -0.556219 0.495418 0.018683
v -0.556219 0.548528 0.018683
v -0.454681 0.495418 0.018683
v -0.556219 0.548528 0.018683
v -0.556219 0.514711 -0.026167
v -0.556219 0.548528 -0.026167
v -0.556219 0.495418 0.018683
v -0.556219 0.548528 -0.026167
v -0.454681 0.514711 -0.026167
v -0.454681 0.548528 -0.026167
v -0.556219 0.514711 -0.026167
v -0.454681 0.548528 -0.026167
v -0.454681 0.495418 0.018683
v -0.454681 0.548528 0.018683
v -0.454681 0.514711 -0.026167
v -0.794080 0.394103 -0.150943
v -0.783209 0.355740 -0.045459
v -0.773152 0.394103 -0.045459
v -0.804214 0.355740 -0.150943
v -0.781497 0.355740 -0.265072
v -0.772185 0.394103 -0.261195
v -0.716833 0.355740 -0.361843
v -0.709678 0.394103 -0.354687
v -0.620062 0.355740 -0.426499
v -0.616193 0.394103 -0.417187
v -0.505934 0.355740 -0.449224
v -0.505934 0.394103 -0.439167
v -0.391736 0.355740 -0.426500
v -0.395613 0.394103 -0.417187
v -0.294966 0.355740 -0.361843
v -0.302121 0.394103 -0.354688
v -0.230308 0.355740 -0.265072
v -0.239621 0.394103 -0.261195
v -0.207584 0.355740 -0.150944
v -0.217718 0.394103 -0.150944
v -0.228589 0.355740 -0.045460
v -0.238646 0.394103 -0.045460
v -0.355907 0.355740 0.100621
v -0.364620 0.413103 0.088560
v -0.364543 0.355740 0.088630
v -0.385702 0.355740 0.059879
v -0.385702 0.449678 0.059879
v -0.427342 0.355740 0.046390
v -0.427342 0.483349 0.046390
v -0.506908 0.355740 0.020395
v -0.506908 0.501752 0.020395
v -0.584379 0.355740 0.045945
v -0.584379 0.483718 0.045945
v -0.629228 0.355740 0.060247
v -0.629228 0.447443 0.060247
v -0.649189 0.355740 0.087516
v -0.649120 0.413103 0.087440
v -0.657757 0.355740 0.099508
v -0.584379 0.483718 0.045945
v -0.505864 0.523501 -0.045091
v -0.549593 0.522979 -0.045091
v -0.506908 0.501752 0.020395
v -0.427342 0.483349 0.046390
v -0.462212 0.522979 -0.045091
v -0.356720 0.485960 -0.001731
v -0.385702 0.449678 0.059879
v -0.305621 0.413103 0.049299
v -0.364620 0.413103 0.088560
v -0.355907 0.355740 0.100621
v -0.294965 0.355740 0.060024
v -0.228520 0.355740 -0.045091
v -0.243644 0.413103 -0.045091
v -0.327524 0.485960 -0.045091
v -0.973686 -0.022176 1.541285
v -0.845785 0.040846 1.568846
v -0.894873 -0.022176 1.558267
v -1.005347 0.119368 1.534506
v -0.934356 0.154376 1.549776
v -0.863366 0.119437 1.565045
v -1.022858 0.040846 1.530706
v 0.714364 0.234088 -1.592421
v 0.869535 0.369889 -1.244976
v 0.713919 0.370933 -1.592344
v 0.860599 0.227531 -1.270380
v 1.055921 0.212185 -0.836667
v 1.055852 0.036977 -0.836898
v -0.356720 0.485960 -0.001731
v -0.462212 0.522979 -0.045091
v -0.400380 0.509644 -0.045091
v -0.327524 0.485960 -0.045091
v -0.768231 0.413173 -0.045091
v -0.716909 0.355740 0.060101
v -0.783355 0.355740 -0.045091
v -0.706253 0.413173 0.049369
v -0.684350 0.485960 -0.045091
v -0.655077 0.485960 -0.001730
v -0.611425 0.509644 -0.045091
v -0.584379 0.483795 0.046021
v -0.549593 0.522979 -0.045091
v -0.505864 0.523501 -0.045091
v -0.506908 0.501752 0.020472
v -0.427342 0.483426 0.046543
v -0.462212 0.522979 -0.045091
v -0.356720 0.485960 -0.001731
v -0.385702 0.449754 0.059948
v -0.305544 0.413173 0.049369
v -0.364620 0.413173 0.088706
v -0.355907 0.355740 0.100775
v -0.294896 0.355740 0.060101
v -0.228443 0.355740 -0.045091
v -0.243567 0.413173 -0.045091
v -0.327524 0.485960 -0.045091
v -0.629152 0.447520 0.060324
v -0.649120 0.413173 0.087586
v -0.657757 0.355740 0.099654
v 0.612381 0.168087 -1.555771
v 0.860599 0.227531 -1.270380
v 0.714364 0.234088 -1.592421
v 0.754148 0.145662 -1.244754
v 1.055852 0.036977 -0.836898
v 0.941869 -0.059947 -0.792946
v 0.630930 0.450046 0.136158
v 0.622439 0.470237 0.045645
v 0.621541 0.470237 0.136158
v 0.631974 0.450046 0.045645
v 0.475383 0.450046 0.045645
v 0.487674 0.470237 0.136158
v 0.487674 0.470237 0.045645
v 0.475383 0.450046 0.136158
v 0.487674 0.470237 0.045645
v 0.621541 0.470237 0.136158
v 0.622439 0.470237 0.045645
v 0.487674 0.470237 0.136158
v 0.196925 0.345161 -0.065873
v 0.281328 0.400659 -0.025046
v 0.281328 0.345161 -0.025046
v 0.196925 0.400659 -0.065873
v 0.306578 0.345161 -0.074065
v 0.204894 0.400659 -0.082333
v 0.222175 0.345161 -0.114815
v 0.289296 0.400659 -0.041514
v 0.281328 0.345161 -0.025046
v 0.289296 0.400659 -0.041514
v 0.306578 0.345161 -0.074065
v 0.281328 0.400659 -0.025046
v 0.222175 0.345161 -0.114815
v 0.196925 0.400659 -0.065873
v 0.196925 0.345161 -0.065873
v 0.204894 0.400659 -0.082333
v 0.204894 0.400659 -0.082333
v 0.281328 0.400659 -0.025046
v 0.196925 0.400659 -0.065873
v 0.289296 0.400659 -0.041514
v 0.325502 0.345161 -0.017523
v 0.419217 0.400659 -0.017523
v 0.419217 0.345161 -0.017523
v 0.325502 0.400659 -0.017523
v 0.420630 0.345161 -0.072576
v 0.325502 0.400659 -0.035848
v 0.326914 0.345161 -0.072576
v 0.419217 0.400659 -0.035848
v 0.419217 0.345161 -0.017523
v 0.419217 0.400659 -0.035848
v 0.420630 0.345161 -0.072576
v 0.419217 0.400659 -0.017523
v 0.326914 0.345161 -0.072576
v 0.325502 0.400659 -0.017523
v 0.325502 0.345161 -0.017523
v 0.325502 0.400659 -0.035848
v 0.325502 0.400659 -0.035848
v 0.419217 0.400659 -0.017523
v 0.325502 0.400659 -0.017523
v 0.419217 0.400659 -0.035848
v 0.722265 0.304111 -0.129494
v 0.748114 0.362219 -0.203909
v 0.749749 0.306721 -0.205175
v 0.720622 0.359609 -0.128151
v 0.698419 0.305600 -0.225144
v 0.703417 0.359241 -0.134407
v 0.670935 0.302998 -0.149378
v 0.730901 0.361851 -0.210166
v 0.749749 0.306721 -0.205175
v 0.730901 0.361851 -0.210166
v 0.698419 0.305600 -0.225144
v 0.748114 0.362219 -0.203909
v 0.670935 0.302998 -0.149378
v 0.720622 0.359609 -0.128151
v 0.722265 0.304111 -0.129494
v 0.703417 0.359241 -0.134407
v 0.703417 0.359241 -0.134407
v 0.748114 0.362219 -0.203909
v 0.720622 0.359609 -0.128151
v 0.730901 0.361851 -0.210166
v -0.094945 0.383301 0.493284
v -0.190525 0.401258 0.567929
v -0.159755 0.383301 0.493284
v -0.018964 0.416528 0.633484
v -0.070293 0.369820 0.438086
v 0.094120 0.369820 0.438086
v 0.154762 0.399837 0.561826
v -0.190525 0.401258 0.567929
v -0.159755 0.270738 0.493515
v -0.159755 0.383301 0.493284
v -0.190525 0.278262 0.585587
v 0.630930 0.450200 0.136158
v 0.622439 0.470314 0.045645
v 0.631974 0.450200 0.045645
v 0.621541 0.470314 0.136158
v 0.475383 0.450200 0.045645
v 0.487674 0.470314 0.136158
v 0.475383 0.450200 0.136158
v 0.487674 0.470314 0.045645
v 0.487674 0.470314 0.045645
v 0.621541 0.470314 0.136158
v 0.487674 0.470314 0.136158
v 0.622439 0.470314 0.045645
v 0.644265 0.440588 -0.038604
v 0.642031 0.314913 0.056823
v 0.642108 0.440588 0.056746
v 0.645232 0.314913 -0.038604
v 0.633540 0.423752 -0.061920
v 0.633463 0.314913 -0.061920
v 0.601135 0.401780 -0.091423
v 0.601426 0.314913 -0.091423
v 0.559118 0.392836 -0.103568
v 0.559118 0.314913 -0.103568
v 0.515534 0.401780 -0.091423
v 0.559118 0.314913 -0.103568
v 0.559118 0.392836 -0.103568
v 0.514867 0.314913 -0.091423
v 0.478738 0.423752 -0.061920
v 0.478515 0.314913 -0.061920
v 0.464213 0.440588 -0.038604
v 0.464136 0.314913 -0.038604
v 0.464282 0.440588 0.056746
v 0.463691 0.314913 0.056823
v 0.501009 0.467703 0.079394
v 0.463691 0.314913 0.056823
v 0.464282 0.440588 0.056746
v 0.498553 0.314913 0.079394
v 0.609104 0.467703 0.079393
v 0.609250 0.314913 0.079393
v 0.642108 0.440588 0.056746
v 0.642031 0.314913 0.056823
v 0.303599 0.422186 0.671632
v 0.307845 0.257104 0.671632
v 0.303599 0.257104 0.671632
v 0.307845 0.418017 0.671701
v 0.441120 0.422186 0.671632
v 0.436875 0.418017 0.671701
v 0.441120 0.257104 0.671632
v 0.436875 0.257104 0.671632
v 0.436875 0.418017 0.671701
v 0.307845 0.394701 0.521152
v 0.307845 0.418017 0.671701
v 0.436875 0.394701 0.521152
v -0.251981 0.229988 0.980407
v -0.256380 0.073773 0.980561
v -0.252057 0.281763 0.763182
v -0.256380 -0.133026 0.765570
v -0.256380 -0.133026 0.980561
v 1.063445 0.037568 -0.838610
v 1.213180 0.270815 -0.469185
v 1.063445 0.211885 -0.838610
v 1.272409 0.288695 -0.321984
v 1.272409 0.118623 -0.321984
v 1.110897 -0.074618 -0.321983
v 1.272409 -0.098609 0.080959
v 0.938967 -0.061206 -0.789668
v 1.272409 0.268427 -0.010675
v 1.272409 0.261349 0.080959
v 1.272409 0.265226 0.080959
v 1.272409 0.190658 -0.288388
v 1.272409 0.170544 -0.304334
v 1.272409 0.143874 -0.306414
v 1.272409 0.117948 -0.293977
v 1.272409 0.104098 -0.270362
v 1.272409 0.181722 0.080959
v 0.375043 0.347840 -0.144388
v 0.459292 0.358051 -0.161377
v 0.375043 0.358051 -0.144388
v 0.290786 0.347840 -0.161377
v 0.290786 0.358051 -0.161377
v 0.221952 0.347840 -0.207862
v 0.221952 0.358051 -0.207862
v 0.174055 0.347840 -0.278185
v 0.174055 0.358051 -0.278185
v 0.157518 0.358051 -0.360945
v 0.157518 0.347840 -0.360945
v 0.174055 0.358051 -0.443781
v 0.174055 0.347840 -0.443781
v 0.221131 0.358051 -0.514035
v 0.221131 0.347840 -0.514035
v 0.291530 0.358051 -0.560965
v 0.291530 0.347840 -0.560965
v 0.374666 0.358051 -0.577425
v 0.374666 0.347840 -0.577425
v 0.457733 0.358051 -0.560965
v 0.457733 0.347840 -0.560965
v 0.528202 0.358051 -0.514035
v 0.528202 0.347840 -0.514035
v 0.575209 0.358051 -0.443781
v 0.575209 0.347840 -0.443781
v 0.591745 0.358051 -0.360945
v 0.591745 0.347840 -0.360945
v 0.575209 0.358051 -0.278185
v 0.575209 0.347840 -0.278185
v 0.528202 0.358051 -0.207932
v 0.528202 0.347840 -0.207932
v 0.459292 0.347840 -0.161377
v -1.042006 0.104022 -0.106769
v -1.286124 0.261357 0.128037
v -1.286124 0.181568 0.128037
v -1.025615 0.117948 -0.122561
v -1.018391 0.170544 -0.129493
v -1.029484 0.190658 -0.118838
v -1.016971 0.143874 -0.130906
v 0.444989 0.358196 -1.284536
v 0.509208 0.345161 -1.160274
v 0.461379 0.344040 -1.291684
v 0.492741 0.359318 -1.153127
v 0.661769 0.199970 -0.692076
v 0.678236 0.185814 -0.699231
v 0.214652 0.229988 0.980407
v 0.214652 0.281763 0.764449
v 0.215842 0.073773 0.983017
v 0.215842 -0.133026 0.766161
v 0.215842 -0.133026 0.981152
v 1.055399 0.037276 -0.836598
v 0.753848 0.146108 -1.244531
v 0.941647 -0.059571 -0.792716
v 0.464282 0.440588 0.056746
v 0.501009 0.467703 -0.002476
v 0.501009 0.467703 0.079394
v 0.609994 0.467703 -0.002476
v 0.609104 0.467703 0.079393
v 0.642108 0.440588 0.056746
v 0.644265 0.440588 -0.038604
v 0.633540 0.423752 -0.061920
v 0.601135 0.401780 -0.091423
v 0.559118 0.392836 -0.103568
v 0.515534 0.401780 -0.091423
v 0.478738 0.423752 -0.061920
v 0.464213 0.440588 -0.038604
v 0.709597 0.433886 0.055855
v 0.680094 0.385466 0.055855
v 0.709597 0.337038 0.055855
v 0.798100 0.385466 0.055855
v 0.768596 0.433886 0.055855
v 0.768596 0.337038 0.055855
v -0.364620 0.413173 0.088706
v -0.355907 0.355740 0.100775
v -0.364620 0.355740 0.088706
v -0.385702 0.355740 0.059948
v -0.385702 0.449754 0.059948
v -0.427342 0.355740 0.046543
v -0.427342 0.483426 0.046543
v -0.506908 0.355740 0.020472
v -0.506908 0.501752 0.020472
v -0.584379 0.355740 0.046021
v -0.584379 0.483795 0.046021
v -0.629152 0.355740 0.060324
v -0.629152 0.447520 0.060324
v -0.649120 0.355740 0.087586
v -0.649120 0.413173 0.087586
v -0.657757 0.355740 0.099654
v 0.860077 0.227754 -1.270157
v 1.055399 0.211885 -0.836598
v 1.055399 0.037276 -0.836598
v -0.611348 0.509567 -0.045091
v -0.584379 0.483718 0.045945
v -0.549593 0.522979 -0.045091
v -0.655077 0.485960 -0.001730
v -0.629228 0.447443 0.060247
v -0.706177 0.413103 0.049300
v -0.649120 0.413103 0.087440
v -0.657757 0.355740 0.099508
v -0.716832 0.355740 0.060025
v -0.768162 0.413103 -0.045091
v -0.783278 0.355740 -0.045091
v -0.684281 0.485960 -0.045091
v 1.055399 0.037276 -0.836598
v 0.753848 0.146108 -1.244531
v 0.860077 0.227754 -1.270157
v -0.462212 0.522979 -0.045091
v -0.356720 0.485960 -0.001731
v -0.400449 0.509567 -0.045091
v -0.327524 0.485960 -0.045091
v -0.245057 -0.051003 -0.937982
v 0.258526 -0.051003 -0.937982
v 0.258526 0.104620 -1.467045
v -0.585799 0.104620 -1.467045
v -0.585799 -0.051003 -0.846133
v 0.864990 0.223363 -1.245199
v 0.732912 0.151919 -1.291162
v 0.844208 0.229543 -1.291239
v -0.585799 0.336148 -1.467045
v 0.258526 0.336148 -1.467045
v 0.258526 0.336148 -0.937982
v -0.245057 0.336148 -0.937982
v -0.585799 0.336148 -0.846133
v 0.844507 0.229320 -1.291239
v 0.753173 0.147973 -1.245130
v 0.865290 0.223140 -1.245199
v -0.449991 0.475826 -1.470477
v -0.453422 0.483718 -1.463245
v -0.464669 0.483718 -1.463245
v -0.468170 0.475826 -1.470477
v -0.459080 0.470982 -1.475014
v 0.851509 0.209582 -1.230374
v 0.866480 0.358496 -1.225684
v 0.853444 0.358496 -1.232386
v 0.510398 0.356262 -1.145672
v 0.504141 0.145440 -1.135915
v 0.510244 0.149831 -1.147914
v 0.525000 0.124658 -1.141726
v 0.525522 0.134561 -1.152159
v 0.742524 0.124658 -1.192534
v 0.736859 0.134561 -1.201247
v 0.864468 0.203471 -1.223526
v 0.851509 0.209582 -1.230374
v 0.504141 0.145440 -1.135915
v 0.504210 0.355963 -1.133681
v 0.940756 0.135160 -1.054199
v 0.953869 0.281986 -1.047942
v 0.940902 0.285786 -1.054721
v 0.584667 0.283552 -0.923903
v 0.578410 0.047479 -0.914145
v 0.584521 0.051802 -0.926068
v 0.599269 0.026620 -0.919957
v 0.599791 0.036601 -0.930313
v 0.842274 0.041146 -1.007637
v 0.836608 0.051057 -1.016351
v 0.953715 0.129049 -1.047344
v 0.940756 0.135160 -1.054199
v 0.578410 0.047479 -0.914145
v 0.578410 0.283252 -0.911911
v 1.030072 0.043825 -0.850456
v 1.045050 0.207494 -0.845757
v 1.032007 0.207494 -0.852467
v 0.668548 0.205260 -0.711069
v 0.662221 -0.039380 -0.701311
v 0.668402 -0.035065 -0.713234
v 0.683149 -0.060239 -0.707123
v 0.683595 -0.050259 -0.717556
v 0.925256 -0.060239 -0.800170
v 0.919598 -0.050335 -0.808884
v 1.043039 0.037722 -0.843600
v 1.030072 0.043825 -0.850456
v 0.662221 -0.039380 -0.701311
v 0.662291 0.204961 -0.699077
v 0.292720 0.356485 -1.266357
v 0.274993 0.341883 -1.266357
v 0.278118 0.374211 -1.266357
v 0.260392 0.359609 -1.266357
v 0.993199 0.261580 -0.104904
v 1.021581 0.233420 -0.320348
v 1.035439 0.253826 -0.101404
v 0.370198 0.566409 -0.848444
v 0.321778 0.536913 -0.848444
v 0.273351 0.566409 -0.848444
v 0.321778 0.654911 -0.848444
v 0.370198 0.625407 -0.848444
v 0.273351 0.625407 -0.848444
v 0.378543 0.561342 -0.916901
v 0.378543 0.630474 -0.916901
v 0.321778 0.665114 -0.916901
v 0.265013 0.561342 -0.916901
v 0.321778 0.526702 -0.916901
v 0.265013 0.630474 -0.916901
v 0.444989 0.358196 -1.284536
v 0.461379 0.344040 -1.291684
v 0.460335 0.375332 -1.285573
v 0.476726 0.361175 -1.292651
v -0.614327 -0.132281 -0.838233
v -0.614327 0.276627 -0.838233
v -0.720333 0.276627 -0.573256
v -0.777697 0.276627 -0.430599
v -0.832819 0.276627 -0.293301
v -1.137655 -0.132281 0.465278
v -1.002822 0.276627 0.131837
v -1.137655 0.230963 0.465278
v 0.979564 0.299274 -0.117195
v 1.021581 0.233420 -0.320348
v 0.993199 0.261580 -0.104904
v 0.435309 0.246755 0.910460
v 0.435309 0.229988 0.980407
v 0.435309 0.220607 0.980407
v 0.435308 0.220607 0.505729
v 0.435308 0.280427 0.505729
v 1.008100 0.329215 -0.125917
v 1.021581 0.233420 -0.320348
v 0.979564 0.299274 -0.117195
v 0.308889 0.281095 0.675425
v 0.308889 0.296518 0.505729
v 0.308889 0.220607 0.505729
v 0.308889 0.220607 0.980407
v 0.308889 0.229988 0.980407
v 0.308889 0.266792 0.826803
v 1.050263 0.321400 -0.122416
v 1.021581 0.233420 -0.320348
v 1.008100 0.329215 -0.125917
v 0.500787 0.349260 -0.099392
v 0.500787 0.357828 -0.098724
v 0.466969 0.358051 -0.138730
v 1.063967 0.283705 -0.110125
v 1.021581 0.233420 -0.320348
v 1.050263 0.321400 -0.122416
v 0.466593 0.401626 0.522933
v 0.450279 0.401626 0.338636
v 0.466593 0.401626 0.320310
v 0.265459 0.401626 0.338636
v 0.249068 0.401626 0.320310
v 0.265459 0.401626 0.504608
v 0.249068 0.401626 0.522933
v 0.450279 0.401626 0.504608
v 0.704531 0.442231 0.124236
v 0.773663 0.442231 0.124236
v 0.808303 0.385466 0.124236
v 0.704531 0.328701 0.124236
v 0.669891 0.385466 0.124236
v 0.773663 0.328701 0.124236
v 0.670191 0.343226 0.102563
v 0.710043 0.332716 0.046543
v 0.670191 0.360062 0.065168
v 0.710043 0.311266 0.094072
v 0.710043 0.332716 0.046543
v 0.770907 0.311266 0.094072
v 0.770907 0.332716 0.046543
v 0.810759 0.360062 0.065168
v 0.770907 0.311266 0.094072
v 0.810759 0.343226 0.102563
v 0.670935 0.359839 0.065168
v 0.710342 0.333015 0.046543
v 0.670935 0.343226 0.102563
v 0.710342 0.311865 0.094072
v 0.770608 0.311865 0.094072
v 0.770608 0.333015 0.046543
v 0.810015 0.359839 0.065168
v 0.810015 0.343226 0.102563
v 1.035439 0.253826 -0.101404
v 1.021581 0.233420 -0.320348
v 1.063967 0.283705 -0.110125
v 0.670935 0.359839 0.065168
v 0.670935 0.343226 0.102563
v 0.670935 0.394924 0.097274
v 0.670935 0.382479 0.125502
v 0.810015 0.343226 0.102563
v 0.810015 0.359839 0.065168
v 0.810015 0.382479 0.125502
v 0.810015 0.395001 0.097274
v 0.191935 0.274017 -0.880104
v 0.170477 0.684337 -0.871237
v 0.170477 0.274017 -0.871237
v 0.161541 0.684337 -0.849710
v 0.161541 0.274017 -0.849710
v 0.170477 0.684337 -0.828253
v 0.170477 0.274017 -0.828253
v 0.191935 0.684337 -0.819386
v 0.191935 0.274017 -0.819386
v 0.213385 0.684337 -0.828253
v 0.213385 0.274017 -0.828253
v 0.222328 0.684337 -0.849711
v 0.222328 0.274017 -0.849711
v 0.213385 0.684337 -0.871237
v 0.213385 0.274017 -0.871237
v 0.191935 0.684337 -0.880104
v 0.225008 0.678894 -0.884872
v 0.191935 0.634275 -0.849711
v 0.225008 0.678894 -0.814618
v 0.225008 0.790267 -0.814618
v 0.225008 0.790267 -0.884872
v 1.050340 0.265894 -0.327273
v 1.035439 0.198328 -0.306268
v 1.063967 0.228199 -0.314982
v 0.979641 0.243769 -0.322060
v 0.993276 0.206082 -0.309769
v 1.008169 0.273717 -0.330774
v 1.128186 0.261580 -0.102824
v 1.137790 0.233420 -0.319972
v 1.170572 0.253826 -0.102970
v 0.158854 0.790267 -0.814618
v 0.158854 0.678894 -0.884872
v 0.158854 0.790267 -0.884872
v 0.158854 0.678894 -0.814618
v 0.191935 0.634275 -0.849711
v 1.113508 0.299274 -0.113925
v 1.137790 0.233420 -0.319972
v 1.128186 0.261580 -0.102824
v 0.225008 0.678894 -0.814618
v 0.191935 0.634275 -0.849711
v 0.158854 0.678894 -0.814618
v 0.158854 0.790267 -0.814618
v 0.225008 0.790267 -0.814618
v 1.141222 0.329215 -0.125095
v 1.137790 0.233420 -0.319972
v 1.113508 0.299274 -0.113925
v 0.225008 0.790267 -0.814618
v 0.158854 0.790267 -0.814618
v 0.191935 0.814849 -0.849711
v 0.191935 0.814849 -0.849711
v 0.158854 0.790267 -0.884872
v 0.191935 0.814849 -0.849711
v 0.225008 0.790267 -0.884872
v 0.225008 0.790267 -0.884872
v 0.191935 0.814849 -0.849711
v 0.178146 0.851730 -0.835922
v 0.191935 0.771795 -0.830188
v 0.178146 0.771795 -0.835922
v 0.191935 0.851730 -0.830188
v 0.205715 0.771795 -0.835922
v 0.205715 0.851730 -0.835922
v 0.211450 0.771795 -0.849711
v 0.211450 0.851730 -0.849711
v 0.205715 0.771795 -0.863560
v 0.205715 0.851730 -0.863560
v 0.191935 0.771795 -0.869226
v 0.191935 0.851730 -0.869226
v 0.178146 0.771795 -0.863560
v 0.178146 0.851730 -0.863560
v 0.172412 0.771795 -0.849711
v 0.172412 0.851730 -0.849711
v 0.178146 0.771795 -0.835922
v 0.178146 0.851730 -0.835922
v 0.184411 0.856720 -0.842187
v 0.191935 0.851730 -0.830188
v 0.178146 0.851730 -0.835922
v 0.191935 0.856720 -0.839055
v 0.205715 0.851730 -0.835922
v 0.199458 0.856720 -0.842187
v 0.211450 0.851730 -0.849711
v 0.202583 0.856720 -0.849711
v 0.205715 0.851730 -0.863560
v 0.199458 0.856720 -0.857303
v 0.191935 0.851730 -0.869226
v 0.191935 0.856720 -0.860435
v 0.178146 0.851730 -0.863560
v 0.184411 0.856720 -0.857303
v 0.172412 0.851730 -0.849711
v 0.181279 0.856720 -0.849711
v 0.178146 0.851730 -0.835922
v 0.184411 0.856720 -0.842187
v 0.191935 0.893816 -0.883006
v 0.176511 0.912963 -0.865126
v 0.168389 0.893816 -0.873248
v 0.170178 0.912963 -0.849711
v 0.158631 0.893816 -0.849710
v 0.176511 0.912963 -0.834364
v 0.168389 0.893816 -0.826165
v 0.191935 0.912963 -0.827953
v 0.191935 0.893816 -0.816484
v 0.207274 0.912963 -0.834364
v 0.215473 0.893816 -0.826165
v 0.213684 0.912963 -0.849711
v 0.225154 0.893816 -0.849711
v 0.207273 0.912963 -0.865126
v 0.215473 0.893816 -0.873249
v 0.191935 0.912963 -0.871460
v 0.158631 0.893816 -0.849710
v 0.191935 0.893816 -0.883006
v 0.168389 0.893816 -0.873248
v 0.191935 0.893816 -0.816484
v 0.225154 0.893816 -0.849711
v 0.215473 0.893816 -0.826165
v 0.215473 0.893816 -0.873249
v 0.168389 0.893816 -0.826165
v 0.207274 0.912963 -0.834364
v 0.207273 0.912963 -0.865126
v 0.213684 0.912963 -0.849711
v 0.176511 0.912963 -0.834364
v 0.176511 0.912963 -0.865126
v 0.170178 0.912963 -0.849711
v 0.191935 0.912963 -0.871460
v 0.191935 0.912963 -0.827953
v -0.507277 0.282285 0.043634
v -0.615517 0.426431 0.078872
v -0.615517 0.282285 0.078872
v -0.682492 0.426431 0.170952
v -0.682492 0.282285 0.170952
v -0.682492 0.426431 0.284850
v -0.682492 0.282285 0.284850
v -0.615517 0.426431 0.376930
v -0.615517 0.282285 0.376930
v -0.507277 0.426431 0.412160
v -0.507277 0.282285 0.412160
v -0.398960 0.426431 0.376930
v -0.398960 0.282285 0.376930
v -0.331992 0.426431 0.284850
v -0.331992 0.282285 0.284850
v -0.331992 0.426431 0.170952
v -0.331992 0.282285 0.170952
v -0.398960 0.426431 0.078872
v -0.398960 0.282285 0.078872
v -0.507277 0.426431 0.043634
v -0.507277 0.424128 0.017040
v -0.633919 0.438576 0.058236
v -0.633919 0.424128 0.058236
v -0.712211 0.438576 0.165954
v -0.712211 0.424128 0.165954
v -0.712211 0.438576 0.299076
v -0.712211 0.424128 0.299076
v -0.633919 0.438576 0.406871
v -0.633919 0.424128 0.406871
v -0.507277 0.438576 0.447997
v -0.507277 0.424128 0.447997
v -0.380635 0.438576 0.406870
v -0.380635 0.424128 0.406870
v -0.302343 0.438576 0.299075
v -0.302343 0.424128 0.299075
v -0.302343 0.438576 0.165954
v -0.302343 0.424128 0.165954
v -0.380635 0.438576 0.058236
v -0.380635 0.424128 0.058236
v -0.507277 0.438576 0.017040
v 0.296075 0.666833 -0.857825
v 0.331236 0.666833 -0.889931
v 0.318799 0.666833 -0.918091
v 0.279462 0.666833 -0.895221
v 0.243333 0.627419 -0.886730
v 0.258979 0.627419 -0.839200
v 0.258979 0.567153 -0.839200
v 0.243333 0.567153 -0.886730
v 0.279462 0.527746 -0.895221
v 0.296075 0.527746 -0.857825
v 0.331236 0.527746 -0.889931
v 0.318723 0.527746 -0.918091
v -0.587880 0.441486 -1.052333
v 0.351274 0.478428 -1.015015
v -0.587880 0.478428 -1.015015
v 0.351274 0.478137 -0.962496
v -0.587880 0.478137 -0.962495
v 0.351274 0.440810 -0.925615
v -0.587880 0.440810 -0.925614
v 0.351274 0.388291 -0.925845
v -0.587880 0.388291 -0.925844
v 0.351274 0.351341 -0.963240
v -0.587880 0.351341 -0.963240
v 0.351274 0.351640 -1.015683
v -0.587880 0.351640 -1.015682
v 0.351274 0.388967 -1.052633
v -0.587880 0.388967 -1.052632
v 0.351274 0.441486 -1.052333
v -0.564418 0.380468 -0.907366
v -0.564418 0.333092 -1.023505
v -0.564418 0.332793 -0.955639
v -0.564418 0.496608 -0.954741
v -0.564418 0.449232 -1.070881
v -0.564418 0.496984 -1.022607
v -0.564418 0.381366 -1.071257
v -0.564418 0.448334 -0.906997
v -0.617606 0.380468 -0.907365
v -0.617606 0.496608 -0.954741
v -0.617606 0.448334 -0.906997
v -0.617606 0.333092 -1.023505
v -0.617606 0.449232 -1.070881
v -0.617606 0.381366 -1.071257
v -0.617606 0.496984 -1.022607
v -0.617606 0.332793 -0.955639
v -0.617606 0.449232 -1.070881
v -0.564418 0.496984 -1.022607
v -0.617606 0.496984 -1.022607
v -0.564418 0.496608 -0.954741
v -0.617606 0.496608 -0.954741
v -0.564418 0.448334 -0.906997
v -0.617606 0.448334 -0.906997
v -0.564418 0.380468 -0.907366
v -0.617606 0.380468 -0.907365
v -0.564418 0.332793 -0.955639
v -0.617606 0.332793 -0.955639
v -0.564418 0.333092 -1.023505
v -0.617606 0.333092 -1.023505
v -0.564418 0.381366 -1.071257
v -0.617606 0.381366 -1.071257
v -0.564418 0.449232 -1.070881
v 0.393368 0.380468 -0.907366
v 0.393368 0.333092 -1.023506
v 0.393368 0.332793 -0.955640
v 0.393368 0.496608 -0.954742
v 0.393368 0.449232 -1.070881
v 0.393368 0.496984 -1.022608
v 0.393368 0.381366 -1.071258
v 0.393368 0.448334 -0.906997
v 0.340173 0.380468 -0.907366
v 0.340173 0.496608 -0.954742
v 0.340173 0.448334 -0.906997
v 0.340173 0.333092 -1.023506
v 0.340173 0.449232 -1.070881
v 0.340173 0.381366 -1.071258
v 0.340173 0.496984 -1.022608
v 0.340173 0.332716 -0.955640
v 0.340173 0.449232 -1.070881
v 0.393368 0.496984 -1.022608
v 0.340173 0.496984 -1.022608
v 0.393368 0.496608 -0.954742
v 0.340173 0.496608 -0.954742
v 0.393368 0.448334 -0.906997
v 0.340173 0.448334 -0.906997
v 0.393368 0.380468 -0.907366
v 0.340173 0.380468 -0.907366
v 0.393368 0.332793 -0.955640
v 0.340173 0.332716 -0.955640
v 0.393368 0.333092 -1.023506
v 0.340173 0.333092 -1.023506
v 0.393368 0.381366 -1.071258
v 0.340173 0.381366 -1.071258
v 0.393368 0.449232 -1.070881
v -0.501167 0.333691 -1.604267
v -0.501543 0.296518 -1.599944
v -0.501167 0.333691 -1.599944
v -0.501543 0.293018 -1.604267
v -0.501620 0.278039 -1.475244
v -0.501620 0.281540 -1.467045
v -0.502364 0.199970 -1.475244
v -0.502364 0.199970 -1.467045
v 1.183531 0.321400 -0.125241
v 1.137790 0.233420 -0.319972
v 1.141222 0.329215 -0.125095
v 0.400216 0.327803 0.053844
v 0.381223 0.345606 0.063302
v 0.380401 0.328179 0.062112
v 0.372954 0.344639 0.083194
v 0.372133 0.327135 0.081927
v 0.381223 0.342850 0.102932
v 0.380401 0.325346 0.101742
v 0.401037 0.341284 0.111131
v 0.400216 0.323857 0.109864
v 0.420852 0.340915 0.102786
v 0.420038 0.323480 0.101596
v 0.429121 0.341959 0.082971
v 0.428307 0.324448 0.081773
v 0.420852 0.343671 0.063226
v 0.420038 0.326236 0.061959
v 0.401037 0.345237 0.055034
v 0.420852 0.340915 0.102786
v 0.420852 0.343671 0.063226
v 0.429121 0.341959 0.082971
v 0.381223 0.342850 0.102932
v 0.381223 0.345606 0.063302
v 0.372954 0.344639 0.083194
v 0.401037 0.345237 0.055034
v 0.401037 0.341284 0.111131
v -0.255190 -0.130193 0.711630
v 0.216587 -0.132281 0.764449
v 0.238344 -0.130193 0.710885
v 0.214652 -0.132281 0.980407
v 0.541092 -0.132281 0.980407
v 0.637187 -0.130193 0.420205
v 1.118575 -0.132281 0.463711
v 0.789010 -0.130193 -0.049406
v 0.602248 -0.132281 -0.838310
v 0.635843 -0.130193 -0.518580
v 0.236109 -0.130193 -0.808062
v 0.229399 -0.132281 -0.937982
v -0.240811 -0.132281 -0.937982
v -0.257493 -0.130193 -0.807317
v -0.614327 -0.132281 -0.838233
v -0.656344 -0.130193 -0.516637
v -0.808160 -0.130193 -0.047026
v -1.137655 -0.132281 0.465278
v -0.654924 -0.130193 0.422148
v -0.566429 -0.132281 0.980407
v -0.251981 -0.132281 0.980407
v -0.250491 -0.132281 0.764449
v 1.198210 0.283705 -0.114217
v 1.137790 0.233420 -0.319972
v 1.183531 0.321400 -0.125241
v -1.286124 0.181568 0.128037
v -1.195687 -0.099423 0.128037
v -1.286124 -0.099423 0.128037
v -1.286124 0.261357 0.128037
v -1.286124 0.265226 0.128037
v -1.001847 -0.099423 0.128037
v -1.001847 0.265226 0.128037
v 1.170572 0.253826 -0.102970
v 1.137790 0.233420 -0.319972
v 1.198210 0.283705 -0.114217
v -1.000434 0.271706 -0.274906
v -0.965649 0.268427 0.036410
v -1.034183 0.339871 -0.076821
v 1.165804 0.265894 -0.329361
v 1.152845 0.198328 -0.307090
v 1.180483 0.228199 -0.318260
v 1.095850 0.243769 -0.317961
v 1.110529 0.206082 -0.306936
v 1.123488 0.273717 -0.329215
v 0.927498 0.262846 -0.431644
v 0.877658 0.193936 -0.633599
v 0.968540 0.255991 -0.442668
v -1.286124 0.268427 0.036410
v -1.286124 0.271706 -0.274906
v -1.266010 0.339871 -0.076820
v 0.907606 0.297486 -0.444457
v 0.877658 0.193936 -0.633599
v 0.927498 0.262846 -0.431644
v -0.843552 0.233719 -0.675093
v -0.968697 0.266869 -0.295543
v -0.984719 0.349706 -0.374579
v 0.928765 0.325193 -0.468295
v 0.877658 0.193936 -0.633599
v 0.907606 0.297486 -0.444457
v -1.236138 0.253833 -0.400504
v -1.098694 0.233719 -0.768432
v -1.165293 0.349629 -0.446836
v 0.969730 0.318344 -0.479319
v 0.877658 0.193936 -0.633599
v 0.928765 0.325193 -0.468295
v -1.286124 0.181568 0.128037
v -1.286124 0.104022 -0.223354
v -1.042006 0.104022 -0.106769
v -1.025615 0.117948 -0.122561
v -1.286124 0.117948 -0.246892
v -1.016971 0.143874 -0.130906
v -1.286124 0.143874 -0.259337
v -1.018391 0.170544 -0.129493
v -1.286124 0.170544 -0.257249
v -1.029484 0.190658 -0.118838
v -1.286124 0.190658 -0.241303
v -1.286124 0.261357 0.128037
v 0.989698 0.283705 -0.466506
v 0.877658 0.193936 -0.633599
v 0.969730 0.318344 -0.479319
v -1.168195 0.116236 -0.582937
v -1.166629 0.116236 -0.655870
v -1.173562 0.116236 -0.584879
v -1.144058 0.116236 -0.647455
v -1.125211 0.116236 -0.713978
v -1.119921 0.116236 -0.711966
v 0.968540 0.255991 -0.442668
v 0.877658 0.193936 -0.633599
v 0.989698 0.283705 -0.466506
v -1.119921 0.195572 -0.711966
v -1.166629 0.195572 -0.655870
v -1.125211 0.195572 -0.713978
v -1.144058 0.195572 -0.647455
v -1.173562 0.195572 -0.584879
v -1.168195 0.195572 -0.582937
v 0.899484 0.224630 -0.656316
v 0.898294 0.162276 -0.619665
v 0.919375 0.189990 -0.643502
v 0.837353 0.203771 -0.621454
v 0.857244 0.169131 -0.608641
v 0.858434 0.231478 -0.645291
v 1.029850 0.263069 -0.472463
v 0.980009 0.194236 -0.674418
v 1.070899 0.256213 -0.483488
v -1.099516 0.296518 -1.108130
v -1.099961 0.117057 -1.691870
v -1.099961 0.328547 -1.691794
v -1.099585 0.233942 -1.043689
v -1.099516 0.049268 -1.244899
v -1.099738 0.023488 -1.043320
v -1.098694 0.021630 -0.768432
v -1.098694 0.233719 -0.768432
v 1.009958 0.297708 -0.485276
v 0.980009 0.194236 -0.674418
v 1.029850 0.263069 -0.472463
v -0.646211 0.328547 -1.692991
v -1.099516 0.296518 -1.108130
v -1.099961 0.328547 -1.691794
v -0.646211 0.296518 -1.109321
v -1.099585 0.233942 -1.043689
v -0.646211 0.233942 -1.045178
v -1.098694 0.233719 -0.768432
v -0.843552 0.233719 -0.675093
v -0.700741 0.233719 -0.622198
v -0.645988 0.230733 -0.761285
v -0.965649 0.268504 0.036333
v -1.285970 0.215317 -0.168155
v -1.014138 0.215317 -0.168156
v -1.266010 0.270961 -0.268350
v -1.034252 0.270961 -0.268350
v -1.285970 0.215317 -0.168155
v -1.286124 0.268504 0.036410
v -1.286124 0.268504 0.036410
v -1.266010 0.270961 -0.268350
v -1.285970 0.215317 -0.168155
v 1.031040 0.325415 -0.509114
v 0.980009 0.194236 -0.674418
v 1.009958 0.297708 -0.485276
v -1.266010 0.270961 -0.268350
v -1.286124 0.268504 0.036410
v -1.266010 0.339871 -0.076820
v 1.072089 0.318567 -0.520138
v 0.980009 0.194236 -0.674418
v 1.031040 0.325415 -0.509114
v -1.034252 0.339871 -0.076821
v -1.014138 0.215317 -0.168156
v -1.034252 0.270961 -0.268350
v 1.091981 0.283928 -0.507325
v 0.980009 0.194236 -0.674418
v 1.072089 0.318567 -0.520138
v -1.014138 0.215317 -0.168156
v -1.034252 0.339871 -0.076821
v -0.965649 0.268504 0.036333
v 1.070899 0.256213 -0.483488
v 0.980009 0.194236 -0.674418
v 1.091981 0.283928 -0.507325
v -1.132143 0.066250 -0.319157
v -1.096759 0.079739 -0.298667
v -1.083271 0.119145 -0.303358
v -1.140558 0.131582 -0.348952
v -1.154046 0.092176 -0.344262
v -1.105097 0.145064 -0.328539
v -1.255208 0.117280 -0.153922
v -1.277111 0.143206 -0.179103
v -1.117096 0.103123 -0.325038
v 1.001843 0.224852 -0.697143
v 1.000646 0.162498 -0.660492
v 1.021727 0.190282 -0.684330
v 0.939635 0.203993 -0.662281
v 0.959604 0.169423 -0.649468
v 0.960794 0.231708 -0.686118
v 1.132877 0.146553 -0.090533
v 1.030072 0.118923 -0.282055
v 1.168261 0.133072 -0.110939
v -1.277111 0.143206 -0.179103
v -1.263622 0.182689 -0.183794
v -1.117096 0.103123 -0.325038
v 1.119396 0.185967 -0.095223
v 1.030072 0.118923 -0.282055
v 1.132877 0.146553 -0.090533
v -1.263622 0.182689 -0.183794
v -1.228238 0.196170 -0.163388
v -1.117096 0.103123 -0.325038
v 1.141222 0.211885 -0.120328
v 1.030072 0.118923 -0.282055
v 1.119396 0.185967 -0.095223
v -1.228238 0.196170 -0.163388
v -1.206335 0.170244 -0.138207
v -1.117096 0.103123 -0.325038
v 1.176683 0.198404 -0.140810
v 1.030072 0.118923 -0.282055
v 1.141222 0.211885 -0.120328
v -1.206335 0.170244 -0.138207
v -1.219824 0.130838 -0.133509
v -1.117096 0.103123 -0.325038
v 1.190164 0.158997 -0.136120
v 1.030072 0.118923 -0.282055
v 1.176683 0.198404 -0.140810
v -1.219824 0.130838 -0.133509
v -1.255208 0.117280 -0.153922
v -1.117096 0.103123 -0.325038
v 1.168261 0.133072 -0.110939
v 1.030072 0.118923 -0.282055
v 1.190164 0.158997 -0.136120
v -1.039918 0.072284 -0.256873
v -1.004534 0.085773 -0.236390
v -0.991045 0.125180 -0.241081
v -1.048332 0.137617 -0.286752
v -1.061821 0.098210 -0.282054
v -1.012948 0.151098 -0.266262
v -1.162982 0.123314 -0.091722
v -1.184885 0.149240 -0.116826
v -1.024871 0.109157 -0.262838
v 1.053541 0.147374 -0.305969
v 1.045120 0.081973 -0.276097
v 1.067022 0.107891 -0.301278
v 0.996254 0.134937 -0.260382
v 1.009736 0.095531 -0.255684
v 1.018157 0.160863 -0.285555
v 1.221679 0.140526 -0.152733
v 1.118943 0.112889 -0.344332
v 1.257063 0.127038 -0.173216
v -1.184885 0.149240 -0.116826
v -1.171396 0.188647 -0.121517
v -1.024871 0.109157 -0.262838
v 1.208190 0.179933 -0.157424
v 1.118943 0.112889 -0.344332
v 1.221679 0.140526 -0.152733
v -1.171396 0.188647 -0.121517
v -1.136013 0.202205 -0.101103
v -1.024871 0.109157 -0.262838
v 1.230093 0.205851 -0.182605
v 1.118943 0.112889 -0.344332
v 1.208190 0.179933 -0.157424
v -1.136013 0.202205 -0.101103
v -1.114117 0.176279 -0.075930
v -1.024871 0.109157 -0.262838
v 1.265477 0.192370 -0.203095
v 1.118943 0.112889 -0.344332
v 1.230093 0.205851 -0.182605
v -1.114117 0.176279 -0.075930
v -1.127598 0.136795 -0.071231
v -1.024871 0.109157 -0.262838
v 1.278958 0.152963 -0.198397
v 1.118943 0.112889 -0.344332
v 1.265477 0.192370 -0.203095
v -1.127598 0.136795 -0.071231
v -1.162982 0.123314 -0.091722
v -1.024871 0.109157 -0.262838
v 1.257063 0.127038 -0.173216
v 1.118943 0.112889 -0.344332
v 1.278958 0.152963 -0.198397
v -1.066366 0.162498 -0.613407
v -1.025393 0.169431 -0.602383
v -1.005424 0.203993 -0.615196
v -1.067632 0.224852 -0.650058
v -1.087516 0.190282 -0.637245
v -1.026583 0.231708 -0.639034
v -1.136688 0.256213 -0.436411
v -1.157770 0.283928 -0.460248
v -1.045799 0.194236 -0.627341
v 1.142412 0.141340 -0.368246
v 1.133998 0.076008 -0.338374
v 1.155893 0.101933 -0.363555
v 1.085125 0.128903 -0.322659
v 1.098606 0.089496 -0.317961
v 1.107028 0.154829 -0.347763
v 1.128478 0.118547 -0.692222
v 1.171017 0.197882 -0.635012
v 1.128478 0.197882 -0.692222
v 1.171017 0.118547 -0.635012
v 1.179439 0.197882 -0.564167
v 1.179439 0.118547 -0.564167
v 1.272409 0.181722 0.080959
v 1.034471 0.104098 -0.181937
v 1.272409 0.104098 -0.270362
v 1.018081 0.117948 -0.198097
v 1.272409 0.117948 -0.293977
v 1.009436 0.143874 -0.206596
v 1.272409 0.143874 -0.306414
v 1.010857 0.170544 -0.205176
v 1.272409 0.170544 -0.304334
v 1.021958 0.190658 -0.194305
v 1.272409 0.190658 -0.288388
v 1.272409 0.261349 0.080959
v 1.119688 0.361099 -0.499510
v 1.213180 0.270815 -0.469185
v 1.209833 0.270815 -0.470675
v -1.157770 0.283928 -0.460248
v -1.137878 0.318567 -0.473061
v -1.045799 0.194236 -0.627341
v 1.029550 0.108789 -0.737962
v 0.881381 0.283851 -0.335841
v 0.803312 0.121825 -0.645445
v 1.209833 0.270815 -0.470675
v 1.213180 0.270815 -0.469185
v -1.137878 0.318567 -0.473061
v -1.096829 0.325423 -0.462037
v -1.045799 0.194236 -0.627341
v 1.213180 0.270815 -0.469185
v 1.119688 0.361099 -0.499579
v 1.063445 0.211885 -0.838610
v -1.096829 0.325423 -0.462037
v -1.075678 0.297708 -0.438199
v -1.045799 0.194236 -0.627341
v 0.743492 0.211885 -0.713902
v 0.891661 0.371086 -0.401695
v 0.881381 0.283851 -0.335841
v -1.075678 0.297708 -0.438199
v -1.095639 0.263069 -0.425386
v -1.045799 0.194236 -0.627341
v 1.272409 0.268427 -0.010675
v 1.257208 0.339871 -0.123905
v 1.272409 0.288695 -0.321984
v -1.095639 0.263069 -0.425386
v -1.136688 0.256213 -0.436411
v -1.045799 0.194236 -0.627341
v 0.931068 0.268504 -0.010675
v 1.272256 0.215317 -0.215164
v 1.272409 0.268504 -0.010675
v 0.931068 0.215317 -0.215163
v 1.257208 0.286308 -0.315427
v 0.951182 0.286308 -0.315427
v -0.964083 0.162276 -0.572588
v -0.923033 0.169131 -0.561563
v -0.903142 0.203771 -0.574377
v -0.965273 0.224630 -0.609239
v -0.985164 0.189990 -0.596425
v -0.924223 0.231485 -0.598214
v -1.034329 0.255991 -0.395583
v -1.055410 0.283705 -0.419421
v -0.943447 0.193936 -0.586514
v 0.930999 0.288695 -0.321983
v 0.951182 0.339871 -0.123905
v 0.931068 0.268427 -0.010675
v -1.055410 0.283705 -0.419421
v -1.035519 0.318344 -0.432234
v -0.943447 0.193936 -0.586514
v 0.930999 0.288695 -0.321983
v 0.931068 0.268427 -0.010675
v 0.807934 0.279751 -0.321983
v 0.664233 0.211885 -0.683285
v 0.743492 0.211885 -0.713902
v 0.881381 0.283851 -0.335841
v 1.213180 0.270815 -0.469185
v 1.272409 0.288695 -0.321984
v 0.951182 0.339871 -0.123905
v 1.257208 0.339871 -0.123905
v 1.272409 -0.098609 0.080959
v 0.967273 -0.098609 0.080959
v 1.272409 0.181722 0.080959
v 1.272409 0.261349 0.080959
v 0.967273 0.265226 0.080959
v 1.272409 0.265226 0.080959
v -1.035519 0.318344 -0.432234
v -0.994477 0.325193 -0.421210
v -0.943447 0.193936 -0.586514
v 0.743492 0.211885 -0.713902
v 1.063445 0.037568 -0.838610
v 1.063445 0.211885 -0.838610
v 0.664233 0.211885 -0.683285
v 0.938967 -0.061206 -0.789668
v 0.664233 -0.061437 -0.683285
v -0.994477 0.325193 -0.421210
v -0.973395 0.297486 -0.397372
v -0.943447 0.193936 -0.586514
v -1.058988 0.262171 -0.039348
v -1.101227 0.254348 -0.035778
v -1.087370 0.233942 -0.254792
v -0.973395 0.297486 -0.397372
v -0.993287 0.262846 -0.384559
v -0.943447 0.193936 -0.586514
v -1.045353 0.299866 -0.051570
v -1.058988 0.262171 -0.039348
v -1.087370 0.233942 -0.254792
v -0.993287 0.262846 -0.384559
v -1.034329 0.255991 -0.395583
v -0.943447 0.193936 -0.586514
v -1.073889 0.329737 -0.060361
v -1.045353 0.299866 -0.051570
v -1.087370 0.233942 -0.254792
v -1.211402 0.198850 -0.240636
v -1.169239 0.206673 -0.244136
v -1.155605 0.244367 -0.256427
v -1.226304 0.266493 -0.261640
v -1.239938 0.228798 -0.249426
v -1.184141 0.274239 -0.265218
v -1.211402 0.254348 -0.035778
v -1.239861 0.284227 -0.044569
v -1.197545 0.233942 -0.254792
v -1.116052 0.321914 -0.056860
v -1.073889 0.329737 -0.060361
v -1.087370 0.233942 -0.254792
v -1.239861 0.284227 -0.044569
v -1.226227 0.321914 -0.056860
v -1.197545 0.233942 -0.254792
v -1.129756 0.284227 -0.044569
v -1.116052 0.321914 -0.056860
v -1.087370 0.233942 -0.254792
v -1.226227 0.321914 -0.056860
v -1.184064 0.329737 -0.060361
v -1.197545 0.233942 -0.254792
v -1.101227 0.254348 -0.035778
v -1.129756 0.284227 -0.044569
v -1.087370 0.233942 -0.254792
v -1.184064 0.329737 -0.060361
v -1.155536 0.299866 -0.051570
v -1.197545 0.233942 -0.254792
v -1.116129 0.266493 -0.261640
v -1.045430 0.244367 -0.256427
v -1.073958 0.274239 -0.265218
v -1.101227 0.198850 -0.240636
v -1.059065 0.206673 -0.244136
v -1.129756 0.228798 -0.249426
v -1.169163 0.262171 -0.039348
v -1.211402 0.254348 -0.035778
v -1.197545 0.233942 -0.254792
v -1.155536 0.299866 -0.051570
v -1.169163 0.262171 -0.039348
v -1.197545 0.233942 -0.254792
vn -0.9297 0.3605 0.0752
vn -0.1896 0.9765 -0.1030
vn -0.0221 -0.3009 -0.9534
vn -0.0238 -0.3019 -0.9531
vn -0.0233 -0.3015 -0.9532
vn -0.0240 -0.3023 -0.9529
vn -0.0230 -0.3024 -0.9529
vn -0.0249 -0.3041 -0.9523
vn -0.7277 -0.5940 0.3431
vn 0.7258 0.6876 -0.0181
vn 0.1991 -0.8845 0.4220
vn 0.9333 -0.2579 0.2499
vn 0.9338 -0.2565 0.2493
vn 0.7266 0.6868 -0.0180
vn -0.7276 -0.5941 0.3431
vn -0.0664 0.9392 -0.3369
vn -0.9297 0.3607 0.0752
vn -0.8644 0.3707 -0.3398
vn -0.8443 -0.5149 0.1482
vn -0.3611 -0.0000 -0.9325
vn -0.3633 -0.0012 -0.9317
vn -0.3626 0.0012 -0.9320
vn -0.3632 -0.0000 -0.9317
vn -0.0338 -0.7878 0.6151
vn -0.0000 -0.0000 1.0000
vn -0.0000 0.9682 -0.2501
vn -0.0000 0.9767 -0.2147
vn -0.0197 0.9903 -0.1375
vn -0.0071 0.9910 -0.1334
vn -0.1268 0.9109 -0.3927
vn -0.0730 0.9945 -0.0750
vn -0.0725 0.9847 -0.1586
vn -0.0620 0.9851 -0.1604
vn -0.0723 0.9953 0.0648
vn 0.7580 -0.2064 0.6188
vn -0.9538 0.2998 0.0197
vn 0.7316 0.6690 0.1308
vn 0.3014 -0.4796 -0.8241
vn 0.3016 -0.4788 -0.8245
vn 0.3019 -0.4790 -0.8243
vn 0.3027 -0.4787 -0.8242
vn 0.3019 -0.4786 -0.8245
vn 0.3014 -0.4782 -0.8249
vn -0.0000 0.8161 0.5779
vn -0.0000 0.9793 0.2022
vn -0.0000 0.9976 -0.0693
vn -0.0000 0.9678 -0.2517
vn -0.0665 0.9393 -0.3366
vn 0.9729 0.2308 0.0150
vn -0.8638 0.3720 -0.3399
vn -0.9099 0.3128 0.2723
vn -0.8437 -0.5158 0.1489
vn 0.7034 0.6002 -0.3808
vn -0.0336 -0.7879 0.6149
vn -0.1441 0.8879 -0.4368
vn -0.1374 0.8887 -0.4375
vn -0.1264 0.8916 -0.4347
vn 0.7580 -0.2064 0.6187
vn -0.4039 -0.1134 0.9078
vn 0.0704 -0.9797 0.1875
vn 0.1005 -0.9584 0.2672
vn 0.0859 -0.9697 0.2285
vn 0.3214 -0.4174 0.8500
vn 0.3446 -0.2361 0.9086
vn 0.3530 0.0989 0.9304
vn 0.3425 0.2544 0.9044
vn 0.2927 0.5610 0.7744
vn 0.2490 0.7062 0.6628
vn -0.0451 0.9915 -0.1217
vn -0.0624 0.9838 -0.1679
vn -0.0799 0.9733 -0.2151
vn 0.9930 -0.0000 -0.1180
vn 0.9582 -0.0000 -0.2861
vn 0.8928 -0.0000 -0.4505
vn 0.8025 -0.0000 -0.5967
vn -0.5590 -0.2826 -0.7795
vn -0.5588 -0.2839 -0.7792
vn -0.5584 -0.2838 -0.7795
vn -0.5585 -0.2842 -0.7793
vn -0.5580 -0.2839 -0.7798
vn -0.5593 -0.2840 -0.7788
vn 0.7315 0.6691 0.1310
vn 0.3014 -0.4790 -0.8244
vn 0.3019 -0.4791 -0.8242
vn 0.3014 -0.4787 -0.8246
vn 0.3008 -0.4787 -0.8248
vn 0.3017 -0.4790 -0.8243
vn 0.3028 -0.4801 -0.8233
vn -0.5172 0.7797 0.3530
vn -0.2143 0.9440 -0.2510
vn -0.6495 -0.1329 0.7487
vn -0.8434 0.2302 -0.4854
vn -0.0295 -0.8577 0.5133
vn -0.7147 -0.6933 -0.0923
vn 0.7145 -0.6935 -0.0924
vn 0.0315 -0.8569 0.5146
vn 0.8432 0.2309 -0.4854
vn 0.6496 -0.1333 0.7485
vn 0.2144 0.9439 -0.2511
vn -0.5582 -0.2850 -0.7792
vn -0.5587 -0.2842 -0.7792
vn -0.5584 -0.2843 -0.7793
vn -0.5585 -0.2840 -0.7794
vn -0.5596 -0.2836 -0.7787
vn 0.5176 0.7793 0.3533
vn 0.5592 -0.2841 -0.7788
vn 0.5592 -0.2842 -0.7788
vn 0.5590 -0.2842 -0.7789
vn 0.5592 -0.2841 -0.7789
vn -0.5170 0.7797 0.3531
vn -0.2159 0.9433 -0.2523
vn -0.6493 -0.1330 0.7488
vn -0.8432 0.2307 -0.4856
vn -0.0296 -0.8577 0.5133
vn -0.7147 -0.6934 -0.0923
vn 0.7152 -0.6927 -0.0934
vn 0.0301 -0.8572 0.5141
vn 0.8431 0.2306 -0.4858
vn 0.6495 -0.1329 0.7487
vn 0.2146 0.9438 -0.2514
vn -0.3014 -0.4790 -0.8244
vn -0.3014 -0.4789 -0.8245
vn -0.3017 -0.4791 -0.8243
vn -0.3016 -0.4791 -0.8243
vn -0.3022 -0.4798 -0.8237
vn -0.3012 -0.4789 -0.8246
vn 0.5172 0.7797 0.3529
vn 0.5576 -0.2872 -0.7789
vn 0.5586 -0.2846 -0.7791
vn 0.5583 -0.2845 -0.7794
vn 0.5579 -0.2838 -0.7799
vn 0.5587 -0.2837 -0.7793
vn 0.5593 -0.2841 -0.7788
vn -0.7315 0.6691 0.1310
vn -0.8802 -0.3648 0.3036
vn -0.7580 -0.2064 0.6187
vn -0.9739 -0.2136 0.0769
vn 0.0337 -0.7879 0.6149
vn 0.9823 -0.1762 0.0634
vn 0.8443 -0.5150 0.1481
vn 0.9698 -0.2361 0.0621
vn -0.0001 0.9678 -0.2516
vn -0.0000 0.8742 0.4855
vn -0.0000 0.9919 0.1269
vn -0.0000 1.0000 0.0081
vn 0.0828 0.9965 0.0112
vn 0.0040 0.9965 0.0829
vn 0.0225 0.9992 -0.0336
vn 0.0348 0.9941 -0.1024
vn 0.0486 0.9906 -0.1277
vn 0.0009 0.9550 0.2965
vn 0.0013 0.9765 0.2156
vn 0.0002 0.9948 0.1023
vn 0.0001 0.9985 0.0548
vn 0.8644 0.3707 -0.3397
vn -0.9637 0.1100 -0.2432
vn -1.0000 0.0005 0.0014
vn -0.9703 0.0033 -0.2417
vn -1.0000 0.0007 0.0018
vn -1.0000 -0.0007 0.0003
vn -1.0000 -0.0001 0.0007
vn -1.0000 0.0004 0.0006
vn -1.0000 -0.0000 0.0008
vn 0.0665 0.9393 -0.3366
vn -0.3013 -0.4797 -0.8241
vn -0.3019 -0.4790 -0.8243
vn -0.3016 -0.4789 -0.8244
vn -0.3019 -0.4786 -0.8245
vn -0.3014 -0.4782 -0.8249
vn -0.3027 -0.4787 -0.8242
vn -0.0000 1.0000 -0.0000
vn -0.7309 0.6699 0.1302
vn -0.0000 -1.0000 -0.0000
vn -0.7573 -0.2075 0.6193
vn -0.1268 -0.9556 0.2659
vn -0.0894 -0.9782 0.1873
vn -0.1088 -0.9675 0.2281
vn -0.3920 -0.4143 0.8214
vn -0.4181 -0.2398 0.8762
vn -0.4287 0.0940 0.8985
vn -0.4168 0.2521 0.8734
vn -0.3592 0.5519 0.7526
vn -0.3059 0.7042 0.6408
vn 0.0577 0.9910 -0.1208
vn 0.0796 0.9828 -0.1667
vn 0.1024 0.9714 -0.2144
vn 0.0338 -0.7878 0.6150
vn -0.8279 0.4507 -0.3339
vn -0.9234 0.1406 -0.3570
vn 0.8435 -0.5160 0.1489
vn 0.8760 0.4108 0.2529
vn 0.8644 0.3707 -0.3398
vn -0.9614 0.2753 0.0029
vn -0.9623 0.0356 -0.2698
vn -0.9936 0.1131 0.0012
vn 0.0664 0.9392 -0.3369
vn -0.0593 -0.3028 -0.9512
vn -0.0589 -0.3024 -0.9513
vn -0.0592 -0.3021 -0.9514
vn -0.0588 -0.3021 -0.9515
vn -0.0587 -0.3013 -0.9517
vn -0.0575 -0.3026 -0.9514
vn 0.7801 0.6205 -0.0806
vn -0.7249 0.6874 0.0449
vn -0.9084 -0.2573 0.3296
vn -0.0175 -0.9991 -0.0379
vn 0.0004 -0.9999 -0.0105
vn 0.0081 -0.9993 -0.0359
vn -0.0049 -1.0000 -0.0077
vn 0.0024 -1.0000 -0.0053
vn 0.0038 -1.0000 -0.0033
vn 0.0067 -1.0000 -0.0009
vn 0.0111 -0.9999 0.0026
vn 0.0128 -0.9999 0.0085
vn 0.0109 -0.9999 0.0079
vn 0.0036 -0.9999 0.0116
vn 0.0018 -0.9999 0.0162
vn -0.0028 -0.9999 0.0125
vn -0.0019 -0.9999 0.0162
vn -0.0123 -0.9999 0.0083
vn -0.0105 -0.9999 0.0076
vn -0.0109 -0.9999 0.0025
vn -0.0072 -1.0000 -0.0006
vn -0.0039 -1.0000 -0.0033
vn -0.0033 -1.0000 -0.0047
vn -0.0005 -1.0000 -0.0080
vn 0.0049 -1.0000 -0.0073
vn 0.0489 0.9962 0.0721
vn 0.0475 0.9964 0.0699
vn 0.0491 0.9964 0.0698
vn 0.0482 0.9964 0.0696
vn 0.0488 0.9962 0.0725
vn 0.0490 0.9964 0.0698
vn 0.0502 0.9963 0.0693
vn 0.0405 0.9968 0.0694
vn 0.1372 0.0615 -0.9886
vn -0.1370 0.0739 -0.9878
vn -0.6035 0.0826 -0.7931
vn 0.6037 0.0290 -0.7966
vn 0.7962 0.0072 -0.6050
vn 0.9895 -0.0357 -0.1400
vn 0.9894 -0.0557 0.1338
vn 0.7956 -0.0781 0.6008
vn 0.6036 -0.0832 0.7929
vn 0.1381 -0.0775 0.9874
vn -0.1367 -0.0641 0.9885
vn -0.6041 -0.0269 0.7964
vn -0.7959 -0.0038 0.6054
vn -0.9894 0.0369 0.1406
vn -0.9895 0.0552 -0.1336
vn -0.7961 0.0783 -0.6001
vn -0.1619 -0.8845 0.4376
vn 1.0000 -0.0091 -0.0000
vn 1.0000 -0.0093 0.0017
vn 1.0000 -0.0068 0.0020
vn 1.0000 -0.0047 0.0020
vn 1.0000 -0.0030 0.0013
vn 1.0000 -0.0027 0.0021
vn 0.9999 -0.0097 0.0038
vn 0.9999 -0.0101 -0.0000
vn -0.0000 0.2582 -0.9661
vn -0.0000 0.5102 -0.8601
vn -0.0000 0.8656 -0.5007
vn -0.0000 -0.2475 -0.9689
vn -0.0000 -0.5007 -0.8656
vn -0.0000 -0.8601 -0.5102
vn 0.0003 -0.9662 -0.2578
vn 0.0011 -0.9688 0.2479
vn 0.0012 -0.8656 0.5008
vn 0.0002 -0.5104 0.8600
vn -0.0000 -0.2582 0.9661
vn -0.0000 0.2476 0.9689
vn -0.0000 0.5007 0.8656
vn -0.0000 0.8600 0.5102
vn -0.0000 0.9661 0.2582
vn -0.0000 0.9689 -0.2475
vn -1.0000 -0.0000 -0.0000
vn 1.0000 -0.0000 -0.0000
vn -0.0000 -0.8602 -0.5099
vn -0.0000 -0.9663 -0.2574
vn -0.0000 -0.9688 0.2479
vn -0.0000 -0.8658 0.5004
vn -0.0000 -0.5105 0.8599
vn -0.0000 0.5008 0.8656
vn -0.0000 0.2581 -0.9661
vn -0.0000 0.5099 -0.8602
vn -0.0000 0.8655 -0.5009
vn -0.0000 -0.5009 -0.8655
vn -0.0000 -0.9660 -0.2584
vn -0.0000 -0.9689 0.2476
vn -0.0000 -0.8656 0.5007
vn -0.0000 -0.5103 0.8600
vn -0.0000 -0.2577 0.9662
vn -0.0000 0.2479 0.9688
vn -0.0000 0.5005 0.8657
vn -0.0000 0.8600 0.5103
vn -0.0000 0.9661 0.2581
vn 0.4361 0.8845 -0.1657
vn 0.3784 0.9102 -0.1681
vn 0.8860 0.3463 -0.3082
vn 0.8906 0.3478 -0.2932
vn 0.8861 -0.3462 -0.3082
vn 0.8782 -0.3810 -0.2891
vn 0.4362 -0.8845 -0.1657
vn 0.3971 -0.9007 -0.1764
vn 0.1077 -0.0000 -0.9942
vn -0.1077 -0.0000 -0.9942
vn -0.4975 -0.0000 -0.8675
vn 0.4974 -0.0000 -0.8675
vn 0.6714 -0.0000 -0.7411
vn 0.9122 -0.0000 -0.4097
vn 0.9788 -0.0000 -0.2050
vn 0.9788 -0.0000 0.2049
vn 0.9123 -0.0000 0.4096
vn 0.6716 -0.0000 0.7410
vn 0.4973 -0.0000 0.8676
vn 0.1076 -0.0000 0.9942
vn -0.1076 -0.0000 0.9942
vn -0.4973 -0.0000 0.8676
vn -0.6716 -0.0000 0.7410
vn -0.9123 -0.0000 0.4096
vn -0.9788 -0.0000 0.2049
vn -0.9788 -0.0000 -0.2050
vn -0.9122 -0.0000 -0.4097
vn -0.6714 -0.0000 -0.7411
vn 0.1078 -0.0000 -0.9942
vn -0.1078 -0.0000 -0.9942
vn -0.4975 -0.0000 -0.8674
vn 0.4973 -0.0000 -0.8676
vn 0.6713 -0.0000 -0.7412
vn 0.9122 -0.0000 -0.4098
vn 0.9788 -0.0000 -0.2049
vn 0.9122 -0.0000 0.4098
vn 0.6712 -0.0000 0.7412
vn 0.1078 -0.0000 0.9942
vn -0.1078 -0.0000 0.9942
vn -0.4975 -0.0000 0.8675
vn -0.6713 -0.0000 0.7412
vn -0.9121 -0.0000 0.4099
vn -0.9788 -0.0000 0.2050
vn -0.9121 -0.0000 -0.4099
vn -0.6713 -0.0000 -0.7411
vn -0.0001 1.0000 -0.0000
vn 0.0001 1.0000 -0.0000
vn 0.1521 0.5101 -0.8466
vn -0.0865 0.5138 -0.8536
vn -0.4914 0.5093 -0.7065
vn 0.5422 0.5144 -0.6643
vn 0.7069 0.5095 -0.4906
vn 0.8540 0.5128 -0.0876
vn 0.8472 0.5094 0.1509
vn 0.6642 0.5148 0.5420
vn 0.4904 0.5105 0.7063
vn 0.0877 0.5132 0.8538
vn -0.1510 0.5090 0.8474
vn -0.5415 0.5136 0.6656
vn -0.7059 0.5103 0.4912
vn -0.8533 0.5142 0.0865
vn -0.8468 0.5096 -0.1521
vn -0.6657 0.5132 -0.5417
vn -0.2774 0.8672 0.4136
vn -0.4881 0.8674 0.0968
vn -0.3774 0.8704 0.3160
vn -0.4902 0.8705 -0.0436
vn -0.4143 0.8672 -0.2763
vn -0.3166 0.8699 -0.3781
vn -0.0964 0.8661 -0.4906
vn 0.0439 0.8692 -0.4926
vn 0.2781 0.8665 -0.4144
vn 0.3779 0.8704 -0.3156
vn 0.4885 0.8672 -0.0967
vn 0.4901 0.8706 0.0436
vn 0.4138 0.8671 0.2773
vn 0.3163 0.8703 0.3775
vn 0.0971 0.8674 0.4881
vn -0.0438 0.8707 0.4899
vn -0.2773 0.8672 0.4136
vn -0.3774 0.8704 0.3161
vn -0.6042 -0.0000 0.7968
vn -0.9906 -0.0000 0.1371
vn -0.7969 -0.0000 0.6042
vn -0.9906 -0.0000 -0.1369
vn -0.7973 -0.0001 -0.6036
vn -0.6031 0.0001 -0.7977
vn -0.1357 -0.0000 -0.9908
vn 0.1357 -0.0000 -0.9908
vn 0.6032 -0.0000 -0.7976
vn 0.7974 -0.0000 -0.6035
vn 0.9906 -0.0001 -0.1369
vn 0.9906 -0.0000 0.1371
vn 0.7969 -0.0001 0.6041
vn 0.6044 -0.0000 0.7967
vn 0.1373 -0.0000 0.9905
vn -0.1373 -0.0001 0.9905
vn -0.6042 -0.0000 0.7969
vn -0.7968 -0.0000 0.6042
vn -0.3308 0.8908 -0.3115
vn -0.0000 1.0000 -0.0002
vn 0.3308 0.8908 -0.3116
vn 0.3309 0.8908 -0.3116
vn -0.0001 1.0000 -0.0002
vn 0.3311 0.8906 0.3118
vn -0.3311 0.8906 0.3117
vn -0.0000 1.0000 -0.0003
vn -0.3311 0.8906 0.3118
vn 0.7544 -0.5943 0.2788
vn -0.0000 -0.1302 0.9915
vn -0.0000 -0.2195 0.9756
vn -0.0000 -0.6182 0.7860
vn 0.9324 0.3614 -0.0056
vn -0.9924 -0.1229 -0.0000
vn -0.8033 -0.5956 -0.0000
vn -0.9782 -0.2074 -0.0000
vn 0.1783 0.9768 -0.1188
vn 0.0235 -0.2999 -0.9537
vn 0.0242 -0.3012 -0.9532
vn 0.0238 -0.3014 -0.9532
vn 0.0242 -0.3018 -0.9531
vn 0.0235 -0.3023 -0.9529
vn 0.0249 -0.3018 -0.9531
vn 0.9924 -0.1228 -0.0000
vn 0.9783 -0.2074 -0.0000
vn 0.8034 -0.5955 -0.0000
vn 0.1364 -0.0000 -0.9907
vn -0.1364 -0.0000 -0.9907
vn -0.6037 -0.0000 -0.7972
vn 0.6037 -0.0000 -0.7972
vn 0.7970 -0.0000 -0.6040
vn 0.9905 -0.0000 -0.1373
vn 0.9905 -0.0000 0.1374
vn 0.7963 -0.0000 0.6049
vn 0.6031 -0.0000 0.7977
vn 0.1364 -0.0000 0.9907
vn -0.1364 -0.0000 0.9907
vn -0.6030 -0.0000 0.7977
vn -0.7963 -0.0000 0.6049
vn -0.9905 -0.0000 0.1373
vn -0.9905 -0.0000 -0.1372
vn -0.7971 -0.0000 -0.6039
vn -0.7258 0.6877 -0.0182
vn -0.6315 0.7085 0.3150
vn -0.2876 0.8751 0.3893
vn -0.6317 0.7085 0.3148
vn -0.3064 0.8697 0.3870
vn 0.2876 0.8751 0.3893
vn 0.3066 0.8696 0.3870
vn 0.6314 0.7085 0.3150
vn 0.6313 0.7088 0.3149
vn 0.6335 -0.7055 -0.3176
vn 0.1977 -0.8935 -0.4032
vn 0.3079 -0.8672 -0.3914
vn 0.6335 -0.7055 -0.3177
vn -0.1979 -0.8935 -0.4032
vn -0.3081 -0.8671 -0.3913
vn -0.6329 -0.7060 -0.3178
vn -0.6329 -0.7059 -0.3178
vn -0.9333 -0.2578 0.2499
vn 0.7629 0.0503 -0.6446
vn -0.1990 -0.8845 0.4220
vn 0.7279 -0.5938 0.3430
vn 0.9296 0.3608 0.0753
vn -0.3031 0.9529 0.0097
vn -0.8183 0.5015 -0.2810
vn -0.9277 0.0010 -0.3733
vn -0.9289 0.0320 -0.3690
vn -0.9278 0.0009 -0.3730
vn -0.8842 0.2335 -0.4045
vn -0.8253 0.4282 -0.3683
vn -0.4214 0.8614 -0.2837
vn -0.2574 0.1769 -0.9500
vn -0.2594 0.1768 -0.9495
vn -0.2593 0.1768 -0.9495
vn -0.2613 0.1766 -0.9490
vn -0.0000 -0.0000 -1.0000
vn 0.1878 0.9768 -0.1029
vn -0.8866 0.0045 -0.4625
vn -0.8885 0.0047 -0.4589
vn 0.2942 -0.3906 -0.8723
vn 0.3362 -0.2916 -0.8955
vn 0.4574 -0.0163 -0.8891
vn -0.0114 -0.6536 -0.7567
vn -0.1539 -0.6908 -0.7065
vn -0.2734 -0.7002 -0.6595
vn -0.3317 -0.6742 -0.6599
vn -0.8703 -0.0923 -0.4838
vn -0.8781 -0.0554 -0.4752
vn -0.8866 0.0044 -0.4625
vn -0.8906 0.0048 -0.4548
vn 0.2893 -0.3954 -0.8718
vn 0.3355 -0.2929 -0.8953
vn 0.4625 -0.0035 -0.8866
vn -0.0012 -0.6520 -0.7582
vn -0.1195 -0.6891 -0.7148
vn -0.2235 -0.7007 -0.6776
vn -0.2880 -0.6825 -0.6718
vn -0.8713 -0.0951 -0.4814
vn -0.8799 -0.0573 -0.4718
vn -0.8906 0.0048 -0.4547
vn -0.8887 0.0052 -0.4585
vn -0.8921 0.0056 -0.4518
vn 0.2874 -0.3979 -0.8713
vn 0.3356 -0.2920 -0.8956
vn 0.4572 -0.0179 -0.8892
vn 0.0325 -0.6402 -0.7676
vn -0.0747 -0.6864 -0.7233
vn -0.1854 -0.7036 -0.6860
vn -0.2599 -0.6937 -0.6717
vn -0.8705 -0.1048 -0.4809
vn -0.8799 -0.0636 -0.4708
vn -0.8921 0.0056 -0.4517
vn 0.4572 -0.0180 -0.8892
vn -0.0000 0.6836 -0.7299
vn -0.0000 0.6783 -0.7348
vn -0.0000 0.6774 -0.7356
vn -0.0000 0.6756 -0.7373
vn 0.5233 -0.7809 -0.3410
vn -0.5367 0.7698 0.3456
vn -0.0654 -0.9679 -0.2426
vn -0.0210 -0.9627 -0.2697
vn -0.0149 -0.9618 -0.2733
vn -0.0000 -0.9594 -0.2822
vn -0.2566 -0.9337 -0.2496
vn -0.2567 -0.9337 -0.2495
vn -0.3016 -0.9316 -0.2031
vn -0.2022 -0.9313 -0.3031
vn -0.4383 0.7334 0.5197
vn 0.7468 -0.4556 -0.4844
vn 0.5567 -0.7442 -0.3691
vn 0.5998 -0.5593 -0.5722
vn 0.3865 -0.8031 -0.4536
vn 0.2184 -0.9303 -0.2947
vn 0.8251 -0.2174 -0.5215
vn 0.7637 -0.2403 -0.5992
vn 0.5380 -0.2504 -0.8049
vn 0.4913 -0.4675 -0.7349
vn 0.3911 -0.7006 -0.5968
vn 0.2495 -0.8801 -0.4040
vn 0.2009 -0.9251 -0.3222
vn -0.9117 -0.0000 0.4108
vn 0.8132 -0.0000 0.5820
vn 0.8076 -0.0000 0.5897
vn 0.8087 -0.0000 0.5882
vn 0.6045 -0.0000 0.7966
vn 0.4354 0.0001 0.9002
vn 0.3094 -0.0000 0.9509
vn 0.3111 -0.0000 0.9504
vn 0.0968 -0.0000 0.9953
vn -0.1023 -0.0000 0.9947
vn -0.3104 -0.0000 0.9506
vn -0.3089 -0.0000 0.9511
vn -0.4510 -0.0000 0.8925
vn -0.6199 -0.0000 0.7846
vn -0.8069 -0.0000 0.5907
vn -0.8077 -0.0000 0.5896
vn -0.8108 -0.0000 0.5854
vn -0.4632 0.8678 -0.1796
vn -0.5938 0.8046 0.0001
vn -0.1289 0.9183 -0.3744
vn -0.0031 0.8046 -0.5938
vn 0.0003 0.8034 -0.5954
vn -0.0000 0.8034 -0.5954
vn 0.1085 0.9461 -0.3051
vn -0.0009 0.8034 -0.5954
vn 0.0031 0.8047 -0.5937
vn 0.5058 0.8483 -0.1569
vn 0.6334 0.7738 0.0108
vn 0.1890 0.9820 0.0021
vn -0.1063 0.9943 -0.0000
vn 0.4311 -0.7402 -0.5161
vn 1.0000 0.0023 -0.0022
vn 1.0000 0.0033 -0.0009
vn 1.0000 0.0038 -0.0019
vn 1.0000 0.0076 0.0018
vn -0.6567 -0.7539 -0.0198
vn -0.6439 -0.7645 0.0314
vn -0.6437 -0.7646 0.0313
vn -0.5807 -0.7845 0.2178
vn -0.5816 -0.7836 0.2184
vn -0.6960 0.0010 -0.7180
vn -0.6936 -0.0001 -0.7204
vn -0.6935 0.0001 -0.7204
vn -0.6934 -0.0006 -0.7206
vn -0.6932 -0.0000 -0.7207
vn -0.6935 -0.0007 -0.7205
vn -0.4442 -0.0000 -0.8959
vn -0.0670 -0.0000 -0.9978
vn -0.3212 -0.0000 -0.9470
vn -0.7094 -0.0000 -0.7048
vn -0.7098 -0.0000 -0.7044
vn -0.8962 0.0001 -0.4437
vn -0.9469 -0.0000 -0.3216
vn -0.9978 -0.0000 -0.0665
vn -0.9978 -0.0000 0.0664
vn -0.9469 -0.0000 0.3214
vn -0.8962 -0.0000 0.4436
vn -0.7516 -0.0000 0.6596
vn -0.6577 -0.0000 0.7533
vn -0.4418 -0.0001 0.8971
vn -0.3197 -0.0000 0.9475
vn -0.0659 -0.0000 0.9978
vn 0.0659 -0.0000 0.9978
vn 0.3197 -0.0000 0.9475
vn 0.4419 -0.0000 0.8971
vn 0.6579 -0.0000 0.7531
vn 0.7515 -0.0000 0.6597
vn 0.8960 -0.0000 0.4441
vn 0.9469 -0.0000 0.3217
vn 0.9978 -0.0000 0.0664
vn 0.9978 -0.0000 -0.0664
vn 0.9217 -0.0000 -0.3880
vn 0.9220 -0.0000 -0.3872
vn 0.7508 -0.0000 -0.6605
vn 0.6606 -0.0000 -0.7507
vn 0.4440 -0.0000 -0.8960
vn 0.3211 -0.0000 -0.9471
vn 0.0671 -0.0000 -0.9977
vn 0.6859 -0.7098 -0.1600
vn 0.8400 -0.4530 -0.2986
vn 0.9599 -0.0010 -0.2804
vn 0.1342 -0.9878 -0.0794
vn 0.8618 -0.3980 -0.3145
vn 0.3425 -0.9269 -0.1534
vn 0.9271 -0.0017 -0.3747
vn 0.9268 -0.0000 -0.3756
vn -0.8253 -0.1984 0.5286
vn -0.9820 0.0008 0.1887
vn -0.9999 0.0072 -0.0070
vn -0.9999 0.0154 -0.0052
vn -0.5443 0.6124 0.5733
vn -0.0000 -0.9882 0.1530
vn -0.0000 -0.0004 1.0000
vn -0.0001 -0.0004 1.0000
vn 0.0065 0.0100 0.9999
vn -0.0065 0.0099 0.9999
vn -0.0091 0.0074 0.9999
vn -0.0167 -0.0004 0.9999
vn 0.5671 0.0002 0.8236
vn 0.5662 0.0005 0.8242
vn 0.2348 0.0001 0.9721
vn 0.0896 0.0002 0.9960
vn -0.0887 0.0014 0.9961
vn -0.2317 0.0026 0.9728
vn -0.5357 0.0061 0.8444
vn -0.5265 0.0030 0.8502
vn -1.0000 0.0047 -0.0047
vn -1.0000 0.0023 -0.0015
vn -0.9976 0.0019 -0.0688
vn -0.9817 0.0008 -0.1903
vn -0.7632 0.0010 -0.6462
vn -0.6887 0.0026 -0.7251
vn -0.5270 0.0022 -0.8498
vn -0.4002 0.0024 -0.9164
vn -0.0997 0.0007 -0.9950
vn 0.1014 0.0003 -0.9948
vn -0.0996 0.0008 -0.9950
vn 0.1015 0.0003 -0.9948
vn 0.4246 0.0013 -0.9054
vn 0.5655 0.0008 -0.8248
vn 0.7385 0.0004 -0.6743
vn 0.8150 0.0017 -0.5794
vn 0.9918 0.0064 -0.1274
vn 0.9997 0.0046 -0.0257
vn 0.9996 0.0034 0.0279
vn 0.9997 -0.0006 0.0226
vn -0.8533 0.5214 -0.0000
vn 0.9061 0.4230 0.0090
vn 0.9036 0.4283 0.0104
vn -0.9486 -0.0450 -0.3133
vn -0.9391 -0.0260 -0.3427
vn -0.9392 -0.0261 -0.3425
vn -0.9246 -0.0008 -0.3809
vn -0.0032 0.9722 -0.2343
vn -0.0015 0.9724 -0.2333
vn 0.0004 0.9725 -0.2329
vn 0.0024 0.9725 -0.2331
vn 0.0034 0.9725 -0.2328
vn 0.0020 0.9728 -0.2315
vn -0.0000 0.9723 -0.2339
vn -0.0300 0.9993 0.0236
vn -0.3403 -0.0534 0.9388
vn -0.3555 -0.0382 0.9339
vn -0.3554 -0.0383 0.9339
vn -0.3604 -0.0332 0.9322
vn 0.3409 0.0315 -0.9396
vn 0.3574 0.0377 -0.9332
vn 0.3564 0.0374 -0.9336
vn 0.3615 0.0393 -0.9315
vn -0.8002 0.5345 -0.2719
vn 0.9396 0.0195 0.3417
vn 0.9396 0.0197 0.3417
vn 0.9396 0.0198 0.3418
vn 0.9395 0.0199 0.3419
vn -0.9997 -0.0254 -0.0000
vn -0.9998 -0.0060 -0.0196
vn -0.9998 -0.0064 -0.0192
vn -0.9997 -0.0000 -0.0256
vn 0.9998 0.0063 0.0191
vn 0.9998 0.0063 0.0192
vn 0.9996 0.0085 0.0256
vn -0.0000 0.5519 -0.8339
vn -0.8998 -0.0252 -0.4356
vn -0.8916 -0.0063 -0.4529
vn -0.8916 -0.0063 -0.4528
vn -0.8887 -0.0000 -0.4585
vn 0.9001 -0.0000 0.4356
vn 0.8917 0.0063 0.4526
vn 0.8918 0.0062 0.4524
vn 0.8890 0.0082 0.4579
vn 0.3628 0.5529 -0.7501
vn 0.3627 0.5527 -0.7504
vn 0.3626 0.5525 -0.7505
vn 0.3625 0.5523 -0.7507
vn -0.4355 -0.0000 0.9002
vn -0.4354 -0.0000 0.9002
vn 0.8542 -0.5200 -0.0000
vn -0.9042 -0.4270 -0.0104
vn -0.9055 -0.4242 -0.0097
vn -0.9067 -0.4216 -0.0090
vn 0.4307 -0.7405 -0.5159
vn 0.4606 -0.7536 -0.4690
vn 0.4343 -0.7371 -0.5177
vn 0.4798 -0.7908 -0.3800
vn 0.5034 -0.8219 -0.2666
vn 0.4690 -0.8526 -0.2303
vn -0.7639 0.2401 0.5990
vn -0.5382 0.2501 0.8048
vn -0.5996 0.5597 0.5721
vn -0.4914 0.4679 0.7346
vn -0.3918 0.7007 0.5962
vn -0.3867 0.8031 0.4534
vn -0.1821 0.9051 0.3842
vn 0.5993 0.6913 0.4036
vn 0.4492 0.7719 0.4499
vn 0.6820 0.5766 0.4499
vn 0.6415 0.4885 0.5914
vn 0.8179 0.2327 0.5262
vn 0.7283 0.2540 0.6364
vn 0.5368 0.2505 0.8057
vn 0.4885 0.4732 0.7331
vn 0.3922 0.7009 0.5958
vn 0.1753 0.9033 0.3915
vn 0.1316 0.9274 0.3502
vn 0.0007 0.9369 0.3495
vn 0.0013 0.9491 0.3149
vn -0.1218 0.9278 0.3525
vn -0.2187 0.9302 0.2949
vn -0.5563 0.7446 0.3690
vn -0.7470 0.4556 0.4841
vn -0.8253 0.2173 0.5213
vn 0.2565 0.9333 0.2515
vn 0.3027 0.9311 0.2038
vn 0.2007 0.9306 0.3062
vn 0.9118 0.0002 -0.4106
vn 0.9115 0.0097 -0.4111
vn 0.9119 0.0074 -0.4104
vn 0.9117 0.0122 -0.4106
vn 0.9116 0.0096 -0.4109
vn 0.9126 0.0032 -0.4088
vn -0.2107 -0.0003 0.9775
vn -0.2106 -0.0002 0.9776
vn -0.2105 -0.0001 0.9776
vn -0.2105 -0.0000 0.9776
vn -0.2103 0.0002 0.9776
vn -0.2103 -0.0000 0.9776
vn -0.2106 -0.0000 0.9776
vn -0.5999 -0.6907 -0.4039
vn -0.6822 -0.5761 -0.4503
vn -0.4492 -0.7713 -0.4509
vn -0.6414 -0.4883 -0.5917
vn -0.8177 -0.2329 -0.5264
vn -0.7281 -0.2543 -0.6366
vn -0.5365 -0.2507 -0.8058
vn -0.4881 -0.4730 -0.7335
vn -0.3921 -0.7002 -0.5967
vn -0.1751 -0.9029 -0.3926
vn -0.1311 -0.9269 -0.3516
vn -0.0008 -0.9367 -0.3501
vn -0.0011 -0.9490 -0.3152
vn 0.0697 -0.9348 -0.3484
vn 0.0110 -0.9197 -0.3924
vn -0.8137 0.0002 -0.5813
vn -0.8092 0.0002 -0.5876
vn -0.8080 0.0001 -0.5892
vn -0.6041 -0.0000 -0.7969
vn -0.4350 -0.0001 -0.9004
vn -0.3086 -0.0000 -0.9512
vn -0.3110 -0.0000 -0.9504
vn -0.0971 -0.0000 -0.9953
vn 0.1016 -0.0000 -0.9948
vn 0.3097 -0.0000 -0.9508
vn 0.3094 -0.0000 -0.9509
vn 0.4529 -0.0000 -0.8916
vn 0.6197 0.0001 -0.7848
vn 0.8065 0.0002 -0.5912
vn 0.8072 0.0004 -0.5903
vn 0.8114 0.0004 -0.5844
vn -0.9500 -0.2490 -0.1885
vn -0.9652 -0.2543 -0.0602
vn -0.9498 -0.2494 -0.1886
vn -0.9646 -0.2544 0.0691
vn -0.9165 -0.2541 0.3089
vn -0.8677 -0.2540 0.4272
vn -0.7286 -0.2543 0.6360
vn -0.6383 -0.2543 0.7266
vn -0.4299 -0.2540 0.8664
vn -0.3117 -0.2536 0.9157
vn -0.0655 -0.2533 0.9652
vn 0.0627 -0.2533 0.9654
vn 0.3091 -0.2535 0.9166
vn 0.4272 -0.2540 0.8677
vn 0.6360 -0.2542 0.7286
vn 0.7266 -0.2543 0.6383
vn 0.8665 -0.2540 0.4298
vn 0.9156 -0.2542 0.3115
vn 0.9670 -0.2546 0.0060
vn 0.9668 -0.2554 0.0075
vn 0.9496 -0.2500 -0.1888
vn 0.9500 -0.2490 -0.1885
vn -0.0001 1.0000 0.0001
vn 0.9997 -0.0001 0.0247
vn 0.9958 -0.0000 0.0916
vn 0.4875 -0.0000 0.8731
vn 0.2337 0.0001 0.9723
vn -0.2339 -0.0000 0.9723
vn -0.4884 0.0001 0.8726
vn -0.9961 -0.0000 0.0884
vn -0.9997 0.0001 0.0238
vn 0.1081 -0.0000 0.9941
vn 0.2603 -0.0000 0.9655
vn 0.9997 0.0002 0.0247
vn 0.4875 0.0001 0.8731
vn 0.2337 -0.0001 0.9723
vn -0.4885 -0.0000 0.8726
vn -0.9997 -0.0000 0.0238
vn -0.9958 0.0001 0.0912
vn -0.9988 -0.0000 0.0479
vn 0.2337 -0.0000 0.9723
vn 0.9960 -0.0000 0.0888
vn 0.9989 -0.0000 0.0467
vn -0.9989 -0.0000 0.0479
vn 0.9960 0.0002 0.0888
vn 0.9989 -0.0000 0.0466
vn -0.3005 -0.4770 -0.8260
vn -0.2960 -0.4892 -0.8204
vn -0.3011 -0.4788 -0.8247
vn -0.2960 -0.4896 -0.8202
vn -0.3000 -0.4796 -0.8246
vn -0.2793 -0.5195 -0.8076
vn 0.3032 0.4807 0.8228
vn 0.3023 0.4785 0.8244
vn 0.3016 0.4790 0.8244
vn 0.3011 0.4780 0.8252
vn 0.3005 0.4792 0.8246
vn 0.3036 0.4775 0.8245
vn -0.0302 -0.3479 -0.9371
vn -0.0431 -0.3134 -0.9486
vn -0.0430 -0.3133 -0.9487
vn -0.0476 -0.3017 -0.9522
vn -0.0477 -0.3024 -0.9520
vn -0.0489 -0.3013 -0.9523
vn 0.0480 0.3029 0.9518
vn 0.0478 0.3029 0.9518
vn 0.0472 0.3022 0.9521
vn 0.0471 0.3021 0.9521
vn 0.0452 0.3000 0.9529
vn 0.0477 0.3028 0.9519
vn 0.0253 -0.2997 -0.9537
vn 0.0279 -0.3127 -0.9494
vn 0.0247 -0.3012 -0.9532
vn 0.0280 -0.3131 -0.9493
vn 0.0261 -0.3020 -0.9529
vn 0.0391 -0.3470 -0.9370
vn -0.0240 0.3029 0.9527
vn -0.0240 0.3026 0.9528
vn -0.0243 0.3026 0.9528
vn -0.0241 0.3024 0.9529
vn -0.0243 0.3024 0.9529
vn -0.0233 0.3023 0.9529
vn -0.5590 -0.2836 -0.7792
vn -0.5552 -0.2957 -0.7774
vn -0.5586 -0.2839 -0.7793
vn -0.5547 -0.2961 -0.7775
vn -0.5572 -0.2845 -0.7801
vn -0.5429 -0.3314 -0.7717
vn 0.5595 0.2838 0.7787
vn 0.5589 0.2839 0.7791
vn 0.5593 0.2839 0.7788
vn 0.5588 0.2840 0.7791
vn 0.5591 0.2845 0.7788
vn 0.5574 0.2844 0.7800
vn -0.5593 -0.2852 -0.7783
vn -0.5550 -0.2959 -0.7775
vn -0.5591 -0.2844 -0.7788
vn -0.5550 -0.2957 -0.7775
vn -0.5598 -0.2838 -0.7785
vn -0.5432 -0.3296 -0.7722
vn 0.5598 0.2858 0.7778
vn 0.5590 0.2844 0.7789
vn 0.5587 0.2847 0.7790
vn 0.5586 0.2842 0.7792
vn 0.5582 0.2848 0.7793
vn 0.5593 0.2838 0.7789
vn 0.3014 -0.4801 -0.8238
vn 0.3007 -0.4791 -0.8247
vn 0.2950 -0.4897 -0.8205
vn 0.2952 -0.4893 -0.8207
vn 0.2776 -0.5196 -0.8080
vn 0.3020 -0.4788 -0.8244
vn -0.3031 0.4798 0.8234
vn -0.3026 0.4789 0.8241
vn -0.3025 0.4790 0.8241
vn -0.3023 0.4786 0.8243
vn -0.3020 0.4788 0.8244
vn -0.3026 0.4784 0.8244
vn 0.7909 0.0569 0.6093
vn 0.6067 0.2139 0.7656
vn 0.1331 0.0920 0.9868
vn -0.1257 0.2366 0.9634
vn -0.5998 0.0743 0.7967
vn -0.7848 0.1975 0.5875
vn -0.9894 0.0135 0.1448
vn -0.9827 0.1177 -0.1430
vn -0.8018 -0.0568 -0.5948
vn -0.6044 0.0434 -0.7955
vn -0.1400 -0.0944 -0.9856
vn 0.1265 0.0195 -0.9918
vn 0.6049 -0.0759 -0.7927
vn 0.7834 0.0609 -0.6185
vn 0.9917 -0.0123 -0.1281
vn 0.9839 0.1417 0.1091
vn 0.6230 0.6965 0.3561
vn 0.1065 0.7484 0.6546
vn -0.0005 0.9847 -0.1740
vn -0.4724 0.7222 0.5053
vn -0.7747 0.6323 -0.0033
vn -0.6242 0.5317 -0.5724
vn -0.1068 0.4798 -0.8709
vn 0.4718 0.5059 -0.7221
vn 0.7743 0.5956 -0.2140
vn -0.5867 -0.5940 -0.5505
vn -0.5882 -0.5934 -0.5495
vn -0.5897 -0.5928 -0.5485
vn -0.9500 0.2288 0.2124
vn -0.9503 0.2284 0.2118
vn -0.9502 0.2285 0.2120
vn -0.9505 0.2280 0.2113
vn -0.0000 0.7330 0.6803
vn 0.9518 0.2249 0.2084
vn 0.9521 0.2242 0.2079
vn 0.9519 0.2248 0.2083
vn 0.9523 0.2238 0.2077
vn 0.5867 -0.5944 -0.5500
vn 0.5879 -0.5936 -0.5496
vn 0.5897 -0.5924 -0.5490
vn -0.7069 -0.0256 -0.7069
vn -0.6931 -0.0062 -0.7208
vn -0.6933 -0.0064 -0.7207
vn -0.6886 -0.0000 -0.7251
vn 0.7069 -0.0000 0.7073
vn 0.6933 0.0063 0.7207
vn 0.6932 0.0063 0.7207
vn 0.6885 0.0085 0.7251
vn 0.5895 0.5528 -0.5889
vn 0.5895 0.5524 -0.5894
vn 0.5895 0.5522 -0.5896
vn 0.5894 0.5518 -0.5900
vn -0.7075 -0.0000 0.7067
vn -0.7075 0.0001 0.7067
vn -0.7076 0.0001 0.7067
vn -0.7071 -0.0010 0.7071
vn -0.7653 -0.0255 0.6432
vn -0.7778 -0.0064 0.6285
vn -0.7818 -0.0000 0.6235
vn 0.7655 -0.0000 -0.6434
vn 0.7777 0.0063 -0.6286
vn 0.7778 0.0064 -0.6285
vn 0.7818 0.0085 -0.6235
vn -0.5359 0.5523 -0.6386
vn 0.6428 -0.0000 0.7660
vn 0.5167 0.8468 0.1262
vn 0.5165 0.8470 0.1259
vn 0.5165 0.8470 0.1260
vn 0.5162 0.8472 0.1256
vn 0.9927 -0.0000 0.1210
vn 0.5161 -0.8472 0.1264
vn 0.5165 -0.8470 0.1260
vn 0.5164 -0.8470 0.1260
vn 0.5168 -0.8468 0.1257
vn -0.5161 -0.8473 0.1256
vn -0.5164 -0.8470 0.1260
vn -0.5164 -0.8470 0.1259
vn -0.5167 -0.8468 0.1263
vn -0.9927 -0.0000 0.1209
vn -0.5161 0.8472 0.1263
vn -0.5165 0.8470 0.1259
vn -0.5164 0.8470 0.1259
vn -0.5168 0.8469 0.1256
vn 0.2564 -0.1760 0.9504
vn 0.2589 -0.1758 0.9498
vn 0.2590 -0.1758 0.9498
vn 0.2614 -0.1756 0.9491
vn -0.4591 0.0170 0.8882
vn -0.2979 0.3901 0.8713
vn -0.3342 0.3013 0.8931
vn 0.0163 0.6555 0.7550
vn 0.1617 0.6913 0.7043
vn 0.2739 0.6999 0.6596
vn 0.3107 0.6789 0.6653
vn 0.8806 0.0547 0.4707
vn 0.8873 0.0183 0.4609
vn 0.8908 -0.0048 0.4543
vn 0.8867 -0.0054 0.4622
vn -0.6847 -0.0009 -0.7288
vn -0.6160 0.2057 -0.7604
vn -0.6253 0.1289 -0.7697
vn -0.6849 -0.0009 -0.7287
vn -0.4612 0.3778 -0.8029
vn -0.3818 0.4511 -0.8067
vn -0.3121 0.4692 -0.8261
vn -0.2724 0.4822 -0.8327
vn 0.1734 0.0480 -0.9837
vn 0.1777 0.0361 -0.9834
vn 0.1878 0.0088 -0.9822
vn 0.1885 0.0087 -0.9820
vn -0.9776 -0.0000 -0.2107
vn 0.2105 -0.0000 -0.9776
vn 0.9776 -0.0000 0.2103
vn -0.2104 -0.0000 0.9776
vn 0.9535 0.2221 0.2035
vn 0.9535 0.2221 0.2037
vn 0.9519 0.2231 0.2103
vn 0.4233 0.9012 0.0935
vn 0.4233 0.9011 0.0935
vn 0.4233 0.9011 0.0934
vn 0.4235 0.9011 0.0929
vn -0.4242 0.9008 -0.0931
vn -0.9523 0.2223 -0.2090
vn -0.9523 0.2223 -0.2091
vn -0.9520 0.2225 -0.2101
vn -0.7637 -0.6232 -0.1686
vn -0.7637 -0.6232 -0.1685
vn -0.7637 -0.6233 -0.1681
vn -0.7643 -0.6238 -0.1636
vn 0.7649 -0.6232 0.1628
vn 0.7649 -0.6232 0.1629
vn 0.7649 -0.6231 0.1632
vn -0.7585 0.1846 -0.6250
vn -0.2082 0.8856 -0.4153
vn -0.1265 0.9149 -0.3834
vn -0.2082 0.8856 -0.4152
vn -0.2861 0.8497 -0.4428
vn 0.6419 0.7207 0.2620
vn 0.6134 0.7517 0.2422
vn 0.6654 0.6924 0.2788
vn 0.7585 -0.1847 0.6249
vn 0.1267 -0.9149 0.3832
vn -0.5592 0.2839 0.7789
vn -0.5591 0.2838 0.7790
vn -0.5592 0.2838 0.7789
vn -0.5589 0.2838 0.7792
vn -0.5593 0.2838 0.7789
vn -0.0000 0.9104 -0.4137
vn -0.0000 0.3876 0.9218
vn -0.0000 0.4990 -0.8666
vn -0.0000 0.5013 0.8653
vn -0.0000 -0.5011 0.8654
vn -0.0000 -0.4989 -0.8667
vn -0.0013 0.0014 1.0000
vn -0.0015 0.0016 1.0000
vn -0.0027 0.0030 1.0000
vn 1.0000 -0.0000 0.0069
vn 1.0000 0.0017 0.0041
vn 1.0000 0.0021 0.0034
vn 1.0000 0.0038 0.0005
vn -1.0000 -0.0000 -0.0090
vn -1.0000 -0.0027 -0.0044
vn -1.0000 -0.0025 -0.0048
vn -1.0000 -0.0047 -0.0011
vn 0.7904 0.6126 -0.0000
vn 0.9526 0.3042 -0.0000
vn 0.9934 0.1148 -0.0000
vn 0.9934 -0.1148 -0.0000
vn 0.9526 -0.3042 -0.0000
vn 0.7904 -0.6126 -0.0000
vn 0.9228 -0.0030 -0.3853
vn 0.8667 -0.0000 -0.4989
vn 0.7065 -0.0000 -0.7078
vn 0.9991 0.0068 0.0427
vn 0.9948 -0.0022 0.1019
vn 0.8506 -0.0101 0.5257
vn 0.8660 -0.0000 0.5000
vn 0.5738 -0.0000 0.8190
vn 0.4594 -0.0056 0.8882
vn 0.0980 -0.0000 0.9952
vn -0.0533 -0.0000 0.9986
vn -0.3805 -0.0000 0.9248
vn -0.5002 -0.0000 0.8659
vn -0.7071 -0.0000 0.7071
vn 0.7064 -0.0550 0.7057
vn 0.9125 0.0039 0.4090
vn 0.9582 0.0664 0.2784
vn -0.7921 -0.6104 -0.0000
vn -0.9531 -0.3027 -0.0000
vn -0.9935 -0.1142 -0.0000
vn -0.9935 0.1142 -0.0000
vn -0.9531 0.3027 -0.0000
vn -0.7921 0.6105 -0.0000
vn -0.3016 -0.4793 -0.8242
vn -0.2956 -0.4894 -0.8204
vn -0.3020 -0.4789 -0.8243
vn -0.2961 -0.4891 -0.8204
vn -0.3039 -0.4784 -0.8239
vn -0.2782 -0.5197 -0.8078
vn 0.3005 0.4771 0.8259
vn 0.3019 0.4791 0.8242
vn 0.3019 0.4782 0.8247
vn 0.3020 0.4789 0.8243
vn 0.3031 0.4774 0.8248
vn 0.3010 0.4795 0.8243
vn -0.0115 -0.9997 -0.0201
vn -0.0138 -0.9999 -0.0000
vn -0.0091 -1.0000 -0.0002
vn -0.0115 -0.9999 0.0033
vn -0.0231 -0.9997 -0.0000
vn -0.2597 -0.0000 0.9657
vn 0.1286 -0.0000 0.9917
vn 0.0001 -0.0000 1.0000
vn 0.4505 -0.0000 0.8928
vn 0.5787 -0.0000 0.8155
vn 0.8570 -0.0000 0.5152
vn 0.8659 -0.0000 0.5002
vn 0.9937 -0.0000 0.1117
vn 0.9999 -0.0000 -0.0129
vn 0.9540 -0.0000 -0.2997
vn 0.8659 -0.0000 -0.5002
vn 0.7070 -0.0000 -0.7072
vn 0.6017 -0.0000 0.7987
vn 0.5479 -0.0000 0.8366
vn 0.0025 1.0000 -0.0043
vn 0.0008 1.0000 -0.0013
vn 0.0092 0.2320 0.9727
vn 0.0051 0.2514 0.9679
vn 0.0027 0.2626 0.9649
vn -0.0001 0.2750 0.9614
vn -0.1304 0.2720 0.9534
vn -0.2568 0.2946 0.9205
vn -0.4149 0.2979 0.8597
vn -0.4104 0.3609 0.8374
vn 0.7593 -0.0000 -0.6508
vn 0.4487 -0.0000 -0.8937
vn 0.6683 -0.0000 -0.7439
vn 0.9225 -0.0000 -0.3860
vn 0.9225 -0.0000 -0.3861
vn 0.9980 -0.0000 -0.0630
vn 0.9976 -0.0000 0.0697
vn 0.9469 -0.0000 0.3215
vn 0.8960 -0.0000 0.4440
vn 0.7514 -0.0000 0.6598
vn 0.4420 -0.0000 0.8970
vn 0.3196 -0.0000 0.9475
vn 0.0658 -0.0000 0.9978
vn -0.0658 -0.0000 0.9978
vn -0.3198 -0.0000 0.9475
vn -0.4422 -0.0000 0.8969
vn -0.6579 -0.0000 0.7531
vn -0.7514 -0.0000 0.6598
vn -0.8960 -0.0000 0.4440
vn -0.9469 -0.0000 0.3215
vn -0.9978 -0.0000 -0.0664
vn -0.9479 -0.0000 -0.3185
vn -0.8975 -0.0000 -0.4410
vn -0.7114 -0.0000 -0.7028
vn -0.7113 -0.0000 -0.7029
vn -0.4562 -0.0000 -0.8899
vn -0.3320 -0.0000 -0.9433
vn -0.0729 -0.0000 -0.9973
vn 0.0648 -0.0000 -0.9979
vn 0.3242 -0.0000 -0.9460
vn 0.6587 -0.0000 -0.7524
vn 0.7524 -0.0000 -0.6587
vn 0.8967 -0.0000 -0.4427
vn 0.9472 -0.0000 -0.3205
vn 0.3205 -0.0000 -0.9472
vn 0.4427 -0.0000 -0.8967
vn 0.7524 -0.0000 -0.6588
vn -0.0661 -0.0000 -0.9978
vn 0.0662 -0.0000 -0.9978
vn 0.3204 -0.0000 -0.9473
vn 0.4426 -0.0000 -0.8967
vn -0.4427 -0.0000 -0.8967
vn -0.3206 -0.0000 -0.9472
vn -0.0662 -0.0000 -0.9978
vn 0.0661 -0.0000 -0.9978
vn -0.7524 -0.0000 -0.6587
vn -0.6587 -0.0000 -0.7524
vn -0.4428 -0.0000 -0.8966
vn -0.3207 -0.0000 -0.9472
vn -0.9472 -0.0000 -0.3205
vn -0.8967 -0.0000 -0.4427
vn -0.9978 -0.0000 0.0661
vn -0.9978 -0.0000 -0.0662
vn -0.9473 -0.0000 -0.3205
vn -0.8966 -0.0000 0.4428
vn -0.9472 -0.0000 0.3206
vn -0.9978 -0.0000 0.0662
vn -0.9978 -0.0000 -0.0661
vn -0.6590 -0.0000 0.7521
vn -0.7525 -0.0000 0.6586
vn -0.9472 -0.0000 0.3207
vn -0.3209 -0.0000 0.9471
vn -0.4432 -0.0000 0.8964
vn -0.6589 -0.0000 0.7522
vn 0.0661 -0.0000 0.9978
vn -0.0662 -0.0000 0.9978
vn -0.3208 -0.0000 0.9472
vn -0.4431 -0.0000 0.8965
vn 0.4430 -0.0000 0.8965
vn 0.3206 -0.0000 0.9472
vn 0.0662 -0.0000 0.9978
vn -0.0661 -0.0000 0.9978
vn 0.7525 -0.0000 0.6586
vn 0.6589 -0.0000 0.7522
vn 0.4431 -0.0000 0.8965
vn 0.3207 -0.0000 0.9472
vn 0.9472 -0.0000 0.3207
vn 0.8966 -0.0000 0.4428
vn 0.6590 -0.0000 0.7522
vn 0.9978 -0.0000 -0.0661
vn 0.9978 -0.0000 0.0662
vn 0.9472 -0.0000 0.3206
vn 0.9473 -0.0000 -0.3205
vn 0.9978 -0.0000 -0.0662
vn 0.9978 -0.0000 0.0661
vn 0.9666 0.2562 -0.0000
vn -0.0000 0.2834 -0.9590
vn -0.9681 0.2506 -0.0000
vn -0.0000 0.2828 0.9592
vn -0.0000 0.9883 -0.1524
vn 0.8472 0.5162 -0.1258
vn 0.8470 0.5165 -0.1261
vn 0.8468 0.5167 -0.1263
vn -0.0000 0.9926 -0.1211
vn -0.8471 0.5162 -0.1264
vn -0.8470 0.5165 -0.1261
vn -0.8468 0.5168 -0.1258
vn -0.8472 -0.5161 -0.1257
vn -0.8470 -0.5165 -0.1261
vn -0.8470 -0.5164 -0.1260
vn -0.8468 -0.5167 -0.1263
vn -0.0000 -0.9926 -0.1210
vn 0.8471 -0.5161 -0.1264
vn 0.8470 -0.5165 -0.1260
vn 0.8470 -0.5164 -0.1261
vn 0.8468 -0.5168 -0.1258
vn -0.0000 -0.6189 -0.7854
vn -0.0000 -0.1304 -0.9915
vn -0.0000 -0.2199 -0.9755
vn -0.7968 -0.0000 0.6043
vn -0.6043 -0.0000 0.7968
vn -0.1374 -0.0000 0.9905
vn 0.1374 -0.0000 0.9905
vn 0.7971 -0.0000 0.6039
vn 0.9906 -0.0000 0.1367
vn 0.9907 -0.0000 -0.1362
vn 0.7992 -0.0000 -0.6010
vn 0.6064 -0.0000 -0.7951
vn 0.1374 -0.0000 -0.9905
vn -0.1374 -0.0000 -0.9905
vn -0.6062 -0.0000 -0.7953
vn -0.7990 -0.0000 -0.6014
vn -0.9906 -0.0000 -0.1366
vn -0.9906 -0.0000 0.1370
vn 0.8657 0.0007 0.5005
vn 0.8670 0.0060 0.4983
vn 0.8667 0.0007 0.4989
vn 0.8678 0.0115 0.4967
vn 0.8679 0.0235 0.4962
vn 0.8689 0.0279 0.4943
vn 0.8693 0.0339 0.4932
vn 0.8728 0.0335 0.4869
vn -0.1059 0.0110 -0.9943
vn 0.1096 0.0110 -0.9939
vn 0.4989 0.0110 -0.8666
vn 0.6729 0.0111 -0.7397
vn 0.9523 0.0138 -0.3048
vn 0.9827 0.0071 -0.1851
vn 0.9776 0.0485 0.2047
vn 0.8943 0.0453 0.4452
vn 0.3851 0.1720 0.9067
vn 0.2971 0.0433 0.9539
vn 0.0644 0.1461 0.9872
vn -0.0699 0.0451 0.9965
vn -0.1714 0.1949 0.9657
vn -0.4126 0.0410 0.9100
vn -0.9313 0.0621 0.3588
vn -0.9565 0.0433 0.2886
vn -0.9860 0.0120 -0.1664
vn -0.9946 0.0278 0.0996
vn -0.8976 0.0108 -0.4407
vn -0.6701 0.0109 -0.7422
vn -0.4957 0.0108 -0.8684
vn 0.1095 0.0110 -0.9939
vn 0.8687 0.0992 0.4852
vn 0.1546 0.2227 0.9625
vn 0.0017 0.2600 0.9656
vn -0.0006 0.2390 0.9710
vn -0.3411 0.2102 0.9162
vn -0.3641 0.1324 0.9219
vn -0.3609 0.1279 0.9238
vn -0.1079 0.1344 0.9850
vn 0.1443 0.1352 0.9803
vn 0.3852 0.1270 0.9140
vn 0.3821 0.1322 0.9146
vn 0.9021 -0.0617 -0.4271
vn 0.9107 -0.0325 -0.4117
vn 0.9107 -0.0324 -0.4117
vn 0.9189 -0.0006 -0.3945
vn -0.0000 -0.0015 -1.0000
vn -0.9131 -0.0006 -0.4077
vn -0.9133 -0.0008 -0.4074
vn -0.9132 -0.0007 -0.4075
vn -0.9133 -0.0008 -0.4072
vn -0.0000 -0.0020 -1.0000
vn -0.4345 -0.8848 0.1681
vn -0.3772 -0.9103 0.1706
vn -0.8838 -0.3475 0.3133
vn -0.8884 -0.3491 0.2981
vn -0.8839 0.3475 0.3130
vn -0.8760 0.3824 0.2939
vn -0.4346 0.8848 0.1682
vn -0.3959 0.9007 0.1790
vn -0.0112 -0.9933 -0.1153
vn -0.0109 -0.9933 -0.1153
vn 0.0084 1.0000 -0.0000
vn 0.0083 0.9937 0.1120
vn -0.0084 -1.0000 -0.0000
vn -1.0000 0.0091 -0.0000
vn -1.0000 0.0091 0.0001
vn -1.0000 0.0047 -0.0020
vn -1.0000 0.0029 -0.0012
vn -1.0000 0.0029 -0.0023
vn -0.9999 0.0095 -0.0037
vn -1.0000 0.0099 -0.0000
vn -0.0000 -0.6994 0.7147
vn -0.0000 -0.7151 -0.6990
vn -0.0000 0.6992 -0.7149
vn -0.0000 0.7149 0.6992
vn -0.7013 0.0011 0.7129
vn -0.6998 0.0004 0.7143
vn -0.7005 0.0007 0.7137
vn -0.6990 -0.0000 0.7152
vn 0.7024 -0.0000 0.7118
vn 0.7010 0.0009 0.7132
vn 0.7010 0.0009 0.7131
vn 0.7006 0.0011 0.7135
vn 0.7036 0.0024 -0.7106
vn 0.7018 0.0007 -0.7123
vn 0.7020 0.0008 -0.7122
vn 0.7012 -0.0000 -0.7130
vn -0.7001 -0.0000 -0.7141
vn -0.7001 -0.0000 -0.7140
vn -0.7025 0.0024 -0.7117
vn -0.7049 0.7093 0.0023
vn -0.7056 0.7086 0.0016
vn -0.7052 0.7090 0.0020
vn -0.7060 0.7082 0.0012
vn 0.7071 0.7071 0.0011
vn 0.7062 0.7081 0.0021
vn 0.7063 0.7080 0.0020
vn 0.7059 0.7083 0.0023
vn 0.7026 -0.7116 0.0042
vn 0.7065 -0.7077 0.0004
vn 0.7061 -0.7081 0.0009
vn 0.7082 -0.7060 -0.0011
vn -0.7042 -0.7100 -0.0012
vn -0.7052 -0.7090 0.0007
vn -0.7054 -0.7088 0.0011
vn -0.7071 -0.7071 0.0041
vn 0.1049 0.0837 0.9909
vn -0.0000 0.1342 0.9910
vn -0.0000 -0.0001 1.0000
vn -0.1049 0.0837 0.9909
vn -0.1309 -0.0299 0.9909
vn -0.0582 -0.1210 0.9909
vn 0.0583 -0.1209 0.9909
vn 0.1309 -0.0298 0.9909
vn -0.4349 -0.0000 0.9005
vn 0.9395 0.0356 0.3408
vn -0.1039 0.0829 -0.9911
vn -0.0000 0.1330 -0.9911
vn -0.0001 0.0001 -1.0000
vn 0.1038 0.0828 -0.9911
vn 0.1295 -0.0296 -0.9911
vn 0.0576 -0.1195 -0.9912
vn -0.0576 -0.1197 -0.9911
vn -0.1295 -0.0296 -0.9911
vn -0.0000 0.0015 -1.0000
vn -0.0000 -0.0091 -1.0000
vn -0.0000 -0.0196 -0.9998
vn -0.0000 -0.0425 -0.9991
vn -0.0000 -0.0512 -0.9987
vn -0.0000 -0.0625 -0.9980
vn 0.0392 -0.9738 -0.2238
vn 0.1154 -0.9932 -0.0125
vn 0.0355 -0.9984 -0.0440
vn -0.0000 -0.9577 -0.2877
vn -0.4747 -0.8571 -0.2003
vn -0.2227 -0.9658 -0.1331
vn -0.2369 -0.9663 -0.1006
vn -0.0000 -0.9981 -0.0614
vn 0.0181 -0.9995 -0.0240
vn -0.1570 -0.9844 -0.0799
vn -0.0863 -0.9857 -0.1450
vn -0.0250 -0.9676 -0.2514
vn -0.0008 -0.9706 -0.2405
vn -0.5803 -0.7958 -0.1732
vn -0.5487 -0.8347 -0.0475
vn -0.3197 -0.9364 -0.1446
vn -0.0000 0.9994 0.0349
vn -0.9646 -0.0000 -0.2638
vn -0.9703 0.0027 -0.2418
vn -0.9235 0.1405 -0.3570
vn -0.8653 0.0006 0.5012
vn -0.8665 0.0060 0.4991
vn -0.8658 0.0006 0.5004
vn -0.8658 0.0115 0.5003
vn -0.8637 0.0238 0.5035
vn -0.8635 0.0284 0.5035
vn -0.8644 0.0346 0.5016
vn -0.8713 0.0339 0.4896
vn -0.0000 0.9456 -0.3254
vn 0.0279 0.9996 0.0074
vn 0.0235 0.9981 -0.0578
vn 0.0110 0.9855 -0.1694
vn 0.0889 0.9397 -0.3303
vn 0.0812 0.9411 -0.3282
vn -0.0000 0.9664 -0.2569
vn 0.1250 0.9414 -0.3134
vn 0.1183 0.9427 -0.3119
vn 0.0486 0.9906 -0.1278
vn -0.3349 0.3840 0.8605
vn -0.3570 0.3526 0.8650
vn -0.3571 0.3525 0.8650
vn -0.3738 0.3278 0.8676
vn 0.1130 0.9077 -0.4041
vn 0.1137 0.9076 -0.4043
vn 0.0889 0.9397 -0.3304
vn 0.0812 0.9411 -0.3283
vn 0.8989 -0.0917 0.4284
vn 0.8747 -0.2369 0.4228
vn 0.8181 -0.4101 0.4031
vn -0.1359 -0.9364 0.3235
vn -0.1341 -0.9359 0.3258
vn -0.1340 -0.9359 0.3259
vn -0.1313 -0.9351 0.3291
vn -0.9507 -0.1370 -0.2783
vn -0.9557 -0.2156 -0.2004
vn -0.9484 -0.2947 -0.1166
vn -0.9953 -0.0000 -0.0972
vn -0.9639 -0.0000 -0.2664
vn -0.9017 -0.0000 -0.4323
vn -0.8143 -0.0000 -0.5804
vn -0.3403 -0.0000 0.9403
vn 0.3554 -0.0000 -0.9347
vn -0.0026 0.0004 -1.0000
vn -0.0000 0.9988 0.0488
vn -1.0000 -0.0000 -0.0007
vn 0.0008 0.0410 -0.9992
vn 0.0006 0.0383 -0.9993
vn 0.0006 0.0382 -0.9993
vn 0.0005 0.0357 -0.9994
vn 1.0000 -0.0000 0.0006
vn -0.0005 -0.0357 0.9994
vn -0.7056 -0.7073 -0.0417
vn -0.7078 -0.7053 -0.0400
vn -0.7075 -0.7056 -0.0403
vn -0.7092 -0.7039 -0.0389
vn -0.7075 0.7056 0.0390
vn -0.7074 0.7057 0.0391
vn -0.7075 0.7057 0.0390
vn 0.7074 0.7057 0.0403
vn 0.7062 0.7069 0.0395
vn 0.7069 0.7062 0.0399
vn 0.7057 0.7075 0.0391
vn 0.7058 -0.7074 -0.0391
vn 0.7065 -0.7066 -0.0396
vn 0.7063 -0.7068 -0.0394
vn 0.7075 -0.7056 -0.0403
vn -0.0023 -0.0452 0.9990
vn -0.0025 -0.0452 0.9990
vn -0.0026 -0.0452 0.9990
vn -0.0000 0.0434 -0.9991
vn -0.0000 0.0454 -0.9990
vn -0.0000 0.0475 -0.9989
vn -0.7057 -0.7074 -0.0404
vn -0.7069 -0.7062 -0.0394
vn -0.7062 -0.7069 -0.0400
vn -0.7075 -0.7056 -0.0390
vn -0.7073 0.7058 0.0391
vn -0.7062 0.7069 0.0400
vn -0.7064 0.7067 0.0399
vn -0.7057 0.7074 0.0404
vn 0.7090 0.7040 0.0414
vn 0.7074 0.7057 0.0404
vn 0.7076 0.7054 0.0405
vn 0.7057 0.7075 0.0392
vn 0.7075 -0.7056 -0.0390
vn -0.0000 0.0429 -0.9991
vn -0.0000 0.0452 -0.9990
vn -0.7057 -0.7072 -0.0416
vn -0.7070 -0.7060 -0.0406
vn -0.7063 -0.7067 -0.0412
vn -0.7076 -0.7055 -0.0402
vn -0.7072 0.7059 0.0380
vn -0.7066 0.7066 0.0385
vn -0.7068 0.7064 0.0383
vn -0.7058 0.7073 0.0391
vn 0.7059 -0.7073 -0.0380
vn 0.7078 -0.7054 -0.0392
vn 0.7073 -0.7059 -0.0389
vn 0.7091 -0.7039 -0.0402
vn 0.0023 -0.0455 0.9990
vn -0.0000 -0.0455 0.9990
vn -0.0023 -0.0455 0.9990
vn -0.0000 0.0427 -0.9991
vn -0.0000 0.0426 -0.9991
vn -0.4340 -0.0000 -0.9009
vn -0.9750 -0.0000 -0.2222
vn -0.7819 -0.0000 0.6235
vn 0.7814 -0.0000 0.6241
vn 0.5951 -0.0000 -0.8037
vn 0.5039 -0.0299 -0.8633
vn 0.6718 -0.0611 -0.7382
vn 0.8190 -0.0575 -0.5710
vn 0.9301 -0.0553 -0.3632
vn 0.9748 -0.0000 -0.2233
vn -0.0000 -0.9410 0.3385
vn -0.0030 -1.0000 -0.0052
vn -0.0036 -1.0000 0.0002
vn -0.0024 -1.0000 -0.0001
vn -0.0030 -1.0000 0.0021
vn -0.0060 -1.0000 -0.0000
vn -0.9749 -0.0000 -0.2228
vn -0.7820 -0.0000 0.6233
vn 0.9754 -0.0000 -0.2206
vn 0.9789 -0.0000 -0.2044
vn 0.9803 -0.0000 -0.1977
vn 0.9974 -0.0000 0.0722
vn 0.9292 -0.0000 0.3696
vn 0.7816 -0.0000 0.6238
vn 0.4338 -0.0000 -0.9010
vn -0.4339 -0.0000 -0.9009
vn -0.3961 -0.0000 -0.9182
vn -0.3098 -0.0000 -0.9508
vn -0.1944 -0.0000 -0.9809
vn -0.3404 0.0001 -0.9403
vn -0.4338 -0.0000 -0.9010
vn -0.6211 -0.7488 -0.2314
vn -0.6209 -0.7490 -0.2312
vn -0.6209 -0.7490 -0.2311
vn -0.7595 0.1858 -0.6234
vn -0.7595 0.1857 -0.6234
vn -0.7596 0.1855 -0.6233
vn -0.1295 0.9159 -0.3800
vn -0.1297 0.9158 -0.3800
vn -0.1297 0.9158 -0.3801
vn 0.6215 0.7484 0.2316
vn 0.6210 0.7489 0.2312
vn 0.6210 0.7490 0.2312
vn 0.6209 0.7491 0.2312
vn 0.7595 -0.1858 0.6234
vn 0.7595 -0.1857 0.6234
vn 0.1295 -0.9161 0.3794
vn 0.1297 -0.9160 0.3796
vn 0.1305 -0.9156 0.3803
vn 0.1310 -0.9153 0.3808
vn -0.6208 -0.7492 -0.2309
vn -0.7597 0.1857 -0.6232
vn -0.7597 0.1858 -0.6232
vn -0.1291 0.9161 -0.3797
vn -0.1294 0.9160 -0.3798
vn -0.1310 0.9155 -0.3804
vn -0.1313 0.9154 -0.3805
vn 0.6209 0.7491 0.2309
vn 0.6209 0.7491 0.2310
vn 0.6211 0.7489 0.2310
vn 0.6211 0.7489 0.2311
vn 0.7596 -0.1857 0.6234
vn 0.7596 -0.1853 0.6234
vn 0.7597 -0.1852 0.6234
vn 0.1295 -0.9161 0.3796
vn 0.1295 -0.9161 0.3795
vn 0.1294 -0.9161 0.3794
vn 0.1293 -0.9161 0.3794
vn -0.7970 -0.6040 0.0032
vn -0.7970 -0.6039 0.0032
vn -0.7971 -0.6038 0.0030
vn -0.8243 0.2950 -0.4833
vn -0.8243 0.2949 -0.4833
vn -0.8244 0.2947 -0.4832
vn -0.0197 0.8803 -0.4739
vn 0.7965 0.6046 -0.0040
vn 0.7966 0.6045 -0.0039
vn 0.8235 -0.2965 0.4837
vn 0.8235 -0.2964 0.4837
vn 0.8234 -0.2967 0.4837
vn 0.8238 -0.2958 0.4836
vn 0.0213 -0.8800 0.4744
vn 0.0211 -0.8801 0.4743
vn 0.0200 -0.8804 0.4738
vn 0.0198 -0.8805 0.4737
vn -0.7972 -0.6037 0.0032
vn -0.0198 0.8804 -0.4739
vn -0.0197 0.8804 -0.4739
vn -0.0196 0.8804 -0.4739
vn 0.7972 0.6037 -0.0032
vn 0.7972 0.6038 -0.0032
vn 0.8244 -0.2947 0.4832
vn 0.0197 -0.8803 0.4739
vn 0.0198 -0.8803 0.4739
vn -0.7380 -0.6514 0.1765
vn -0.7380 -0.6513 0.1765
vn -0.7381 -0.6512 0.1764
vn -0.7382 -0.6512 0.1764
vn -0.9455 0.3145 -0.0848
vn -0.9455 0.3144 -0.0847
vn -0.1957 0.9466 -0.2564
vn -0.1958 0.9466 -0.2563
vn -0.1967 0.9464 -0.2561
vn -0.1969 0.9464 -0.2561
vn 0.7372 0.6521 -0.1769
vn 0.7372 0.6520 -0.1769
vn 0.7373 0.6520 -0.1769
vn 0.9455 -0.3143 0.0848
vn 0.1969 -0.9463 0.2564
vn -0.7380 -0.6513 0.1762
vn -0.7380 -0.6514 0.1763
vn -0.7374 -0.6519 0.1766
vn -0.7373 -0.6520 0.1766
vn -0.9452 0.3153 -0.0852
vn -0.9450 0.3158 -0.0854
vn -0.1956 0.9466 -0.2564
vn -0.1964 0.9465 -0.2562
vn -0.1959 0.9465 -0.2563
vn 0.9455 -0.3144 0.0848
vn 0.9455 -0.3145 0.0848
vn -0.4341 -0.0000 -0.9009
vn -0.9749 -0.0000 -0.2227
vn -0.7826 -0.0000 0.6225
vn 0.7825 -0.0000 0.6227
vn 0.9748 -0.0000 -0.2230
vn 0.4331 -0.0000 -0.9013
vn 1.0000 -0.0000 -0.0005
vn 1.0000 -0.0000 -0.0009
vn 1.0000 -0.0000 -0.0008
vn 1.0000 -0.0000 -0.0003
vn -0.9875 -0.1523 0.0404
vn -0.9881 -0.1483 0.0406
vn -0.9880 -0.1493 0.0406
vn -0.9885 -0.1458 0.0408
vn -0.0000 -0.9630 0.2693
vn 0.9785 -0.1987 0.0556
vn 0.9790 -0.1970 0.0532
vn 0.9794 -0.1954 0.0508
vn 0.6860 -0.7098 -0.1600
vn -0.0019 -0.9982 -0.0601
vn 0.3425 -0.9269 -0.1535
vn -0.0052 -0.9992 -0.0393
vn 0.1342 -0.9878 -0.0793
vn -0.0106 -0.9995 -0.0296
vn -0.1240 0.9156 -0.3824
vn -0.1404 0.9112 -0.3872
vn -0.1407 0.9111 -0.3873
vn -0.1523 0.9079 -0.3907
vn 0.3420 0.4257 0.8377
vn 0.3566 0.4031 0.8428
vn 0.3683 0.3844 0.8465
vn -0.8173 -0.0389 0.5749
vn -0.7669 -0.2743 0.5801
vn -0.7670 -0.2742 0.5801
vn -0.6717 -0.4945 0.5516
vn 0.1342 -0.9030 0.4082
vn 0.1348 -0.9032 0.4075
vn 0.1346 -0.9031 0.4077
vn 0.1351 -0.9033 0.4071
vn 0.9670 -0.1268 -0.2209
vn 0.9693 -0.1703 -0.1772
vn 0.9679 -0.2138 -0.1322
vn 0.7327 0.0225 -0.6802
vn 0.7019 0.0005 -0.7123
vn 0.7383 -0.0042 -0.6745
vn 0.7453 -0.0521 -0.6647
vn 0.7381 0.0053 -0.6746
vn 0.7376 0.0126 -0.6751
vn 0.7414 -0.0000 -0.6710
vn 0.3660 -0.0000 0.9306
vn -0.3665 -0.0000 -0.9304
vn 0.6209 -0.7490 -0.2312
vn 0.7596 0.1855 -0.6233
vn 0.7596 0.1856 -0.6234
vn 0.7596 0.1856 -0.6233
vn 0.1293 0.9161 -0.3794
vn 0.1295 0.9161 -0.3795
vn -0.6208 0.7492 0.2311
vn -0.6211 0.7488 0.2313
vn -0.6214 0.7485 0.2315
vn -0.6211 0.7488 0.2314
vn -0.7597 -0.1858 0.6232
vn -0.7597 -0.1856 0.6232
vn -0.1296 -0.9161 0.3794
vn -0.1299 -0.9159 0.3798
vn -0.1296 -0.9161 0.3795
vn -0.1300 -0.9159 0.3798
vn 0.6209 -0.7491 -0.2312
vn 0.6208 -0.7491 -0.2311
vn 0.7594 0.1856 -0.6236
vn 0.7595 0.1853 -0.6235
vn 0.7594 0.1855 -0.6236
vn 0.1292 0.9162 -0.3794
vn 0.1291 0.9162 -0.3794
vn 0.1301 0.9159 -0.3797
vn -0.6216 0.7482 0.2320
vn -0.6214 0.7484 0.2318
vn -0.6215 0.7483 0.2319
vn -0.6207 0.7491 0.2314
vn -0.7594 -0.1855 0.6236
vn -0.7595 -0.1855 0.6236
vn -0.1305 -0.9156 0.3804
vn -0.1300 -0.9158 0.3800
vn -0.1310 -0.9153 0.3809
vn 0.7972 -0.6037 0.0032
vn 0.7976 -0.6032 0.0026
vn 0.7973 -0.6036 0.0031
vn 0.7977 -0.6031 0.0025
vn 0.8244 0.2947 -0.4832
vn 0.8243 0.2949 -0.4833
vn 0.8243 0.2950 -0.4833
vn 0.0196 0.8804 -0.4739
vn 0.0197 0.8804 -0.4739
vn 0.0198 0.8804 -0.4739
vn -0.7972 0.6037 -0.0033
vn -0.7965 0.6046 -0.0037
vn -0.7971 0.6039 -0.0033
vn -0.7964 0.6047 -0.0038
vn -0.8243 -0.2945 0.4834
vn -0.8241 -0.2952 0.4835
vn -0.8242 -0.2948 0.4835
vn -0.8235 -0.2964 0.4837
vn -0.0198 -0.8805 0.4737
vn -0.0205 -0.8803 0.4740
vn -0.0200 -0.8804 0.4738
vn -0.0211 -0.8801 0.4743
vn 0.7965 -0.6046 0.0040
vn 0.7971 -0.6039 0.0031
vn 0.7970 -0.6040 0.0033
vn 0.7971 -0.6038 0.0030
vn 0.8236 0.2958 -0.4839
vn 0.8243 0.2948 -0.4833
vn 0.8237 0.2957 -0.4838
vn -0.7963 0.6048 -0.0038
vn -0.7968 0.6042 -0.0035
vn -0.8244 -0.2947 0.4832
vn -0.0198 -0.8803 0.4739
vn -0.0197 -0.8803 0.4739
vn 0.7502 -0.6517 0.1120
vn 0.7500 -0.6519 0.1122
vn 0.7501 -0.6517 0.1121
vn 0.9343 0.3150 -0.1669
vn 0.9344 0.3148 -0.1668
vn 0.9343 0.3150 -0.1668
vn 0.9344 0.3148 -0.1667
vn 0.1739 0.9463 -0.2724
vn 0.1740 0.9463 -0.2724
vn -0.7497 0.6521 -0.1122
vn -0.7502 0.6517 -0.1121
vn -0.7507 0.6510 -0.1121
vn -0.7509 0.6508 -0.1121
vn -0.9344 -0.3148 0.1665
vn -0.9343 -0.3151 0.1665
vn -0.9344 -0.3149 0.1665
vn -0.9343 -0.3152 0.1665
vn -0.1722 -0.9467 0.2723
vn -0.1724 -0.9466 0.2723
vn -0.1723 -0.9467 0.2723
vn -0.1725 -0.9466 0.2724
vn 0.7371 -0.6522 0.1767
vn 0.7371 -0.6523 0.1767
vn 0.7370 -0.6523 0.1767
vn 0.9450 0.3157 -0.0855
vn 0.9452 0.3153 -0.0853
vn 0.9454 0.3147 -0.0850
vn 0.9456 0.3142 -0.0848
vn 0.1967 0.9464 -0.2563
vn 0.1968 0.9463 -0.2563
vn -0.7377 0.6516 -0.1768
vn -0.7378 0.6514 -0.1768
vn -0.9455 -0.3143 0.0848
vn -0.9455 -0.3144 0.0848
vn -0.1950 -0.9467 0.2564
vn -0.1953 -0.9466 0.2564
vn -0.1951 -0.9467 0.2564
vn -0.1954 -0.9466 0.2564
vn -0.7718 -0.6358 0.0002
vn -0.7719 -0.6358 0.0002
vn -0.7711 -0.6366 -0.0101
vn -0.7685 -0.6385 -0.0407
vn -0.6145 -0.6687 -0.4186
vn -0.4516 -0.6710 -0.5881
vn -0.0575 -0.6411 -0.7653
vn -0.0187 -0.6373 -0.7704
vn 0.0126 -0.6363 -0.7713
vn 0.0455 -0.6362 -0.7702
vn 0.3504 -0.6514 -0.6729
vn 0.4930 -0.6521 -0.5759
vn 0.6954 -0.6362 -0.3341
vn 0.7046 -0.6347 -0.3173
vn 0.6829 -0.6221 -0.3830
vn 0.6553 -0.6065 -0.4503
vn 0.6256 -0.5892 -0.5113
vn 0.6257 -0.5892 -0.5113
vn -0.6358 0.7719 0.0001
vn -0.6346 0.7727 -0.0106
vn -0.6321 0.7742 -0.0329
vn -0.4753 0.8008 -0.3643
vn -0.3400 0.7969 -0.4994
vn -0.0459 0.7752 -0.6301
vn -0.0118 0.7723 -0.6351
vn 0.0116 0.7720 -0.6355
vn 0.0362 0.7728 -0.6336
vn 0.2960 0.7881 -0.5397
vn 0.4105 0.7879 -0.4590
vn 0.5644 0.7774 -0.2777
vn 0.5744 0.7745 -0.2650
vn 0.6084 0.7743 -0.1741
vn 0.6354 0.7672 -0.0880
vn 0.6544 0.7562 -0.0044
vn 0.7718 0.6358 -0.0001
vn 0.7727 0.6347 -0.0002
vn 0.7720 0.6355 0.0095
vn 0.7710 0.6361 0.0303
vn 0.5850 0.6713 0.4551
vn 0.4156 0.6653 0.6202
vn 0.0437 0.6371 0.7695
vn 0.0103 0.6356 0.7720
vn -0.0125 0.6355 0.7720
vn -0.0388 0.6378 0.7693
vn -0.3691 0.6541 0.6602
vn -0.5101 0.6511 0.5620
vn -0.6988 0.6345 0.3303
vn -0.7050 0.6357 0.3145
vn -0.6808 0.6242 0.3832
vn -0.6522 0.6097 0.4505
vn -0.6230 0.5924 0.5109
vn -0.6242 0.5910 0.5110
vn 0.6358 -0.7719 -0.0002
vn 0.6365 -0.7713 -0.0002
vn 0.6360 -0.7717 0.0056
vn 0.6345 -0.7725 0.0257
vn 0.5046 -0.7971 0.3317
vn 0.3722 -0.8003 0.4701
vn 0.0378 -0.7750 0.6308
vn 0.0127 -0.7731 0.6341
vn -0.0080 -0.7726 0.6349
vn -0.0310 -0.7738 0.6327
vn -0.2766 -0.7880 0.5500
vn -0.3930 -0.7896 0.4713
vn -0.5667 -0.7763 0.2761
vn -0.5749 -0.7739 0.2657
vn -0.6091 -0.7738 0.1737
vn -0.6350 -0.7675 0.0878
vn -0.6538 -0.7567 0.0042
vn -0.6530 -0.7573 0.0036
vn 0.2571 -0.1766 0.9501
vn 0.2564 -0.1766 0.9503
vn 0.2558 -0.1767 0.9504
vn -0.4074 0.0065 0.9132
vn 0.0015 -0.0000 1.0000
vn -0.3075 -0.0000 0.9515
vn 0.7134 -0.6532 -0.2537
vn 0.6683 -0.6205 -0.4104
vn 0.7138 -0.6527 -0.2540
vn 0.6689 -0.6198 -0.4104
vn 0.6533 -0.6088 -0.4500
vn 0.6524 -0.6097 -0.4500
vn 0.4110 -0.0000 0.9116
vn 0.3104 -0.0000 0.9506
vn 0.9297 -0.0000 0.3683
vn -0.9287 -0.0000 0.3707
vn -0.5516 0.0001 -0.8341
vn -0.0887 -0.0000 -0.9961
vn -0.0024 0.0002 -1.0000
vn -0.0025 -0.0000 -1.0000
vn 0.2772 -0.0024 -0.9608
vn 0.4564 -0.0000 -0.8898
vn -0.5516 -0.0000 -0.8341
vn -0.6901 -0.0001 -0.7237
vn -0.0887 -0.0003 -0.9961
vn -0.6902 -0.0000 -0.7237
vn -0.6901 -0.0000 -0.7237
vn 0.5821 0.7832 -0.2185
vn 0.6445 0.7639 -0.0318
vn 0.5812 0.7839 -0.2184
vn 0.6437 0.7646 -0.0314
vn 0.6572 0.7535 0.0195
vn 0.6582 0.7526 0.0188
vn 0.6918 -0.0000 -0.7221
vn 0.4565 -0.0000 -0.8897
vn 0.2772 -0.0072 -0.9608
vn -0.1289 -0.0000 0.9917
vn -0.1575 -0.0000 0.9875
vn -0.0831 -0.0000 0.9965
vn 0.0854 -0.0000 0.9963
vn 0.1341 -0.0000 0.9910
vn 0.1655 -0.0000 0.9862
vn -0.7129 0.6538 0.2535
vn -0.6684 0.6205 0.4103
vn -0.7137 0.6529 0.2536
vn -0.6690 0.6198 0.4103
vn -0.6532 0.6090 0.4500
vn -0.6527 0.6095 0.4500
vn 0.6819 0.0012 0.7314
vn 0.6082 -0.2135 0.7645
vn 0.6128 -0.1464 0.7765
vn 0.6820 0.0012 0.7314
vn 0.4539 -0.3812 0.8054
vn 0.3791 -0.4493 0.8089
vn 0.2982 -0.4622 0.8352
vn 0.2566 -0.4694 0.8449
vn -0.1673 -0.0616 0.9840
vn -0.1785 -0.0315 0.9834
vn -0.1867 -0.0089 0.9824
vn -0.1889 -0.0091 0.9820
vn -0.4604 0.0038 0.8877
vn -0.2916 0.3952 0.8711
vn -0.3313 0.3035 0.8934
vn -0.4605 0.0038 0.8877
vn 0.0061 0.6537 0.7567
vn 0.1246 0.6925 0.7106
vn 0.2208 0.7038 0.6752
vn 0.2581 0.6940 0.6721
vn 0.8814 0.0565 0.4690
vn 0.8883 0.0188 0.4589
vn 0.8919 -0.0051 0.4521
vn 0.8889 -0.0056 0.4580
vn -0.6818 -0.0023 -0.7316
vn -0.6077 0.2132 -0.7650
vn -0.6216 0.1355 -0.7715
vn -0.6817 -0.0024 -0.7316
vn -0.4506 0.3845 -0.8057
vn -0.3814 0.4503 -0.8073
vn -0.3207 0.4663 -0.8245
vn -0.2805 0.4803 -0.8311
vn 0.1728 0.0492 -0.9837
vn 0.1773 0.0371 -0.9835
vn 0.1875 0.0092 -0.9822
vn 0.1889 0.0091 -0.9820
vn 0.6840 0.0022 0.7295
vn 0.5981 -0.2260 0.7689
vn 0.6068 -0.1591 0.7788
vn 0.4436 -0.3879 0.8079
vn 0.3779 -0.4518 0.8081
vn 0.3053 -0.4636 0.8318
vn 0.2625 -0.4755 0.8396
vn -0.1713 -0.0641 0.9831
vn -0.1830 -0.0328 0.9826
vn -0.1916 -0.0093 0.9814
vn -0.1880 -0.0091 0.9821
vn -0.4591 0.0186 0.8882
vn -0.2897 0.3976 0.8706
vn -0.3316 0.3024 0.8936
vn -0.0291 0.6412 0.7668
vn 0.0787 0.6854 0.7239
vn 0.1823 0.7011 0.6894
vn 0.2247 0.6958 0.6821
vn 0.8776 0.0625 0.4753
vn 0.8855 0.0210 0.4642
vn 0.8896 -0.0058 0.4567
vn 0.8887 -0.0059 0.4584
vn -0.6847 -0.0010 -0.7288
vn -0.5549 0.2624 -0.7895
vn -0.5934 0.1874 -0.7828
vn -0.6849 -0.0009 -0.7286
vn -0.3504 0.4320 -0.8310
vn -0.2665 0.4504 -0.8522
vn -0.1937 0.4570 -0.8681
vn -0.1666 0.4374 -0.8837
vn 0.1703 0.0545 -0.9839
vn 0.1748 0.0414 -0.9837
vn 0.1861 0.0104 -0.9825
vn 0.1843 0.0105 -0.9828
vn 0.6824 0.0013 0.7309
vn 0.5486 -0.2691 0.7916
vn 0.5816 -0.2037 0.7876
vn 0.6825 0.0013 0.7309
vn 0.3492 -0.4327 0.8312
vn 0.2649 -0.4505 0.8525
vn 0.1845 -0.4519 0.8728
vn 0.1522 -0.4294 0.8902
vn -0.1649 -0.0700 0.9838
vn -0.1775 -0.0362 0.9835
vn -0.1871 -0.0104 0.9823
vn -0.1843 -0.0101 0.9828
vn 0.5005 -0.8344 -0.2307
vn 0.1370 -0.9845 -0.1094
vn 0.0762 -0.9932 -0.0877
vn -0.0000 -0.9982 -0.0601
vn -0.4998 0.8349 0.2305
vn -0.0000 0.9983 0.0591
vn -0.1384 0.9844 0.1088
vn -0.4998 0.8349 0.2304
vn -0.1383 0.9844 0.1088
vn -1.0000 0.0008 -0.0000
vn 1.0000 -0.0004 -0.0000
vn 0.9353 -0.0002 -0.3538
vn -0.9353 0.0002 0.3538
vn -0.0680 -0.9977 0.0044
vn -0.2047 -0.9788 0.0017
vn -0.0363 -0.9986 0.0374
vn -0.0155 -0.9998 0.0157
vn 0.0530 -0.9968 0.0605
vn 0.0013 -0.9985 0.0544
vn 0.0670 -0.9957 0.0638
vn 0.2962 -0.9523 0.0736
vn 0.1799 -0.9834 -0.0233
vn 0.0672 -0.9952 -0.0710
vn 0.0351 -0.9967 -0.0726
vn -0.0007 -0.9986 -0.0525
vn -0.0313 -0.9993 -0.0185
vn -0.0359 -0.9988 -0.0342
vn 0.9806 -0.0000 0.1963
vn 0.9810 -0.0004 0.1942
vn 0.9810 0.0004 0.1942
vn 0.9811 -0.0000 0.1933
vn 0.9812 0.0017 0.1929
vn 0.9812 -0.0017 0.1928
vn -0.9813 -0.0023 -0.1925
vn -0.9812 -0.0000 -0.1932
vn -0.9810 -0.0006 -0.1941
vn -0.9810 0.0006 -0.1941
vn -0.9806 -0.0000 -0.1963
vn -0.9813 0.0023 -0.1925
vn -0.8683 -0.0000 -0.4960
vn -0.7421 -0.0000 -0.6703
vn -0.4109 -0.0000 -0.9117
vn -0.9944 -0.0000 -0.1061
vn -0.9940 -0.0000 0.1092
vn -0.8668 -0.0000 0.4986
vn -0.7400 -0.0000 0.6726
vn -0.4082 -0.0000 0.9129
vn -0.2034 -0.0000 0.9791
vn 0.2063 -0.0000 0.9785
vn 0.4109 -0.0000 0.9117
vn 0.7421 -0.0000 0.6703
vn 0.8683 -0.0000 0.4960
vn 0.9943 -0.0000 0.1062
vn 0.9940 -0.0000 -0.1090
vn 0.8669 -0.0000 -0.4985
vn 0.7400 -0.0000 -0.6726
vn 0.4082 -0.0000 -0.9129
vn 0.2034 -0.0000 -0.9791
vn -0.2063 -0.0000 -0.9785
vn 0.1303 -0.9821 -0.1359
vn 0.5456 -0.7826 -0.2999
vn 0.0601 -0.9936 -0.0953
vn -0.0013 -0.9977 -0.0679
vn -0.0021 -0.9983 -0.0590
vn 0.9296 -0.0000 -0.3686
vn 0.9295 -0.0007 -0.3688
vn 0.9294 -0.0010 -0.3690
vn 0.9295 -0.0018 -0.3689
vn 0.9298 0.0001 -0.3682
vn 0.9297 -0.0000 -0.3683
vn 0.0021 0.9982 0.0602
vn -0.1263 0.9826 0.1359
vn -0.5321 0.7931 0.2963
vn 0.9109 -0.0002 -0.4127
vn 0.9109 -0.0003 -0.4127
vn 0.9115 0.0003 -0.4114
vn -0.9109 -0.0003 0.4127
vn -0.9110 -0.0002 0.4124
vn -0.9114 0.0002 0.4114
vn 0.0048 0.9999 -0.0099
vn 0.0037 1.0000 -0.0046
vn -0.0038 -1.0000 0.0077
vn -0.0038 -1.0000 0.0078
vn -0.0044 -1.0000 0.0060
vn 0.9050 0.0101 0.4253
vn 0.9088 0.1940 0.3694
vn 0.9110 0.1309 0.3912
vn 0.7023 0.6935 -0.1608
vn 0.6717 0.7105 -0.2100
vn 0.6654 0.7150 -0.2146
vn 0.6743 0.7154 -0.1831
vn 0.7205 0.6934 0.0096
vn 0.7211 0.6927 0.0087
vn 0.7211 0.6928 0.0087
vn 0.7222 0.6917 0.0077
vn -0.4275 0.0173 0.9038
vn -0.4611 0.1962 0.8654
vn -0.4448 0.1180 0.8878
vn -0.6302 0.6718 0.3893
vn -0.6378 0.6901 0.3421
vn -0.6378 0.6946 0.3327
vn -0.6265 0.6920 0.3587
vn -0.5591 0.6398 0.5272
vn -0.5574 0.6396 0.5293
vn -0.5568 0.6394 0.5302
vn -0.5558 0.6404 0.5302
vn -0.9050 -0.0096 -0.4253
vn -0.9082 -0.2089 -0.3626
vn -0.9118 -0.1253 -0.3911
vn -0.9050 -0.0096 -0.4252
vn -0.7097 -0.6886 0.1487
vn -0.6776 -0.7067 0.2034
vn -0.6671 -0.7132 0.2152
vn -0.6763 -0.7129 0.1855
vn -0.7225 -0.6914 -0.0074
vn -0.7232 -0.6906 -0.0068
vn -0.7241 -0.6896 -0.0060
vn 0.4275 -0.0180 -0.9038
vn 0.4673 -0.2176 -0.8569
vn 0.4554 -0.1509 -0.8774
vn 0.6269 -0.6691 -0.3991
vn 0.6384 -0.6897 -0.3418
vn 0.6387 -0.6940 -0.3323
vn 0.6285 -0.6902 -0.3587
vn 0.5575 -0.6411 -0.5274
vn 0.5574 -0.6396 -0.5294
vn 0.5568 -0.6394 -0.5302
vn 0.5579 -0.6384 -0.5302
vn 0.2423 -0.2186 0.9453
vn 0.2423 -0.2179 0.9454
vn 0.2424 -0.2171 0.9456
vn 0.3300 -0.0000 -0.9440
vn -0.8285 -0.0000 -0.5600
vn -0.3283 -0.0000 0.9446
vn 0.8409 -0.0000 0.5412
vn 0.9043 0.0095 0.4268
vn 0.9109 0.1934 0.3644
vn 0.9136 0.1305 0.3852
vn 0.9043 0.0095 0.4269
vn 0.7199 0.6820 -0.1291
vn 0.6893 0.7040 -0.1713
vn 0.6838 0.7085 -0.1745
vn 0.6872 0.7123 -0.1430
vn 0.7238 0.6899 0.0148
vn 0.7228 0.6910 0.0105
vn 0.7224 0.6914 0.0087
vn -0.4256 0.0178 0.9047
vn -0.4637 0.1957 0.8641
vn -0.4486 0.1169 0.8860
vn -0.4255 0.0178 0.9048
vn -0.6393 0.6880 0.3434
vn -0.6475 0.7032 0.2938
vn -0.6476 0.7072 0.2836
vn -0.6389 0.7035 0.3112
vn -0.5697 0.6536 0.4983
vn -0.5685 0.6525 0.5011
vn -0.5678 0.6522 0.5022
vn -0.9041 -0.0102 -0.4272
vn -0.9076 -0.2098 -0.3636
vn -0.9110 -0.1261 -0.3927
vn -0.9041 -0.0102 -0.4273
vn -0.7256 -0.6780 0.1174
vn -0.6944 -0.7003 0.1653
vn -0.6852 -0.7070 0.1750
vn -0.6892 -0.7098 0.1454
vn -0.7240 -0.6897 -0.0146
vn -0.7236 -0.6901 -0.0096
vn -0.7233 -0.6905 -0.0079
vn -0.7241 -0.6896 -0.0072
vn 0.4258 -0.0177 -0.9047
vn 0.4656 -0.2178 -0.8578
vn 0.4535 -0.1507 -0.8785
vn 0.4257 -0.0177 -0.9047
vn 0.6369 -0.6844 -0.3549
vn 0.6483 -0.7023 -0.2940
vn 0.6486 -0.7064 -0.2835
vn 0.6407 -0.7021 -0.3108
vn 0.5698 -0.6535 -0.4984
vn 0.5696 -0.6514 -0.5011
vn 0.5693 -0.6509 -0.5022
vn 0.5703 -0.6500 -0.5022
vn 0.2423 -0.2178 0.9454
vn 0.2424 -0.2170 0.9456
vn 0.7201 0.6938 -0.0112
vn 0.7255 0.6882 0.0110
vn 0.7252 0.6883 0.0150
vn 0.7260 0.6875 0.0191
vn 0.7249 0.6886 0.0200
vn -0.5923 0.6693 0.4486
vn -0.5816 0.6602 0.4751
vn -0.5800 0.6592 0.4787
vn -0.5777 0.6577 0.4833
vn -0.5777 0.6578 0.4833
vn -0.7200 -0.6939 0.0118
vn -0.7250 -0.6886 -0.0114
vn -0.7258 -0.6877 -0.0144
vn -0.7268 -0.6866 -0.0184
vn -0.7269 -0.6866 -0.0184
vn 0.5925 -0.6692 -0.4485
vn 0.5816 -0.6603 -0.4751
vn 0.5809 -0.6583 -0.4787
vn 0.5793 -0.6564 -0.4833
vn 0.5800 -0.6558 -0.4832
vn 0.2401 -0.2142 0.9468
vn 0.2401 -0.2135 0.9470
vn 0.2402 -0.2128 0.9471
vn -0.2580 -0.0000 -0.9661
vn -0.1174 -0.0000 -0.9931
vn 0.0757 -0.0000 -0.9971
vn 0.1618 -0.0000 -0.9868
vn 0.2583 -0.0000 -0.9661
vn 0.9127 0.0027 -0.4087
vn 0.9118 0.0157 -0.4103
vn 0.9117 0.0093 -0.4109
vn 0.9118 0.0158 -0.4102
vn 0.9119 0.0158 -0.4102
vn 0.5346 -0.7899 -0.3005
vn 0.5033 -0.8220 -0.2666
vn 0.4690 -0.8526 -0.2305
vn -0.4310 0.7403 0.5160
vn -0.4385 0.7333 0.5196
vn -0.9118 -0.0001 0.4106
vn -0.9119 -0.0071 0.4104
vn -0.9115 -0.0095 0.4111
vn -0.9113 -0.0161 0.4114
vn -0.9106 -0.0164 0.4130
vn -0.9126 -0.0032 0.4088
vn -0.5347 0.7898 0.3006
vn -0.5033 0.8219 0.2667
vn -0.5033 0.8219 0.2668
vn -0.4690 0.8526 0.2307
vn 0.0222 -0.9995 -0.0234
vn -0.0145 -0.9999 0.0048
vn -0.0389 -0.9987 -0.0316
vn -0.0163 -0.9996 0.0237
vn 0.0245 -0.9993 0.0285
vn 0.0562 -0.9984 -0.0000
vn 0.0024 -0.0058 -1.0000
vn 0.0029 -0.0058 -1.0000
vn 0.0028 -0.0058 -1.0000
vn 0.0026 -0.0058 -1.0000
vn 0.0021 -0.0053 -1.0000
vn 0.0027 -0.0058 -1.0000
vn -0.0000 -0.0041 -1.0000
vn 0.9776 -0.0000 -0.2103
vn -0.2105 -0.0000 -0.9776
vn -0.9776 -0.0000 0.2103
vn 0.2105 -0.0000 0.9776
vn -0.9522 0.2229 0.2089
vn -0.9527 0.2226 0.2069
vn -0.9528 0.2225 0.2064
vn -0.9534 0.2222 0.2042
vn -0.4239 0.9012 0.0908
vn -0.4240 0.9011 0.0905
vn 0.4247 0.9008 -0.0906
vn 0.4248 0.9008 -0.0904
vn 0.9537 0.2222 -0.2029
vn 0.9535 0.2223 -0.2035
vn 0.9534 0.2224 -0.2039
vn 0.9534 0.2224 -0.2041
vn 0.7643 -0.6237 -0.1636
vn -0.7639 -0.6231 0.1676
vn -0.7639 -0.6232 0.1676
vn 0.2108 0.0001 0.9775
vn 0.2107 -0.0002 0.9776
vn 0.2105 0.0001 0.9776
vn 0.2108 -0.0003 0.9775
vn 0.2105 -0.0001 0.9776
vn 0.2103 0.0003 0.9776
vn 0.2103 -0.0000 0.9776
vn 0.7974 -0.6034 0.0065
vn 0.7979 -0.6028 0.0057
vn 0.7979 -0.6027 0.0057
vn 0.7982 -0.6024 0.0053
vn 0.8232 0.2946 -0.4853
vn 0.8238 0.2937 -0.4848
vn 0.8233 0.2945 -0.4852
vn 0.8239 0.2936 -0.4848
vn 0.1963 0.8463 -0.4952
vn 0.1088 0.8656 -0.4887
vn 0.0181 0.8782 -0.4780
vn -0.8376 0.5447 0.0413
vn -0.8171 0.5760 0.0256
vn -0.7917 0.6109 0.0074
vn -0.8231 -0.2949 0.4854
vn -0.8233 -0.2945 0.4853
vn -0.8231 -0.2948 0.4854
vn -0.8233 -0.2944 0.4853
vn -0.0181 -0.8783 0.4778
vn -0.0178 -0.8784 0.4777
vn -0.0182 -0.8782 0.4779
vn -0.0189 -0.8781 0.4782
vn 0.7482 -0.6518 0.1243
vn 0.7490 -0.6509 0.1238
vn 0.7487 -0.6512 0.1240
vn 0.7491 -0.6508 0.1237
vn 0.9362 0.3142 -0.1572
vn 0.9362 0.3143 -0.1573
vn 0.9360 0.3148 -0.1575
vn 0.9361 0.3147 -0.1574
vn 0.1763 0.9452 -0.2748
vn 0.2651 0.9283 -0.2608
vn 0.3495 0.9043 -0.2451
vn -0.7467 0.6562 -0.1085
vn -0.7768 0.6209 -0.1055
vn -0.8014 0.5892 -0.1027
vn -0.9361 -0.3145 0.1573
vn -0.9359 -0.3150 0.1574
vn -0.9362 -0.3144 0.1573
vn -0.9364 -0.3138 0.1573
vn -0.1769 -0.9450 0.2751
vn -0.1764 -0.9451 0.2750
vn -0.1763 -0.9451 0.2750
vn 0.7369 -0.6518 0.1795
vn 0.7370 -0.6516 0.1795
vn 0.7369 -0.6517 0.1795
vn 0.9454 0.3140 -0.0871
vn 0.9455 0.3137 -0.0869
vn 0.9456 0.3136 -0.0869
vn 0.3667 0.9043 -0.2187
vn 0.2840 0.9281 -0.2406
vn 0.1968 0.9450 -0.2611
vn -0.7918 0.5889 -0.1622
vn -0.7674 0.6201 -0.1631
vn -0.7378 0.6549 -0.1638
vn -0.9455 -0.3138 0.0870
vn -0.9457 -0.3132 0.0869
vn -0.9451 -0.3151 0.0871
vn -0.9454 -0.3140 0.0870
vn -0.1947 -0.9455 0.2608
vn -0.1954 -0.9454 0.2609
vn -0.1949 -0.9455 0.2609
vn -0.1967 -0.9451 0.2611
vn 0.6223 -0.7486 -0.2288
vn 0.6223 -0.7486 -0.2289
vn 0.6223 -0.7485 -0.2289
vn 0.7580 0.1863 -0.6251
vn 0.7581 0.1862 -0.6250
vn 0.7581 0.1861 -0.6250
vn 0.2847 0.8506 -0.4421
vn 0.2076 0.8859 -0.4147
vn 0.2076 0.8860 -0.4147
vn 0.1267 0.9149 -0.3832
vn -0.6656 0.6924 0.2785
vn -0.6416 0.7211 0.2615
vn -0.6125 0.7527 0.2413
vn -0.7585 -0.1845 0.6250
vn -0.7585 -0.1847 0.6250
vn -0.7585 -0.1846 0.6250
vn -0.1267 -0.9149 0.3832
vn -0.1272 -0.9147 0.3836
vn -0.1269 -0.9149 0.3833
vn -0.1280 -0.9143 0.3843
vn 0.6224 -0.7485 -0.2286
vn 0.6230 -0.7478 -0.2296
vn 0.6225 -0.7485 -0.2287
vn 0.6230 -0.7477 -0.2297
vn 0.7585 0.1845 -0.6249
vn 0.7585 0.1847 -0.6250
vn 0.7585 0.1846 -0.6249
vn 0.2848 0.8504 -0.4423
vn 0.2075 0.8859 -0.4149
vn 0.1264 0.9149 -0.3833
vn -0.6657 0.6921 0.2791
vn -0.6419 0.7205 0.2622
vn -0.6132 0.7518 0.2422
vn -0.7580 -0.1861 0.6251
vn -0.7579 -0.1866 0.6251
vn -0.7578 -0.1874 0.6251
vn -0.7579 -0.1867 0.6251
vn -0.1268 -0.9149 0.3833
vn -0.1281 -0.9142 0.3845
vn -0.0269 -0.3020 -0.9529
vn -0.0282 -0.3131 -0.9493
vn -0.0241 -0.3019 -0.9530
vn -0.0390 -0.3468 -0.9371
vn -0.0271 -0.3127 -0.9495
vn -0.0222 -0.3029 -0.9528
vn -0.7383 -0.6502 0.1793
vn -0.7390 -0.6495 0.1789
vn -0.7383 -0.6502 0.1792
vn -0.7378 -0.6507 0.1795
vn -0.9454 0.3141 -0.0867
vn -0.2835 0.9284 -0.2402
vn -0.1962 0.9453 -0.2608
vn -0.2835 0.9284 -0.2403
vn -0.3662 0.9046 -0.2184
vn 0.7675 0.6200 -0.1630
vn 0.7367 0.6561 -0.1638
vn 0.7674 0.6200 -0.1630
vn 0.7927 0.5876 -0.1621
vn 0.9456 -0.3135 0.0865
vn 0.1962 -0.9453 0.2608
vn 0.1963 -0.9452 0.2608
vn 0.0229 0.2993 0.9539
vn 0.0240 0.3017 0.9531
vn 0.0237 0.3016 0.9531
vn 0.0250 0.3026 0.9528
vn 0.0243 0.3024 0.9529
vn 0.0241 0.3022 0.9529
vn 0.5594 -0.2837 -0.7789
vn 0.5552 -0.2958 -0.7774
vn 0.5591 -0.2837 -0.7790
vn 0.5428 -0.3315 -0.7717
vn 0.5551 -0.2957 -0.7774
vn 0.5590 -0.2837 -0.7791
vn -0.6231 -0.7477 -0.2297
vn -0.6233 -0.7474 -0.2300
vn -0.6232 -0.7475 -0.2300
vn -0.6230 -0.7477 -0.2297
vn -0.7586 0.1846 -0.6249
vn -0.7585 0.1847 -0.6249
vn -0.2079 0.8857 -0.4150
vn -0.1274 0.9147 -0.3836
vn -0.2079 0.8858 -0.4150
vn -0.2846 0.8506 -0.4422
vn 0.6415 0.7212 0.2616
vn 0.6124 0.7528 0.2413
vn 0.6415 0.7212 0.2615
vn 0.6655 0.6925 0.2786
vn 0.7584 -0.1846 0.6251
vn 0.7584 -0.1845 0.6251
vn 0.1274 -0.9145 0.3840
vn 0.1280 -0.9142 0.3845
vn 0.1272 -0.9146 0.3838
vn 0.1267 -0.9149 0.3833
vn -0.5579 0.2858 0.7791
vn -0.5584 0.2838 0.7795
vn -0.5589 0.2831 0.7794
vn -0.5578 0.2834 0.7801
vn -0.5588 0.2833 0.7794
vn -0.5597 0.2840 0.7785
vn -0.0249 -0.3026 -0.9528
vn -0.0279 -0.3135 -0.9492
vn -0.0243 -0.3024 -0.9529
vn -0.0390 -0.3469 -0.9371
vn -0.0277 -0.3134 -0.9492
vn -0.0242 -0.3022 -0.9529
vn -0.7379 -0.6506 0.1792
vn -0.9454 0.3141 -0.0869
vn -0.9453 0.3144 -0.0871
vn -0.9456 0.3136 -0.0867
vn -0.2836 0.9283 -0.2403
vn -0.1967 0.9452 -0.2607
vn -0.2837 0.9283 -0.2403
vn -0.3659 0.9046 -0.2186
vn 0.7675 0.6201 -0.1627
vn 0.7368 0.6561 -0.1635
vn 0.7674 0.6201 -0.1627
vn 0.7927 0.5878 -0.1618
vn 0.9456 -0.3136 0.0868
vn 0.1967 -0.9451 0.2608
vn 0.0240 0.3029 0.9527
vn 0.0236 0.3017 0.9531
vn 0.0239 0.3014 0.9532
vn 0.0234 0.3013 0.9533
vn 0.0237 0.3010 0.9533
vn 0.0246 0.3000 0.9536
vn 0.5594 -0.2840 -0.7788
vn 0.5555 -0.2959 -0.7771
vn 0.5594 -0.2839 -0.7788
vn 0.5434 -0.3310 -0.7715
vn 0.5554 -0.2960 -0.7771
vn 0.5593 -0.2838 -0.7789
vn -0.6224 -0.7485 -0.2287
vn -0.6230 -0.7478 -0.2296
vn -0.6229 -0.7479 -0.2295
vn -0.6224 -0.7486 -0.2286
vn 0.3010 -0.4789 -0.8247
vn 0.2957 -0.4894 -0.8204
vn 0.3019 -0.4793 -0.8241
vn 0.2783 -0.5201 -0.8075
vn 0.2960 -0.4899 -0.8200
vn 0.3031 -0.4808 -0.8228
vn -0.7974 -0.6034 0.0064
vn -0.8232 0.2946 -0.4853
vn -0.8233 0.2945 -0.4852
vn -0.8233 0.2944 -0.4852
vn -0.8236 0.2940 -0.4850
vn -0.1088 0.8656 -0.4887
vn -0.0199 0.8780 -0.4782
vn -0.1946 0.8468 -0.4951
vn 0.8172 0.5759 0.0254
vn 0.7918 0.6107 0.0072
vn 0.8377 0.5446 0.0411
vn 0.8232 -0.2945 0.4853
vn 0.8231 -0.2949 0.4854
vn 0.8231 -0.2948 0.4854
vn 0.8233 -0.2945 0.4853
vn 0.0188 -0.8781 0.4782
vn 0.0181 -0.8783 0.4778
vn 0.0182 -0.8782 0.4779
vn -0.3015 0.4803 0.8237
vn -0.3019 0.4793 0.8241
vn -0.3015 0.4789 0.8245
vn -0.3000 0.4796 0.8246
vn -0.3011 0.4788 0.8247
vn -0.3005 0.4770 0.8260
vn -0.7981 -0.6025 0.0053
vn -0.8243 0.2926 -0.4847
vn -0.0189 0.8781 -0.4781
vn -0.1081 0.8658 -0.4886
vn -0.1942 0.8469 -0.4950
vn 0.7926 0.6097 0.0080
vn 0.8179 0.5748 0.0262
vn 0.8383 0.5436 0.0420
vn 0.8236 -0.2940 0.4851
vn 0.8235 -0.2940 0.4851
vn 0.8233 -0.2946 0.4852
vn 0.8233 -0.2947 0.4852
vn 0.0189 -0.8782 0.4780
vn 0.0190 -0.8782 0.4780
vn 0.0196 -0.8780 0.4783
vn 0.0197 -0.8780 0.4783
vn -0.5689 -0.8224 -0.0000
vn 0.2948 -0.9556 0.0001
vn -0.2948 -0.9556 -0.0000
vn -0.9443 -0.3292 -0.0000
vn -0.9921 -0.1252 -0.0001
vn -0.9921 0.1251 0.0001
vn -0.9443 0.3292 -0.0000
vn -0.5689 0.8224 -0.0001
vn -0.2948 0.9556 -0.0001
vn 0.2948 0.9556 0.0001
vn 0.5689 0.8224 0.0001
vn 0.9443 0.3292 -0.0000
vn 0.9921 0.1251 -0.0001
vn 0.9921 -0.1252 0.0001
vn 0.9442 -0.3292 -0.0000
vn 0.5689 -0.8224 -0.0001
vn 0.7975 -0.6033 0.0066
vn 0.7981 -0.6025 0.0056
vn 0.7976 -0.6032 0.0065
vn 0.7982 -0.6024 0.0055
vn 0.8231 0.2947 -0.4854
vn 0.8240 0.2934 -0.4847
vn 0.8237 0.2939 -0.4850
vn 0.8241 0.2933 -0.4846
vn 0.1946 0.8468 -0.4951
vn 0.1083 0.8657 -0.4887
vn 0.1083 0.8657 -0.4886
vn 0.0189 0.8781 -0.4781
vn -0.8372 0.5454 0.0407
vn -0.8168 0.5763 0.0252
vn -0.8169 0.5763 0.0252
vn -0.7918 0.6108 0.0072
vn -0.8235 -0.2941 0.4852
vn -0.8235 -0.2940 0.4852
vn -0.8234 -0.2942 0.4852
vn -0.8230 -0.2951 0.4853
vn -0.0195 -0.8779 0.4785
vn -0.0186 -0.8781 0.4781
vn -0.0181 -0.8783 0.4779
vn 0.4982 -0.0000 0.8671
vn 0.4982 -0.0000 -0.8670
vn -0.4979 -0.0000 -0.8672
vn -0.4979 -0.0000 0.8672
vn 0.4991 -0.0000 0.8666
vn 0.4993 -0.0000 -0.8664
vn -0.5003 -0.0000 -0.8658
vn -0.5001 -0.0000 0.8660
vn 0.3105 -0.0000 0.9506
vn 0.7420 -0.0000 0.6704
vn 0.8684 -0.0000 0.4959
vn 0.7420 -0.0000 0.6703
vn 0.9913 -0.0000 0.1319
vn 0.9940 -0.0000 -0.1091
vn 0.9940 -0.0000 -0.1092
vn 0.8230 -0.0000 -0.5680
vn 0.9506 0.0001 -0.3104
vn 0.8230 -0.0000 -0.5681
vn 0.4083 -0.0000 -0.9129
vn -0.2062 -0.0000 -0.9785
vn 0.2033 -0.0000 -0.9791
vn -0.6276 0.0005 -0.7786
vn -0.4110 -0.0000 -0.9116
vn -0.8684 -0.0132 -0.4958
vn -0.9939 -0.0000 0.1101
vn -0.8684 -0.0132 -0.4957
vn -0.9955 -0.0140 -0.0936
vn -0.9509 -0.0376 -0.3073
vn -0.6275 0.0010 -0.7786
vn -0.9955 -0.0140 -0.0935
vn -0.8668 0.0025 0.4986
vn -0.9939 -0.0055 0.1101
vn -0.7400 0.0003 0.6727
vn -0.8668 0.0025 0.4987
vn -0.4075 0.0065 0.9132
vn -0.7399 0.0003 0.6727
vn -0.3076 -0.0000 0.9515
vn -0.0004 1.0000 0.0001
vn -0.0001 1.0000 0.0002
vn -0.0004 1.0000 0.0003
vn -0.0000 1.0000 0.0001
vn -0.0002 1.0000 0.0011
vn 0.0002 1.0000 0.0014
vn 0.0005 1.0000 0.0007
vn 0.0005 1.0000 0.0004
vn 0.0009 1.0000 -0.0000
vn 0.0011 1.0000 0.0002
vn 0.0008 1.0000 -0.0002
vn -0.0173 -0.9828 0.1838
vn 0.1458 -0.9775 0.1525
vn -0.1762 -0.9689 0.1737
vn 0.1143 -0.9868 0.1143
vn 0.5018 -0.8650 -0.0003
vn 0.8211 -0.5708 -0.0006
vn 0.1287 -0.9888 -0.0756
vn 0.0701 -0.9951 -0.0701
vn -0.0002 -0.9963 -0.0856
vn -0.0435 -0.9951 -0.0886
vn -0.0775 -0.9938 -0.0798
vn -0.1711 -0.9852 -0.0099
vn -0.1699 -0.9855 -0.0000
vn -0.2752 -0.9503 0.1455
vn 0.1682 -0.4988 -0.8502
vn 0.1682 -0.4991 -0.8500
vn -0.1682 -0.4991 0.8500
vn -0.1682 -0.4989 0.8502
vn -0.1680 0.5006 0.8492
vn -0.1681 0.5003 0.8494
vn -0.1680 0.5005 0.8493
vn 0.1681 0.5002 -0.8494
vn 0.1681 0.4998 -0.8497
vn 0.1681 0.5003 -0.8494
vn 0.1680 0.5006 -0.8492
vn 0.1668 0.9095 0.3807
vn -0.0538 0.9055 0.4209
vn 0.0021 0.8942 0.4476
vn -0.4640 0.6405 0.6119
vn -0.1900 0.9010 0.3900
vn 0.0708 0.9089 0.4110
vn 0.2273 0.0980 0.9689
vn 0.8071 0.1753 0.5638
vn 0.1741 -0.1152 0.9780
vn 0.6710 -0.4249 0.6077
vn 0.0433 -0.3002 0.9529
vn 0.3144 -0.8868 0.3388
vn -0.0414 -0.5794 0.8140
vn -0.1313 -0.9187 0.3724
vn -0.8254 -0.1984 0.5286
vn -0.6012 -0.5010 0.6226
vn -0.9820 0.0007 0.1887
vn -0.7537 0.1072 0.6485
vn -0.8807 0.3065 0.3612
vn -0.4036 0.8954 0.1879
vn -0.8131 0.2561 0.5227
vn -0.4585 0.7188 0.5226
vn -0.7881 -0.3263 0.5220
vn -0.8400 -0.3904 0.3768
vn -0.3939 -0.7565 0.5220
vn -0.3021 -0.9214 0.2443
vn 0.1845 -0.8323 0.5227
vn 0.1766 -0.9532 0.2455
vn 0.6772 -0.5189 0.5217
vn 0.7502 -0.5961 0.2862
vn 0.8517 0.0368 0.5228
vn 0.9450 -0.0057 0.3269
vn 0.6290 0.5756 0.5226
vn 0.6738 0.6748 0.3011
vn 0.1115 0.8451 0.5228
vn -0.0097 0.9963 0.0859
vn -0.0395 0.9728 0.2281
vn -0.5873 0.8093 -0.0000
vn -0.9508 -0.3100 -0.0000
vn 0.9508 -0.3100 -0.0000
vn 0.5874 0.8093 -0.0000
vn -0.6697 -0.0000 0.7426
vn -0.5775 0.0003 0.8164
vn -0.3945 -0.0000 0.9189
vn -0.3944 -0.0000 0.9189
vn 0.6668 -0.0000 0.7452
vn 0.6017 -0.0000 0.7988
vn -0.0099 0.9803 -0.1975
vn 0.0443 0.9678 -0.2479
vn 0.1974 0.9513 -0.2368
vn 0.0935 0.9695 -0.2263
vn 0.1893 0.9634 -0.1897
vn 0.3983 0.9031 -0.1607
vn 0.4315 0.8872 -0.1634
vn 0.3523 0.9302 -0.1033
vn 0.1316 0.9895 0.0602
vn 0.1349 0.9868 0.0902
vn 0.1164 0.9876 0.1050
vn 0.0093 0.9999 0.0140
vn -0.1365 0.9710 -0.1963
vn -0.0308 0.9861 -0.1635
vn -0.0114 0.9868 -0.1615
vn 0.0048 0.9886 -0.1504
vn -0.0121 0.9867 -0.1619
vn -0.0420 0.9978 -0.0512
vn -0.1446 0.9879 0.0551
vn -0.0588 0.9983 -0.0000
vn 0.0407 0.9987 0.0315
vn 0.1127 0.9849 0.1316
vn 0.0836 0.9631 0.2560
vn -0.0494 0.8925 0.4483
vn -0.2667 0.8240 0.4998
vn -0.1418 0.9707 -0.1939
vn -0.2809 0.8971 -0.3409
vn -0.3809 0.8423 -0.3814
vn -0.4213 0.8614 -0.2838
vn -0.3683 0.8537 0.3681
vn -0.5545 0.7846 0.2773
vn -0.7042 0.7095 -0.0282
vn -0.6598 0.7011 -0.2703
vn -0.8842 0.2336 -0.4045
vn -0.8253 0.4281 -0.3683
vn -0.0794 0.9935 0.0818
vn -0.3030 0.9529 0.0097
vn -0.0859 0.9924 0.0886
vn -0.1365 0.9668 0.2161
vn -0.2372 0.9453 0.2238
vn -0.3223 0.9325 0.1629
vn -0.4933 0.8681 -0.0547
vn -0.0483 0.9835 0.1744
vn -0.0335 0.9928 0.1154
vn -0.0852 0.9916 0.0975
vn -0.0884 0.9918 0.0923
vn -0.0961 0.9797 0.1758
vn -0.0769 0.9894 0.1233
vn -0.0180 0.9951 0.0971
vn 0.0092 0.9959 0.0904
vn 0.0319 0.9956 0.0886
vn -0.0217 0.9965 0.0805
vn -0.0000 0.9728 0.2319
vn -0.1678 0.9714 -0.1682
vn -0.1654 0.9817 -0.0946
vn 0.0081 0.9966 0.0824
vn -0.0002 0.9965 0.0838
vn 0.0121 0.9958 0.0908
vn 0.0020 0.9966 0.0820
vn -0.0501 0.9986 -0.0150
vn 0.0274 0.9988 -0.0415
vn -0.0134 0.9880 -0.1538
vn 0.0222 0.9964 0.0822
vn 0.1865 0.9825 -0.0018
vn 0.0129 0.9999 0.0075
vn 0.1746 0.9841 -0.0330
vn 0.0061 0.9883 -0.1525
vn -0.0001 1.0000 0.0004
vn 0.0002 1.0000 0.0004
vn -0.0001 1.0000 0.0005
vn 0.0008 1.0000 -0.0000
vn -0.0000 1.0000 0.0057
vn -0.0011 1.0000 -0.0007
vn -0.0014 1.0000 0.0004
vn 0.0088 1.0000 -0.0018
vn 0.0490 0.9868 0.1542
vn 0.0576 0.9933 0.0999
vn 0.1036 0.9875 0.1189
vn -0.0008 0.9965 0.0842
vn 0.1132 0.9868 0.1159
vn 0.1093 0.9878 0.1111
vn 0.0953 0.9907 0.0974
vn 0.1364 0.9854 0.1014
vn 0.1423 0.9848 0.0992
vn 0.0953 0.9910 0.0938
vn 0.0875 0.9868 0.1366
vn 0.0693 0.9789 0.1920
vn 0.1111 0.9834 0.1433
vn 0.1345 0.9809 0.1403
vn 0.0998 0.9847 0.1430
vn 0.0790 0.9932 0.0859
vn 0.0798 0.9928 0.0890
vn 0.0830 0.9903 0.1118
vn -0.0000 0.9725 0.2331
vn 0.0574 0.9949 0.0828
vn 0.1238 0.9728 0.1958
vn -0.0000 0.9725 0.2330
vn 0.0275 0.9807 0.1937
vn 0.0001 0.9725 0.2331
vn 0.0937 0.9914 0.0918
vn -1.0000 -0.0006 -0.0015
vt 0.387400 0.149100
vt 0.382700 0.284400
vt 0.380500 0.284400
vt 0.389600 0.284400
vt 0.394300 0.146100
vt 0.392100 0.146100
vt 0.389600 0.146100
vt 0.380500 0.146100
vt 0.382700 0.146100
vt 0.385200 0.146100
vt 0.385200 0.284400
vt 0.394300 0.284400
vt 0.392000 0.284400
vt 0.382800 0.284400
vt 0.611500 0.068200
vt 0.648400 0.068200
vt 0.611500 0.149700
vt 0.624900 0.186700
vt 0.648400 0.091700
vt 0.648400 0.186700
vt 0.649600 0.194600
vt 0.649600 0.276900
vt 0.649200 0.194600
vt 0.613900 0.276900
vt 0.641400 0.194600
vt 0.613900 0.194600
vt 0.445000 0.193700
vt 0.487600 0.184400
vt 0.454100 0.258100
vt 0.497700 0.256300
vt 0.520700 0.191200
vt 0.504300 0.265100
vt 0.501200 0.280500
vt 0.594700 0.264300
vt 0.591100 0.282100
vt 0.436000 0.280500
vt 0.385200 0.146200
vt 0.380500 0.146200
vt 0.392000 0.146200
vt 0.394300 0.146200
vt 0.389700 0.146200
vt 0.382800 0.146200
vt 0.163900 0.094000
vt 0.160900 0.078600
vt 0.209700 0.094000
vt 0.211900 0.078600
vt 0.160900 0.047200
vt 0.211900 0.047200
vt 0.387300 0.149200
vt 0.389700 0.284400
vt 0.382900 0.284400
vt 0.421700 0.177000
vt 0.380600 0.284400
vt 0.514500 0.254200
vt 0.606000 0.209700
vt 0.525200 0.208000
vt 0.392100 0.284400
vt 0.057300 0.045000
vt 0.057000 0.045400
vt 0.003600 0.044600
vt 0.047300 0.093500
vt 0.010600 0.093000
vt 0.394400 0.284400
vt 0.046100 0.054500
vt 0.267800 0.041900
vt 0.249400 0.095300
vt 0.289500 0.094300
vt 0.290500 0.096600
vt 0.248500 0.097500
vt 0.290600 0.096900
vt 0.248400 0.097800
vt 0.289900 0.095100
vt 0.249100 0.096100
vt 0.288500 0.091800
vt 0.250400 0.092900
vt 0.572400 0.161000
vt 0.587100 0.161000
vt 0.572400 0.177300
vt 0.587100 0.177300
vt 0.601800 0.161000
vt 0.601800 0.177300
vt 0.388600 0.143900
vt 0.381800 0.143900
vt 0.394000 0.143900
vt 0.385900 0.143900
vt 0.392600 0.143900
vt 0.380500 0.143900
vt 0.385100 0.146200
vt 0.380700 0.284400
vt 0.387400 0.144200
vt 0.386100 0.284400
vt 0.387300 0.146500
vt 0.388600 0.284400
vt 0.381800 0.284400
vt 0.382000 0.284400
vt 0.388700 0.284400
vt 0.385900 0.284400
vt 0.394100 0.284400
vt 0.392700 0.284400
vt 0.392800 0.284400
vt 0.394000 0.284400
vt 0.381900 0.143900
vt 0.392700 0.143900
vt 0.386000 0.143400
vt 0.380600 0.143400
vt 0.392700 0.143400
vt 0.394100 0.143400
vt 0.388600 0.143400
vt 0.381900 0.143400
vt 0.387200 0.146500
vt 0.381900 0.284400
vt 0.386000 0.284400
vt 0.392600 0.284400
vt 0.389800 0.146600
vt 0.382900 0.146600
vt 0.394400 0.146600
vt 0.385300 0.146600
vt 0.392100 0.146600
vt 0.380700 0.146600
vt 0.385900 0.143400
vt 0.380500 0.143400
vt 0.394000 0.143400
vt 0.381800 0.143400
vt 0.387600 0.146900
vt 0.385100 0.284400
vt 0.155800 0.048000
vt 0.145600 0.065400
vt 0.148600 0.079400
vt 0.145600 0.094800
vt 0.110900 0.065400
vt 0.107900 0.048000
vt 0.110900 0.094800
vt 0.394200 0.284400
vt 0.107900 0.079400
vt 0.839600 0.197100
vt 0.794700 0.199400
vt 0.861200 0.187200
vt 0.851600 0.165100
vt 0.834700 0.125500
vt 0.791200 0.127600
vt 0.780500 0.200100
vt 0.777000 0.128400
vt 0.660400 0.206500
vt 0.656900 0.134700
vt 0.846900 0.115600
vt 0.790300 0.115500
vt 0.847000 0.072000
vt 0.790400 0.072200
vt 0.749000 0.077400
vt 0.656900 0.091200
vt 0.389600 0.146500
vt 0.382700 0.146500
vt 0.394200 0.146500
vt 0.385100 0.146500
vt 0.392000 0.146500
vt 0.380500 0.146500
vt 0.890200 0.296700
vt 0.870300 0.291400
vt 0.890600 0.295100
vt 0.872100 0.284400
vt 0.850400 0.286100
vt 0.850800 0.284400
vt 0.387300 0.146800
vt 0.850400 0.259100
vt 0.870300 0.253800
vt 0.850800 0.260800
vt 0.872100 0.260800
vt 0.890200 0.248500
vt 0.890600 0.250200
vt 0.221600 0.046600
vt 0.240000 0.097400
vt 0.264400 0.046100
vt 0.265500 0.043900
vt 0.220800 0.044400
vt 0.265600 0.043600
vt 0.220700 0.044100
vt 0.264800 0.045400
vt 0.221400 0.045800
vt 0.263200 0.048600
vt 0.222500 0.049100
vt 0.925100 0.251800
vt 0.930100 0.308800
vt 0.909900 0.248400
vt 0.956000 0.243800
vt 0.969100 0.232600
vt 0.973600 0.298900
vt 0.908700 0.179400
vt 0.902600 0.227200
vt 0.891500 0.162800
vt 0.389600 0.146400
vt 0.382700 0.146400
vt 0.394200 0.146400
vt 0.385100 0.146400
vt 0.392000 0.146400
vt 0.380500 0.146400
vt 0.963700 0.179800
vt 0.981500 0.163800
vt 0.965100 0.227800
vt 0.387300 0.146700
vt 0.968500 0.470200
vt 0.926800 0.470200
vt 0.968500 0.330800
vt 0.940100 0.330800
vt 0.926800 0.468700
vt 0.926800 0.438300
vt 0.926800 0.330800
vt 0.467800 0.718800
vt 0.467600 0.716300
vt 0.490600 0.718800
vt 0.467700 0.729400
vt 0.452400 0.729400
vt 0.448100 0.702200
vt 0.424600 0.704300
vt 0.440600 0.679300
vt 0.450100 0.640700
vt 0.448000 0.656400
vt 0.467500 0.642200
vt 0.468300 0.635900
vt 0.491500 0.642200
vt 0.491200 0.635900
vt 0.509400 0.640700
vt 0.511000 0.656300
vt 0.518500 0.679200
vt 0.534500 0.704200
vt 0.511100 0.702100
vt 0.506400 0.729400
vt 0.491600 0.716200
vt 0.490500 0.729400
vt 0.161600 0.804500
vt 0.157500 0.802700
vt 0.165800 0.802800
vt 0.157500 0.794400
vt 0.161600 0.792700
vt 0.165800 0.794400
vt 0.167600 0.798600
vt 0.155700 0.798600
vt 0.161800 0.792400
vt 0.157600 0.794100
vt 0.155900 0.798300
vt 0.157600 0.802500
vt 0.161800 0.804200
vt 0.166000 0.802500
vt 0.167800 0.798300
vt 0.166000 0.794100
vt 0.213000 0.980700
vt 0.213000 0.979500
vt 0.235500 0.980700
vt 0.235500 0.979500
vt 0.274200 0.980700
vt 0.274300 0.979500
vt 0.284900 0.979500
vt 0.284900 0.980700
vt 0.973200 0.760800
vt 0.973200 0.773100
vt 0.985400 0.760800
vt 0.955800 0.773100
vt 0.955800 0.760800
vt 0.943400 0.773100
vt 0.943400 0.760800
vt 0.943300 0.773100
vt 0.943300 0.760800
vt 0.955500 0.773100
vt 0.955500 0.760800
vt 0.973000 0.773100
vt 0.973000 0.760800
vt 0.985300 0.773100
vt 0.985300 0.760800
vt 0.985400 0.773100
vt 0.892400 0.993900
vt 0.881800 0.993800
vt 0.899900 0.986400
vt 0.874500 0.975700
vt 0.882000 0.968300
vt 0.892500 0.968400
vt 0.899900 0.975900
vt 0.874400 0.986300
vt 0.973200 0.982700
vt 0.973200 0.995000
vt 0.985400 0.982700
vt 0.955800 0.995000
vt 0.955800 0.982700
vt 0.943400 0.995000
vt 0.943400 0.982700
vt 0.943300 0.995000
vt 0.943300 0.982700
vt 0.955500 0.995000
vt 0.955500 0.982700
vt 0.973000 0.995000
vt 0.973000 0.982700
vt 0.985300 0.995000
vt 0.985300 0.982700
vt 0.985400 0.995000
vt 0.903700 0.976300
vt 0.911100 0.968800
vt 0.903800 0.986900
vt 0.929200 0.976200
vt 0.929300 0.986800
vt 0.921800 0.994300
vt 0.911300 0.994300
vt 0.921700 0.968800
vt 0.971200 0.770500
vt 0.971200 0.988100
vt 0.980700 0.770500
vt 0.957700 0.988100
vt 0.957700 0.770500
vt 0.948100 0.988100
vt 0.948100 0.770500
vt 0.957500 0.988100
vt 0.957500 0.770500
vt 0.971000 0.988100
vt 0.971000 0.770500
vt 0.980600 0.988100
vt 0.980600 0.770500
vt 0.980700 0.988100
vt 0.005900 0.722000
vt 0.005900 0.714700
vt 0.005900 0.720700
vt 0.005900 0.730400
vt 0.016000 0.735300
vt 0.016000 0.722900
vt 0.031400 0.722900
vt 0.031400 0.735300
vt 0.041500 0.730400
vt 0.041500 0.720700
vt 0.041500 0.714700
vt 0.041500 0.722000
vt 0.510800 0.679400
vt 0.504800 0.697800
vt 0.504800 0.661000
vt 0.489100 0.649600
vt 0.469800 0.649600
vt 0.454100 0.661000
vt 0.448100 0.679400
vt 0.454100 0.697800
vt 0.469800 0.709200
vt 0.489100 0.709200
vt 0.824600 0.952800
vt 0.824600 0.992100
vt 0.851900 0.952800
vt 0.797200 0.992100
vt 0.797200 0.952800
vt 0.780300 0.992100
vt 0.780300 0.952800
vt 0.851900 0.992100
vt 0.868800 0.992100
vt 0.868800 0.952800
vt 0.062000 0.607600
vt 0.068900 0.607600
vt 0.055100 0.607600
vt 0.052200 0.607600
vt 0.071700 0.607600
vt 0.051400 0.599800
vt 0.047100 0.599800
vt 0.062000 0.599800
vt 0.072500 0.599800
vt 0.076900 0.599800
vt 0.077000 0.583000
vt 0.073000 0.583000
vt 0.077000 0.581700
vt 0.073000 0.581700
vt 0.069000 0.583000
vt 0.069000 0.581700
vt 0.065000 0.583000
vt 0.065000 0.581700
vt 0.061000 0.583000
vt 0.061000 0.581700
vt 0.057000 0.583000
vt 0.057000 0.581700
vt 0.053000 0.583000
vt 0.053000 0.581700
vt 0.049000 0.583000
vt 0.049000 0.581700
vt 0.045000 0.583000
vt 0.045000 0.581700
vt 0.077000 0.561100
vt 0.073000 0.561100
vt 0.069000 0.561100
vt 0.065000 0.561100
vt 0.061000 0.561100
vt 0.057000 0.561100
vt 0.053000 0.561100
vt 0.049000 0.561100
vt 0.045000 0.561100
vt 0.154400 0.715700
vt 0.147600 0.724500
vt 0.140700 0.715700
vt 0.197200 0.715700
vt 0.190000 0.724200
vt 0.182700 0.715700
vt 0.169000 0.715700
vt 0.161700 0.724200
vt 0.175800 0.724500
vt 0.182700 0.692600
vt 0.169000 0.692600
vt 0.175800 0.680800
vt 0.154400 0.692600
vt 0.161700 0.681100
vt 0.197200 0.692600
vt 0.190000 0.681100
vt 0.069900 0.558800
vt 0.069900 0.464800
vt 0.066900 0.558800
vt 0.066900 0.464800
vt 0.059800 0.464800
vt 0.059800 0.558800
vt 0.052600 0.464800
vt 0.052600 0.558800
vt 0.049600 0.464800
vt 0.049600 0.558800
vt 0.006300 0.768100
vt 0.006300 0.760900
vt 0.006300 0.752700
vt 0.006300 0.762200
vt 0.041600 0.760900
vt 0.041600 0.768100
vt 0.041700 0.762200
vt 0.041700 0.752700
vt 0.016300 0.760100
vt 0.016300 0.748000
vt 0.031600 0.748000
vt 0.031600 0.760100
vt 0.006100 0.762200
vt 0.016200 0.760100
vt 0.006100 0.752700
vt 0.016200 0.748000
vt 0.031700 0.748000
vt 0.031700 0.760100
vt 0.041800 0.762200
vt 0.041800 0.752700
vt 0.016600 0.794400
vt 0.009000 0.781100
vt 0.032000 0.794400
vt 0.039700 0.781100
vt 0.032600 0.767800
vt 0.016100 0.767800
vt 0.151300 0.887600
vt 0.147800 0.891500
vt 0.151300 0.852600
vt 0.193700 0.891500
vt 0.190300 0.887600
vt 0.193700 0.848700
vt 0.190300 0.852600
vt 0.147800 0.848700
vt 0.147700 0.751700
vt 0.140600 0.760200
vt 0.140600 0.760000
vt 0.181100 0.955700
vt 0.181100 0.988100
vt 0.181100 0.923700
vt 0.181100 0.887900
vt 0.154400 0.887900
vt 0.154400 0.973400
vt 0.154400 0.988100
vt 0.267300 0.271400
vt 0.195500 0.281600
vt 0.267300 0.191000
vt 0.120000 0.281600
vt 0.014100 0.191000
vt 0.093300 0.281600
vt 0.065600 0.281600
vt 0.014100 0.281600
vt 0.728300 0.451700
vt 0.729200 0.454600
vt 0.727600 0.455300
vt 0.728500 0.458200
vt 0.032200 0.683800
vt 0.041100 0.699400
vt 0.014500 0.683800
vt 0.005600 0.699400
vt 0.014500 0.715000
vt 0.032200 0.715000
vt 0.030900 0.732800
vt 0.015800 0.732800
vt 0.038500 0.732800
vt 0.008200 0.732800
vt 0.739200 0.494000
vt 0.738100 0.491300
vt 0.737900 0.490700
vt 0.736800 0.488000
vt 0.565100 0.457300
vt 0.567900 0.455300
vt 0.565700 0.457100
vt 0.564900 0.389100
vt 0.567700 0.391100
vt 0.565400 0.388600
vt 0.568300 0.414400
vt 0.565500 0.414000
vt 0.568500 0.452100
vt 0.565700 0.452900
vt 0.568500 0.455200
vt 0.568100 0.390600
vt 0.625400 0.458700
vt 0.628200 0.456700
vt 0.626100 0.458500
vt 0.625300 0.390500
vt 0.628100 0.392500
vt 0.625700 0.390000
vt 0.628600 0.415800
vt 0.625900 0.415400
vt 0.628800 0.453400
vt 0.626100 0.454200
vt 0.628800 0.456600
vt 0.628500 0.392000
vt 0.683700 0.457300
vt 0.686400 0.455300
vt 0.684300 0.457100
vt 0.683500 0.389100
vt 0.686300 0.391100
vt 0.683900 0.388600
vt 0.686900 0.414400
vt 0.684100 0.414000
vt 0.687100 0.452000
vt 0.684300 0.452800
vt 0.687000 0.455200
vt 0.686700 0.390600
vt 0.431700 0.669100
vt 0.430700 0.670100
vt 0.429200 0.671700
vt 0.689300 0.387500
vt 0.697400 0.408400
vt 0.702800 0.387300
vt 0.380300 0.597100
vt 0.307800 0.577800
vt 0.380300 0.451300
vt 0.187400 0.577800
vt 0.187400 0.451300
vt 0.702800 0.387400
vt 0.710900 0.408200
vt 0.380300 0.293700
vt 0.380300 0.398400
vt 0.307800 0.293400
vt 0.187400 0.398400
vt 0.187400 0.293400
vt 0.035700 0.984100
vt 0.040500 0.979400
vt 0.032500 0.979400
vt 0.047200 0.979400
vt 0.696300 0.386800
vt 0.697200 0.408300
vt 0.562200 0.387300
vt 0.080700 0.979400
vt 0.071500 0.979400
vt 0.073900 0.989700
vt 0.068300 0.984100
vt 0.063500 0.979400
vt 0.082300 0.979400
vt 0.075100 0.990800
vt 0.068600 0.995200
vt 0.067700 0.993800
vt 0.065500 0.990900
vt 0.060600 0.989300
vt 0.056800 0.979400
vt 0.385100 0.802700
vt 0.383200 0.800100
vt 0.379000 0.794400
vt 0.369500 0.791300
vt 0.353100 0.785900
vt 0.336200 0.791400
vt 0.327400 0.794300
vt 0.322900 0.800400
vt 0.321100 0.802900
vt 0.016800 0.750400
vt 0.031800 0.750400
vt 0.009300 0.750400
vt 0.039300 0.750400
vt 0.148300 0.772900
vt 0.148300 0.793000
vt 0.140500 0.780500
vt 0.145200 0.767900
vt 0.137500 0.761700
vt 0.128300 0.759100
vt 0.117500 0.780500
vt 0.119400 0.761700
vt 0.112500 0.767900
vt 0.110300 0.772900
vt 0.110700 0.793000
vt 0.117700 0.797800
vt 0.140500 0.797800
vt 0.482100 0.421300
vt 0.594200 0.476000
vt 0.475900 0.445700
vt 0.810700 0.057100
vt 0.810600 0.034300
vt 0.839600 0.057100
vt 0.868000 0.034300
vt 0.861900 0.057100
vt 0.564000 0.454300
vt 0.563300 0.457800
vt 0.690400 0.454500
vt 0.689700 0.458100
vt 0.755400 0.514200
vt 0.754300 0.522400
vt 0.753900 0.506700
vt 0.750200 0.502000
vt 0.680800 0.505600
vt 0.750700 0.527900
vt 0.684300 0.528300
vt 0.149300 0.746900
vt 0.167100 0.750500
vt 0.134800 0.737100
vt 0.124800 0.722300
vt 0.121400 0.704800
vt 0.124800 0.687300
vt 0.134800 0.672400
vt 0.149700 0.662500
vt 0.167200 0.659000
vt 0.184800 0.662500
vt 0.199700 0.672400
vt 0.209600 0.687300
vt 0.213100 0.704800
vt 0.209600 0.722300
vt 0.199500 0.737100
vt 0.184900 0.746900
vt 0.396000 0.142500
vt 0.392300 0.085200
vt 0.466900 0.122000
vt 0.477600 0.124300
vt 0.471900 0.124500
vt 0.474800 0.129700
vt 0.474700 0.135100
vt 0.479900 0.159100
vt 0.471700 0.139500
vt 0.397100 0.158800
vt 0.415900 0.159100
vt 0.397100 0.159600
vt 0.586900 0.066800
vt 0.590600 0.100300
vt 0.476400 0.073200
vt 0.512100 0.153300
vt 0.592900 0.135900
vt 0.810000 0.057600
vt 0.839700 0.057600
vt 0.809900 0.034300
vt 0.868700 0.034300
vt 0.862400 0.057600
vt 0.030800 0.635600
vt 0.010300 0.635600
vt 0.030800 0.654100
vt 0.010400 0.654000
vt 0.013100 0.613700
vt 0.013700 0.613800
vt 0.009700 0.635600
vt 0.009700 0.654000
vt 0.010300 0.654000
vt 0.013200 0.676000
vt 0.013700 0.675900
vt 0.427600 0.995200
vt 0.427600 0.968600
vt 0.436000 0.995200
vt 0.436100 0.962900
vt 0.459400 0.995200
vt 0.458900 0.962900
vt 0.468200 0.995200
vt 0.468000 0.968600
vt 0.488300 0.995000
vt 0.488200 0.968500
vt 0.494100 0.995000
vt 0.494000 0.972000
vt 0.504000 0.994900
vt 0.504000 0.976600
vt 0.513700 0.994800
vt 0.513600 0.978400
vt 0.383400 0.995100
vt 0.383500 0.978600
vt 0.392700 0.995100
vt 0.392700 0.976800
vt 0.401900 0.995200
vt 0.402000 0.972200
vt 0.407400 0.995200
vt 0.407400 0.968600
vt 0.043900 0.640800
vt 0.083600 0.640800
vt 0.044100 0.667500
vt 0.083600 0.667500
vt 0.087200 0.640800
vt 0.087200 0.667500
vt 0.041300 0.667500
vt 0.041000 0.640800
vt 0.544100 0.966100
vt 0.544000 0.992300
vt 0.523600 0.967200
vt 0.526600 0.990800
vt 0.213700 0.899700
vt 0.226500 0.873600
vt 0.250400 0.914800
vt 0.261200 0.873600
vt 0.266400 0.885200
vt 0.286600 0.901000
vt 0.280100 0.885200
vt 0.034200 0.920000
vt 0.014900 0.920000
vt 0.034200 0.916200
vt 0.014900 0.916200
vt 0.014900 0.933700
vt 0.011700 0.917900
vt 0.005500 0.927400
vt 0.037300 0.917900
vt 0.043600 0.927400
vt 0.034200 0.933700
vt 0.014900 0.904800
vt 0.034200 0.904800
vt 0.562300 0.411400
vt 0.767600 0.407300
vt 0.767000 0.385600
vt 0.397600 0.794300
vt 0.395300 0.792100
vt 0.384500 0.781200
vt 0.315000 0.772000
vt 0.321200 0.781200
vt 0.297200 0.772000
vt 0.310400 0.792100
vt 0.294000 0.772000
vt 0.308100 0.794300
vt 0.343600 0.772000
vt 0.352900 0.772000
vt 0.362100 0.772000
vt 0.375200 0.772000
vt 0.390700 0.772000
vt 0.408500 0.772000
vt 0.411700 0.772000
vt 0.330500 0.772000
vt 0.562200 0.410300
vt 0.688800 0.409800
vt 0.767000 0.407000
vt 0.818200 0.575900
vt 0.835400 0.589200
vt 0.796700 0.580600
vt 0.818200 0.623900
vt 0.796700 0.619200
vt 0.787100 0.599900
vt 0.835400 0.610600
vt 0.023300 0.979400
vt 0.030100 0.989700
vt 0.021700 0.979400
vt 0.028900 0.990800
vt 0.035600 0.995300
vt 0.036600 0.994000
vt 0.038900 0.990800
vt 0.043400 0.989400
vt 0.052000 0.979400
vt 0.052100 0.986500
vt 0.067700 0.993900
vt 0.036500 0.994000
vt 0.022800 0.979300
vt 0.020500 0.967800
vt 0.021700 0.979300
vt 0.019400 0.967800
vt 0.022900 0.955700
vt 0.021900 0.955300
vt 0.029700 0.945500
vt 0.028900 0.944700
vt 0.039900 0.938700
vt 0.039500 0.937600
vt 0.052000 0.936300
vt 0.052000 0.935200
vt 0.064100 0.938700
vt 0.064500 0.937600
vt 0.074300 0.945500
vt 0.075100 0.944700
vt 0.081100 0.955700
vt 0.082100 0.955300
vt 0.083500 0.967800
vt 0.084600 0.967800
vt 0.082300 0.979300
vt 0.081200 0.979300
vt 0.342000 0.776000
vt 0.342000 0.785500
vt 0.363500 0.776000
vt 0.363500 0.785500
vt 0.401400 0.762900
vt 0.383200 0.762900
vt 0.401400 0.748200
vt 0.383200 0.748200
vt 0.321000 0.748200
vt 0.321000 0.762900
vt 0.302800 0.748200
vt 0.302800 0.762900
vt 0.097900 0.565100
vt 0.166800 0.565100
vt 0.097900 0.585000
vt 0.166800 0.585000
vt 0.403000 0.742600
vt 0.384900 0.742600
vt 0.403000 0.727800
vt 0.384900 0.727800
vt 0.322600 0.727800
vt 0.322600 0.742600
vt 0.304500 0.727800
vt 0.304500 0.742600
vt 0.096400 0.440600
vt 0.165300 0.440600
vt 0.096400 0.422100
vt 0.165300 0.422100
vt 0.101800 0.629900
vt 0.039600 0.629900
vt 0.101800 0.615200
vt 0.039600 0.615200
vt 0.180300 0.433100
vt 0.180300 0.294000
vt 0.086000 0.433100
vt 0.123900 0.294000
vt 0.125300 0.452000
vt 0.181800 0.452000
vt 0.087400 0.579200
vt 0.181800 0.579200
vt 0.314900 0.286700
vt 0.375200 0.286700
vt 0.312000 0.283700
vt 0.373100 0.276100
vt 0.314900 0.276100
vt 0.312000 0.279100
vt 0.315000 0.286700
vt 0.373200 0.276200
vt 0.315000 0.276200
vt 0.312000 0.283800
vt 0.373200 0.273600
vt 0.314100 0.273700
vt 0.309800 0.278100
vt 0.309800 0.284800
vt 0.314100 0.289200
vt 0.375200 0.289300
vt 0.105700 0.455400
vt 0.105700 0.467600
vt 0.085000 0.455400
vt 0.085000 0.467600
vt 0.085000 0.476200
vt 0.105700 0.476200
vt 0.246300 0.460500
vt 0.322800 0.460500
vt 0.246300 0.572000
vt 0.322800 0.572000
vt 0.330800 0.492000
vt 0.375700 0.492000
vt 0.330800 0.572000
vt 0.375700 0.572000
vt 0.191400 0.492000
vt 0.236300 0.492000
vt 0.191400 0.572000
vt 0.236300 0.572000
vt 0.347300 0.457800
vt 0.372000 0.457800
vt 0.347300 0.483300
vt 0.372000 0.483300
vt 0.314900 0.286600
vt 0.375100 0.286600
vt 0.312000 0.283600
vt 0.373100 0.276000
vt 0.314900 0.276000
vt 0.312000 0.279000
vt 0.375300 0.286600
vt 0.315100 0.286600
vt 0.373300 0.276100
vt 0.312100 0.279000
vt 0.315100 0.276100
vt 0.312100 0.283700
vt 0.373100 0.273900
vt 0.314200 0.273900
vt 0.310200 0.278200
vt 0.310200 0.284400
vt 0.314200 0.288700
vt 0.375100 0.288700
vt 0.967400 0.672400
vt 0.971300 0.669600
vt 0.966300 0.680900
vt 0.973100 0.684000
vt 0.969200 0.686800
vt 0.975200 0.675700
vt 0.970200 0.731600
vt 0.959700 0.729800
vt 0.975300 0.740700
vt 0.959400 0.746200
vt 0.969900 0.748000
vt 0.954300 0.737100
vt 0.975300 0.656900
vt 0.973800 0.665200
vt 0.972700 0.650900
vt 0.969500 0.662200
vt 0.970200 0.653600
vt 0.971300 0.668000
vt 0.940400 0.716700
vt 0.944100 0.726600
vt 0.947500 0.708800
vt 0.962000 0.720800
vt 0.958300 0.710900
vt 0.954900 0.728600
vt 0.970200 0.653800
vt 0.972700 0.651000
vt 0.969500 0.662400
vt 0.973800 0.665400
vt 0.971300 0.668200
vt 0.975300 0.657100
vt 0.952400 0.731100
vt 0.941600 0.729000
vt 0.955900 0.741000
vt 0.937800 0.746800
vt 0.948600 0.748800
vt 0.934300 0.736900
vt 0.970800 0.689600
vt 0.973200 0.688000
vt 0.969700 0.697900
vt 0.973500 0.702900
vt 0.971100 0.704500
vt 0.975300 0.695200
vt 0.936900 0.712900
vt 0.927800 0.709400
vt 0.940300 0.723200
vt 0.925700 0.726500
vt 0.934700 0.730100
vt 0.922200 0.716200
vt 0.970700 0.689700
vt 0.973100 0.688100
vt 0.969600 0.697900
vt 0.973400 0.703000
vt 0.971000 0.704600
vt 0.975200 0.695200
vt 0.976700 0.713500
vt 0.967700 0.710000
vt 0.980200 0.723900
vt 0.965600 0.727100
vt 0.974600 0.730700
vt 0.962100 0.716800
vt 0.967200 0.672500
vt 0.966200 0.681100
vt 0.971100 0.669700
vt 0.973000 0.684100
vt 0.975000 0.675800
vt 0.969000 0.686900
vt 0.970600 0.732900
vt 0.975700 0.742000
vt 0.960100 0.731100
vt 0.959800 0.747500
vt 0.954700 0.738400
vt 0.970300 0.749300
vt 0.406000 0.643100
vt 0.407300 0.656800
vt 0.403100 0.643100
vt 0.404500 0.657300
vt 0.412800 0.643100
vt 0.414000 0.655700
vt 0.419600 0.643100
vt 0.420700 0.654500
vt 0.422400 0.643100
vt 0.423500 0.654100
vt 0.410400 0.663000
vt 0.408500 0.663400
vt 0.415700 0.664900
vt 0.415200 0.662200
vt 0.419900 0.661400
vt 0.421900 0.661100
vt 0.420100 0.660500
vt 0.421100 0.659500
vt 0.418600 0.662100
vt 0.041100 0.715000
vt 0.005600 0.715000
vt 0.563100 0.451400
vt 0.562400 0.454900
vt 0.563400 0.391400
vt 0.566200 0.393300
vt 0.563000 0.391900
vt 0.565800 0.393800
vt 0.563500 0.414700
vt 0.566300 0.415100
vt 0.563800 0.451700
vt 0.566500 0.450900
vt 0.563700 0.454400
vt 0.566500 0.452500
vt 0.563100 0.454500
vt 0.565900 0.452600
vt 0.842700 0.561200
vt 0.762900 0.561200
vt 0.842700 0.494200
vt 0.762900 0.494200
vt 0.902300 0.405900
vt 0.902300 0.473300
vt 0.834900 0.405900
vt 0.834900 0.473300
vt 0.784500 0.630700
vt 0.784500 0.569200
vt 0.837700 0.630700
vt 0.837700 0.569200
vt 0.970900 0.704700
vt 0.920800 0.704100
vt 0.923200 0.702500
vt 0.973300 0.703100
vt 0.924300 0.694300
vt 0.975100 0.695400
vt 0.923000 0.687600
vt 0.973000 0.688300
vt 0.920500 0.689200
vt 0.970600 0.689800
vt 0.919500 0.697500
vt 0.969500 0.698100
vt 0.974200 0.730500
vt 0.965100 0.727000
vt 0.979800 0.723700
vt 0.961700 0.716600
vt 0.967300 0.709800
vt 0.976300 0.713400
vt 0.948600 0.265400
vt 0.948600 0.338200
vt 0.928600 0.264900
vt 0.928600 0.337600
vt 0.813800 0.265400
vt 0.833900 0.264900
vt 0.813800 0.338200
vt 0.833900 0.337600
vt 0.928600 0.244800
vt 0.833900 0.244800
vt 0.302800 0.571300
vt 0.302800 0.790000
vt 0.265900 0.571300
vt 0.265900 0.790000
vt 0.449100 0.822700
vt 0.369300 0.822700
vt 0.449100 0.704700
vt 0.369300 0.704700
vt 0.501000 0.822700
vt 0.501000 0.704700
vt 0.369300 0.874700
vt 0.449100 0.874700
vt 0.317400 0.704700
vt 0.317400 0.822700
vt 0.623700 0.654600
vt 0.623700 0.567400
vt 0.626700 0.654600
vt 0.626700 0.567400
vt 0.617500 0.654600
vt 0.617500 0.567400
vt 0.614500 0.654600
vt 0.614500 0.567400
vt 0.181200 0.108200
vt 0.180900 0.185300
vt 0.094300 0.108200
vt 0.094000 0.185300
vt 0.065700 0.108200
vt 0.065700 0.175600
vt 0.210000 0.108200
vt 0.210000 0.175600
vt 0.662300 0.964500
vt 0.658800 0.970300
vt 0.658800 0.986700
vt 0.662300 0.992400
vt 0.149400 0.793100
vt 0.140600 0.802000
vt 0.152700 0.781000
vt 0.149400 0.768900
vt 0.128500 0.756800
vt 0.116400 0.760000
vt 0.107500 0.768900
vt 0.149400 0.769000
vt 0.152700 0.780200
vt 0.667700 0.992400
vt 0.671200 0.986700
vt 0.671200 0.970300
vt 0.667700 0.964500
vt 0.967400 0.672500
vt 0.971300 0.669700
vt 0.966300 0.681100
vt 0.973100 0.684100
vt 0.969200 0.686900
vt 0.975200 0.675800
vt 0.938300 0.732700
vt 0.927900 0.730900
vt 0.943400 0.741800
vt 0.927600 0.747200
vt 0.938000 0.749000
vt 0.922500 0.738200
vt 0.987100 0.338300
vt 0.984800 0.338300
vt 0.978000 0.338300
vt 0.980300 0.338300
vt 0.980300 0.359300
vt 0.984800 0.359300
vt 0.978000 0.359300
vt 0.987100 0.359300
vt 0.128500 0.805200
vt 0.116400 0.802000
vt 0.107500 0.793100
vt 0.104200 0.781000
vt 0.251100 0.175600
vt 0.251100 0.173900
vt 0.270800 0.175600
vt 0.270800 0.108200
vt 0.227600 0.173900
vt 0.227600 0.175600
vt 0.165300 0.780900
vt 0.165100 0.780200
vt 0.188900 0.780900
vt 0.188900 0.780200
vt 0.208100 0.771600
vt 0.208100 0.770800
vt 0.198700 0.735900
vt 0.208400 0.721100
vt 0.211700 0.704800
vt 0.208300 0.687800
vt 0.198700 0.673400
vt 0.184200 0.663800
vt 0.167200 0.660500
vt 0.150200 0.663800
vt 0.135800 0.673400
vt 0.126200 0.687800
vt 0.122800 0.704800
vt 0.126200 0.721700
vt 0.135400 0.735600
vt 0.149600 0.745500
vt 0.167000 0.749100
vt 0.184500 0.745600
vt 0.584600 0.938800
vt 0.584600 0.952400
vt 0.593300 0.938800
vt 0.593300 0.918100
vt 0.584600 0.918100
vt 0.584600 0.895200
vt 0.593300 0.895200
vt 0.584600 0.871400
vt 0.593300 0.871400
vt 0.584600 0.851300
vt 0.593300 0.851300
vt 0.584600 0.837800
vt 0.593300 0.837800
vt 0.584600 0.833100
vt 0.593300 0.833100
vt 0.584600 0.919000
vt 0.593300 0.919000
vt 0.584600 0.938400
vt 0.593300 0.938400
vt 0.593300 0.952200
vt 0.584600 0.952200
vt 0.593300 0.957400
vt 0.584600 0.957400
vt 0.593300 0.952400
vt 0.073200 0.949800
vt 0.073200 0.974700
vt 0.031300 0.949800
vt 0.031300 0.974700
vt 0.151900 0.853300
vt 0.189600 0.853300
vt 0.151900 0.886900
vt 0.189600 0.886900
vt 0.039600 0.299400
vt 0.075200 0.299400
vt 0.039600 0.337900
vt 0.075200 0.337900
vt 0.039600 0.417900
vt 0.075200 0.417900
vt 0.039600 0.459300
vt 0.075200 0.459300
vt 0.039600 0.379300
vt 0.075200 0.379300
vt 0.033600 0.671700
vt 0.030800 0.654000
vt 0.033600 0.618000
vt 0.033500 0.671700
vt 0.006700 0.767800
vt 0.041900 0.767800
vt 0.033100 0.767800
vt 0.015500 0.767800
vt 0.041800 0.760900
vt 0.041800 0.768100
vt 0.006100 0.768100
vt 0.006100 0.760900
vt 0.147600 0.680800
vt 0.140700 0.692600
vt 0.045000 0.593100
vt 0.049000 0.593100
vt 0.053000 0.593100
vt 0.057000 0.593100
vt 0.061000 0.593100
vt 0.065000 0.593100
vt 0.069000 0.593100
vt 0.073000 0.593100
vt 0.077000 0.593100
vt 0.983400 0.350600
vt 0.983200 0.449600
vt 0.980600 0.350600
vt 0.980800 0.449600
vt 0.982600 0.551200
vt 0.980700 0.551200
vt 0.981700 0.679200
vt 0.980900 0.679200
vt 0.830500 0.828100
vt 0.830500 0.932200
vt 0.807400 0.828100
vt 0.807400 0.932200
vt 0.785500 0.828100
vt 0.785500 0.932200
vt 0.754500 0.855400
vt 0.754500 0.828100
vt 0.740800 0.855400
vt 0.740800 0.828100
vt 0.719200 0.849600
vt 0.719200 0.828100
vt 0.697700 0.855400
vt 0.697700 0.828100
vt 0.683900 0.855400
vt 0.683900 0.828100
vt 0.652900 0.828100
vt 0.669700 0.932200
vt 0.652900 0.932200
vt 0.631100 0.828100
vt 0.631100 0.932200
vt 0.608000 0.828100
vt 0.608000 0.932200
vt 0.768800 0.932200
vt 0.758300 0.932300
vt 0.719200 0.855300
vt 0.719400 0.932200
vt 0.680600 0.932300
vt 0.690100 0.987900
vt 0.671900 0.965300
vt 0.671900 0.943300
vt 0.749200 0.987900
vt 0.719600 0.996500
vt 0.767400 0.943300
vt 0.767400 0.965300
vt 0.582900 0.993700
vt 0.582900 0.965400
vt 0.622700 0.992200
vt 0.622600 0.966100
vt 0.652400 0.989500
vt 0.655100 0.967800
vt 0.493700 0.937100
vt 0.493700 0.959100
vt 0.459000 0.937100
vt 0.459000 0.959100
vt 0.446200 0.934300
vt 0.446200 0.958100
vt 0.432500 0.934300
vt 0.432500 0.958100
vt 0.005700 0.720700
vt 0.005700 0.714700
vt 0.005700 0.722000
vt 0.005700 0.730400
vt 0.015900 0.735300
vt 0.015900 0.722900
vt 0.031500 0.722900
vt 0.031500 0.735300
vt 0.041700 0.730400
vt 0.041700 0.720700
vt 0.041700 0.714700
vt 0.041700 0.722000
vt 0.024200 0.735300
vt 0.024200 0.722900
vt 0.024200 0.738500
vt 0.024200 0.726100
vt 0.213100 0.988400
vt 0.213100 0.980700
vt 0.235600 0.988400
vt 0.235600 0.980700
vt 0.274200 0.988400
vt 0.284900 0.988400
vt 0.286200 0.980700
vt 0.286200 0.988400
vt 0.235500 0.988400
vt 0.210700 0.988400
vt 0.210700 0.980700
vt 0.213000 0.988400
vt 0.213000 0.989700
vt 0.235500 0.989700
vt 0.274300 0.989600
vt 0.284900 0.989700
vt 0.015500 0.803800
vt 0.015500 0.798800
vt 0.020500 0.803800
vt 0.020500 0.798800
vt 0.025500 0.803800
vt 0.025500 0.798800
vt 0.005500 0.803800
vt 0.005500 0.798800
vt 0.010500 0.803800
vt 0.010500 0.798800
vt 0.222100 0.948800
vt 0.222100 0.962600
vt 0.218400 0.948800
vt 0.218400 0.959200
vt 0.214800 0.948800
vt 0.214800 0.955800
vt 0.210700 0.962700
vt 0.210700 0.959200
vt 0.210700 0.955700
vt 0.353100 0.811200
vt 0.353100 0.808700
vt 0.568500 0.035900
vt 0.582400 0.042800
vt 0.582400 0.024500
vt 0.596400 0.035900
vt 0.599800 0.020400
vt 0.590200 0.008000
vt 0.574700 0.008000
vt 0.565000 0.020400
vt 0.844100 0.574000
vt 0.844100 0.619400
vt 0.878500 0.574000
vt 0.878500 0.619400
vt 0.881000 0.581200
vt 0.881000 0.618900
vt 0.913600 0.581200
vt 0.912900 0.618900
vt 0.886000 0.649300
vt 0.886000 0.629900
vt 0.834100 0.649300
vt 0.834100 0.629900
vt 0.881600 0.671500
vt 0.881600 0.651400
vt 0.835500 0.671500
vt 0.835500 0.651400
vt 0.907900 0.640200
vt 0.907000 0.623400
vt 0.892500 0.640900
vt 0.891600 0.624100
vt 0.886900 0.872000
vt 0.886900 0.848600
vt 0.844900 0.872000
vt 0.844900 0.848600
vt 0.939200 0.869600
vt 0.939200 0.845700
vt 0.900100 0.869600
vt 0.900100 0.845700
vt 0.892900 0.941200
vt 0.878900 0.947900
vt 0.878900 0.930200
vt 0.864900 0.941200
vt 0.861400 0.926300
vt 0.871100 0.914400
vt 0.886700 0.914400
vt 0.896400 0.926300
vt 0.698600 0.290000
vt 0.746000 0.287900
vt 0.776500 0.291300
vt 0.915100 0.378800
vt 0.837900 0.387400
vt 0.913900 0.363400
vt 0.839200 0.357700
vt 0.912900 0.327700
vt 0.837700 0.301200
vt 0.755600 0.349000
vt 0.658100 0.331700
vt 0.574800 0.381600
vt 0.568500 0.298100
vt 0.746500 0.376600
vt 0.695800 0.376300
vt 0.658200 0.377700
vt 0.891200 0.147700
vt 0.979900 0.147700
vt 0.981500 0.163700
vt 0.838100 0.261900
vt 0.773500 0.246600
vt 0.838900 0.210000
vt 0.764200 0.231200
vt 0.769100 0.249100
vt 0.766700 0.253800
vt 0.763500 0.277400
vt 0.663500 0.234300
vt 0.737600 0.274800
vt 0.664100 0.266600
vt 0.820900 0.277700
vt 0.769900 0.262500
vt 0.767000 0.258800
vt 0.837900 0.276600
vt 0.837900 0.277300
vt 0.988700 0.235700
vt 0.994400 0.297200
vt 0.094600 0.099100
vt 0.063400 0.099100
vt 0.097900 0.091700
vt 0.061200 0.092200
vt 0.103900 0.044000
vt 0.060700 0.043900
vt 0.067900 0.054500
vt 0.097100 0.054300
vt 0.893400 0.260800
vt 0.893400 0.284400
vt 0.895100 0.260800
vt 0.895100 0.284400
vt 0.849200 0.284400
vt 0.849200 0.260800
vt 0.535900 0.384600
vt 0.529600 0.301100
vt 0.772100 0.184300
vt 0.666700 0.189900
vt 0.769600 0.138300
vt 0.664200 0.143900
vt 0.690300 0.186000
vt 0.681500 0.186500
vt 0.690500 0.188500
vt 0.681600 0.188900
vt 0.690400 0.188500
vt 0.690600 0.190900
vt 0.681700 0.191400
vt 0.718800 0.184500
vt 0.709900 0.184900
vt 0.718900 0.186900
vt 0.710100 0.187400
vt 0.710000 0.187400
vt 0.719000 0.189400
vt 0.710200 0.189900
vt 0.752000 0.182700
vt 0.743200 0.183200
vt 0.752200 0.185200
vt 0.743300 0.185600
vt 0.752100 0.185200
vt 0.752300 0.187600
vt 0.743400 0.188100
vt 0.398100 0.371200
vt 0.432200 0.371200
vt 0.398100 0.384100
vt 0.432200 0.384100
vt 0.398100 0.358300
vt 0.432200 0.358300
vt 0.398100 0.345500
vt 0.432200 0.345500
vt 0.398100 0.332600
vt 0.432200 0.332600
vt 0.398100 0.319700
vt 0.432200 0.319700
vt 0.397500 0.296200
vt 0.431500 0.294100
vt 0.398000 0.305500
vt 0.432300 0.307000
vt 0.994200 0.325100
vt 0.988400 0.325100
vt 0.970900 0.325100
vt 0.976700 0.325100
vt 0.976700 0.340100
vt 0.988400 0.340100
vt 0.970900 0.340100
vt 0.994200 0.340100
vt 0.497700 0.324100
vt 0.512700 0.331200
vt 0.482800 0.331400
vt 0.479200 0.347600
vt 0.480000 0.350600
vt 0.488400 0.361000
vt 0.506200 0.360400
vt 0.516500 0.347400
vt 0.482500 0.361100
vt 0.478700 0.356400
vt 0.474900 0.554300
vt 0.481800 0.551000
vt 0.468000 0.551000
vt 0.483400 0.543300
vt 0.453300 0.503300
vt 0.487800 0.520400
vt 0.474600 0.503300
vt 0.440100 0.520400
vt 0.444800 0.541600
vt 0.464000 0.551100
vt 0.497600 0.310400
vt 0.472100 0.322900
vt 0.523300 0.322600
vt 0.529800 0.350300
vt 0.476600 0.373400
vt 0.488700 0.376200
vt 0.512400 0.372700
vt 0.465400 0.359500
vt 0.464500 0.347900
vt 0.465300 0.351000
vt 0.436500 0.298400
vt 0.472200 0.298400
vt 0.436500 0.303300
vt 0.472200 0.303300
vt 0.436500 0.293400
vt 0.472200 0.293400
vt 0.436500 0.288500
vt 0.472200 0.288500
vt 0.436500 0.283600
vt 0.472200 0.283600
vt 0.436500 0.313100
vt 0.472200 0.313100
vt 0.436500 0.318000
vt 0.472200 0.318000
vt 0.436500 0.308200
vt 0.472200 0.308200
vt 0.546400 0.388100
vt 0.485800 0.388400
vt 0.546600 0.416600
vt 0.479500 0.417000
vt 0.464400 0.423200
vt 0.402400 0.179500
vt 0.415900 0.280100
vt 0.209700 0.064600
vt 0.163900 0.064600
vt 0.942700 0.485800
vt 0.931800 0.562500
vt 0.900000 0.486700
vt 0.889200 0.562800
vt 0.898400 0.484200
vt 0.888300 0.561100
vt 0.849500 0.485100
vt 0.850200 0.564500
vt 0.013800 0.100500
vt 0.045100 0.100500
vt 0.008800 0.053400
vt 0.602100 0.159900
vt 0.588400 0.156200
vt 0.574700 0.152500
vt 0.574400 0.153700
vt 0.571200 0.161000
vt 0.571200 0.177300
vt 0.574700 0.185700
vt 0.574400 0.184600
vt 0.588400 0.182100
vt 0.602100 0.178400
vt 0.602900 0.177300
vt 0.602900 0.161000
vt 0.809100 0.463600
vt 0.810600 0.466200
vt 0.814200 0.459300
vt 0.817200 0.460700
vt 0.814100 0.452300
vt 0.817000 0.451700
vt 0.792700 0.397600
vt 0.795300 0.396200
vt 0.788300 0.391600
vt 0.790000 0.389100
vt 0.780900 0.389600
vt 0.781300 0.386700
vt 0.691200 0.390600
vt 0.690700 0.387600
vt 0.563600 0.391200
vt 0.562800 0.388300
vt 0.808800 0.463100
vt 0.813600 0.459100
vt 0.813500 0.452400
vt 0.792200 0.397900
vt 0.787900 0.392200
vt 0.780900 0.390300
vt 0.690400 0.391200
vt 0.562100 0.391800
vt 0.807300 0.460500
vt 0.810700 0.457700
vt 0.810600 0.453000
vt 0.789600 0.399300
vt 0.786200 0.394700
vt 0.780500 0.393200
vt 0.690800 0.394100
vt 0.562900 0.394700
vt 0.668100 0.033100
vt 0.500300 0.033100
vt 0.668100 0.017100
vt 0.689600 0.451600
vt 0.500300 0.017100
vt 0.206100 0.804900
vt 0.013300 0.884300
vt 0.013300 0.804900
vt 0.206100 0.884300
vt 0.339000 0.984900
vt 0.530400 0.905400
vt 0.530400 0.984900
vt 0.339000 0.905400
vt 0.134300 0.984800
vt 0.134400 0.906800
vt 0.214300 0.987400
vt 0.259800 0.987300
vt 0.334600 0.906900
vt 0.335000 0.986400
vt 0.131100 0.985100
vt 0.086000 0.905700
vt 0.131100 0.905700
vt 0.006500 0.905700
vt 0.006500 0.985100
vt 0.688900 0.455200
vt 0.134700 0.691300
vt 0.008500 0.691400
vt 0.008500 0.610500
vt 0.055400 0.610400
vt 0.134600 0.610400
vt 0.151100 0.794300
vt 0.251700 0.714900
vt 0.251700 0.794300
vt 0.151100 0.714900
vt 0.105800 0.794300
vt 0.105800 0.714900
vt 0.010200 0.794300
vt 0.010200 0.714900
vt 0.623700 0.392700
vt 0.626500 0.394700
vt 0.623300 0.393200
vt 0.626100 0.395200
vt 0.623900 0.416100
vt 0.626600 0.416500
vt 0.624100 0.453100
vt 0.626900 0.452300
vt 0.624100 0.455800
vt 0.626800 0.453800
vt 0.623500 0.455900
vt 0.626200 0.453900
vt 0.682000 0.391300
vt 0.684700 0.393300
vt 0.681600 0.391800
vt 0.684300 0.393800
vt 0.682100 0.414700
vt 0.684900 0.415100
vt 0.682300 0.451700
vt 0.685100 0.450900
vt 0.682300 0.454400
vt 0.685100 0.452400
vt 0.681700 0.454500
vt 0.684500 0.452500
vt 0.736700 0.387000
vt 0.744900 0.408000
vt 0.750200 0.386900
vt 0.758300 0.407700
vt 0.785100 0.476200
vt 0.773300 0.480800
vt 0.736700 0.387100
vt 0.785200 0.476200
vt 0.773400 0.480800
vt 0.773400 0.480700
vt 0.785200 0.476100
vt 0.714200 0.747600
vt 0.706200 0.800400
vt 0.680100 0.737400
vt 0.714300 0.607200
vt 0.592800 0.627200
vt 0.616800 0.712800
vt 0.554600 0.740100
vt 0.527600 0.806600
vt 0.495800 0.861200
vt 0.556200 0.868500
vt 0.617000 0.970300
vt 0.620100 0.892500
vt 0.714100 0.969100
vt 0.682200 0.864300
vt 0.772900 0.747600
vt 0.772800 0.607200
vt 0.773000 0.968900
vt 0.587500 0.705500
vt 0.590700 0.705500
vt 0.600500 0.705500
vt 0.597300 0.705500
vt 0.590500 0.813300
vt 0.587200 0.813300
vt 0.597000 0.813300
vt 0.600300 0.813300
vt 0.554400 0.035900
vt 0.554400 0.038500
vt 0.554400 0.026800
vt 0.554400 0.042900
vt 0.554400 0.039500
vt 0.554400 0.027400
vt 0.554400 0.014700
vt 0.554400 0.016400
vt 0.554400 0.006500
vt 0.554400 0.009600
vt 0.011800 0.540700
vt 0.028800 0.540700
vt 0.011800 0.597800
vt 0.028800 0.448500
vt 0.011800 0.448500
vt 0.028800 0.356300
vt 0.011800 0.356300
vt 0.028800 0.299500
vt 0.011800 0.299500
vt 0.028800 0.299600
vt 0.011800 0.299600
vt 0.028800 0.356700
vt 0.011800 0.356700
vt 0.028800 0.448900
vt 0.011800 0.448900
vt 0.028800 0.541100
vt 0.011800 0.541100
vt 0.028800 0.597900
vt 0.011800 0.597900
vt 0.028800 0.597800
vt 0.710900 0.408100
vt 0.743800 0.492400
vt 0.732000 0.497000
vt 0.086400 0.281600
vt 0.732000 0.496900
vt 0.697500 0.408500
vt 0.743700 0.492300
vt 0.729200 0.454700
vt 0.715700 0.454700
vt 0.715600 0.454700
vt 0.797500 0.408400
vt 0.795400 0.410600
vt 0.796900 0.408600
vt 0.794900 0.410800
vt 0.790800 0.408800
vt 0.789900 0.410900
vt 0.698900 0.410600
vt 0.698500 0.412800
vt 0.685300 0.410800
vt 0.684700 0.412900
vt 0.564600 0.413500
vt 0.564000 0.415700
vt 0.797600 0.412700
vt 0.797000 0.412900
vt 0.790900 0.413000
vt 0.698900 0.414900
vt 0.685400 0.415100
vt 0.564700 0.417800
vt 0.799700 0.410500
vt 0.799100 0.410700
vt 0.791800 0.410900
vt 0.699300 0.412800
vt 0.686000 0.412900
vt 0.565300 0.415600
vt 0.725400 0.452400
vt 0.727700 0.454700
vt 0.725400 0.456800
vt 0.723000 0.454400
vt 0.807000 0.431800
vt 0.805000 0.434000
vt 0.806500 0.432000
vt 0.804400 0.434200
vt 0.800400 0.432200
vt 0.799500 0.434300
vt 0.699100 0.433900
vt 0.698700 0.436100
vt 0.685500 0.434100
vt 0.684900 0.436200
vt 0.564800 0.436800
vt 0.564200 0.438900
vt 0.807100 0.436100
vt 0.806600 0.436300
vt 0.800500 0.436400
vt 0.699100 0.438200
vt 0.685600 0.438300
vt 0.564900 0.441100
vt 0.809200 0.433900
vt 0.808700 0.434100
vt 0.801400 0.434300
vt 0.699500 0.436000
vt 0.686200 0.436200
vt 0.565500 0.438900
vt 0.726300 0.452200
vt 0.725900 0.454400
vt 0.684800 0.452300
vt 0.684200 0.454400
vt 0.564000 0.452200
vt 0.563400 0.454300
vt 0.726300 0.456500
vt 0.684900 0.456500
vt 0.564100 0.456400
vt 0.726700 0.454300
vt 0.685500 0.454400
vt 0.564600 0.454300
vt 0.500000 0.739100
vt 0.573700 0.739100
vt 0.500000 0.806400
vt 0.573700 0.806400
vt 0.573700 0.891200
vt 0.500000 0.891200
vt 0.573700 0.958500
vt 0.500000 0.958500
vt 0.671000 0.533000
vt 0.580000 0.529500
vt 0.672300 0.500300
vt 0.587800 0.495600
vt 0.474300 0.487500
vt 0.673700 0.482200
vt 0.997500 0.003900
vt 0.997500 0.030400
vt 0.949200 0.003900
vt 0.959900 0.030400
vt 0.938400 0.030400
vt 0.900100 0.003900
vt 0.900100 0.030400
vt 0.809900 0.006300
vt 0.868700 0.006300
vt 0.868000 0.007000
vt 0.810600 0.007000
vt 0.923000 0.686500
vt 0.920100 0.680700
vt 0.926900 0.683700
vt 0.927900 0.675100
vt 0.925100 0.669300
vt 0.921100 0.672100
vt 0.919700 0.662200
vt 0.921500 0.668000
vt 0.924000 0.665300
vt 0.924700 0.656700
vt 0.922900 0.650900
vt 0.920500 0.653600
vt 0.921500 0.668200
vt 0.919700 0.662400
vt 0.924000 0.665400
vt 0.924700 0.656800
vt 0.922900 0.651000
vt 0.920500 0.653800
vt 0.921000 0.703900
vt 0.919600 0.697200
vt 0.923400 0.702300
vt 0.924500 0.694000
vt 0.923100 0.687400
vt 0.920700 0.689000
vt 0.920900 0.703900
vt 0.919500 0.697300
vt 0.923300 0.702300
vt 0.924400 0.694100
vt 0.920600 0.689000
vt 0.971400 0.668800
vt 0.973900 0.666000
vt 0.969700 0.663000
vt 0.975400 0.657700
vt 0.972900 0.651600
vt 0.970400 0.654400
vt 0.919900 0.663000
vt 0.921600 0.668800
vt 0.924100 0.666000
vt 0.924900 0.657400
vt 0.923100 0.651600
vt 0.920600 0.654400
vt 0.948400 0.749100
vt 0.937700 0.747100
vt 0.955700 0.741300
vt 0.934200 0.737200
vt 0.941500 0.729300
vt 0.952200 0.731400
vt 0.971100 0.704600
vt 0.973600 0.703000
vt 0.969800 0.697900
vt 0.975400 0.695300
vt 0.973300 0.688100
vt 0.970900 0.689700
vt 0.919700 0.697300
vt 0.921100 0.704000
vt 0.923500 0.702400
vt 0.924600 0.694100
vt 0.923200 0.687500
vt 0.920800 0.689100
vt 0.935300 0.729300
vt 0.926200 0.725800
vt 0.940900 0.722500
vt 0.922800 0.715400
vt 0.928400 0.708600
vt 0.937400 0.712200
vt 0.971400 0.668700
vt 0.973900 0.665900
vt 0.969700 0.662900
vt 0.975400 0.657600
vt 0.972900 0.651500
vt 0.970400 0.654300
vt 0.919900 0.662900
vt 0.921600 0.668700
vt 0.924100 0.665900
vt 0.920600 0.654300
vt 0.954700 0.728600
vt 0.943900 0.726500
vt 0.962000 0.720700
vt 0.940400 0.716600
vt 0.947700 0.708800
vt 0.958500 0.710800
vt 0.969000 0.687100
vt 0.973000 0.684300
vt 0.966100 0.681200
vt 0.975000 0.676000
vt 0.971100 0.669900
vt 0.967200 0.672700
vt 0.919900 0.681000
vt 0.922800 0.686800
vt 0.926700 0.684000
vt 0.927800 0.675400
vt 0.924900 0.669600
vt 0.921000 0.672400
vt 0.938600 0.749100
vt 0.928100 0.747300
vt 0.944000 0.741800
vt 0.923000 0.738200
vt 0.928400 0.730900
vt 0.938900 0.732800
vt 0.919900 0.680800
vt 0.922800 0.686700
vt 0.926700 0.683900
vt 0.927800 0.675300
vt 0.924900 0.669500
vt 0.921000 0.672300
vt 0.661700 0.961400
vt 0.668300 0.961400
vt 0.657000 0.968500
vt 0.657000 0.988500
vt 0.661700 0.995500
vt 0.668300 0.995500
vt 0.672900 0.988500
vt 0.672900 0.968500
vt 0.760300 0.993800
vt 0.760300 0.980900
vt 0.764700 0.998300
vt 0.764700 0.976400
vt 0.771500 0.976400
vt 0.771500 0.998300
vt 0.776000 0.993800
vt 0.776000 0.980900
vt 0.923000 0.686600
vt 0.920100 0.680800
vt 0.926900 0.683900
vt 0.927900 0.675300
vt 0.925100 0.669500
vt 0.921100 0.672300
vt 0.529100 0.033100
vt 0.639200 0.033200
vt 0.669000 0.033100
vt 0.500300 0.033200
vt 0.669000 0.017100
vt 0.501200 0.017100
vt 0.667300 0.033200
vt 0.997500 0.197900
vt 0.965400 0.175600
vt 0.940500 0.252200
vt 0.927100 0.021600
vt 0.935100 0.082500
vt 0.856800 0.025900
vt 0.828500 0.005900
vt 0.783700 0.005900
vt 0.759100 0.026000
vt 0.690100 0.021600
vt 0.680400 0.083400
vt 0.619700 0.199400
vt 0.650400 0.176100
vt 0.675500 0.252800
vt 0.850800 0.681400
vt 0.773000 0.607200
vt 0.902500 0.619700
vt 0.807200 0.702300
vt 0.790500 0.747700
vt 0.807700 0.793000
vt 0.851700 0.813000
vt 0.876500 0.972300
vt 0.897100 0.796200
vt 0.997300 0.865900
vt 0.917500 0.752300
vt 0.901600 0.706600
vt 0.815400 0.097700
vt 0.912400 0.097700
vt 0.815400 0.117700
vt 0.912400 0.117700
vt 0.912400 0.212400
vt 0.912400 0.232500
vt 0.815400 0.212400
vt 0.815400 0.232500
vt 0.932500 0.117700
vt 0.932500 0.212400
vt 0.795400 0.117700
vt 0.795400 0.212400
vt 0.698400 0.117700
vt 0.698400 0.212400
vt 0.900100 0.138900
vt 0.900100 0.097600
vt 0.914700 0.097600
vt 0.947500 0.138900
vt 0.997500 0.097600
vt 0.997500 0.138900
vt 0.983000 0.097600
vt 0.997500 0.070800
vt 0.990900 0.070800
vt 0.984500 0.051100
vt 0.960400 0.035700
vt 0.937600 0.035700
vt 0.914900 0.051100
vt 0.900100 0.070800
vt 0.907400 0.070800
vt 0.922400 0.070800
vt 0.932800 0.078800
vt 0.925400 0.071100
vt 0.933100 0.077200
vt 0.932100 0.064300
vt 0.931000 0.062700
vt 0.942700 0.061200
vt 0.942500 0.060100
vt 0.955600 0.061500
vt 0.955800 0.060100
vt 0.965900 0.064900
vt 0.967000 0.063700
vt 0.972700 0.070800
vt 0.975700 0.070800
vt 0.964100 0.077700
vt 0.964100 0.079800
vt 0.947800 0.080300
vt 0.947800 0.081900
vt 0.947500 0.107300
vt 0.763400 0.019700
vt 0.763400 0.035600
vt 0.730400 0.019700
vt 0.730400 0.035600
vt 0.763400 0.050600
vt 0.730400 0.050600
vt 0.713400 0.035600
vt 0.713400 0.019700
vt 0.730400 0.004800
vt 0.763400 0.004800
vt 0.780400 0.019700
vt 0.780400 0.035600
vt 0.631400 0.017100
vt 0.631400 0.008100
vt 0.640500 0.023700
vt 0.649000 0.020900
vt 0.637000 0.034300
vt 0.642300 0.041600
vt 0.625800 0.034300
vt 0.620500 0.041600
vt 0.622300 0.023700
vt 0.613800 0.020900
vt 0.367500 0.271400
vt 0.367500 0.191000
vt 0.007200 0.108200
vt 0.007200 0.175600
vt 0.367600 0.191000
vt 0.367600 0.271400
vt 0.197900 0.582900
vt 0.167200 0.653900
vt 0.119100 0.603900
vt 0.147700 0.657800
vt 0.131200 0.668800
vt 0.120100 0.685300
vt 0.087900 0.682500
vt 0.116300 0.704800
vt 0.044000 0.793300
vt 0.120100 0.724200
vt 0.131200 0.740700
vt 0.186700 0.657800
vt 0.214300 0.669400
vt 0.297200 0.582900
vt 0.283400 0.669400
vt 0.326200 0.684800
vt 0.303600 0.699900
vt 0.329600 0.693100
vt 0.309900 0.706200
vt 0.288500 0.722500
vt 0.296800 0.725900
vt 0.283200 0.749100
vt 0.292200 0.749100
vt 0.288500 0.775700
vt 0.296800 0.772300
vt 0.303600 0.798300
vt 0.309900 0.791900
vt 0.326200 0.813300
vt 0.329600 0.805100
vt 0.353000 0.818700
vt 0.353000 0.810000
vt 0.379400 0.813300
vt 0.352800 0.688500
vt 0.352800 0.679500
vt 0.376000 0.693100
vt 0.379400 0.684800
vt 0.395600 0.706200
vt 0.402000 0.699900
vt 0.408800 0.725900
vt 0.376100 0.603900
vt 0.376000 0.805100
vt 0.402000 0.798300
vt 0.395600 0.791900
vt 0.417000 0.775700
vt 0.408800 0.772300
vt 0.422300 0.749100
vt 0.413400 0.749100
vt 0.417000 0.722500
vt 0.410700 0.690100
vt 0.398600 0.659900
vt 0.422300 0.719100
vt 0.417000 0.843500
vt 0.458200 0.808900
vt 0.486700 0.879300
vt 0.376300 0.877700
vt 0.379000 0.826300
vt 0.408000 0.806900
vt 0.424600 0.781700
vt 0.430500 0.756000
vt 0.328000 0.828400
vt 0.303100 0.818000
vt 0.338000 0.910000
vt 0.357200 0.893900
vt 0.353000 0.832100
vt 0.366000 0.988100
vt 0.299600 0.942300
vt 0.285500 0.802800
vt 0.282900 0.777100
vt 0.280100 0.749100
vt 0.299600 0.988100
vt 0.203300 0.668800
vt 0.214300 0.685300
vt 0.219400 0.746700
vt 0.217500 0.767000
vt 0.201000 0.942500
vt 0.276400 0.712800
vt 0.222500 0.712800
vt 0.280600 0.686500
vt 0.221200 0.726800
vt 0.214300 0.724200
vt 0.208000 0.739000
vt 0.218200 0.704800
vt 0.217500 0.686500
vt 0.125100 0.870600
vt 0.010100 0.879000
vt 0.132100 0.988100
vt 0.201000 0.988100
s 1
usemtl turret
f 6073/659/555 6072/660/555 6071/661/555
f 6070/659/556 6069/662/556 6068/660/556
f 6067/663/557 6062/664/558 6065/665/559
f 6062/664/558 6063/666/560 6065/665/559
f 6063/666/560 6066/667/561 6065/665/559
f 6064/668/562 6063/666/560 6062/664/558
f 6061/659/563 6060/661/563 6059/669/563
f 6058/659/564 6057/670/564 6056/662/564
f 6055/659/565 6054/669/565 6053/671/565
f 6052/659/566 6051/671/566 6050/670/566
f 6049/659/567 6048/671/567 6047/670/567
f 6046/659/565 6045/669/565 6044/671/565
f 6043/659/568 6042/670/568 6041/662/568
f 6040/668/562 6037/666/560 6038/664/558
f 6039/663/557 6038/664/558 6035/665/559
f 6038/664/558 6037/666/560 6035/665/559
f 6037/666/560 6036/667/561 6035/665/559
f 6034/659/569 6033/661/569 6032/669/569
f 6031/659/570 6030/662/570 6029/672/570
f 6028/659/571 6027/660/571 6026/661/571
f 6025/659/572 6024/672/572 6023/661/572
f 6022/659/556 6021/662/556 6020/660/556
f 6019/659/573 6018/661/573 6017/669/573
f 6016/673/574 6014/674/574 6015/675/574
f 6014/674/574 6012/676/575 6015/675/574
f 6011/677/576 6012/676/575 6014/674/574
f 6013/678/577 6012/676/575 6011/677/576
f 6010/659/578 6009/669/578 6008/671/578
f 6007/679/579 6006/680/579 6005/681/579
f 6006/680/579 6003/682/579 6005/681/579
f 6005/681/579 6003/682/579 6004/683/579
f 6004/683/579 6003/682/579 6002/684/579
f 6001/685/580 5999/686/581 6000/687/580
f 5992/688/582 6000/687/580 5999/686/581
f 5999/686/581 5998/689/583 5992/688/582
f 5997/690/584 5992/688/582 5998/689/583
f 5992/688/582 5997/690/584 5994/691/585
f 5997/690/584 5996/692/586 5994/691/585
f 5996/692/586 5995/693/587 5994/691/585
f 5994/691/585 5993/694/588 5992/688/582
f 5991/659/589 5990/671/589 5989/670/589
f 5988/694/590 5987/687/590 5986/688/590
f 5985/659/591 5984/670/591 5983/662/591
f 5982/695/592 5979/696/593 5980/697/594
f 5981/698/595 5980/697/594 5977/699/596
f 5980/697/594 5979/696/593 5977/699/596
f 5979/696/593 5978/700/597 5977/699/596
f 5976/701/598 5974/702/599 5975/703/598
f 5972/704/600 5975/703/598 5974/702/599
f 5974/702/599 5971/705/601 5972/704/600
f 5973/706/601 5972/704/600 5971/705/601
f 5970/707/602 5969/708/602 5968/709/602
f 5967/686/603 5966/685/603 5965/710/603
f 5964/707/604 5963/709/604 5962/711/604
f 5961/690/605 5960/712/605 5959/692/605
f 5958/707/606 5957/711/606 5956/669/606
f 5955/713/607 5954/714/607 5953/689/607
f 5952/707/608 5951/669/608 5950/715/608
f 5949/716/583 5948/717/609 5946/718/584
f 5948/717/609 5945/719/610 5946/718/584
f 5947/720/611 5946/718/584 5945/719/610
f 5944/707/612 5943/715/612 5942/721/612
f 5941/717/613 5940/716/613 5939/722/613
f 5938/723/614 5936/724/615 5937/725/616
f 5937/725/616 5936/724/615 5935/726/617
f 5934/727/618 5935/726/617 5936/724/615
f 5935/726/617 5934/727/618 5933/728/619
f 5932/729/620 5933/728/619 5934/727/618
f 5933/728/619 5932/729/620 5931/730/621
f 5930/731/622 5931/730/621 5932/729/620
f 5931/730/621 5930/731/622 5929/732/623
f 5928/733/624 5929/732/623 5930/731/622
f 5929/732/623 5928/733/624 5927/723/625
f 5926/734/626 5924/735/627 5925/736/626
f 5922/737/628 5925/736/626 5924/735/627
f 5924/735/627 5921/738/629 5922/737/628
f 5923/739/629 5922/737/628 5921/738/629
f 5920/740/630 5915/741/631 5918/742/632
f 5915/741/631 5916/743/633 5918/742/632
f 5916/743/633 5919/744/634 5918/742/632
f 5917/745/635 5916/743/633 5915/741/631
f 5914/707/636 5913/721/636 5912/708/636
f 5911/746/637 5908/696/638 5909/697/639
f 5910/698/640 5909/697/639 5906/699/641
f 5909/697/639 5908/696/638 5906/699/641
f 5908/696/638 5907/700/642 5906/699/641
f 5905/747/643 5904/748/643 5903/749/643
f 5902/750/644 5901/751/644 5900/752/644
f 5899/753/645 5898/748/645 5897/747/645
f 5896/750/646 5895/752/646 5894/661/646
f 5893/754/647 5892/748/647 5891/753/647
f 5890/750/648 5889/661/648 5888/755/648
f 5887/756/649 5886/748/649 5885/754/649
f 5884/750/650 5883/755/650 5882/757/650
f 5881/758/651 5880/748/651 5879/756/651
f 5878/750/652 5877/757/652 5876/759/652
f 5875/749/653 5874/748/653 5873/758/653
f 5872/740/654 5867/760/655 5870/742/656
f 5867/760/655 5868/743/631 5870/742/656
f 5868/743/631 5871/761/657 5870/742/656
f 5869/745/658 5868/743/631 5867/760/655
f 5866/750/659 5865/759/659 5864/751/659
f 5863/762/660 5860/763/660 5861/764/661
f 5862/765/662 5861/764/661 5858/766/661
f 5861/764/661 5860/763/660 5858/766/661
f 5860/763/660 5859/767/663 5858/766/661
f 5857/661/664 5856/748/664 5855/755/664
f 5854/768/665 5853/751/665 5852/769/665
f 5851/752/666 5850/748/666 5849/661/666
f 5848/768/667 5847/769/667 5846/661/667
f 5845/751/668 5844/748/668 5843/752/668
f 5842/768/669 5841/661/669 5840/770/669
f 5839/759/670 5838/748/670 5837/751/670
f 5836/768/671 5835/770/671 5834/757/671
f 5833/771/672 5832/748/672 5831/759/672
f 5830/768/673 5829/757/673 5828/759/673
f 5827/755/674 5826/748/674 5825/771/674
f 5824/772/675 5819/773/676 5822/774/677
f 5819/773/676 5820/775/678 5822/774/677
f 5820/775/678 5823/776/679 5822/774/677
f 5821/777/680 5820/775/678 5819/773/676
f 5818/768/681 5817/759/681 5816/751/681
f 5815/778/682 5812/779/683 5813/764/684
f 5814/780/685 5813/764/684 5810/766/686
f 5813/764/684 5812/779/683 5810/766/686
f 5812/779/683 5811/781/687 5810/766/686
f 5809/661/688 5808/782/688 5807/783/688
f 5806/784/689 5805/785/689 5804/786/689
f 5803/672/690 5802/782/690 5801/661/690
f 5800/787/691 5799/786/691 5798/785/691
f 5797/662/692 5796/782/692 5795/672/692
f 5794/788/693 5793/789/693 5792/790/693
f 5791/791/694 5790/782/694 5789/662/694
f 5788/792/695 5787/790/695 5786/789/695
f 5785/789/696 5779/784/696 5784/792/696
f 5783/787/697 5782/790/697 5781/786/698
f 5780/792/699 5781/786/698 5782/790/697
f 5781/786/698 5780/792/699 5779/784/601
f 5778/793/700 5774/794/701 5777/795/702
f 5776/796/703 5777/795/702 5774/794/701
f 5776/796/703 5774/794/701 5775/797/704
f 5773/798/705 5775/797/704 5774/794/701
f 5774/794/701 5772/799/706 5773/798/705
f 5770/800/707 5773/798/705 5772/799/706
f 5772/799/706 5769/801/708 5770/800/707
f 5771/802/708 5770/800/707 5769/801/708
f 5768/671/709 5767/782/709 5766/791/709
f 5765/803/710 5761/804/711 5764/805/712
f 5763/806/713 5764/805/712 5761/804/711
f 5763/806/713 5761/804/711 5762/807/714
f 5762/807/714 5761/804/711 5759/808/715
f 5759/808/715 5761/804/711 5758/800/716
f 5760/802/717 5759/808/715 5758/800/716
f 5757/783/718 5756/782/718 5755/671/718
f 5754/809/719 5749/810/720 5752/811/721
f 5749/810/720 5750/812/722 5752/811/721
f 5750/812/722 5753/813/723 5752/811/721
f 5751/814/724 5750/812/722 5749/810/720
f 5748/815/725 5746/816/725 5747/817/725
f 5744/818/725 5747/817/725 5746/816/725
f 5746/816/725 5743/819/725 5744/818/725
f 5745/820/725 5744/818/725 5743/819/725
f 5742/711/726 5741/821/726 5740/669/726
f 5739/822/727 5737/823/727 5738/824/727
f 5735/825/727 5738/824/727 5737/823/727
f 5737/823/727 5734/826/727 5735/825/727
f 5736/827/727 5735/825/727 5734/826/727
f 5733/672/728 5732/821/728 5731/711/728
f 5728/828/729 5730/829/730 5729/830/731
f 5729/830/731 5727/831/732 5728/828/729
f 5726/832/733 5728/828/729 5727/831/732
f 5727/831/732 5725/833/734 5726/832/733
f 5724/834/735 5726/832/733 5725/833/734
f 5725/833/734 5723/835/736 5724/834/735
f 5722/836/737 5724/834/735 5723/835/736
f 5723/835/736 5720/837/738 5722/836/737
f 5721/838/739 5722/836/737 5720/837/738
f 5721/838/739 5720/837/738 5719/829/740
f 5718/662/741 5717/821/741 5716/672/741
f 5715/839/742 5714/840/710 5713/841/743
f 5712/670/744 5711/821/744 5710/662/744
f 5709/842/745 5708/843/745 5707/844/745
f 5706/671/746 5705/821/746 5704/670/746
f 5703/845/747 5702/846/748 5701/847/749
f 5700/669/750 5699/821/750 5698/671/750
f 5697/848/751 5692/849/752 5695/850/753
f 5692/849/752 5693/851/754 5695/850/753
f 5693/851/754 5696/852/755 5695/850/753
f 5694/853/756 5693/851/754 5692/849/752
f 5691/854/757 5690/855/757 5689/856/757
f 5688/661/758 5687/857/758 5686/669/758
f 5685/858/579 5683/859/579 5684/860/579
f 5683/859/579 5680/861/579 5684/860/579
f 5682/862/579 5680/861/579 5683/859/579
f 5679/863/579 5680/861/579 5682/862/579
f 5681/864/579 5680/861/579 5679/863/579
f 5678/660/759 5677/857/759 5676/661/759
f 5675/865/760 5654/866/761 5655/867/762
f 5675/865/760 5674/868/763 5654/866/761
f 5673/869/764 5654/866/761 5674/868/763
f 5654/866/761 5673/869/764 5672/870/765
f 5671/871/766 5672/870/765 5673/869/764
f 5671/871/766 5670/872/767 5672/870/765
f 5671/871/766 5668/873/768 5670/872/767
f 5669/874/769 5670/872/767 5668/873/768
f 5669/874/769 5668/873/768 5667/875/770
f 5666/876/771 5667/875/770 5668/873/768
f 5667/875/770 5666/876/771 5664/877/772
f 5665/878/773 5664/877/772 5666/876/771
f 5665/878/773 5662/879/774 5664/877/772
f 5663/880/775 5664/877/772 5662/879/774
f 5663/880/775 5662/879/774 5661/881/776
f 5660/882/777 5661/881/776 5662/879/774
f 5660/882/777 5659/883/778 5661/881/776
f 5660/882/777 5658/884/779 5659/883/778
f 5656/885/780 5659/883/778 5658/884/779
f 5658/884/779 5657/886/781 5656/885/780
f 5655/867/762 5656/885/780 5657/886/781
f 5656/885/780 5655/867/762 5654/866/761
f 5653/887/782 5646/888/783 5649/889/784
f 5647/890/785 5652/891/786 5650/892/787
f 5651/893/788 5649/889/784 5650/892/787
f 5649/889/784 5647/890/785 5650/892/787
f 5646/888/783 5647/890/785 5649/889/784
f 5648/894/789 5647/890/785 5646/888/783
f 5645/891/790 5630/895/791 5631/892/792
f 5630/895/791 5645/891/790 5644/896/793
f 5643/890/794 5644/896/793 5645/891/790
f 5644/896/793 5643/890/794 5642/897/795
f 5641/894/796 5642/897/795 5643/890/794
f 5642/897/795 5641/894/796 5640/898/797
f 5639/888/798 5640/898/797 5641/894/796
f 5640/898/797 5639/888/798 5638/899/799
f 5637/887/800 5638/899/799 5639/888/798
f 5638/899/799 5637/887/800 5636/900/801
f 5635/889/802 5636/900/801 5637/887/800
f 5636/900/801 5635/889/802 5634/901/803
f 5633/893/804 5634/901/803 5635/889/802
f 5634/901/803 5633/893/804 5632/902/805
f 5631/892/792 5632/902/805 5633/893/804
f 5632/902/805 5631/892/792 5630/895/791
f 5629/662/806 5628/857/806 5627/660/806
f 5626/903/807 5625/904/808 5624/905/809
f 5625/904/808 5623/906/810 5624/905/809
f 5623/906/810 5620/907/811 5624/905/809
f 5622/908/812 5620/907/811 5623/906/810
f 5619/909/813 5620/907/811 5622/908/812
f 5621/910/814 5620/907/811 5619/909/813
f 5618/911/815 5603/912/816 5604/913/817
f 5603/912/816 5618/911/815 5617/914/818
f 5616/915/819 5617/914/818 5618/911/815
f 5617/914/818 5616/915/819 5615/916/820
f 5614/917/821 5615/916/820 5616/915/819
f 5615/916/820 5614/917/821 5613/918/822
f 5612/919/823 5613/918/822 5614/917/821
f 5613/918/822 5612/919/823 5611/920/824
f 5610/921/825 5611/920/824 5612/919/823
f 5611/920/824 5610/921/825 5609/922/826
f 5608/923/827 5609/922/826 5610/921/825
f 5609/922/826 5608/923/827 5607/924/828
f 5606/925/829 5607/924/828 5608/923/827
f 5607/924/828 5606/925/829 5605/926/830
f 5604/913/817 5605/926/830 5606/925/829
f 5605/926/830 5604/913/817 5603/912/816
f 5602/918/831 5595/920/831 5598/916/831
f 5596/924/831 5601/926/831 5599/912/831
f 5600/914/831 5598/916/831 5599/912/831
f 5598/916/831 5596/924/831 5599/912/831
f 5595/920/831 5596/924/831 5598/916/831
f 5597/922/831 5596/924/831 5595/920/831
f 5594/927/832 5587/928/832 5590/929/832
f 5588/930/832 5593/931/832 5591/932/832
f 5592/933/832 5590/929/832 5591/932/832
f 5590/929/832 5588/930/832 5591/932/832
f 5587/928/832 5588/930/832 5590/929/832
f 5589/934/832 5588/930/832 5587/928/832
f 5586/935/815 5571/936/816 5572/937/817
f 5571/936/816 5586/935/815 5585/938/818
f 5584/939/819 5585/938/818 5586/935/815
f 5585/938/818 5584/939/819 5583/940/833
f 5582/941/834 5583/940/833 5584/939/819
f 5583/940/833 5582/941/834 5581/942/835
f 5580/943/836 5581/942/835 5582/941/834
f 5581/942/835 5580/943/836 5579/944/837
f 5578/945/825 5579/944/837 5580/943/836
f 5579/944/837 5578/945/825 5577/946/826
f 5576/947/838 5577/946/826 5578/945/825
f 5577/946/826 5576/947/838 5575/948/828
f 5574/949/829 5575/948/828 5576/947/838
f 5575/948/828 5574/949/829 5573/950/830
f 5572/937/817 5573/950/830 5574/949/829
f 5573/950/830 5572/937/817 5571/936/816
f 5570/951/831 5563/952/831 5566/953/831
f 5564/954/831 5569/955/831 5567/956/831
f 5568/957/831 5566/953/831 5567/956/831
f 5566/953/831 5564/954/831 5567/956/831
f 5563/952/831 5564/954/831 5566/953/831
f 5565/958/831 5564/954/831 5563/952/831
f 5562/947/832 5555/945/832 5558/949/832
f 5556/941/832 5561/939/832 5559/935/832
f 5560/937/832 5558/949/832 5559/935/832
f 5558/949/832 5556/941/832 5559/935/832
f 5555/945/832 5556/941/832 5558/949/832
f 5557/943/832 5556/941/832 5555/945/832
f 5554/959/839 5539/960/840 5540/961/841
f 5539/960/840 5554/959/839 5553/962/818
f 5552/963/842 5553/962/818 5554/959/839
f 5553/962/818 5552/963/842 5551/964/820
f 5550/965/843 5551/964/820 5552/963/842
f 5551/964/820 5550/965/843 5549/964/844
f 5548/965/845 5549/964/844 5550/965/843
f 5549/964/844 5548/965/845 5547/966/846
f 5546/967/847 5547/966/846 5548/965/845
f 5547/966/846 5546/967/847 5545/968/848
f 5544/969/849 5545/968/848 5546/967/847
f 5545/968/848 5544/969/849 5543/970/850
f 5542/971/851 5543/970/850 5544/969/849
f 5543/970/850 5542/971/851 5541/972/830
f 5540/961/841 5541/972/830 5542/971/851
f 5541/972/830 5540/961/841 5539/960/840
f 5537/973/725 5538/974/725 5535/975/852
f 5537/973/725 5535/975/852 5536/976/853
f 5535/975/852 5533/977/854 5536/976/853
f 5535/975/852 5534/978/855 5533/977/854
f 5534/978/855 5531/979/856 5533/977/854
f 5532/980/857 5533/977/854 5531/979/856
f 5527/981/858 5532/980/857 5531/979/856
f 5527/981/858 5531/979/856 5530/982/859
f 5529/983/727 5527/981/858 5530/982/859
f 5529/983/727 5528/984/727 5527/981/858
f 5526/985/860 5507/985/861 5508/986/862
f 5507/985/861 5526/985/860 5525/987/863
f 5524/987/864 5525/987/863 5526/985/860
f 5525/987/863 5524/987/864 5523/988/865
f 5522/988/866 5523/988/865 5524/987/864
f 5523/988/865 5522/988/866 5521/989/867
f 5520/989/868 5521/989/867 5522/988/866
f 5521/989/867 5520/989/868 5519/990/869
f 5518/990/870 5519/990/869 5520/989/868
f 5519/990/869 5518/990/870 5517/991/871
f 5516/991/872 5517/991/871 5518/990/870
f 5517/991/871 5516/991/872 5515/992/873
f 5514/992/874 5515/992/873 5516/991/872
f 5515/992/873 5514/992/874 5513/993/875
f 5512/993/876 5513/993/875 5514/992/874
f 5513/993/875 5512/993/876 5511/994/877
f 5510/994/878 5511/994/877 5512/993/876
f 5511/994/877 5510/994/878 5509/986/879
f 5508/986/862 5509/986/879 5510/994/878
f 5509/986/879 5508/986/862 5507/985/861
f 5506/995/880 5487/996/881 5488/997/882
f 5487/996/881 5506/995/880 5505/998/883
f 5504/999/884 5505/998/883 5506/995/880
f 5505/998/883 5504/999/884 5503/1000/885
f 5502/1001/886 5503/1000/885 5504/999/884
f 5503/1000/885 5502/1001/886 5501/1000/867
f 5500/1001/887 5501/1000/867 5502/1001/886
f 5501/1000/867 5500/1001/887 5499/998/888
f 5498/999/870 5499/998/888 5500/1001/887
f 5499/998/888 5498/999/870 5497/996/889
f 5496/995/890 5497/996/889 5498/999/870
f 5497/996/889 5496/995/890 5495/1002/891
f 5494/997/892 5495/1002/891 5496/995/890
f 5495/1002/891 5494/997/892 5493/1003/893
f 5492/1004/894 5493/1003/893 5494/997/892
f 5493/1003/893 5492/1004/894 5491/1003/877
f 5490/1004/895 5491/1003/877 5492/1004/894
f 5491/1003/877 5490/1004/895 5489/1002/896
f 5488/997/882 5489/1002/896 5490/1004/895
f 5489/1002/896 5488/997/882 5487/996/881
f 5486/1005/725 5479/1006/725 5482/1007/725
f 5480/1006/725 5485/1005/725 5483/1007/725
f 5484/1008/897 5482/1007/725 5483/1007/725
f 5482/1007/725 5480/1006/725 5483/1007/725
f 5479/1006/725 5480/1006/725 5482/1007/725
f 5481/1009/898 5480/1006/725 5479/1006/725
f 5478/1010/727 5471/1011/727 5474/1012/727
f 5472/1012/727 5477/1013/727 5475/1014/727
f 5476/1013/727 5474/1012/727 5475/1014/727
f 5474/1012/727 5472/1012/727 5475/1014/727
f 5471/1011/727 5472/1012/727 5474/1012/727
f 5473/1010/727 5472/1012/727 5471/1011/727
f 5470/1005/899 5455/1012/900 5456/1007/901
f 5455/1012/900 5470/1005/899 5469/1013/902
f 5468/1006/903 5469/1013/902 5470/1005/899
f 5469/1013/902 5468/1006/903 5467/1014/904
f 5466/1009/905 5467/1014/904 5468/1006/903
f 5467/1014/904 5466/1009/905 5465/1013/906
f 5464/1006/907 5465/1013/906 5466/1009/905
f 5465/1013/906 5464/1006/907 5463/1012/908
f 5462/1005/909 5463/1012/908 5464/1006/907
f 5463/1012/908 5462/1005/909 5461/1010/910
f 5460/1007/911 5461/1010/910 5462/1005/909
f 5461/1010/910 5460/1007/911 5459/1011/912
f 5458/1008/913 5459/1011/912 5460/1007/911
f 5459/1011/912 5458/1008/913 5457/1010/914
f 5456/1007/901 5457/1010/914 5458/1008/913
f 5457/1010/914 5456/1007/901 5455/1012/900
f 5454/1015/915 5452/1016/916 5453/1017/917
f 5451/1018/918 5453/1017/917 5452/1016/916
f 5452/1016/916 5450/1019/919 5451/1018/918
f 5449/1020/920 5451/1018/918 5450/1019/919
f 5450/1019/919 5448/1021/921 5449/1020/920
f 5447/1022/922 5449/1020/920 5448/1021/921
f 5448/1021/921 5446/1023/923 5447/1022/922
f 5445/1024/924 5447/1022/922 5446/1023/923
f 5446/1023/923 5444/1025/925 5445/1024/924
f 5443/1026/926 5445/1024/924 5444/1025/925
f 5444/1025/925 5442/1027/927 5443/1026/926
f 5441/1028/928 5443/1026/926 5442/1027/927
f 5442/1027/927 5440/1029/929 5441/1028/928
f 5438/1030/930 5441/1028/928 5440/1029/929
f 5440/1029/929 5437/1031/931 5438/1030/930
f 5439/1032/932 5438/1030/930 5437/1031/931
f 5436/1017/933 5434/1018/934 5435/1033/935
f 5433/1034/936 5435/1033/935 5434/1018/934
f 5434/1018/934 5432/1020/937 5433/1034/936
f 5431/1035/938 5433/1034/936 5432/1020/937
f 5432/1020/937 5430/1022/939 5431/1035/938
f 5429/1036/940 5431/1035/938 5430/1022/939
f 5430/1022/939 5428/1024/941 5429/1036/940
f 5427/1037/942 5429/1036/940 5428/1024/941
f 5428/1024/941 5426/1026/943 5427/1037/942
f 5425/1038/944 5427/1037/942 5426/1026/943
f 5426/1026/943 5424/1028/945 5425/1038/944
f 5423/1039/946 5425/1038/944 5424/1028/945
f 5424/1028/945 5422/1030/947 5423/1039/946
f 5420/1040/948 5423/1039/946 5422/1030/947
f 5422/1030/947 5419/1032/949 5420/1040/948
f 5421/1041/950 5420/1040/948 5419/1032/949
f 5414/1042/951 5418/1043/952 5417/1044/953
f 5416/1045/954 5415/1046/955 5410/1047/956
f 5414/1042/951 5411/1048/957 5413/1049/958
f 5412/1050/955 5411/1048/959 5410/1047/956
f 5409/791/960 5408/857/960 5407/662/960
f 5406/1047/579 5405/1048/579 5402/1051/961
f 5404/1052/962 5402/1051/961 5405/1048/579
f 5404/1052/962 5403/1053/963 5402/1051/961
f 5401/671/964 5400/857/964 5399/791/964
f 5395/1054/965 5398/1055/966 5397/1052/967
f 5397/1052/967 5394/1048/831 5395/1054/965
f 5396/1042/831 5395/1054/965 5394/1048/831
f 5393/669/968 5392/857/968 5391/671/968
f 5390/848/969 5385/849/970 5388/850/971
f 5385/849/970 5386/851/972 5388/850/971
f 5386/851/972 5389/852/973 5388/850/971
f 5387/853/974 5386/851/972 5385/849/970
f 5384/1045/832 5383/1047/832 5380/1056/975
f 5382/1051/976 5380/1056/975 5383/1047/832
f 5382/1051/976 5381/1057/977 5380/1056/975
f 5379/1058/978 5364/1059/979 5365/1060/980
f 5364/1059/979 5379/1058/978 5378/1061/981
f 5377/1060/982 5378/1061/981 5379/1058/978
f 5378/1061/981 5377/1060/982 5376/1062/983
f 5375/1063/984 5376/1062/983 5377/1060/982
f 5376/1062/983 5375/1063/984 5374/1064/985
f 5373/1065/986 5374/1064/985 5375/1063/984
f 5374/1064/985 5373/1065/986 5372/1066/987
f 5371/1067/988 5372/1066/987 5373/1065/986
f 5372/1066/987 5371/1067/988 5370/1064/989
f 5369/1065/990 5370/1064/989 5371/1067/988
f 5370/1064/989 5369/1065/990 5368/1062/991
f 5367/1063/992 5368/1062/991 5369/1065/990
f 5368/1062/991 5367/1063/992 5366/1061/993
f 5365/1060/980 5366/1061/993 5367/1063/992
f 5366/1061/993 5365/1060/980 5364/1059/979
f 5362/1068/831 5363/1069/831 5361/1070/831
f 5362/1068/831 5361/1070/831 5360/1071/831
f 5358/1072/832 5359/1073/832 5357/1074/832
f 5358/1072/832 5357/1074/832 5356/1075/832
f 5355/661/994 5354/857/994 5353/669/994
f 5351/1070/995 5349/1076/996 5352/1071/997
f 5351/1070/995 5350/1077/998 5349/1076/996
f 5350/1077/998 5346/1078/999 5349/1076/996
f 5348/1079/1000 5349/1076/996 5346/1078/999
f 5347/1074/1001 5348/1079/1000 5346/1078/999
f 5347/1074/1001 5346/1078/999 5345/1075/1002
f 5344/1080/1003 5343/1081/1003 5342/1082/1003
f 5340/1081/1004 5341/1083/1005 5342/1082/1006
f 5341/1083/1005 5340/1081/1004 5339/1084/1007
f 5338/1085/1008 5339/1084/1007 5340/1081/1004
f 5339/1084/1007 5338/1085/1008 5335/1086/1009
f 5337/1087/1010 5336/1084/1010 5335/1086/1010
f 5334/1088/579 5331/1089/579 5332/1090/579
f 5333/1091/579 5332/1090/579 5329/1092/579
f 5332/1090/579 5331/1089/579 5329/1092/579
f 5331/1089/579 5330/1093/579 5329/1092/579
f 5328/1094/725 5321/1095/725 5322/1096/725
f 5321/1095/725 5328/1094/725 5327/1097/725
f 5326/1098/725 5327/1097/725 5328/1094/725
f 5327/1097/725 5326/1098/725 5325/1099/725
f 5324/1100/725 5325/1099/725 5326/1098/725
f 5325/1099/725 5324/1100/725 5323/1101/725
f 5322/1096/725 5323/1101/725 5324/1100/725
f 5323/1101/725 5322/1096/725 5321/1095/725
f 5320/660/1011 5319/857/1011 5318/661/1011
f 5317/1102/1012 5316/1103/1012 5315/1104/1012
f 5314/662/1013 5313/857/1013 5312/660/1013
f 5311/1105/832 5310/1106/832 5306/1107/832
f 5310/1106/832 5309/1106/832 5306/1107/832
f 5309/1106/832 5308/1108/832 5306/1107/832
f 5308/1108/832 5307/1108/832 5306/1107/832
f 5305/791/1014 5304/857/1014 5303/662/1014
f 5302/1109/831 5301/1109/831 5298/1110/831
f 5301/1109/831 5300/1111/831 5298/1110/831
f 5300/1111/831 5299/1111/831 5298/1110/831
f 5297/671/1015 5296/857/1015 5295/791/1015
f 5294/1112/1016 5293/1113/1017 5292/1114/1018
f 5291/1115/1019 5292/1114/1018 5293/1113/1017
f 5292/1114/1018 5291/1115/1019 5287/1116/1020
f 5291/1115/1019 5290/1117/1021 5287/1116/1020
f 5290/1117/1021 5289/1118/1022 5287/1116/1020
f 5289/1118/1022 5288/1119/1023 5287/1116/1020
f 5286/1120/1024 5284/1121/1025 5285/1122/1026
f 5285/1122/1026 5284/1121/1025 5283/1123/1027
f 5282/1124/1028 5279/1125/1028 5280/1126/1028
f 5281/1127/1028 5280/1126/1028 5277/1128/1028
f 5280/1126/1028 5279/1125/1028 5277/1128/1028
f 5279/1125/1028 5278/1129/1028 5277/1128/1028
f 5276/1130/579 5273/1131/579 5274/1132/579
f 5275/1130/579 5274/1132/579 5271/1131/579
f 5274/1132/579 5273/1131/579 5271/1131/579
f 5273/1131/579 5272/1133/579 5271/1131/579
f 5270/669/1029 5269/857/1029 5268/671/1029
f 5267/1134/579 5265/1135/579 5266/1136/579
f 5266/1136/579 5265/1135/579 5264/1137/579
f 5263/1138/1030 5253/1139/1031 5262/1140/1030
f 5260/1141/1032 5261/1142/1033 5251/1143/1034
f 5261/1142/1033 5260/1141/1032 5259/1144/1035
f 5258/1145/1036 5259/1144/1035 5260/1141/1032
f 5259/1144/1035 5258/1145/1036 5257/1146/1037
f 5256/1147/1038 5257/1146/1037 5258/1145/1036
f 5257/1146/1037 5256/1147/1038 5255/1148/1039
f 5254/1140/1040 5255/1148/1039 5256/1147/1038
f 5255/1148/1039 5254/1140/1040 5253/1139/1031
f 5252/1149/1034 5251/1143/1034 5250/1142/1034
f 5249/1150/1041 5239/1151/1042 5248/1152/1041
f 5246/1153/1043 5247/1154/1044 5237/1155/1045
f 5247/1154/1044 5246/1153/1043 5245/1156/1046
f 5244/1157/1047 5245/1156/1046 5246/1153/1043
f 5245/1156/1046 5244/1157/1047 5243/1158/1048
f 5242/1159/1049 5243/1158/1048 5244/1157/1047
f 5243/1158/1048 5242/1159/1049 5241/1160/1050
f 5240/1152/1051 5241/1160/1050 5242/1159/1049
f 5241/1160/1050 5240/1152/1051 5239/1151/1052
f 5238/1161/1045 5237/1155/1045 5236/1154/1045
f 5235/1162/1053 5225/1163/1054 5234/1164/1053
f 5232/1165/1055 5233/1166/1056 5223/1167/1057
f 5233/1166/1056 5232/1165/1055 5231/1168/1058
f 5230/1169/1059 5231/1168/1058 5232/1165/1055
f 5231/1168/1058 5230/1169/1059 5229/1170/1060
f 5228/1171/1061 5229/1170/1060 5230/1169/1059
f 5229/1170/1060 5228/1171/1061 5227/1172/1062
f 5226/1164/1063 5227/1172/1062 5228/1171/1061
f 5227/1172/1062 5226/1164/1063 5225/1163/1064
f 5224/1173/1065 5223/1167/1065 5222/1166/1065
f 5221/1174/1066 5220/1175/1067 5217/1175/1068
f 5220/1175/1067 5219/1176/1069 5217/1175/1068
f 5219/1176/1069 5218/1176/1069 5217/1175/1068
f 5216/1177/1070 5215/1178/1070 5214/1179/1070
f 5213/1180/725 5212/1181/725 5209/1182/725
f 5212/1181/725 5211/1183/725 5209/1182/725
f 5211/1183/725 5210/1184/725 5209/1182/725
f 5208/1185/1071 5207/1186/1071 5206/1177/1071
f 5205/1187/1072 5204/1188/1073 5201/1189/1074
f 5204/1188/1073 5203/1190/1075 5201/1189/1074
f 5203/1190/1075 5202/1191/1075 5201/1189/1074
f 5198/1192/1076 5199/1193/1077 5200/1194/1078
f 5199/1193/1077 5198/1192/1076 5197/1195/1079
f 5196/1196/1080 5195/1197/1080 5194/1198/1080
f 5191/1199/1081 5193/1200/1082 5187/1201/1083
f 5185/1202/1084 5187/1201/1083 5193/1200/1082
f 5185/1202/1084 5193/1200/1082 5182/1203/1085
f 5192/1204/1086 5191/1199/1081 5190/1205/1087
f 5187/1201/1083 5190/1205/1087 5191/1199/1081
f 5190/1205/1087 5187/1201/1083 5189/1206/1088
f 5188/1207/1089 5189/1206/1088 5187/1201/1083
f 5188/1207/1089 5187/1201/1083 5186/1208/1090
f 5185/1202/1084 5186/1208/1090 5187/1201/1083
f 5185/1202/1084 5183/1209/1091 5186/1208/1090
f 5185/1202/1084 5182/1203/1085 5183/1209/1091
f 5184/1210/1092 5183/1209/1091 5182/1203/1085
f 5181/1198/1093 5180/1198/1093 5179/1196/1093
f 5178/1211/1094 5176/1212/1095 5177/1212/1096
f 5177/1212/1096 5176/1212/1095 5175/1213/1097
f 5174/1213/1098 5175/1213/1097 5176/1212/1095
f 5175/1213/1097 5174/1213/1098 5173/1214/1099
f 5172/1214/1100 5173/1214/1099 5174/1213/1098
f 5173/1214/1099 5172/1214/1100 5171/1215/1101
f 5170/1215/1102 5171/1215/1101 5172/1214/1100
f 5171/1215/1101 5170/1215/1102 5169/1216/1103
f 5168/1216/1104 5169/1216/1103 5170/1215/1102
f 5169/1216/1103 5168/1216/1104 5167/1217/1105
f 5166/1217/1106 5167/1217/1105 5168/1216/1104
f 5167/1217/1105 5166/1217/1106 5163/1218/1107
f 5165/1218/1108 5163/1218/1107 5166/1217/1106
f 5165/1218/1108 5164/1219/1109 5163/1218/1107
f 5162/1220/1028 5159/1221/1028 5160/1222/1028
f 5161/1220/1028 5160/1222/1028 5157/1221/1028
f 5160/1222/1028 5159/1221/1028 5157/1221/1028
f 5159/1221/1028 5158/1223/1028 5157/1221/1028
f 5156/1224/1110 5144/1225/1111 5145/1226/1112
f 5155/1227/1113 5156/1224/1110 5145/1226/1112
f 5154/1228/1114 5155/1227/1113 5145/1226/1112
f 5153/1229/1115 5154/1228/1114 5145/1226/1112
f 5147/1230/1116 5153/1229/1115 5145/1226/1112
f 5152/1231/1117 5153/1229/1115 5147/1230/1116
f 5151/1232/1118 5152/1231/1117 5147/1230/1116
f 5150/1233/1119 5151/1232/1118 5147/1230/1116
f 5150/1233/1119 5147/1230/1116 5149/1234/1120
f 5148/1235/1121 5149/1234/1120 5147/1230/1116
f 5148/1235/1121 5147/1230/1116 5146/1236/1122
f 5145/1226/1112 5146/1236/1122 5147/1230/1116
f 5146/1236/1122 5145/1226/1112 5144/1225/1111
f 5143/1237/1123 5142/1238/1123 5141/1239/1123
f 5140/1240/832 5139/1241/1124 5138/1242/1125
f 5139/1241/1124 5137/1243/1126 5138/1242/1125
f 5138/1242/1125 5137/1243/1126 5136/1244/1127
f 5135/1245/1128 5134/1246/1128 5131/1247/1129
f 5133/1248/1130 5131/1247/1129 5134/1246/1128
f 5133/1248/1130 5130/1123/1131 5131/1247/1129
f 5132/1121/1132 5131/1247/1129 5130/1123/1131
f 5129/1249/1133 5126/1250/1134 5127/1251/1135
f 5128/1252/1136 5127/1251/1135 5124/1253/1137
f 5127/1251/1135 5126/1250/1134 5124/1253/1137
f 5124/1253/1137 5126/1250/1134 5123/1254/1138
f 5125/1255/1137 5124/1253/1137 5123/1254/1138
f 5122/1256/1139 5091/1257/1140 5092/1256/1141
f 5092/1256/1141 5120/1258/1142 5122/1256/1139
f 5121/1258/1143 5122/1256/1139 5120/1258/1142
f 5121/1258/1143 5120/1258/1142 5119/1259/1144
f 5118/1259/1145 5119/1259/1144 5120/1258/1142
f 5119/1259/1144 5118/1259/1145 5117/1260/1146
f 5116/1260/1147 5117/1260/1146 5118/1259/1145
f 5117/1260/1146 5116/1260/1147 5115/1261/1148
f 5114/1261/1149 5115/1261/1148 5116/1260/1147
f 5115/1261/1148 5114/1261/1149 5113/1262/1150
f 5112/1262/1151 5113/1262/1150 5114/1261/1149
f 5113/1262/1150 5112/1262/1151 5111/1263/1152
f 5110/1263/1153 5111/1263/1152 5112/1262/1151
f 5111/1263/1152 5110/1263/1153 5109/1264/1154
f 5108/1264/1155 5109/1264/1154 5110/1263/1153
f 5109/1264/1154 5108/1264/1155 5107/1265/1156
f 5106/1265/1157 5107/1265/1156 5108/1264/1155
f 5107/1265/1156 5106/1265/1157 5105/1266/1158
f 5104/1266/1159 5105/1266/1158 5106/1265/1157
f 5105/1266/1158 5104/1266/1159 5103/1267/1160
f 5102/1267/1161 5103/1267/1160 5104/1266/1159
f 5103/1267/1160 5102/1267/1161 5101/1268/1162
f 5100/1268/1163 5101/1268/1162 5102/1267/1161
f 5101/1268/1162 5100/1268/1163 5098/1269/1164
f 5099/1269/1165 5098/1269/1164 5100/1268/1163
f 5099/1269/1165 5097/1270/1166 5098/1269/1164
f 5096/1270/1167 5098/1269/1164 5097/1270/1166
f 5097/1270/1166 5095/1271/1168 5096/1270/1167
f 5094/1271/1169 5096/1270/1167 5095/1271/1168
f 5095/1271/1168 5093/1257/1170 5094/1271/1169
f 5091/1257/1140 5094/1271/1169 5093/1257/1170
f 5093/1257/1170 5092/1256/1141 5091/1257/1140
f 5090/1272/832 5080/1273/1171 5089/1274/832
f 5080/1273/1171 5078/1275/1172 5089/1274/832
f 5089/1274/832 5078/1275/1172 5088/1276/832
f 5088/1276/832 5078/1275/1172 5087/1277/832
f 5087/1277/832 5078/1275/1172 5086/1278/832
f 5078/1275/1172 5077/1279/1173 5086/1278/832
f 5086/1278/832 5077/1279/1173 5085/1280/832
f 5085/1280/832 5077/1279/1173 5083/1281/832
f 5083/1281/832 5077/1279/1173 5082/1282/832
f 5084/1283/832 5083/1281/832 5082/1282/832
f 5081/1284/1174 5074/1285/1175 5079/1286/1176
f 5078/1275/1172 5080/1273/1171 5079/1286/1176
f 5078/1275/1172 5079/1286/1176 5074/1285/1175
f 5077/1279/1173 5078/1275/1172 5074/1285/1175
f 5075/1287/1177 5077/1279/1173 5074/1285/1175
f 5076/1288/1178 5075/1287/1177 5074/1285/1175
f 5073/1289/1179 5070/1290/1180 5072/1291/1181
f 5072/1291/1181 5070/1290/1180 5071/1292/1182
f 5071/1292/1182 5070/1290/1180 5069/1293/1183
f 5068/1294/1184 5065/1295/1184 5066/1296/1184
f 5067/1297/1184 5066/1296/1184 5065/1295/1184
f 5064/1298/1185 5063/1299/1186 5062/1300/1185
f 5061/1295/1187 5062/1300/1185 5063/1299/1186
f 5062/1300/1185 5061/1295/1187 5060/1301/1188
f 5057/1302/1189 5060/1301/1188 5061/1295/1187
f 5060/1301/1188 5057/1302/1189 5058/1303/1190
f 5059/1304/579 5058/1303/1190 5057/1302/1189
f 5056/1305/1191 5055/1306/1192 5054/1307/1193
f 5053/1308/1194 5054/1307/1193 5055/1306/1192
f 5054/1307/1193 5053/1308/1194 5052/1309/1195
f 5049/1310/1196 5052/1309/1195 5053/1308/1194
f 5052/1309/1195 5049/1310/1196 5050/1311/1197
f 5051/1312/1198 5050/1311/1197 5049/1310/1196
f 5048/1311/1199 5047/1312/1200 5046/1313/1201
f 5045/1314/1202 5046/1313/1201 5047/1312/1200
f 5046/1313/1201 5045/1314/1202 5044/1315/1203
f 5043/1316/1204 5044/1315/1203 5045/1314/1202
f 5044/1315/1203 5043/1316/1204 5042/1317/1205
f 5039/1318/1206 5042/1317/1205 5043/1316/1204
f 5042/1317/1205 5039/1318/1206 5040/1319/1207
f 5041/1320/1208 5040/1319/1207 5039/1318/1206
f 5038/1321/1209 5037/1322/1210 5036/1323/1211
f 5035/1324/1212 5036/1323/1211 5037/1322/1210
f 5036/1323/1211 5035/1324/1212 5034/1325/1213
f 5033/1326/1214 5034/1325/1213 5035/1324/1212
f 5034/1325/1213 5033/1326/1214 5032/1327/1215
f 5029/1328/1216 5032/1327/1215 5033/1326/1214
f 5032/1327/1215 5029/1328/1216 5030/1305/1217
f 5031/1306/1218 5030/1305/1217 5029/1328/1216
f 5028/1329/725 5025/1330/725 5026/1331/725
f 5027/1332/725 5026/1331/725 5025/1330/725
f 5024/1330/1219 5021/1333/1219 5022/1332/1219
f 5023/1334/1219 5022/1332/1219 5021/1333/1219
f 5020/1331/1220 5017/1335/1220 5018/1329/1220
f 5019/1336/1221 5018/1329/1220 5017/1335/1220
f 5016/1337/1222 5013/1338/1223 5014/1339/1224
f 5015/1340/1225 5014/1339/1224 5013/1338/1223
f 5012/1341/1226 5011/1342/1227 5009/1343/1228
f 5011/1342/1227 5010/1344/1229 5009/1343/1228
f 5010/1344/1229 5006/1345/1230 5009/1343/1228
f 5006/1345/1230 5007/1346/1231 5009/1343/1228
f 5008/1347/1232 5007/1346/1231 5006/1345/1230
f 5005/1348/1233 5002/1349/1233 5003/1350/1233
f 5004/1351/1233 5003/1350/1233 5002/1349/1233
f 5001/1349/1234 4998/1352/1235 4999/1353/1236
f 5000/1354/1237 4999/1353/1236 4998/1352/1235
f 4997/1355/1238 4994/1356/1239 4995/1348/1240
f 4996/1357/1241 4995/1348/1240 4994/1356/1239
f 4993/1348/1242 4990/1357/1242 4991/1349/1242
f 4992/1352/1242 4991/1349/1242 4990/1357/1242
f 4989/1351/1243 4986/1358/1244 4987/1350/1245
f 4988/1359/1246 4987/1350/1245 4986/1358/1244
f 4985/1348/725 4982/1349/725 4983/1350/725
f 4984/1351/725 4983/1350/725 4982/1349/725
f 4981/1349/1247 4978/1352/1248 4979/1353/1249
f 4980/1354/1250 4979/1353/1249 4978/1352/1248
f 4977/1355/832 4974/1356/1251 4975/1348/1252
f 4976/1357/1253 4975/1348/1252 4974/1356/1251
f 4973/1348/1254 4970/1357/1254 4971/1349/1254
f 4972/1352/1254 4971/1349/1254 4970/1357/1254
f 4969/1351/579 4966/1358/579 4967/1350/579
f 4968/1359/579 4967/1350/579 4966/1358/579
f 4965/1348/725 4962/1349/725 4963/1350/725
f 4964/1351/725 4963/1350/725 4962/1349/725
f 4961/1349/1255 4958/1352/1256 4959/1353/1257
f 4960/1354/1258 4959/1353/1257 4958/1352/1256
f 4957/1355/1259 4954/1356/1260 4955/1348/1261
f 4956/1357/1262 4955/1348/1261 4954/1356/1260
f 4953/1348/1263 4950/1357/1264 4951/1349/1265
f 4952/1352/1266 4951/1349/1265 4950/1357/1264
f 4949/1351/1267 4946/1358/1268 4947/1350/1268
f 4948/1359/1268 4947/1350/1268 4946/1358/1268
f 4945/1332/727 4942/1330/727 4943/1331/727
f 4944/1329/727 4943/1331/727 4942/1330/727
f 4941/1334/1269 4938/1333/1269 4939/1332/1269
f 4940/1330/1269 4939/1332/1269 4938/1333/1269
f 4937/1336/1270 4934/1335/1271 4935/1329/1271
f 4936/1331/1272 4935/1329/1271 4934/1335/1271
f 4933/1360/1273 4931/1197/1274 4932/1198/1275
f 4929/1196/1276 4932/1198/1275 4931/1197/1274
f 4931/1197/1274 4928/1361/1277 4929/1196/1276
f 4930/1362/1278 4929/1196/1276 4928/1361/1277
f 4904/1363/1279 4927/1211/1280 4906/1364/1281
f 4926/1212/1282 4906/1364/1281 4927/1211/1280
f 4926/1212/1282 4925/1213/1283 4906/1364/1281
f 4908/1365/1284 4906/1364/1281 4925/1213/1283
f 4908/1365/1284 4925/1213/1283 4910/1214/1285
f 4924/1366/1286 4916/1367/1287 4923/1368/1288
f 4918/1369/1289 4923/1368/1288 4916/1367/1287
f 4923/1368/1288 4918/1369/1289 4922/1370/1290
f 4921/1371/1291 4922/1370/1290 4918/1369/1289
f 4921/1371/1291 4918/1369/1289 4920/1219/1292
f 4919/1218/1293 4920/1219/1292 4918/1369/1289
f 4919/1218/1293 4918/1369/1289 4917/1217/1294
f 4916/1367/1287 4917/1217/1294 4918/1369/1289
f 4917/1217/1294 4916/1367/1287 4914/1216/1295
f 4914/1216/1295 4916/1367/1287 4915/1372/1296
f 4915/1372/1296 4912/1373/1297 4914/1216/1295
f 4913/1215/1298 4914/1216/1295 4912/1373/1297
f 4913/1215/1298 4912/1373/1297 4910/1214/1285
f 4911/1374/1299 4910/1214/1285 4912/1373/1297
f 4911/1374/1299 4909/1375/1300 4910/1214/1285
f 4908/1365/1284 4910/1214/1285 4909/1375/1300
f 4908/1365/1284 4909/1375/1300 4907/1376/1301
f 4908/1365/1284 4907/1376/1301 4906/1364/1281
f 4903/1377/1302 4906/1364/1281 4907/1376/1301
f 4906/1364/1281 4903/1377/1302 4904/1363/1279
f 4905/1378/1303 4904/1363/1279 4903/1377/1302
f 4899/1367/1304 4902/1366/1305 4901/1379/1304
f 4901/1379/1304 4900/1372/1306 4899/1367/1304
f 4898/1198/1307 4896/1196/1308 4897/1380/1309
f 4894/1381/1310 4897/1380/1309 4896/1196/1308
f 4896/1196/1308 4893/1362/1311 4894/1381/1310
f 4895/1382/1312 4894/1381/1310 4893/1362/1311
f 4892/1383/1313 4886/1384/1314 4889/1385/1315
f 4886/1384/1314 4887/1386/1316 4889/1385/1315
f 4887/1386/1316 4891/1387/1317 4889/1385/1315
f 4891/1387/1317 4890/1388/1318 4889/1385/1315
f 4888/1389/1319 4887/1386/1316 4886/1384/1314
f 4885/1194/1320 4884/1390/1321 4877/1192/1322
f 4879/1391/1323 4877/1192/1322 4884/1390/1321
f 4884/1390/1321 4883/1392/1324 4879/1391/1323
f 4882/1393/1325 4879/1391/1323 4883/1392/1324
f 4882/1393/1325 4881/1394/1326 4879/1391/1323
f 4880/1395/1327 4879/1391/1323 4881/1394/1326
f 4880/1395/1327 4878/1396/1328 4879/1391/1323
f 4877/1192/1322 4879/1391/1323 4878/1396/1328
f 4878/1396/1328 4875/1397/1329 4877/1192/1322
f 4875/1397/1329 4876/1195/1330 4877/1192/1322
f 4876/1195/1330 4875/1397/1329 4872/1398/1331
f 4874/1399/1332 4872/1398/1331 4875/1397/1329
f 4874/1399/1332 4871/1209/1333 4872/1398/1331
f 4873/1210/1334 4872/1398/1331 4871/1209/1333
f 4870/1206/1335 4869/1207/1336 4868/1400/1337
f 4869/1207/1336 4867/1208/1338 4868/1400/1337
f 4866/1208/1339 4868/1400/1337 4867/1208/1338
f 4867/1208/1338 4865/1209/1340 4866/1208/1339
f 4864/1209/1341 4866/1208/1339 4865/1209/1340
f 4865/1209/1340 4863/1399/1342 4864/1209/1341
f 4862/1399/1343 4864/1209/1341 4863/1399/1342
f 4863/1399/1342 4861/1397/1344 4862/1399/1343
f 4860/1397/1345 4862/1399/1343 4861/1397/1344
f 4861/1397/1344 4859/1396/1346 4860/1397/1345
f 4858/1396/1347 4860/1397/1345 4859/1396/1346
f 4859/1396/1346 4856/1395/1348 4858/1396/1347
f 4857/1401/1349 4858/1396/1347 4856/1395/1348
f 4857/1401/1349 4856/1395/1348 4855/1394/1350
f 4854/1402/1351 4852/1403/1352 4853/1404/1353
f 4851/1405/1354 4853/1404/1353 4852/1403/1352
f 4852/1403/1352 4850/1406/1355 4851/1405/1354
f 4849/1407/1356 4851/1405/1354 4850/1406/1355
f 4850/1406/1355 4848/1408/1357 4849/1407/1356
f 4847/1409/1358 4849/1407/1356 4848/1408/1357
f 4848/1408/1357 4846/1410/1359 4847/1409/1358
f 4845/1411/1360 4847/1409/1358 4846/1410/1359
f 4846/1410/1359 4844/1412/1361 4845/1411/1360
f 4843/1413/1362 4845/1411/1360 4844/1412/1361
f 4844/1412/1361 4842/1414/1363 4843/1413/1362
f 4841/1415/1364 4843/1413/1362 4842/1414/1363
f 4842/1414/1363 4840/1416/1365 4841/1415/1364
f 4839/1417/1366 4841/1415/1364 4840/1416/1365
f 4840/1416/1365 4838/1418/1367 4839/1417/1366
f 4837/1419/1368 4839/1417/1366 4838/1418/1367
f 4838/1418/1367 4833/1420/1369 4837/1419/1368
f 4836/1421/1370 4837/1419/1368 4833/1420/1369
f 4836/1421/1370 4833/1420/1369 4834/1422/1371
f 4835/1423/1372 4834/1422/1371 4833/1420/1369
f 4832/1424/832 4829/1424/832 4830/1425/832
f 4831/1425/832 4830/1425/832 4829/1424/832
f 4828/1426/1028 4825/1426/1028 4826/1424/1028
f 4827/1424/1028 4826/1424/1028 4825/1426/1028
f 4824/1427/831 4821/1427/831 4822/1426/831
f 4823/1426/831 4822/1426/831 4821/1427/831
f 4820/1425/579 4817/1425/579 4818/1427/579
f 4819/1427/579 4818/1427/579 4817/1425/579
f 4816/1428/727 4813/1429/727 4814/1430/727
f 4815/1431/727 4814/1430/727 4813/1429/727
f 4812/1432/1373 4809/1433/1373 4810/1434/725
f 4811/1435/725 4810/1434/725 4809/1433/1373
f 4808/1436/832 4805/1437/832 4806/1438/832
f 4807/1439/832 4806/1438/832 4805/1437/832
f 4804/1429/1028 4801/1433/1028 4802/1431/1028
f 4803/1432/1028 4802/1431/1028 4801/1433/1028
f 4800/1440/727 4797/1441/727 4798/1442/727
f 4799/1443/727 4798/1442/727 4797/1441/727
f 4796/1444/898 4793/1445/898 4794/1446/898
f 4795/1447/898 4794/1446/898 4793/1445/898
f 4792/1441/1028 4789/1445/1028 4790/1443/1028
f 4791/1444/1028 4790/1443/1028 4789/1445/1028
f 4788/1448/831 4785/1449/831 4786/1450/831
f 4787/1451/831 4786/1450/831 4785/1449/831
f 4784/1452/579 4781/1453/579 4782/1454/579
f 4783/1455/579 4782/1454/579 4781/1453/579
f 4780/1456/831 4777/1457/831 4778/1458/831
f 4779/1459/831 4778/1458/831 4777/1457/831
f 4776/1460/832 4773/1461/832 4774/1462/832
f 4775/1463/832 4774/1462/832 4773/1461/832
f 4772/1464/727 4771/1465/727 4767/1466/727
f 4771/1465/727 4770/1467/727 4767/1466/727
f 4770/1467/727 4769/1468/727 4767/1466/727
f 4769/1468/727 4768/1469/727 4767/1466/727
f 4766/1465/725 4761/1470/725 4764/1471/725
f 4761/1470/725 4762/1469/725 4764/1471/725
f 4762/1469/725 4765/1472/725 4764/1471/725
f 4763/1473/725 4762/1469/725 4761/1470/725
f 4760/1471/832 4758/1472/1374 4759/1474/832
f 4757/1475/1375 4759/1474/832 4758/1472/1374
f 4758/1472/1374 4756/1469/1376 4757/1475/1375
f 4755/1476/1377 4757/1475/1375 4756/1469/1376
f 4756/1469/1376 4754/1473/1378 4755/1476/1377
f 4753/1477/1379 4755/1476/1377 4754/1473/1378
f 4754/1473/1378 4752/1470/1380 4753/1477/1379
f 4750/1478/1381 4753/1477/1379 4752/1470/1380
f 4752/1470/1380 4749/1465/831 4750/1478/1381
f 4751/1479/831 4750/1478/1381 4749/1465/831
f 4748/1480/579 4743/1481/1382 4747/1482/579
f 4746/1483/1382 4747/1482/579 4743/1481/1382
f 4746/1483/1382 4743/1481/1382 4744/1484/1383
f 4745/1485/1383 4744/1484/1383 4743/1481/1382
f 4742/1190/1028 4739/1188/1028 4740/1184/1028
f 4741/1182/1028 4740/1184/1028 4739/1188/1028
f 4738/1486/725 4735/1487/725 4736/1488/725
f 4737/1489/725 4736/1488/725 4735/1487/725
f 4734/1486/832 4731/1486/832 4732/1488/832
f 4733/1488/832 4732/1488/832 4731/1486/832
f 4730/1487/1028 4727/1487/1028 4728/1486/1028
f 4729/1486/1028 4728/1486/1028 4727/1487/1028
f 4726/1489/831 4723/1489/831 4724/1487/831
f 4725/1487/831 4724/1487/831 4723/1489/831
f 4722/1488/579 4719/1488/579 4720/1489/579
f 4721/1489/579 4720/1489/579 4719/1488/579
f 4718/1490/725 4715/1491/725 4716/1492/725
f 4717/1493/725 4716/1492/725 4715/1491/725
f 4714/1490/832 4711/1490/832 4712/1492/832
f 4713/1492/832 4712/1492/832 4711/1490/832
f 4710/1491/1028 4707/1491/1028 4708/1490/1028
f 4709/1490/1028 4708/1490/1028 4707/1491/1028
f 4706/1493/831 4703/1493/831 4704/1491/831
f 4705/1491/831 4704/1491/831 4703/1493/831
f 4702/1492/579 4699/1492/579 4700/1493/579
f 4701/1493/579 4700/1493/579 4699/1492/579
f 4698/1494/725 4695/1495/725 4696/1496/725
f 4697/1497/725 4696/1496/725 4695/1495/725
f 4694/1494/832 4691/1494/832 4692/1496/832
f 4693/1496/832 4692/1496/832 4691/1494/832
f 4690/1495/1028 4687/1495/1028 4688/1494/1028
f 4689/1494/1028 4688/1494/1028 4687/1495/1028
f 4686/1497/831 4683/1497/831 4684/1495/831
f 4685/1495/831 4684/1495/831 4683/1497/831
f 4682/1496/579 4679/1496/579 4680/1497/579
f 4681/1497/579 4680/1497/579 4679/1496/579
f 4678/1498/725 4675/1499/725 4676/1500/725
f 4677/1501/725 4676/1500/725 4675/1499/725
f 4674/1498/832 4671/1498/832 4672/1500/832
f 4673/1500/832 4672/1500/832 4671/1498/832
f 4670/1499/1028 4667/1499/1028 4668/1498/1028
f 4669/1498/1028 4668/1498/1028 4667/1499/1028
f 4666/1501/831 4663/1501/831 4664/1499/831
f 4665/1499/831 4664/1499/831 4663/1501/831
f 4662/1500/579 4659/1500/579 4660/1501/579
f 4661/1501/579 4660/1501/579 4659/1500/579
f 4658/1502/727 4657/1503/727 4653/1504/727
f 4657/1503/727 4656/1505/727 4653/1504/727
f 4656/1505/727 4655/1506/727 4653/1504/727
f 4655/1506/727 4654/1507/727 4653/1504/727
f 4652/1508/725 4647/1509/725 4650/1510/725
f 4647/1509/725 4648/1511/725 4650/1510/725
f 4648/1511/725 4651/1512/725 4650/1510/725
f 4649/1513/725 4648/1511/725 4647/1509/725
f 4646/1514/832 4644/1515/1384 4645/1505/832
f 4643/1506/1375 4645/1505/832 4644/1515/1384
f 4644/1515/1384 4642/1516/1385 4643/1506/1375
f 4641/1507/1386 4643/1506/1375 4642/1516/1385
f 4642/1516/1385 4640/1517/1378 4641/1507/1386
f 4639/1504/1387 4641/1507/1386 4640/1517/1378
f 4640/1517/1378 4638/1518/1380 4639/1504/1387
f 4636/1502/1388 4639/1504/1387 4638/1518/1380
f 4638/1518/1380 4635/1519/831 4636/1502/1388
f 4637/1503/831 4636/1502/1388 4635/1519/831
f 4634/1465/725 4630/1471/725 4632/1470/725
f 4632/1470/725 4630/1471/725 4631/1469/725
f 4633/1473/725 4632/1470/725 4631/1469/725
f 4631/1469/725 4630/1471/725 4629/1472/725
f 4628/1479/832 4618/1465/832 4627/1478/832
f 4625/1475/1389 4626/1472/1390 4616/1474/831
f 4626/1472/1390 4625/1475/1389 4624/1469/1387
f 4623/1476/1378 4624/1469/1387 4625/1475/1389
f 4624/1469/1387 4623/1476/1378 4622/1473/1391
f 4621/1477/1376 4622/1473/1391 4623/1476/1378
f 4622/1473/1391 4621/1477/1376 4620/1470/1392
f 4619/1478/1393 4620/1470/1392 4621/1477/1376
f 4620/1470/1392 4619/1478/1393 4618/1465/832
f 4617/1471/831 4616/1474/831 4615/1472/831
f 4614/1508/725 4610/1510/725 4612/1509/725
f 4612/1509/725 4610/1510/725 4611/1511/725
f 4613/1513/725 4612/1509/725 4611/1511/725
f 4611/1511/725 4610/1510/725 4609/1512/725
f 4608/1503/832 4598/1519/832 4607/1502/832
f 4605/1506/1389 4606/1515/1394 4596/1505/831
f 4606/1515/1394 4605/1506/1389 4604/1516/1387
f 4603/1507/1378 4604/1516/1387 4605/1506/1389
f 4604/1516/1387 4603/1507/1378 4602/1517/1391
f 4601/1504/1376 4602/1517/1391 4603/1507/1378
f 4602/1517/1391 4601/1504/1376 4600/1518/1395
f 4599/1502/1396 4600/1518/1395 4601/1504/1376
f 4600/1518/1395 4599/1502/1396 4598/1519/832
f 4597/1514/831 4596/1505/831 4595/1515/831
f 4594/1520/1397 4589/1521/1398 4592/1522/1399
f 4589/1521/1398 4590/1523/1400 4592/1522/1399
f 4590/1523/1400 4593/1524/1401 4592/1522/1399
f 4591/1525/1402 4590/1523/1400 4589/1521/1398
f 4588/1526/1403 4583/1527/1404 4586/1528/1405
f 4583/1527/1404 4584/1529/1406 4586/1528/1405
f 4584/1529/1406 4587/1530/1407 4586/1528/1405
f 4585/1531/1408 4584/1529/1406 4583/1527/1404
f 4582/1532/1409 4577/1533/1410 4580/1534/1411
f 4577/1533/1410 4578/1535/1412 4580/1534/1411
f 4578/1535/1412 4581/1536/1413 4580/1534/1411
f 4579/1537/1414 4578/1535/1412 4577/1533/1410
f 4576/1538/1415 4571/1539/1416 4574/1540/1417
f 4571/1539/1416 4572/1541/1418 4574/1540/1417
f 4572/1541/1418 4575/1542/1419 4574/1540/1417
f 4573/1543/1420 4572/1541/1418 4571/1539/1416
f 4570/1544/1421 4565/1545/1422 4568/1546/1423
f 4565/1545/1422 4566/1547/1424 4568/1546/1423
f 4566/1547/1424 4569/1548/1425 4568/1546/1423
f 4567/1549/1426 4566/1547/1424 4565/1545/1422
f 4564/1550/1427 4559/1551/1428 4562/1552/1429
f 4559/1551/1428 4560/1553/1430 4562/1552/1429
f 4560/1553/1430 4563/1554/1431 4562/1552/1429
f 4561/1555/1432 4560/1553/1430 4559/1551/1428
f 4558/1556/1433 4553/1557/1434 4556/1558/1435
f 4553/1557/1434 4554/1559/1436 4556/1558/1435
f 4554/1559/1436 4557/1560/1437 4556/1558/1435
f 4555/1561/1438 4554/1559/1436 4553/1557/1434
f 4552/1562/1439 4547/1563/1440 4550/1564/1441
f 4547/1563/1440 4548/1565/1442 4550/1564/1441
f 4548/1565/1442 4551/1566/1443 4550/1564/1441
f 4549/1567/1444 4548/1565/1442 4547/1563/1440
f 4546/1568/1445 4541/1569/1446 4544/1570/1447
f 4541/1569/1446 4542/1571/1448 4544/1570/1447
f 4542/1571/1448 4545/1572/1449 4544/1570/1447
f 4543/1573/1450 4542/1571/1448 4541/1569/1446
f 4540/1574/1451 4535/1575/1452 4538/1576/1453
f 4535/1575/1452 4536/1577/1454 4538/1576/1453
f 4536/1577/1454 4539/1578/1455 4538/1576/1453
f 4537/1579/1456 4536/1577/1454 4535/1575/1452
f 4534/1580/1457 4529/1581/1458 4532/1582/1459
f 4529/1581/1458 4530/1583/1460 4532/1582/1459
f 4530/1583/1460 4533/1584/1461 4532/1582/1459
f 4531/1585/1462 4530/1583/1460 4529/1581/1458
f 4528/1586/1463 4523/1587/1464 4526/1588/1465
f 4523/1587/1464 4524/1589/1466 4526/1588/1465
f 4524/1589/1466 4527/1590/1467 4526/1588/1465
f 4525/1591/1468 4524/1589/1466 4523/1587/1464
f 4515/1592/1469 4499/1593/1470 4522/1594/1471
f 4500/1595/1472 4522/1594/1471 4499/1593/1470
f 4522/1594/1471 4500/1595/1472 4521/1592/1473
f 4502/1593/1474 4521/1592/1473 4500/1595/1472
f 4521/1592/1473 4502/1593/1474 4520/1596/1475
f 4504/1597/1476 4520/1596/1475 4502/1593/1474
f 4520/1596/1475 4504/1597/1476 4519/1598/1477
f 4506/1599/1478 4519/1598/1477 4504/1597/1476
f 4519/1598/1477 4506/1599/1478 4518/1600/1479
f 4508/1601/1480 4518/1600/1479 4506/1599/1478
f 4518/1600/1479 4508/1601/1480 4517/1598/1481
f 4510/1599/1482 4517/1598/1481 4508/1601/1480
f 4517/1598/1481 4510/1599/1482 4516/1596/1483
f 4512/1597/1484 4516/1596/1483 4510/1599/1482
f 4516/1596/1483 4512/1597/1484 4515/1592/1469
f 4499/1593/1470 4515/1592/1469 4512/1597/1484
f 4499/1593/1470 4512/1597/1484 4513/1602/1485
f 4513/1602/1485 4498/1603/1486 4499/1593/1470
f 4498/1603/1486 4513/1602/1485 4514/1604/1487
f 4501/1602/1488 4498/1603/1486 4514/1604/1487
f 4503/1605/1489 4501/1602/1488 4514/1604/1487
f 4505/1606/1490 4503/1605/1489 4514/1604/1487
f 4507/1607/1491 4505/1606/1490 4514/1604/1487
f 4509/1606/1492 4507/1607/1491 4514/1604/1487
f 4511/1605/1493 4509/1606/1492 4514/1604/1487
f 4513/1602/1485 4511/1605/1493 4514/1604/1487
f 4511/1605/1493 4513/1602/1485 4512/1597/1484
f 4512/1597/1484 4510/1599/1482 4511/1605/1493
f 4509/1606/1492 4511/1605/1493 4510/1599/1482
f 4510/1599/1482 4508/1601/1480 4509/1606/1492
f 4507/1607/1491 4509/1606/1492 4508/1601/1480
f 4508/1601/1480 4506/1599/1478 4507/1607/1491
f 4505/1606/1490 4507/1607/1491 4506/1599/1478
f 4506/1599/1478 4504/1597/1476 4505/1606/1490
f 4503/1605/1489 4505/1606/1490 4504/1597/1476
f 4504/1597/1476 4502/1593/1474 4503/1605/1489
f 4501/1602/1488 4503/1605/1489 4502/1593/1474
f 4502/1593/1474 4500/1595/1472 4501/1602/1488
f 4498/1603/1486 4501/1602/1488 4500/1595/1472
f 4500/1595/1472 4499/1593/1470 4498/1603/1486
f 4497/1608/1494 4494/1175/1495 4495/1609/1495
f 4496/1174/1496 4495/1609/1495 4494/1175/1495
f 4493/1610/1497 4490/1176/1498 4491/1608/1499
f 4492/1175/1500 4491/1608/1499 4490/1176/1498
f 4489/1610/1501 4486/1176/1501 4487/1610/1501
f 4488/1176/1501 4487/1610/1501 4486/1176/1501
f 4485/1608/1502 4482/1175/1503 4483/1610/1504
f 4484/1176/1505 4483/1610/1504 4482/1175/1503
f 4481/1609/1506 4478/1174/1507 4479/1608/1507
f 4480/1175/1508 4479/1608/1507 4478/1174/1507
f 4477/1348/725 4474/1349/725 4475/1350/725
f 4476/1351/725 4475/1350/725 4474/1349/725
f 4473/1349/1509 4470/1352/1510 4471/1353/1511
f 4472/1354/1512 4471/1353/1511 4470/1352/1510
f 4469/1355/1513 4466/1356/1514 4467/1348/1515
f 4468/1357/1516 4467/1348/1515 4466/1356/1514
f 4465/1348/1517 4462/1357/1518 4463/1349/1519
f 4464/1352/1520 4463/1349/1519 4462/1357/1518
f 4461/1351/1521 4458/1358/1522 4459/1350/1523
f 4460/1359/1524 4459/1350/1523 4458/1358/1522
f 4457/1348/725 4454/1349/725 4455/1350/725
f 4456/1351/725 4455/1350/725 4454/1349/725
f 4453/1349/1525 4450/1352/1526 4451/1353/1526
f 4452/1354/1527 4451/1353/1526 4450/1352/1526
f 4449/1355/1528 4446/1356/1529 4447/1348/1530
f 4448/1357/1531 4447/1348/1530 4446/1356/1529
f 4445/1348/1532 4442/1357/1532 4443/1349/1532
f 4444/1352/1532 4443/1349/1532 4442/1357/1532
f 4441/1351/1533 4438/1358/1533 4439/1350/1533
f 4440/1359/1533 4439/1350/1533 4438/1358/1533
f 4437/1611/1534 4434/1132/1535 4435/1129/1536
f 4436/1130/1537 4435/1129/1536 4434/1132/1535
f 4433/1131/1538 4430/1128/1538 4431/1130/1538
f 4432/1129/1538 4431/1130/1538 4430/1128/1538
f 4429/1133/1539 4426/1612/1540 4427/1131/1541
f 4428/1128/1542 4427/1131/1541 4426/1612/1540
f 4425/1131/1543 4422/1128/1544 4423/1133/1545
f 4424/1612/1546 4423/1133/1545 4422/1128/1544
f 4421/1130/1547 4418/1129/1547 4419/1131/1547
f 4420/1128/1547 4419/1131/1547 4418/1129/1547
f 4417/1132/1548 4414/1611/1549 4415/1130/1550
f 4416/1129/1551 4415/1130/1550 4414/1611/1549
f 4413/1613/1552 4410/1614/1553 4411/1245/1554
f 4412/1246/1555 4411/1245/1554 4410/1614/1553
f 4409/1615/1556 4407/1616/1556 4408/1617/1556
f 4405/1618/1557 4406/1617/1558 4407/1616/1556
f 4406/1617/1558 4405/1618/1557 4404/1619/1559
f 4403/1620/1560 4404/1619/1559 4405/1618/1557
f 4404/1619/1559 4403/1620/1560 4402/1621/1561
f 4401/1622/1562 4402/1621/1561 4403/1620/1560
f 4402/1621/1561 4401/1622/1562 4400/1623/1563
f 4397/1624/1564 4400/1623/1563 4401/1622/1562
f 4400/1623/1563 4397/1624/1564 4398/1625/1565
f 4399/1626/1566 4398/1625/1565 4397/1624/1564
f 4396/1616/1567 4394/1149/1567 4395/1618/1567
f 4392/1142/1568 4393/1618/1569 4394/1149/1570
f 4393/1618/1569 4392/1142/1568 4391/1620/1571
f 4390/1144/1572 4391/1620/1571 4392/1142/1568
f 4391/1620/1571 4390/1144/1572 4389/1622/1573
f 4388/1146/1574 4389/1622/1573 4390/1144/1572
f 4389/1622/1573 4388/1146/1574 4387/1624/1575
f 4384/1148/1576 4387/1624/1575 4388/1146/1574
f 4387/1624/1575 4384/1148/1576 4385/1626/1577
f 4386/1139/1578 4385/1626/1577 4384/1148/1576
f 4383/1627/727 4380/1628/727 4381/1629/727
f 4382/1630/727 4381/1629/727 4380/1628/727
f 4379/1628/725 4376/1630/725 4377/1627/725
f 4378/1629/725 4377/1627/725 4376/1630/725
f 4375/1631/1579 4372/1632/1579 4373/1633/1579
f 4374/1634/1579 4373/1633/1579 4372/1632/1579
f 4371/1630/1580 4368/1629/1580 4369/1628/1580
f 4370/1627/1580 4369/1628/1580 4368/1629/1580
f 4367/1631/1581 4364/1632/1581 4365/1633/1581
f 4366/1634/1581 4365/1633/1581 4364/1632/1581
f 4363/1635/1582 4360/1636/1582 4361/1637/1582
f 4362/1638/1582 4361/1637/1582 4360/1636/1582
f 4359/1386/1583 4356/1387/1583 4357/1386/1584
f 4358/1387/1585 4357/1386/1584 4356/1387/1583
f 4355/1387/1586 4352/1388/1587 4353/1387/1588
f 4354/1388/1589 4353/1387/1588 4352/1388/1587
f 4351/1388/1590 4348/1385/1590 4349/1388/1590
f 4350/1385/1590 4349/1388/1590 4348/1385/1590
f 4347/1385/1591 4344/1383/1591 4345/1385/1592
f 4346/1383/1593 4345/1385/1592 4344/1383/1591
f 4343/1383/1594 4340/1384/1595 4341/1383/1596
f 4342/1384/1597 4341/1383/1596 4340/1384/1595
f 4339/1384/727 4336/1389/727 4337/1384/727
f 4338/1389/727 4337/1384/727 4336/1389/727
f 4335/1389/1598 4332/1386/1599 4333/1389/1598
f 4334/1386/1600 4333/1389/1598 4332/1386/1599
f 4328/1639/1601 4331/1640/1601 4330/1641/1601
f 4330/1641/1601 4329/1642/1601 4328/1639/1601
f 4324/1642/1602 4327/1641/1603 4326/1643/1604
f 4326/1643/1604 4325/1644/1605 4324/1642/1602
f 4320/1644/1606 4323/1643/1607 4322/1645/1606
f 4322/1645/1606 4321/1646/1608 4320/1644/1606
f 4316/1646/1609 4319/1645/1609 4318/1647/1609
f 4318/1647/1609 4317/1648/1609 4316/1646/1609
f 4312/1648/1610 4315/1647/1610 4314/1649/1610
f 4314/1649/1610 4313/1650/1610 4312/1648/1610
f 4311/1651/1611 4309/1652/1612 4306/1653/1613
f 4309/1652/1612 4310/1654/1614 4308/1655/1612
f 4309/1652/1612 4308/1655/1612 4306/1653/1613
f 4308/1655/1612 4307/1656/1615 4306/1653/1613
f 4305/1657/831 4302/1658/831 4303/1659/831
f 4304/1660/831 4303/1659/831 4302/1658/831
f 4301/1661/832 4298/1662/832 4299/1663/832
f 4300/1664/832 4299/1663/832 4298/1662/832
f 4297/1659/1616 4294/1662/1616 4295/1665/1616
f 4296/1666/1616 4295/1665/1616 4294/1662/1616
f 4293/1660/1617 4290/1664/1617 4291/1659/1617
f 4292/1662/1617 4291/1659/1617 4290/1664/1617
f 4289/1667/727 4286/1668/727 4287/1669/727
f 4288/1670/727 4287/1669/727 4286/1668/727
f 4285/1671/725 4282/1672/725 4283/1673/725
f 4284/1674/725 4283/1673/725 4282/1672/725
f 4281/1675/832 4278/1671/832 4279/1676/832
f 4280/1673/832 4279/1676/832 4278/1671/832
f 4277/1677/1028 4274/1672/1028 4275/1678/1028
f 4276/1671/1028 4275/1678/1028 4274/1672/1028
f 4273/1679/831 4270/1674/831 4271/1680/831
f 4272/1672/831 4271/1680/831 4270/1674/831
f 4269/1681/1618 4266/1682/1618 4267/1683/1618
f 4268/1684/1618 4267/1683/1618 4266/1682/1618
f 4265/1685/725 4262/1686/725 4263/1681/725
f 4264/1682/725 4263/1681/725 4262/1686/725
f 4261/1687/1619 4258/1688/1619 4259/1685/1619
f 4260/1686/1619 4259/1685/1619 4258/1688/1619
f 4257/1685/1620 4254/1686/1620 4255/1687/1620
f 4256/1688/1620 4255/1687/1620 4254/1686/1620
f 4253/1681/727 4250/1682/727 4251/1685/727
f 4252/1686/727 4251/1685/727 4250/1682/727
f 4249/1683/1621 4246/1684/1621 4247/1681/1621
f 4248/1682/1621 4247/1681/1621 4246/1684/1621
f 4245/1689/579 4242/1690/1622 4243/1691/1623
f 4244/1692/1624 4243/1691/1623 4242/1690/1622
f 4241/1693/1625 4238/1691/1626 4239/1694/1627
f 4240/1692/1628 4239/1694/1627 4238/1691/1626
f 4237/1695/1629 4234/1696/1630 4235/1689/1631
f 4236/1690/1632 4235/1689/1631 4234/1696/1630
f 4233/1111/725 4230/1109/725 4231/1106/725
f 4232/1108/725 4231/1106/725 4230/1109/725
f 4229/1697/1633 4227/1698/1634 4228/1697/1633
f 4226/1698/1635 4228/1697/1633 4227/1698/1634
f 4227/1698/1634 4225/1699/1636 4226/1698/1635
f 4223/1699/1637 4226/1698/1635 4225/1699/1636
f 4225/1699/1636 4222/1700/1638 4223/1699/1637
f 4224/1700/1638 4223/1699/1637 4222/1700/1638
f 4219/1701/1639 4220/1701/1640 4221/1702/1641
f 4220/1701/1640 4219/1701/1639 4206/1703/1642
f 4218/1703/1643 4206/1703/1642 4219/1701/1639
f 4206/1703/1642 4218/1703/1643 4208/1704/1644
f 4217/1704/1645 4208/1704/1644 4218/1703/1643
f 4217/1704/1645 4216/1104/1646 4208/1704/1644
f 4210/1104/1647 4208/1704/1644 4216/1104/1646
f 4216/1104/1646 4215/1705/1648 4210/1104/1647
f 4214/1705/1649 4210/1104/1647 4215/1705/1648
f 4215/1705/1648 4213/1706/1650 4214/1705/1649
f 4211/1706/1651 4214/1705/1649 4213/1706/1650
f 4213/1706/1650 4212/1707/1652 4211/1706/1651
f 4210/1104/1647 4209/1103/1653 4208/1704/1644
f 4205/1708/1654 4208/1704/1644 4209/1103/1653
f 4208/1704/1644 4205/1708/1654 4206/1703/1642
f 4207/1709/1655 4206/1703/1642 4205/1708/1654
f 4204/1710/1656 4202/1711/1657 4203/1710/1656
f 4201/1711/1658 4203/1710/1656 4202/1711/1657
f 4202/1711/1657 4200/1712/1659 4201/1711/1658
f 4198/1712/1660 4201/1711/1658 4200/1712/1659
f 4200/1712/1659 4197/1713/1661 4198/1712/1660
f 4199/1713/1661 4198/1712/1660 4197/1713/1661
f 4196/1714/1662 4191/1715/1663 4194/1716/1664
f 4191/1715/1663 4192/1717/1665 4194/1716/1664
f 4192/1717/1665 4195/1718/1666 4194/1716/1664
f 4193/1719/1667 4192/1717/1665 4191/1715/1663
f 4190/1720/1668 4185/1721/1669 4188/1722/1670
f 4185/1721/1669 4186/1723/1671 4188/1722/1670
f 4186/1723/1671 4189/1724/1672 4188/1722/1670
f 4187/1725/1673 4186/1723/1671 4185/1721/1669
f 4184/1726/1674 4179/1727/1675 4183/1727/1676
f 4179/1727/1675 4180/1728/1677 4183/1727/1676
f 4183/1727/1676 4180/1728/1677 4182/1729/727
f 4181/1729/1678 4180/1728/1677 4179/1727/1675
f 4178/1730/725 4173/1731/725 4177/1732/725
f 4173/1731/725 4174/1731/725 4177/1732/725
f 4177/1732/725 4174/1731/725 4176/1730/725
f 4175/1733/725 4174/1731/725 4173/1731/725
f 4172/1702/1679 4170/1734/1680 4171/1734/1681
f 4171/1734/1681 4170/1734/1680 4169/1735/1682
f 4168/1735/1683 4169/1735/1682 4170/1734/1680
f 4169/1735/1682 4168/1735/1683 4166/1736/1684
f 4167/1736/1685 4166/1736/1684 4168/1735/1683
f 4167/1736/1685 4165/1737/1686 4166/1736/1684
f 4164/1737/1687 4166/1736/1684 4165/1737/1686
f 4165/1737/1686 4163/1707/1688 4164/1737/1687
f 4161/1707/1689 4164/1737/1687 4163/1707/1688
f 4163/1707/1688 4162/1706/1690 4161/1707/1689
f 4160/1738/579 4157/1739/579 4159/1740/1691
f 4157/1739/579 4158/1741/1692 4159/1740/1691
f 4156/1695/579 4158/1741/1692 4157/1739/579
f 4153/1742/579 4156/1695/579 4157/1739/579
f 4154/1696/579 4156/1695/579 4153/1742/579
f 4155/1743/579 4154/1696/579 4153/1742/579
f 4152/1702/1693 4151/1734/1694 4147/1701/1373
f 4151/1734/1694 4150/1735/725 4147/1701/1373
f 4150/1735/725 4149/1736/725 4147/1701/1373
f 4149/1736/725 4148/1737/725 4147/1701/1373
f 4148/1737/725 4141/1707/725 4147/1701/1373
f 4141/1707/725 4146/1703/725 4147/1701/1373
f 4145/1704/725 4146/1703/725 4141/1707/725
f 4144/1104/725 4145/1704/725 4141/1707/725
f 4142/1705/725 4144/1104/725 4141/1707/725
f 4143/1706/725 4142/1705/725 4141/1707/725
f 4140/1703/1695 4139/1709/1696 4138/1744/1697
f 4137/1745/1698 4138/1744/1697 4139/1709/1696
f 4138/1744/1697 4137/1745/1698 4136/1746/1699
f 4133/1747/1700 4136/1746/1699 4137/1745/1698
f 4136/1746/1699 4133/1747/1700 4134/1748/1701
f 4135/1749/1702 4134/1748/1701 4133/1747/1700
f 4132/1270/725 4101/1271/725 4102/1750/725
f 4102/1750/725 4130/1751/725 4132/1270/725
f 4131/1269/725 4132/1270/725 4130/1751/725
f 4131/1269/725 4130/1751/725 4129/1268/725
f 4128/1752/725 4129/1268/725 4130/1751/725
f 4129/1268/725 4128/1752/725 4127/1267/725
f 4126/1753/725 4127/1267/725 4128/1752/725
f 4127/1267/725 4126/1753/725 4125/1266/725
f 4124/1754/725 4125/1266/725 4126/1753/725
f 4125/1266/725 4124/1754/725 4123/1265/725
f 4122/1755/725 4123/1265/725 4124/1754/725
f 4123/1265/725 4122/1755/725 4121/1264/725
f 4120/1756/725 4121/1264/725 4122/1755/725
f 4121/1264/725 4120/1756/725 4119/1263/725
f 4118/1757/725 4119/1263/725 4120/1756/725
f 4119/1263/725 4118/1757/725 4117/1262/725
f 4116/1758/725 4117/1262/725 4118/1757/725
f 4117/1262/725 4116/1758/725 4115/1261/725
f 4114/1759/725 4115/1261/725 4116/1758/725
f 4115/1261/725 4114/1759/725 4113/1260/725
f 4112/1760/725 4113/1260/725 4114/1759/725
f 4113/1260/725 4112/1760/725 4111/1259/725
f 4110/1761/725 4111/1259/725 4112/1760/725
f 4111/1259/725 4110/1761/725 4109/1258/725
f 4108/1762/725 4109/1258/725 4110/1761/725
f 4109/1258/725 4108/1762/725 4107/1256/725
f 4106/1763/725 4107/1256/725 4108/1762/725
f 4107/1256/725 4106/1763/725 4104/1257/725
f 4105/1764/725 4104/1257/725 4106/1763/725
f 4105/1764/725 4103/1765/725 4104/1257/725
f 4101/1271/725 4104/1257/725 4103/1765/725
f 4103/1765/725 4102/1750/725 4101/1271/725
f 4100/1766/1703 4069/1767/1704 4070/1768/1705
f 4070/1768/1705 4098/1769/1706 4100/1766/1703
f 4099/1770/1707 4100/1766/1703 4098/1769/1706
f 4099/1770/1707 4098/1769/1706 4097/1771/1708
f 4096/1772/1709 4097/1771/1708 4098/1769/1706
f 4097/1771/1708 4096/1772/1709 4095/1773/1710
f 4094/1774/1711 4095/1773/1710 4096/1772/1709
f 4095/1773/1710 4094/1774/1711 4093/1775/1712
f 4092/1776/1158 4093/1775/1712 4094/1774/1711
f 4093/1775/1712 4092/1776/1158 4091/1777/1713
f 4090/1778/1714 4091/1777/1713 4092/1776/1158
f 4091/1777/1713 4090/1778/1714 4089/1779/1715
f 4088/1780/1716 4089/1779/1715 4090/1778/1714
f 4089/1779/1715 4088/1780/1716 4087/1777/1717
f 4086/1778/1718 4087/1777/1717 4088/1780/1716
f 4087/1777/1717 4086/1778/1718 4085/1775/1719
f 4084/1776/1720 4085/1775/1719 4086/1778/1718
f 4085/1775/1719 4084/1776/1720 4083/1773/1721
f 4082/1774/1722 4083/1773/1721 4084/1776/1720
f 4083/1773/1721 4082/1774/1722 4081/1771/1147
f 4080/1772/1723 4081/1771/1147 4082/1774/1722
f 4081/1771/1147 4080/1772/1723 4079/1781/1724
f 4078/1782/1725 4079/1781/1724 4080/1772/1723
f 4079/1781/1724 4078/1782/1725 4076/1783/1726
f 4077/1784/1727 4076/1783/1726 4078/1782/1725
f 4077/1784/1727 4075/1785/1728 4076/1783/1726
f 4074/1786/1729 4076/1783/1726 4075/1785/1728
f 4075/1785/1728 4073/1787/1730 4074/1786/1729
f 4072/1788/1731 4074/1786/1729 4073/1787/1730
f 4073/1787/1730 4071/1789/1732 4072/1788/1731
f 4069/1767/1704 4072/1788/1731 4071/1789/1732
f 4071/1789/1732 4070/1768/1705 4069/1767/1704
f 4068/1790/1733 4065/1791/1734 4066/1792/1735
f 4067/1793/1736 4066/1792/1735 4065/1791/1734
f 4064/1790/1737 4061/1791/1738 4062/1792/1733
f 4063/1793/1739 4062/1792/1733 4061/1791/1738
f 4060/1790/1740 4057/1791/1741 4058/1792/1742
f 4059/1793/1743 4058/1792/1742 4057/1791/1741
f 4056/1790/1744 4053/1791/1745 4054/1792/1746
f 4055/1793/1747 4054/1792/1746 4053/1791/1745
f 4052/1790/1748 4049/1791/1749 4050/1792/1750
f 4051/1793/1751 4050/1792/1750 4049/1791/1749
f 4048/1790/1752 4045/1791/1753 4046/1792/1748
f 4047/1793/1749 4046/1792/1748 4045/1791/1753
f 4044/1790/1754 4041/1791/1755 4042/1792/1756
f 4043/1793/1753 4042/1792/1756 4041/1791/1755
f 4040/1790/1757 4037/1791/1758 4038/1792/1759
f 4039/1793/1760 4038/1792/1759 4037/1791/1758
f 4036/1790/1761 4033/1791/1762 4034/1792/1757
f 4035/1793/1763 4034/1792/1757 4033/1791/1762
f 4032/1790/1764 4029/1791/1765 4030/1792/1766
f 4031/1793/1762 4030/1792/1766 4029/1791/1765
f 4028/1790/1767 4025/1791/1768 4026/1792/1769
f 4027/1793/1770 4026/1792/1769 4025/1791/1768
f 4024/1790/1771 4021/1791/1772 4022/1792/1773
f 4023/1793/1774 4022/1792/1773 4021/1791/1772
f 4020/1790/1775 4017/1791/1776 4018/1792/1777
f 4019/1793/1778 4018/1792/1777 4017/1791/1776
f 4016/1790/1779 4013/1791/1780 4014/1792/1775
f 4015/1793/1781 4014/1792/1775 4013/1791/1780
f 4012/1790/1782 4009/1791/1783 4010/1792/1784
f 4011/1793/1780 4010/1792/1784 4009/1791/1783
f 4008/1790/1735 4005/1791/1785 4006/1792/1786
f 4007/1793/1787 4006/1792/1786 4005/1791/1785
f 4004/1794/725 4001/1795/725 4002/1796/725
f 4003/1797/725 4002/1796/725 4001/1795/725
f 4000/1798/832 3997/1799/832 3998/1800/832
f 3999/1801/832 3998/1800/832 3997/1799/832
f 3996/1802/1028 3993/1803/1028 3994/1804/1028
f 3995/1805/1028 3994/1804/1028 3993/1803/1028
f 3992/1806/831 3989/1807/831 3990/1802/831
f 3991/1803/831 3990/1802/831 3989/1807/831
f 3988/1800/579 3985/1801/579 3986/1806/579
f 3987/1807/579 3986/1806/579 3985/1801/579
f 3984/1096/1788 3981/1794/1788 3982/1094/1788
f 3983/1796/1788 3982/1094/1788 3981/1794/1788
f 3980/1100/1789 3977/1795/1789 3978/1096/1789
f 3979/1794/1789 3978/1096/1789 3977/1795/1789
f 3976/1098/1790 3973/1797/1790 3974/1100/1790
f 3975/1795/1790 3974/1100/1790 3973/1797/1790
f 3972/1094/1791 3969/1796/1791 3970/1098/1791
f 3971/1797/1791 3970/1098/1791 3969/1796/1791
f 3968/1808/831 3965/1304/831 3966/1809/831
f 3967/1302/831 3966/1809/831 3965/1304/831
f 3964/1295/832 3961/1299/832 3962/1294/832
f 3963/1810/832 3962/1294/832 3961/1299/832
f 3960/1294/1792 3957/1809/1792 3958/1295/1792
f 3959/1302/1792 3958/1295/1792 3957/1809/1792
f 3956/1811/832 3953/1296/832 3954/1304/832
f 3955/1297/832 3954/1304/832 3953/1296/832
f 3952/1295/831 3949/1294/831 3950/1299/831
f 3951/1810/831 3950/1299/831 3949/1294/831
f 3948/1220/1793 3945/1093/1794 3946/1222/1794
f 3947/1812/1795 3946/1222/1794 3945/1093/1794
f 3944/1221/1796 3941/1092/1796 3942/1220/1796
f 3943/1093/1796 3942/1220/1796 3941/1092/1796
f 3940/1223/1797 3937/1813/1798 3938/1221/1798
f 3939/1092/1799 3938/1221/1798 3937/1813/1798
f 3936/1221/1800 3933/1814/1801 3934/1223/1802
f 3935/1813/1803 3934/1223/1802 3933/1814/1801
f 3932/1220/1804 3929/1815/1804 3930/1221/1804
f 3931/1814/1804 3930/1221/1804 3929/1815/1804
f 3928/1222/1805 3925/1812/1806 3926/1220/1807
f 3927/1815/1808 3926/1220/1807 3925/1812/1806
f 3924/1087/831 3923/1086/831 3921/1816/831
f 3923/1086/831 3922/1817/831 3921/1816/831
f 3920/1080/832 3919/1082/832 3917/1818/832
f 3919/1082/832 3918/1819/832 3917/1818/832
f 3916/1820/1809 3912/1054/1810 3915/1821/1811
f 3915/1821/1811 3912/1054/1810 3913/1044/1028
f 3914/1042/1028 3913/1044/1028 3912/1054/1810
f 3911/1822/1812 3910/1031/1813 3909/1823/1814
f 3908/1029/1815 3909/1823/1814 3910/1031/1813
f 3909/1823/1814 3908/1029/1815 3907/1824/1097
f 3906/1027/1816 3907/1824/1097 3908/1029/1815
f 3907/1824/1097 3906/1027/1816 3905/1825/1817
f 3904/1025/1818 3905/1825/1817 3906/1027/1816
f 3905/1825/1817 3904/1025/1818 3903/1826/1819
f 3902/1023/1820 3903/1826/1819 3904/1025/1818
f 3903/1826/1819 3902/1023/1820 3901/1827/1821
f 3900/1021/1822 3901/1827/1821 3902/1023/1820
f 3901/1827/1821 3900/1021/1822 3899/1828/1823
f 3898/1019/1824 3899/1828/1823 3900/1021/1822
f 3899/1828/1823 3898/1019/1824 3897/1829/1825
f 3894/1016/1826 3897/1829/1825 3898/1019/1824
f 3897/1829/1825 3894/1016/1826 3895/1830/1812
f 3896/1015/1813 3895/1830/1812 3894/1016/1826
f 3889/988/727 3893/989/727 3891/990/727
f 3892/991/727 3887/992/727 3891/990/727
f 3887/992/727 3885/985/727 3891/990/727
f 3885/985/727 3889/988/727 3891/990/727
f 3890/987/727 3889/988/727 3885/985/727
f 3888/993/727 3884/994/727 3887/992/727
f 3884/994/727 3885/985/727 3887/992/727
f 3886/986/727 3885/985/727 3884/994/727
f 3879/986/725 3883/994/725 3881/993/725
f 3882/992/725 3877/991/725 3881/993/725
f 3877/991/725 3875/987/725 3881/993/725
f 3875/987/725 3879/986/725 3881/993/725
f 3880/985/725 3879/986/725 3875/987/725
f 3878/990/725 3874/989/725 3877/991/725
f 3874/989/725 3875/987/725 3877/991/725
f 3876/988/725 3875/987/725 3874/989/725
f 3873/1831/1827 3871/1832/1828 3872/1833/1829
f 3870/1834/1830 3872/1833/1829 3871/1832/1828
f 3871/1832/1828 3869/1835/1831 3870/1834/1830
f 3867/1836/1832 3870/1834/1830 3869/1835/1831
f 3869/1835/1831 3866/1837/1833 3867/1836/1832
f 3868/1838/1834 3867/1836/1832 3866/1837/1833
f 3865/1839/1835 3864/1840/1836 3863/1841/1837
f 3862/1842/1838 3863/1841/1837 3864/1840/1836
f 3863/1841/1837 3862/1842/1838 3861/1843/1839
f 3849/1844/1840 3861/1843/1839 3862/1842/1838
f 3861/1843/1839 3849/1844/1840 3848/1845/1841
f 3861/1843/1839 3848/1845/1841 3860/1846/1842
f 3848/1845/1841 3841/1847/1843 3860/1846/1842
f 3859/1848/1844 3860/1846/1842 3841/1847/1843
f 3841/1847/1843 3838/1849/1845 3859/1848/1844
f 3858/1850/1846 3859/1848/1844 3838/1849/1845
f 3838/1849/1845 3839/1851/1847 3858/1850/1846
f 3857/1852/1848 3858/1850/1846 3839/1851/1847
f 3839/1851/1847 3843/1853/1849 3857/1852/1848
f 3856/1854/1850 3857/1852/1848 3843/1853/1849
f 3856/1854/1850 3843/1853/1849 3855/1855/1851
f 3843/1853/1849 3844/1856/1852 3855/1855/1851
f 3854/1857/1853 3855/1855/1851 3844/1856/1852
f 3855/1855/1851 3854/1857/1853 3853/1858/1854
f 3850/1859/1855 3853/1858/1854 3854/1857/1853
f 3853/1858/1854 3850/1859/1855 3851/1860/1835
f 3852/1861/1856 3851/1860/1835 3850/1859/1855
f 3847/1862/1857 3848/1845/1841 3849/1844/1840
f 3848/1845/1841 3847/1862/1857 3841/1847/1843
f 3846/1863/1858 3841/1847/1843 3847/1862/1857
f 3841/1847/1843 3846/1863/1858 3840/1864/1859
f 3845/1865/1860 3840/1864/1859 3846/1863/1858
f 3840/1864/1859 3845/1865/1860 3839/1851/1847
f 3842/1866/1861 3839/1851/1847 3845/1865/1860
f 3839/1851/1847 3842/1866/1861 3843/1853/1849
f 3844/1856/1852 3843/1853/1849 3842/1866/1861
f 3840/1864/1859 3838/1849/1845 3841/1847/1843
f 3840/1864/1859 3839/1851/1847 3838/1849/1845
f 3833/1867/725 3837/1868/725 3835/1869/725
f 3836/1866/725 3831/1865/725 3835/1869/725
f 3831/1865/725 3829/1870/725 3835/1869/725
f 3829/1870/725 3833/1867/725 3835/1869/725
f 3834/1871/725 3833/1867/725 3829/1870/725
f 3832/1863/725 3828/1872/725 3831/1865/725
f 3828/1872/725 3829/1870/725 3831/1865/725
f 3830/1873/725 3829/1870/725 3828/1872/725
f 3827/1338/1862 3826/1337/1863 3825/1874/1864
f 3822/1875/1865 3825/1874/1864 3826/1337/1863
f 3825/1874/1864 3822/1875/1865 3823/1876/1866
f 3824/1877/1867 3823/1876/1866 3822/1875/1865
f 3821/1876/1868 3818/1877/1869 3819/1878/1870
f 3820/1879/1871 3819/1878/1870 3818/1877/1869
f 3817/1880/1872 3814/1881/1872 3815/1882/1872
f 3816/1883/1872 3815/1882/1872 3814/1881/1872
f 3813/1882/1873 3810/1883/1874 3811/1884/1875
f 3812/1885/1876 3811/1884/1875 3810/1883/1874
f 3809/1884/1877 3806/1885/1877 3807/1886/1877
f 3808/1887/1877 3807/1886/1877 3806/1885/1877
f 3802/1888/1878 3805/1889/727 3804/1890/727
f 3803/1891/1879 3802/1888/1878 3804/1890/727
f 3803/1891/1879 3800/1892/1880 3802/1888/1878
f 3800/1892/1880 3801/1893/1881 3802/1888/1878
f 3801/1893/1881 3800/1892/1880 3798/1894/1882
f 3799/1895/1883 3798/1894/1882 3800/1892/1880
f 3798/1894/1882 3799/1895/1883 3796/1896/1884
f 3797/1897/1885 3798/1894/1882 3796/1896/1884
f 3797/1897/1885 3796/1896/1884 3794/1898/725
f 3796/1896/1884 3795/1899/725 3794/1898/725
f 3793/1900/725 3792/1901/725 3790/1902/725
f 3792/1901/725 3791/1903/725 3790/1902/725
f 3789/1904/1028 3786/1905/1028 3787/1906/1028
f 3788/1907/1028 3787/1906/1028 3786/1905/1028
f 3785/1906/1886 3782/1907/1886 3783/1908/1887
f 3784/907/1887 3783/1908/1887 3782/1907/1886
f 3781/1908/1028 3778/907/1028 3779/1909/1028
f 3780/910/1028 3779/1909/1028 3778/907/1028
f 3777/1910/1888 3774/1911/1888 3775/910/1888
f 3776/1909/1888 3775/910/1888 3774/1911/1888
f 3773/910/579 3770/1909/579 3771/907/579
f 3772/1908/579 3771/907/579 3770/1909/579
f 3769/907/1889 3766/1908/1889 3767/905/1889
f 3768/1912/1889 3767/905/1889 3766/1908/1889
f 3765/1913/1890 3762/1914/1890 3763/1904/1890
f 3764/1905/1890 3763/1904/1890 3762/1914/1890
f 3761/1915/1891 3759/1912/1891 3760/1916/1892
f 3759/1912/1891 3758/1917/1893 3760/1916/1892
f 3754/1908/1894 3758/1917/1893 3759/1912/1891
f 3757/1918/1895 3758/1917/1893 3754/1908/1894
f 3755/1919/1896 3757/1918/1895 3754/1908/1894
f 3756/1909/1897 3755/1919/1896 3754/1908/1894
f 3753/1920/1898 3750/1921/1898 3751/1922/1898
f 3752/1923/1898 3751/1922/1898 3750/1921/1898
f 3749/1922/1899 3746/1923/1899 3747/1924/1899
f 3748/1925/1899 3747/1924/1899 3746/1923/1899
f 3745/1926/1900 3742/1927/1900 3743/1928/1900
f 3744/1929/1900 3743/1928/1900 3742/1927/1900
f 3741/1928/1901 3738/1929/1901 3739/1920/1901
f 3740/1921/1901 3739/1920/1901 3738/1929/1901
f 3737/1930/1902 3734/1931/1903 3735/1932/1904
f 3736/1933/1905 3735/1932/1904 3734/1931/1903
f 3733/1932/1906 3730/1933/1907 3731/1930/1908
f 3732/1931/1909 3731/1930/1908 3730/1933/1907
f 3729/1934/1910 3726/1935/1911 3727/1932/1912
f 3728/1933/1913 3727/1932/1912 3726/1935/1911
f 3725/1933/1914 3722/1935/1915 3723/1932/1914
f 3724/1934/1916 3723/1932/1914 3722/1935/1915
f 3721/1931/1917 3718/1936/1918 3719/1933/1919
f 3720/1937/1920 3719/1933/1919 3718/1936/1918
f 3717/1937/1921 3714/1936/1922 3715/1933/1923
f 3716/1931/1924 3715/1933/1923 3714/1936/1922
f 3713/1935/1925 3710/1938/1926 3711/1933/1927
f 3712/1937/1928 3711/1933/1927 3710/1938/1926
f 3709/1933/1929 3706/1937/1930 3707/1935/1931
f 3708/1938/1932 3707/1935/1931 3706/1937/1930
f 3705/1937/1028 3702/1938/1028 3703/1936/1028
f 3704/1937/1028 3703/1936/1028 3702/1938/1028
f 3696/1214/725 3701/1213/725 3695/1212/725
f 3700/1211/725 3691/1939/725 3695/1212/725
f 3699/1217/725 3697/1216/725 3692/1218/725
f 3698/1215/725 3696/1214/725 3697/1216/725
f 3697/1216/725 3696/1214/725 3692/1218/725
f 3692/1218/725 3696/1214/725 3695/1212/725
f 3694/1940/725 3692/1218/725 3695/1212/725
f 3694/1940/725 3695/1212/725 3691/1939/725
f 3694/1940/725 3691/1939/725 3692/1218/725
f 3693/1219/725 3692/1218/725 3691/1939/725
f 3684/1941/1933 3690/1942/1934 3683/1943/1935
f 3690/1942/1934 3689/1944/1936 3683/1943/1935
f 3689/1944/1936 3688/1945/1937 3683/1943/1935
f 3688/1945/1937 3687/1946/1938 3683/1943/1935
f 3687/1946/1938 3686/1947/1939 3683/1943/1935
f 3686/1947/1939 3685/1948/1940 3683/1943/1935
f 3685/1948/1940 3684/1941/1933 3683/1943/1935
f 3682/1949/579 3679/1950/579 3680/1951/579
f 3681/1952/579 3680/1951/579 3679/1950/579
f 3678/1953/579 3675/1954/579 3676/1955/579
f 3677/1956/579 3676/1955/579 3675/1954/579
f 3674/1957/579 3671/1958/579 3672/1959/579
f 3673/1960/579 3672/1959/579 3671/1958/579
f 3670/1961/1941 3667/1962/1941 3668/1963/1941
f 3669/1964/1941 3668/1963/1941 3667/1962/1941
f 3666/1965/1942 3663/1966/1942 3664/1967/1942
f 3665/1968/1942 3664/1967/1942 3663/1966/1942
f 3662/1969/1533 3659/1970/1533 3660/1971/1533
f 3661/1972/1533 3660/1971/1533 3659/1970/1533
f 3658/1973/1652 3655/1974/1652 3656/1975/1652
f 3657/1976/1652 3656/1975/1652 3655/1974/1652
f 3648/1977/1943 3654/1978/1944 3647/1979/1945
f 3654/1978/1944 3653/1980/1946 3647/1979/1945
f 3653/1980/1946 3652/1981/1947 3647/1979/1945
f 3652/1981/1947 3651/1982/1948 3647/1979/1945
f 3651/1982/1948 3650/1983/1949 3647/1979/1945
f 3650/1983/1949 3649/1984/1950 3647/1979/1945
f 3649/1984/1950 3648/1977/1943 3647/1979/1945
f 3646/1831/1951 3644/1832/1952 3645/1831/1951
f 3643/1832/1953 3645/1831/1951 3644/1832/1952
f 3644/1832/1952 3642/1835/1954 3643/1832/1953
f 3640/1835/1955 3643/1832/1953 3642/1835/1954
f 3642/1835/1954 3639/1837/1956 3640/1835/1955
f 3641/1837/1956 3640/1835/1955 3639/1837/1956
f 3631/1985/1957 3638/1986/1958 3633/1987/1959
f 3637/1988/1960 3630/1989/1961 3636/1990/1962
f 3629/1991/1963 3636/1990/1962 3630/1989/1961
f 3636/1990/1962 3629/1991/1963 3635/1992/1964
f 3634/1993/1965 3635/1992/1964 3629/1991/1963
f 3629/1991/1963 3626/1994/1966 3634/1993/1965
f 3633/1987/1959 3634/1993/1965 3626/1994/1966
f 3626/1994/1966 3623/1995/1967 3633/1987/1959
f 3623/1995/1967 3631/1985/1957 3633/1987/1959
f 3623/1995/1967 3624/1996/1968 3631/1985/1957
f 3632/1997/1969 3631/1985/1957 3624/1996/1968
f 3630/1989/1961 3628/1998/1970 3629/1991/1963
f 3626/1994/1966 3629/1991/1963 3628/1998/1970
f 3628/1998/1970 3627/1999/1971 3626/1994/1966
f 3627/1999/1971 3625/2000/1972 3626/1994/1966
f 3625/2000/1972 3623/1995/1967 3626/1994/1966
f 3625/2000/1972 3624/1996/1968 3623/1995/1967
f 3622/2001/1973 3619/2002/1973 3620/847/1973
f 3621/2003/1973 3620/847/1973 3619/2002/1973
f 3618/2004/831 3616/2005/831 3617/2006/831
f 3616/2005/831 3614/2007/1974 3617/2006/831
f 3615/2008/831 3614/2007/1974 3616/2005/831
f 3608/2009/831 3614/2007/1974 3615/2008/831
f 3609/2010/748 3614/2007/1974 3608/2009/831
f 3614/2007/1974 3609/2010/748 3611/2011/1975
f 3609/2010/748 3613/2012/1976 3611/2011/1975
f 3613/2012/1976 3612/2013/710 3611/2011/1975
f 3605/2014/749 3609/2010/748 3604/2015/831
f 3604/2015/831 3609/2010/748 3610/2016/831
f 3610/2016/831 3609/2010/748 3608/2009/831
f 3607/2017/831 3606/2018/831 3604/2015/831
f 3606/2018/831 3605/2014/749 3604/2015/831
f 3603/1833/1977 3601/1834/1978 3602/1831/1979
f 3600/1832/1980 3602/1831/1979 3601/1834/1978
f 3601/1834/1978 3599/1836/1981 3600/1832/1980
f 3597/1835/1982 3600/1832/1980 3599/1836/1981
f 3599/1836/1981 3596/1838/1983 3597/1835/1982
f 3598/1837/1984 3597/1835/1982 3596/1838/1983
f 3595/845/1985 3586/854/1985 3594/846/1985
f 3593/855/1986 3591/2019/1987 3588/856/1988
f 3592/2020/702 3584/844/703 3591/2019/1987
f 3584/844/703 3590/843/1989 3591/2019/1987
f 3590/843/1989 3588/856/1988 3591/2019/1987
f 3590/843/1989 3589/841/1990 3588/856/1988
f 3587/846/1991 3588/856/1988 3589/841/1990
f 3588/856/1988 3587/846/1991 3586/854/1985
f 3585/839/1992 3582/842/1993 3583/840/1994
f 3584/844/703 3583/840/1994 3582/842/1993
f 3581/2021/1995 3578/2022/1996 3579/2023/1997
f 3580/2024/1998 3579/2023/1997 3578/2022/1996
f 3577/2023/1999 3574/2024/2000 3575/2025/2001
f 3576/2026/2002 3575/2025/2001 3574/2024/2000
f 3573/2024/2003 3570/2022/2004 3571/2026/2004
f 3572/2027/2005 3571/2026/2004 3570/2022/2004
f 3569/2022/2006 3566/2021/2007 3567/2027/2008
f 3568/2028/2009 3567/2027/2008 3566/2021/2007
f 3565/2021/2010 3562/2023/2011 3563/2028/2011
f 3564/2025/2012 3563/2028/2011 3562/2023/2011
f 3561/2029/2013 3560/2030/2013 3559/825/2014
f 3556/818/2015 3559/825/2014 3560/2030/2013
f 3559/825/2014 3556/818/2015 3557/824/2016
f 3558/820/2016 3557/824/2016 3556/818/2015
f 3555/2031/2017 3552/2032/2017 3553/2029/2017
f 3554/2030/2017 3553/2029/2017 3552/2032/2017
f 3551/2033/2018 3548/2034/2018 3549/820/2018
f 3550/824/2018 3549/820/2018 3548/2034/2018
f 3547/1996/2019 3544/2035/2019 3545/1997/2019
f 3546/2036/2019 3545/1997/2019 3544/2035/2019
f 3543/2037/2020 3540/2038/2020 3541/2039/2020
f 3542/2040/2020 3541/2039/2020 3540/2038/2020
f 3539/2040/2021 3536/2040/2021 3537/2039/2021
f 3538/2039/2021 3537/2039/2021 3536/2040/2021
f 3535/2038/2022 3532/2038/2023 3533/2040/2024
f 3534/2040/2025 3533/2040/2024 3532/2038/2023
f 3531/2037/2026 3528/2037/2026 3529/2038/2026
f 3530/2038/2026 3529/2038/2026 3528/2037/2026
f 3527/2039/2027 3524/2039/2027 3525/2037/2027
f 3526/2037/2027 3525/2037/2027 3524/2039/2027
f 3523/2041/2028 3520/2042/2029 3521/2043/2030
f 3522/2044/2031 3521/2043/2030 3520/2042/2029
f 3519/2045/2032 3516/2044/2033 3517/2041/2034
f 3518/2042/2033 3517/2041/2034 3516/2044/2033
f 3515/2046/2035 3512/2047/2036 3513/2045/2037
f 3514/2044/2038 3513/2045/2037 3512/2047/2036
f 3511/2043/2039 3508/2044/2040 3509/2046/2041
f 3510/2047/2042 3509/2046/2041 3508/2044/2040
f 3507/2041/2043 3504/2043/2044 3505/2045/2044
f 3506/2046/2045 3505/2045/2044 3504/2043/2044
f 3503/2044/2046 3500/2047/2047 3501/2042/2047
f 3502/2044/2048 3501/2042/2047 3500/2047/2047
f 3499/2048/2049 3496/2049/2050 3497/2050/2051
f 3498/2051/2052 3497/2050/2051 3496/2049/2050
f 3495/2050/2053 3492/2052/2054 3493/2048/2055
f 3494/2049/2056 3493/2048/2055 3492/2052/2054
f 3491/2053/2057 3488/2054/2058 3489/2050/2059
f 3490/2052/2060 3489/2050/2059 3488/2054/2058
f 3487/2050/2061 3484/2051/2061 3485/2053/2061
f 3486/2054/2061 3485/2053/2061 3484/2051/2061
f 3483/2048/2043 3480/2050/2044 3481/2050/2044
f 3482/2053/2045 3481/2050/2044 3480/2050/2044
f 3479/2052/2062 3476/2054/2063 3477/2049/2063
f 3478/2051/2048 3477/2049/2063 3476/2054/2063
f 3475/2055/2064 3472/2056/2065 3473/2057/2066
f 3474/2058/2067 3473/2057/2066 3472/2056/2065
f 3471/2059/2068 3468/2058/2069 3469/2055/2070
f 3470/2056/2071 3469/2055/2070 3468/2058/2069
f 3467/2060/2035 3464/2061/2035 3465/2059/2035
f 3466/2058/2035 3465/2059/2035 3464/2061/2035
f 3463/2057/2072 3460/2058/2073 3461/2060/2074
f 3462/2061/2075 3461/2060/2074 3460/2058/2073
f 3459/2055/2076 3456/2057/2077 3457/2059/2077
f 3458/2060/2078 3457/2059/2077 3456/2057/2077
f 3455/2058/2062 3452/2061/2079 3453/2056/2079
f 3454/2058/2080 3453/2056/2079 3452/2061/2079
f 3451/2062/2081 3448/2063/2081 3449/2064/2081
f 3450/2065/2081 3449/2064/2081 3448/2063/2081
f 3447/2066/2082 3444/2067/2082 3445/2062/2082
f 3446/2063/2082 3445/2062/2082 3444/2067/2082
f 3443/2068/2083 3440/2069/2083 3441/2066/2083
f 3442/2067/2083 3441/2066/2083 3440/2069/2083
f 3439/2070/579 3436/2071/579 3437/2068/579
f 3438/2069/579 3437/2068/579 3436/2071/579
f 3435/2072/2084 3432/2073/2084 3433/2070/2084
f 3434/2071/2084 3433/2070/2084 3432/2073/2084
f 3431/2074/2085 3430/2075/2086 3429/2076/2087
f 3426/2077/2088 3429/2076/2087 3430/2075/2086
f 3429/2076/2087 3426/2077/2088 3427/2072/2089
f 3428/2073/2090 3427/2072/2089 3426/2077/2088
f 3425/790/2091 3422/787/2091 3423/788/2091
f 3424/785/2091 3423/788/2091 3422/787/2091
f 3421/1838/725 3420/1837/725 3419/1837/725
f 3418/2078/2092 3413/2079/2093 3417/2079/2094
f 3413/2079/2093 3414/2080/2095 3417/2079/2094
f 3417/2079/2094 3414/2080/2095 3416/2081/727
f 3415/2081/2096 3414/2080/2095 3413/2079/2093
f 3412/2082/725 3407/2083/725 3411/2084/725
f 3407/2083/725 3408/2083/725 3411/2084/725
f 3411/2084/725 3408/2083/725 3410/2082/725
f 3409/2085/725 3408/2083/725 3407/2083/725
f 3406/2086/725 3401/2087/725 3404/2088/725
f 3405/2089/725 3404/2088/725 3397/2090/725
f 3404/2088/725 3401/2087/725 3397/2090/725
f 3401/2087/725 3400/2091/725 3397/2090/725
f 3402/2092/725 3400/2091/725 3401/2087/725
f 3403/2093/725 3402/2092/725 3401/2087/725
f 3400/2091/725 3399/2094/725 3397/2090/725
f 3399/2094/725 3398/2095/725 3397/2090/725
f 3396/2096/727 3395/2097/727 3387/2098/727
f 3395/2097/727 3394/2099/727 3387/2098/727
f 3394/2099/727 3390/2100/727 3387/2098/727
f 3392/2101/727 3390/2100/727 3394/2099/727
f 3393/2102/727 3390/2100/727 3392/2101/727
f 3391/2103/727 3389/2104/727 3390/2100/727
f 3390/2100/727 3389/2104/727 3387/2098/727
f 3389/2104/727 3388/2105/727 3387/2098/727
f 3386/2106/2097 3383/2086/2097 3384/2107/2097
f 3385/2088/2097 3384/2107/2097 3383/2086/2097
f 3382/2108/2098 3379/2087/2098 3380/2106/2098
f 3381/2086/2098 3380/2106/2098 3379/2087/2098
f 3378/2109/579 3375/2093/579 3376/2108/579
f 3377/2087/579 3376/2108/579 3375/2093/579
f 3374/2110/2099 3373/2094/2099 3372/2111/2100
f 3371/2091/2101 3372/2111/2100 3373/2094/2099
f 3372/2111/2100 3371/2091/2101 3370/2112/2102
f 3367/2092/2103 3370/2112/2102 3371/2091/2101
f 3370/2112/2102 3367/2092/2103 3368/2109/2104
f 3369/2093/2104 3368/2109/2104 3367/2092/2103
f 3366/2113/2105 3363/2095/2105 3364/2110/2105
f 3365/2094/2105 3364/2110/2105 3363/2095/2105
f 3362/2107/2106 3361/2088/2106 3360/2114/2107
f 3359/2089/2108 3360/2114/2107 3361/2088/2106
f 3360/2114/2107 3359/2089/2108 3358/2115/2109
f 3355/2090/2110 3358/2115/2109 3359/2089/2108
f 3358/2115/2109 3355/2090/2110 3356/2113/2111
f 3357/2095/2111 3356/2113/2111 3355/2090/2110
f 3354/780/2112 3351/766/2112 3352/759/2113
f 3353/751/2114 3352/759/2113 3351/766/2112
f 3350/764/2115 3347/780/2116 3348/757/2117
f 3349/759/2117 3348/757/2117 3347/780/2116
f 3346/778/2118 3343/764/2118 3344/770/2119
f 3345/757/2120 3344/770/2119 3343/764/2118
f 3342/779/2121 3339/778/2122 3340/661/2123
f 3341/770/2124 3340/661/2123 3339/778/2122
f 3338/781/2125 3335/779/2125 3336/769/2126
f 3337/661/2126 3336/769/2126 3335/779/2125
f 3334/766/2127 3331/781/2128 3332/751/2129
f 3333/769/2130 3332/751/2129 3331/781/2128
f 3330/765/2114 3327/766/2113 3328/759/2131
f 3329/751/2112 3328/759/2131 3327/766/2113
f 3326/764/2132 3323/765/2133 3324/757/2133
f 3325/759/2133 3324/757/2133 3323/765/2133
f 3322/762/2134 3319/764/2135 3320/755/2136
f 3321/757/2137 3320/755/2136 3319/764/2135
f 3318/763/2138 3315/762/2139 3316/661/2140
f 3317/755/2141 3316/661/2140 3315/762/2139
f 3314/767/2125 3311/763/2142 3312/752/2143
f 3313/661/2144 3312/752/2143 3311/763/2142
f 3310/766/2145 3307/767/2146 3308/751/2147
f 3309/752/2148 3308/751/2147 3307/767/2146
f 3306/698/2149 3303/699/2150 3304/721/2151
f 3305/708/2151 3304/721/2151 3303/699/2150
f 3302/697/2152 3299/698/2153 3300/715/2154
f 3301/721/2154 3300/715/2154 3299/698/2153
f 3298/746/2155 3295/697/2155 3296/669/2155
f 3297/715/2155 3296/669/2155 3295/697/2155
f 3294/696/2156 3291/746/2156 3292/711/2157
f 3293/669/2157 3292/711/2157 3291/746/2156
f 3290/700/2158 3287/696/2159 3288/709/2160
f 3289/711/2161 3288/709/2160 3287/696/2159
f 3286/699/2162 3283/700/2163 3284/708/2164
f 3285/709/2165 3284/708/2164 3283/700/2163
f 3282/698/2166 3279/699/2166 3280/670/2166
f 3281/662/2166 3280/670/2166 3279/699/2166
f 3278/697/2154 3275/698/2154 3276/671/2154
f 3277/670/2154 3276/671/2154 3275/698/2154
f 3274/695/2167 3271/697/2168 3272/669/2169
f 3273/671/2169 3272/669/2169 3271/697/2168
f 3270/696/2170 3267/695/2170 3268/661/2170
f 3269/669/2171 3268/661/2170 3267/695/2170
f 3266/700/2172 3263/696/2172 3264/672/2172
f 3265/661/2172 3264/672/2172 3263/696/2172
f 3262/699/2173 3259/700/2173 3260/662/2174
f 3261/672/2174 3260/662/2174 3259/700/2173
f 3258/663/2175 3255/665/2176 3256/670/2177
f 3257/662/2178 3256/670/2177 3255/665/2176
f 3254/664/2179 3251/663/2179 3252/671/2180
f 3253/670/2180 3252/671/2180 3251/663/2179
f 3250/668/2181 3247/664/2182 3248/669/2183
f 3249/671/2184 3248/669/2183 3247/664/2182
f 3246/666/2185 3243/668/2185 3244/661/2186
f 3245/669/2187 3244/661/2186 3243/668/2185
f 3242/667/2188 3239/666/2188 3240/660/2188
f 3241/661/2188 3240/660/2188 3239/666/2188
f 3238/665/2189 3235/667/2189 3236/662/2189
f 3237/660/2189 3236/662/2189 3235/667/2189
f 3234/663/2190 3231/665/2191 3232/670/2192
f 3233/662/2193 3232/670/2192 3231/665/2191
f 3230/664/2180 3227/663/2179 3228/671/2194
f 3229/670/2195 3228/671/2194 3227/663/2179
f 3226/668/2196 3223/664/2197 3224/669/2198
f 3225/671/2184 3224/669/2198 3223/664/2197
f 3222/666/2187 3219/668/2186 3220/661/2185
f 3221/669/2185 3220/661/2185 3219/668/2186
f 3218/667/2188 3215/666/2199 3216/660/2200
f 3217/661/2200 3216/660/2200 3215/666/2199
f 3214/665/2189 3211/667/2189 3212/662/2189
f 3213/660/2189 3212/662/2189 3211/667/2189
f 3210/2116/2081 3207/2117/2201 3208/2118/2081
f 3209/2119/2201 3208/2118/2081 3207/2117/2201
f 3206/2120/2202 3203/2121/2202 3204/2116/2202
f 3205/2117/2202 3204/2116/2202 3203/2121/2202
f 3202/2122/2203 3199/2123/2203 3200/2120/2203
f 3201/2121/2203 3200/2120/2203 3199/2123/2203
f 3198/2124/579 3195/2125/579 3196/2122/579
f 3197/2123/579 3196/2122/579 3195/2125/579
f 3194/2126/2204 3191/2127/2204 3192/2128/2204
f 3193/2129/2204 3192/2128/2204 3191/2127/2204
f 3190/2130/2205 3187/2131/2205 3188/2126/2205
f 3189/2127/2205 3188/2126/2205 3187/2131/2205
f 3186/2118/2206 3183/2119/2206 3184/2130/2206
f 3185/2131/2206 3184/2130/2206 3183/2119/2206
f 3182/2036/832 3179/2035/832 3180/1996/832
f 3181/1985/2207 3180/1996/832 3179/2035/832
f 3178/2132/2208 3176/2133/2209 3177/2134/2209
f 3174/2135/2210 3177/2134/2209 3176/2133/2209
f 3176/2133/2209 3175/2136/832 3174/2135/2210
f 3173/2137/1973 3170/710/1973 3171/2138/1973
f 3172/694/1973 3171/2138/1973 3170/710/1973
f 3169/704/2211 3166/706/2212 3167/703/2213
f 3168/2139/2214 3167/703/2213 3166/706/2212
f 3165/703/2215 3162/2139/2215 3163/701/2215
f 3164/2140/2215 3163/701/2215 3162/2139/2215
f 3161/701/2216 3158/2140/2217 3159/702/2217
f 3160/705/2218 3159/702/2217 3158/2140/2217
f 3157/2141/2219 3154/2142/2220 3155/2143/2221
f 3156/2144/2222 3155/2143/2221 3154/2142/2220
f 3153/2145/2221 3150/2146/2222 3151/2147/2223
f 3152/2148/2224 3151/2147/2223 3150/2146/2222
f 3149/714/2225 3146/713/2226 3147/712/2227
f 3148/692/2228 3147/712/2227 3146/713/2226
f 3145/2149/2229 3142/720/2230 3143/2150/2230
f 3144/719/2231 3143/2150/2230 3142/720/2230
f 3141/719/2232 3138/717/2233 3139/2150/2234
f 3140/722/2235 3139/2150/2234 3138/717/2233
f 3137/2150/2236 3134/722/2237 3135/2149/2238
f 3136/2151/2239 3135/2149/2238 3134/722/2237
f 3133/2149/2240 3130/2151/2241 3131/720/2241
f 3132/718/2242 3131/720/2241 3130/2151/2241
f 3126/731/2243 3129/729/2244 3127/727/2245
f 3128/724/2246 3123/723/2247 3127/727/2245
f 3123/723/2247 3126/731/2243 3127/727/2245
f 3124/733/2248 3126/731/2243 3123/723/2247
f 3125/723/2249 3124/733/2248 3123/723/2247
f 3122/2152/727 3121/738/727 3120/2153/727
f 3117/735/727 3120/2153/727 3121/738/727
f 3120/2153/727 3117/735/727 3118/2154/727
f 3119/2155/727 3118/2154/727 3117/735/727
f 3116/2156/2250 3113/734/2250 3114/2157/2250
f 3115/736/2250 3114/2157/2250 3113/734/2250
f 3112/2158/725 3111/2159/725 3110/2160/725
f 3107/737/725 3110/2160/725 3111/2159/725
f 3110/2160/725 3107/737/725 3108/2161/725
f 3109/739/725 3108/2161/725 3107/737/725
f 3106/2162/2251 3103/739/2251 3104/2163/2251
f 3105/738/2251 3104/2163/2251 3103/739/2251
f 3102/749/2252 3099/743/2252 3100/747/2252
f 3101/745/2252 3100/747/2252 3099/743/2252
f 3098/747/2253 3095/745/2254 3096/753/2255
f 3097/741/2254 3096/753/2255 3095/745/2254
f 3094/753/2256 3091/741/2257 3092/754/2256
f 3093/740/2257 3092/754/2256 3091/741/2257
f 3090/754/2258 3087/740/2259 3088/756/2260
f 3089/742/2261 3088/756/2260 3087/740/2259
f 3086/756/2262 3083/742/2263 3084/758/2262
f 3085/744/2263 3084/758/2262 3083/742/2263
f 3082/758/2264 3079/744/2265 3080/749/2266
f 3081/743/2267 3080/749/2266 3079/744/2265
f 3078/755/2268 3075/743/2269 3076/661/2268
f 3077/745/2269 3076/661/2268 3075/743/2269
f 3074/661/2270 3071/745/2271 3072/752/2272
f 3073/760/2271 3072/752/2272 3071/745/2271
f 3070/752/2273 3067/760/2274 3068/751/2256
f 3069/740/2275 3068/751/2256 3067/760/2274
f 3066/751/2276 3063/740/2277 3064/759/2278
f 3065/742/2279 3064/759/2278 3063/740/2277
f 3062/759/2280 3059/742/2280 3060/771/2280
f 3061/761/2281 3060/771/2280 3059/742/2280
f 3058/771/2265 3055/761/2282 3056/755/2283
f 3057/743/2284 3056/755/2283 3055/761/2282
f 3054/783/2285 3051/775/2286 3052/661/2287
f 3053/777/2288 3052/661/2287 3051/775/2286
f 3050/661/2289 3047/777/2290 3048/672/2289
f 3049/773/2291 3048/672/2289 3047/777/2290
f 3046/672/2292 3043/773/2293 3044/662/2292
f 3045/772/2294 3044/662/2292 3043/773/2293
f 3042/662/2295 3039/772/2296 3040/791/2297
f 3041/774/2298 3040/791/2297 3039/772/2296
f 3038/791/2299 3035/774/2300 3036/671/2301
f 3037/776/2302 3036/671/2301 3035/774/2300
f 3034/671/2303 3031/776/2304 3032/783/2305
f 3033/775/2306 3032/783/2305 3031/776/2304
f 3030/669/2307 3027/812/2308 3028/711/2309
f 3029/814/2310 3028/711/2309 3027/812/2308
f 3026/711/2311 3023/814/2312 3024/672/2313
f 3025/810/2289 3024/672/2313 3023/814/2312
f 3022/672/2292 3019/810/2292 3020/662/2292
f 3021/809/2292 3020/662/2292 3019/810/2292
f 3018/662/2314 3015/809/2297 3016/670/2315
f 3017/811/2295 3016/670/2315 3015/809/2297
f 3014/670/2316 3011/811/2316 3012/671/2316
f 3013/813/2316 3012/671/2316 3011/811/2316
f 3010/671/2317 3007/813/2318 3008/669/2317
f 3009/812/2318 3008/669/2317 3007/813/2318
f 3006/669/2319 3003/851/2320 3004/661/2321
f 3005/853/2320 3004/661/2321 3003/851/2320
f 3002/661/2322 2999/853/2323 3000/660/2324
f 3001/849/2325 3000/660/2324 2999/853/2323
f 2998/660/2326 2995/849/2327 2996/662/2326
f 2997/848/2327 2996/662/2326 2995/849/2327
f 2994/662/2328 2991/848/2329 2992/791/2330
f 2993/850/2331 2992/791/2330 2991/848/2329
f 2990/791/2332 2987/850/2333 2988/671/2334
f 2989/852/2335 2988/671/2334 2987/850/2333
f 2986/671/2336 2983/852/2337 2984/669/2338
f 2985/851/2339 2984/669/2338 2983/852/2337
f 2982/669/2340 2979/851/2341 2980/661/2340
f 2981/853/2342 2980/661/2340 2979/851/2341
f 2978/661/2343 2975/853/2344 2976/660/2345
f 2977/849/2346 2976/660/2345 2975/853/2344
f 2974/660/2347 2971/849/2348 2972/662/2347
f 2973/848/2348 2972/662/2347 2971/849/2348
f 2970/662/2349 2967/848/2350 2968/791/2349
f 2969/850/2350 2968/791/2349 2967/848/2350
f 2966/791/2351 2963/850/2352 2964/671/2352
f 2965/852/2352 2964/671/2352 2963/850/2352
f 2962/671/2353 2959/852/2354 2960/669/2355
f 2961/851/2356 2960/669/2355 2959/852/2354
f 2958/1135/2357 2957/1134/2358 2956/2164/2359
f 2955/2165/2360 2956/2164/2359 2957/1134/2358
f 2956/2164/2359 2955/2165/2360 2954/2166/2361
f 2953/2167/2362 2954/2166/2361 2955/2165/2360
f 2954/2166/2361 2953/2167/2362 2952/2168/2363
f 2951/2169/2364 2952/2168/2363 2953/2167/2362
f 2952/2168/2363 2951/2169/2364 2950/2170/2365
f 2949/2171/2366 2950/2170/2365 2951/2169/2364
f 2950/2170/2365 2949/2171/2366 2948/2172/2367
f 2947/2173/2368 2948/2172/2367 2949/2171/2366
f 2948/2172/2367 2947/2173/2368 2946/2174/2369
f 2945/2175/2370 2946/2174/2369 2947/2173/2368
f 2946/2174/2369 2945/2175/2370 2944/2176/2371
f 2941/2177/2372 2944/2176/2371 2945/2175/2370
f 2944/2176/2371 2941/2177/2372 2942/2178/2373
f 2943/2179/2374 2942/2178/2373 2941/2177/2372
f 2940/1134/2375 2939/1136/2375 2938/2165/2376
f 2937/2180/2377 2938/2165/2376 2939/1136/2375
f 2938/2165/2376 2937/2180/2377 2936/2167/2378
f 2935/2181/2379 2936/2167/2378 2937/2180/2377
f 2936/2167/2378 2935/2181/2379 2934/2169/2380
f 2933/2182/2381 2934/2169/2380 2935/2181/2379
f 2934/2169/2380 2933/2182/2381 2932/2171/2382
f 2931/2183/2383 2932/2171/2382 2933/2182/2381
f 2932/2171/2382 2931/2183/2383 2930/2173/2384
f 2929/2184/2385 2930/2173/2384 2931/2183/2383
f 2930/2173/2384 2929/2184/2385 2928/2175/2386
f 2927/2185/2387 2928/2175/2386 2929/2184/2385
f 2928/2175/2386 2927/2185/2387 2926/2177/2388
f 2923/2186/2389 2926/2177/2388 2927/2185/2387
f 2926/2177/2388 2923/2186/2389 2924/2179/2390
f 2925/2187/2390 2924/2179/2390 2923/2186/2389
f 2922/1136/2391 2921/1137/2392 2920/2180/2393
f 2919/2188/2394 2920/2180/2393 2921/1137/2392
f 2920/2180/2393 2919/2188/2394 2918/2181/2395
f 2917/2189/2396 2918/2181/2395 2919/2188/2394
f 2918/2181/2395 2917/2189/2396 2916/2182/2397
f 2915/2190/2398 2916/2182/2397 2917/2189/2396
f 2916/2182/2397 2915/2190/2398 2914/2183/2399
f 2913/2191/2400 2914/2183/2399 2915/2190/2398
f 2914/2183/2399 2913/2191/2400 2912/2184/2401
f 2911/2192/2402 2912/2184/2401 2913/2191/2400
f 2912/2184/2401 2911/2192/2402 2910/2185/2403
f 2909/2193/2404 2910/2185/2403 2911/2192/2402
f 2910/2185/2403 2909/2193/2404 2908/2186/2405
f 2905/2194/2406 2908/2186/2405 2909/2193/2404
f 2908/2186/2405 2905/2194/2406 2906/2187/2407
f 2907/2195/2408 2906/2187/2407 2905/2194/2406
f 2904/1137/2409 2903/1135/2410 2902/2188/2411
f 2901/2164/2412 2902/2188/2411 2903/1135/2410
f 2902/2188/2411 2901/2164/2412 2900/2189/2413
f 2899/2166/2414 2900/2189/2413 2901/2164/2412
f 2900/2189/2413 2899/2166/2414 2898/2190/2415
f 2897/2168/2416 2898/2190/2415 2899/2166/2414
f 2898/2190/2415 2897/2168/2416 2896/2191/2417
f 2895/2170/2418 2896/2191/2417 2897/2168/2416
f 2896/2191/2417 2895/2170/2418 2894/2192/2419
f 2893/2172/2420 2894/2192/2419 2895/2170/2418
f 2894/2192/2419 2893/2172/2420 2892/2193/2421
f 2891/2174/2422 2892/2193/2421 2893/2172/2420
f 2892/2193/2421 2891/2174/2422 2890/2194/2423
f 2887/2176/2424 2890/2194/2423 2891/2174/2422
f 2890/2194/2423 2887/2176/2424 2888/2195/2425
f 2889/2178/2426 2888/2195/2425 2887/2176/2424
f 2886/2179/2427 2883/2187/2428 2884/2178/2428
f 2885/2195/2429 2884/2178/2428 2883/2187/2428
f 2882/2196/2430 2881/2197/2431 2880/2198/2432
f 2879/1120/2433 2874/2199/2434 2878/1121/2435
f 2877/1247/2436 2878/1121/2435 2874/2199/2434
f 2877/1247/2436 2874/2199/2434 2875/1245/2437
f 2876/1613/2438 2875/1245/2437 2874/2199/2434
f 2873/2200/2439 2872/2198/2431 2871/2197/2440
f 2868/2201/2441 2869/2202/2441 2870/2203/2441
f 2869/2202/2441 2868/2201/2441 2867/2204/2441
f 2864/2205/2442 2865/2206/2442 2866/2207/2442
f 2865/2206/2442 2864/2205/2442 2863/2208/2442
f 2862/2209/2443 2860/2210/2444 2861/2211/2445
f 2860/2210/2444 2859/2212/2446 2861/2211/2445
f 2859/2212/2446 2860/2210/2444 2858/2213/2447
f 2859/2212/2446 2858/2213/2447 2857/2214/2448
f 2853/2215/2449 2855/2216/2450 2856/2217/2451
f 2854/2218/2452 2855/2216/2450 2853/2215/2449
f 2854/2218/2452 2853/2215/2449 2852/2219/2453
f 2851/1122/2454 2846/2220/2455 2850/1120/2456
f 2849/2199/2457 2850/1120/2456 2846/2220/2455
f 2849/2199/2457 2846/2220/2455 2847/1613/2458
f 2848/1614/2459 2847/1613/2458 2846/2220/2455
f 2843/2221/2460 2845/2222/2461 2844/2223/2462
f 2843/2221/2460 2844/2223/2462 2842/2224/2460
f 2843/2221/2460 2842/2224/2460 2841/2225/2460
f 2838/2226/2463 2839/2227/2464 2840/2228/2464
f 2839/2227/2464 2838/2226/2463 2837/2229/2465
f 2836/2230/2466 2837/2229/2465 2838/2226/2463
f 2837/2229/2465 2836/2230/2466 2835/2231/2467
f 2834/2232/2468 2835/2231/2467 2836/2230/2466
f 2835/2231/2467 2834/2232/2468 2833/2233/2468
f 2832/1123/2469 2827/1248/2470 2831/1122/2471
f 2830/2220/2472 2831/1122/2471 2827/1248/2470
f 2830/2220/2472 2827/1248/2470 2828/1614/2473
f 2829/1246/2474 2828/1614/2473 2827/1248/2470
f 2826/1143/2475 2824/1615/2475 2825/1141/2475
f 2822/1617/2476 2823/1141/2477 2824/1615/2478
f 2823/1141/2477 2822/1617/2476 2821/1145/2479
f 2820/1619/2480 2821/1145/2479 2822/1617/2476
f 2821/1145/2479 2820/1619/2480 2819/1147/2481
f 2818/1621/2482 2819/1147/2481 2820/1619/2480
f 2819/1147/2481 2818/1621/2482 2817/1140/2483
f 2814/1623/2484 2817/1140/2483 2818/1621/2482
f 2817/1140/2483 2814/1623/2484 2815/1138/2485
f 2816/1625/2486 2815/1138/2485 2814/1623/2484
f 2813/2234/2487 2811/2235/2487 2812/2236/2487
f 2809/2237/2488 2810/2236/2489 2811/2235/2490
f 2810/2236/2489 2809/2237/2488 2808/2238/2491
f 2807/2239/2492 2808/2238/2491 2809/2237/2488
f 2808/2238/2491 2807/2239/2492 2806/2240/2493
f 2805/2241/2494 2806/2240/2493 2807/2239/2492
f 2806/2240/2493 2805/2241/2494 2804/2242/2495
f 2801/2243/2496 2804/2242/2495 2805/2241/2494
f 2804/2242/2495 2801/2243/2496 2802/2244/2497
f 2803/2245/2498 2802/2244/2497 2801/2243/2496
f 2800/2235/2499 2798/1161/2499 2799/2237/2499
f 2796/1154/2500 2797/2237/2501 2798/1161/2502
f 2797/2237/2501 2796/1154/2500 2795/2239/2503
f 2794/1156/2504 2795/2239/2503 2796/1154/2500
f 2795/2239/2503 2794/1156/2504 2793/2241/2505
f 2792/1158/2506 2793/2241/2505 2794/1156/2504
f 2793/2241/2505 2792/1158/2506 2791/2243/2507
f 2788/1160/2508 2791/2243/2507 2792/1158/2506
f 2791/2243/2507 2788/1160/2508 2789/2245/2509
f 2790/1151/2510 2789/2245/2509 2788/1160/2508
f 2787/1155/2511 2785/2234/2511 2786/1153/2511
f 2783/2236/2512 2784/1153/2513 2785/2234/2511
f 2784/1153/2513 2783/2236/2512 2782/1157/2514
f 2781/2238/2515 2782/1157/2514 2783/2236/2512
f 2782/1157/2514 2781/2238/2515 2780/1159/2516
f 2779/2240/2517 2780/1159/2516 2781/2238/2515
f 2780/1159/2516 2779/2240/2517 2778/1152/2518
f 2775/2242/2519 2778/1152/2518 2779/2240/2517
f 2778/1152/2518 2775/2242/2519 2776/1150/2520
f 2777/2244/2521 2776/1150/2520 2775/2242/2519
f 2774/2246/2522 2772/2247/2522 2773/2248/2522
f 2770/2249/2523 2771/2248/2524 2772/2247/2522
f 2771/2248/2524 2770/2249/2523 2769/2250/2525
f 2768/2251/2526 2769/2250/2525 2770/2249/2523
f 2769/2250/2525 2768/2251/2526 2767/2252/2527
f 2766/2253/2528 2767/2252/2527 2768/2251/2526
f 2767/2252/2527 2766/2253/2528 2765/2254/2529
f 2762/2255/2530 2765/2254/2529 2766/2253/2528
f 2765/2254/2529 2762/2255/2530 2763/2256/2531
f 2764/2257/2532 2763/2256/2531 2762/2255/2530
f 2761/2247/2533 2759/1173/2533 2760/2249/2533
f 2757/1166/2534 2758/2249/2535 2759/1173/2536
f 2758/2249/2535 2757/1166/2534 2756/2251/2537
f 2755/1168/2538 2756/2251/2537 2757/1166/2534
f 2756/2251/2537 2755/1168/2538 2754/2253/2539
f 2753/1170/2540 2754/2253/2539 2755/1168/2538
f 2754/2253/2539 2753/1170/2540 2752/2255/2541
f 2749/1172/2542 2752/2255/2541 2753/1170/2540
f 2752/2255/2541 2749/1172/2542 2750/2257/2543
f 2751/1163/2544 2750/2257/2543 2749/1172/2542
f 2748/1167/2545 2746/2246/2545 2747/1165/2545
f 2744/2248/2546 2745/1165/2547 2746/2246/2548
f 2745/1165/2547 2744/2248/2546 2743/1169/2549
f 2742/2250/2550 2743/1169/2549 2744/2248/2546
f 2743/1169/2549 2742/2250/2550 2741/1171/2551
f 2740/2252/2552 2741/1171/2551 2742/2250/2550
f 2741/1171/2551 2740/2252/2552 2739/1164/2553
f 2736/2254/2554 2739/1164/2553 2740/2252/2552
f 2739/1164/2553 2736/2254/2554 2737/1162/2555
f 2738/2256/2556 2737/1162/2555 2736/2254/2554
f 2735/2258/2557 2734/2259/2557 2733/2260/2557
f 2732/2261/2558 2733/2260/2557 2729/2259/2559
f 2732/2261/2558 2729/2259/2559 2730/2262/2560
f 2731/2263/2560 2730/2262/2560 2729/2259/2559
f 2728/2260/2561 2727/2261/2561 2724/2264/2561
f 2726/2263/2562 2725/2259/2562 2722/2262/2562
f 2721/2259/2563 2724/2264/2564 2723/2261/2565
f 2723/2261/2565 2722/2262/2562 2721/2259/2563
f 2720/2265/2566 2717/2262/2566 2718/2266/2566
f 2719/2263/2566 2718/2266/2566 2717/2262/2566
f 2716/2267/2567 2713/2263/2567 2714/2268/2567
f 2715/2262/2567 2714/2268/2567 2713/2263/2567
f 2712/2258/2568 2709/2258/2568 2710/2260/2568
f 2711/2260/2568 2710/2260/2568 2709/2258/2568
f 2708/2260/2569 2705/2260/2569 2706/2264/2569
f 2707/2264/2569 2706/2264/2569 2705/2260/2569
f 2693/2269/2570 2694/2270/2571 2704/2271/2572
f 2693/2269/2570 2704/2271/2572 2692/2272/2573
f 2692/2272/2573 2704/2271/2572 2701/2273/2574
f 2701/2273/2574 2704/2271/2572 2703/2274/2575
f 2702/2275/2576 2701/2273/2574 2703/2274/2575
f 2700/2276/2577 2701/2273/2574 2702/2275/2576
f 2701/2273/2574 2700/2276/2577 2699/2277/2578
f 2698/2278/2579 2699/2277/2578 2700/2276/2577
f 2698/2278/2579 2697/2279/2580 2699/2277/2578
f 2697/2279/2580 2698/2278/2579 2696/2280/2581
f 2696/2280/2581 2690/2281/2582 2697/2279/2580
f 2690/2281/2582 2696/2280/2581 2695/2282/2583
f 2694/2270/2571 2690/2281/2582 2695/2282/2583
f 2690/2281/2582 2694/2270/2571 2693/2269/2570
f 2689/2283/727 2690/2281/2582 2693/2269/2570
f 2692/2272/2573 2689/2283/727 2693/2269/2570
f 2689/2283/727 2692/2272/2573 2691/2284/727
f 2690/2281/2582 2689/2283/727 2688/2285/727
f 2687/1687/831 2682/1685/831 2686/1685/831
f 2682/1685/831 2683/1683/831 2686/1685/831
f 2686/1685/831 2683/1683/831 2685/1681/831
f 2684/1681/831 2683/1683/831 2682/1685/831
f 2681/1686/832 2676/1688/832 2680/1682/832
f 2676/1688/832 2677/1682/832 2680/1682/832
f 2680/1682/832 2677/1682/832 2679/1684/832
f 2678/1686/832 2677/1682/832 2676/1688/832
f 2675/2286/2584 2670/2287/2585 2674/2287/2586
f 2670/2287/2585 2671/2288/2587 2674/2287/2586
f 2674/2287/2586 2671/2288/2587 2673/2289/2588
f 2672/2289/2589 2671/2288/2587 2670/2287/2585
f 2669/2290/2590 2664/2291/2591 2668/2292/2592
f 2664/2291/2591 2665/2292/2593 2668/2292/2592
f 2668/2292/2592 2665/2292/2593 2667/2293/2594
f 2666/2290/2595 2665/2292/2593 2664/2291/2591
f 2663/2294/579 2646/2295/579 2647/2296/579
f 2646/2295/579 2663/2294/579 2662/2297/579
f 2661/2298/579 2662/2297/579 2663/2294/579
f 2662/2297/579 2661/2298/579 2660/2295/579
f 2659/2294/579 2660/2295/579 2661/2298/579
f 2660/2295/579 2659/2294/579 2658/2299/579
f 2657/2296/579 2658/2299/579 2659/2294/579
f 2658/2299/579 2657/2296/579 2656/2300/579
f 2655/2301/579 2656/2300/579 2657/2296/579
f 2656/2300/579 2655/2301/579 2654/2302/579
f 2653/2303/579 2654/2302/579 2655/2301/579
f 2654/2302/579 2653/2303/579 2652/2302/579
f 2651/2303/579 2652/2302/579 2653/2303/579
f 2652/2302/579 2651/2303/579 2650/2300/579
f 2649/2301/579 2650/2300/579 2651/2303/579
f 2650/2300/579 2649/2301/579 2648/2299/579
f 2647/2296/579 2648/2299/579 2649/2301/579
f 2648/2299/579 2647/2296/579 2646/2295/579
f 2645/2304/2596 2626/2305/2597 2627/2306/2598
f 2626/2305/2597 2645/2304/2596 2644/2307/2599
f 2643/2308/2600 2644/2307/2599 2645/2304/2596
f 2644/2307/2599 2643/2308/2600 2642/2309/2601
f 2641/2310/2602 2642/2309/2601 2643/2308/2600
f 2642/2309/2601 2641/2310/2602 2640/2311/2603
f 2639/2312/2604 2640/2311/2603 2641/2310/2602
f 2640/2311/2603 2639/2312/2604 2638/2313/2605
f 2637/2314/2606 2638/2313/2605 2639/2312/2604
f 2638/2313/2605 2637/2314/2606 2636/2315/2607
f 2635/2316/2608 2636/2315/2607 2637/2314/2606
f 2636/2315/2607 2635/2316/2608 2634/2317/2609
f 2633/2318/2610 2634/2317/2609 2635/2316/2608
f 2634/2317/2609 2633/2318/2610 2632/2319/2611
f 2631/2320/2612 2632/2319/2611 2633/2318/2610
f 2632/2319/2611 2631/2320/2612 2630/2321/2613
f 2629/2322/2614 2630/2321/2613 2631/2320/2612
f 2630/2321/2613 2629/2322/2614 2628/2323/2615
f 2627/2306/2598 2628/2323/2615 2629/2322/2614
f 2628/2323/2615 2627/2306/2598 2626/2305/2597
f 2624/2324/2616 2625/1179/2617 2621/1178/2618
f 2624/2324/2616 2621/1178/2618 2622/2325/2619
f 2623/2326/2620 2622/2325/2619 2621/1178/2618
f 2620/1116/2621 2619/1119/2622 2615/1114/2623
f 2619/1119/2622 2618/2327/2624 2615/1114/2623
f 2618/2327/2624 2617/1113/2625 2615/1114/2623
f 2617/1113/2625 2616/1112/2626 2615/1114/2623
f 2614/2328/2627 2613/2329/2627 2610/2330/2627
f 2609/2329/2628 2612/1177/2629 2611/1186/2628
f 2611/1186/2628 2610/2330/2627 2609/2329/2628
f 2608/2325/831 2605/2325/831 2606/2326/831
f 2607/2326/831 2606/2326/831 2605/2325/831
f 2604/2328/832 2601/2328/832 2602/2330/832
f 2603/2330/832 2602/2330/832 2601/2328/832
f 2600/1177/2630 2597/1177/2631 2598/1179/2630
f 2599/1179/2632 2598/1179/2630 2597/1177/2631
f 2596/1185/2633 2593/1185/2633 2594/1177/2634
f 2595/1177/2635 2594/1177/2634 2593/1185/2633
f 2592/2331/2636 2589/2325/2636 2590/2332/2636
f 2591/2326/2637 2590/2332/2636 2589/2325/2636
f 2588/2333/2638 2585/2328/2638 2586/2331/2639
f 2587/2330/2640 2586/2331/2639 2585/2328/2638
f 2584/2334/2641 2582/2335/2641 2583/2336/2641
f 2580/2337/2642 2581/2336/2643 2582/2335/2641
f 2581/2336/2643 2580/2337/2642 2579/2338/2644
f 2578/2339/2645 2579/2338/2644 2580/2337/2642
f 2579/2338/2644 2578/2339/2645 2577/2340/2646
f 2576/2341/2647 2577/2340/2646 2578/2339/2645
f 2577/2340/2646 2576/2341/2647 2575/2342/2648
f 2572/2343/2649 2575/2342/2648 2576/2341/2647
f 2575/2342/2648 2572/2343/2649 2573/2344/2650
f 2574/2345/2651 2573/2344/2650 2572/2343/2649
f 2571/2335/2652 2569/2346/2652 2570/2337/2652
f 2567/2347/2653 2568/2337/2654 2569/2346/2652
f 2568/2337/2654 2567/2347/2653 2566/2339/2655
f 2565/2348/2656 2566/2339/2655 2567/2347/2653
f 2566/2339/2655 2565/2348/2656 2564/2341/2657
f 2563/2349/2658 2564/2341/2657 2565/2348/2656
f 2564/2341/2657 2563/2349/2658 2562/2343/2659
f 2559/2350/2660 2562/2343/2659 2563/2349/2658
f 2562/2343/2659 2559/2350/2660 2560/2345/2661
f 2561/2351/2662 2560/2345/2661 2559/2350/2660
f 2558/2346/2663 2556/2352/2663 2557/2347/2663
f 2554/2353/2664 2555/2347/2665 2556/2352/2666
f 2555/2347/2665 2554/2353/2664 2553/2348/2667
f 2552/2354/2668 2553/2348/2667 2554/2353/2664
f 2553/2348/2667 2552/2354/2668 2551/2349/2669
f 2550/2355/2670 2551/2349/2669 2552/2354/2668
f 2551/2349/2669 2550/2355/2670 2549/2350/2671
f 2546/2356/2672 2549/2350/2671 2550/2355/2670
f 2549/2350/2671 2546/2356/2672 2547/2351/2672
f 2548/2357/2673 2547/2351/2672 2546/2356/2672
f 2545/2352/2674 2543/2334/2674 2544/2353/2674
f 2541/2336/2675 2542/2353/2676 2543/2334/2674
f 2542/2353/2676 2541/2336/2675 2540/2354/2677
f 2539/2338/2678 2540/2354/2677 2541/2336/2675
f 2540/2354/2677 2539/2338/2678 2538/2355/2679
f 2537/2340/2680 2538/2355/2679 2539/2338/2678
f 2538/2355/2679 2537/2340/2680 2536/2356/2681
f 2533/2342/2682 2536/2356/2681 2537/2340/2680
f 2536/2356/2681 2533/2342/2682 2534/2357/2683
f 2535/2344/2684 2534/2357/2683 2533/2342/2682
f 2532/2345/2685 2529/2351/2686 2530/2344/2686
f 2531/2357/2687 2530/2344/2686 2529/2351/2686
f 2528/2358/2688 2525/2358/2688 2526/2359/2688
f 2527/2359/2688 2526/2359/2688 2525/2358/2688
f 2524/2359/2689 2521/2359/2689 2522/2360/2689
f 2523/2360/2689 2522/2360/2689 2521/2359/2689
f 2520/2360/2690 2517/2360/2690 2518/2361/2690
f 2519/2361/2690 2518/2361/2690 2517/2360/2690
f 2516/2361/2691 2513/2361/2691 2514/2358/2691
f 2515/2358/2691 2514/2358/2691 2513/2361/2691
f 2512/2362/2692 2510/2363/2692 2511/2364/2692
f 2508/2365/2693 2509/2364/2694 2510/2363/2695
f 2509/2364/2694 2508/2365/2693 2507/2366/2696
f 2506/2367/2697 2507/2366/2696 2508/2365/2693
f 2507/2366/2696 2506/2367/2697 2505/2368/2698
f 2504/2369/2699 2505/2368/2698 2506/2367/2697
f 2505/2368/2698 2504/2369/2699 2503/2370/2700
f 2500/2371/2701 2503/2370/2700 2504/2369/2699
f 2503/2370/2700 2500/2371/2701 2501/2372/2702
f 2502/2373/2702 2501/2372/2702 2500/2371/2701
f 2499/2363/2703 2497/2374/2703 2498/2365/2703
f 2495/2375/2704 2496/2365/2705 2497/2374/2706
f 2496/2365/2705 2495/2375/2704 2494/2367/2707
f 2493/2376/2708 2494/2367/2707 2495/2375/2704
f 2494/2367/2707 2493/2376/2708 2492/2369/2709
f 2491/2377/2710 2492/2369/2709 2493/2376/2708
f 2492/2369/2709 2491/2377/2710 2490/2371/2711
f 2487/2378/2712 2490/2371/2711 2491/2377/2710
f 2490/2371/2711 2487/2378/2712 2488/2373/2713
f 2489/2379/2713 2488/2373/2713 2487/2378/2712
f 2486/2374/2714 2484/2380/2714 2485/2375/2714
f 2482/2381/2715 2483/2375/2716 2484/2380/2717
f 2483/2375/2716 2482/2381/2715 2481/2376/2718
f 2480/2382/2719 2481/2376/2718 2482/2381/2715
f 2481/2376/2718 2480/2382/2719 2479/2377/2720
f 2478/2383/2721 2479/2377/2720 2480/2382/2719
f 2479/2377/2720 2478/2383/2721 2477/2378/2722
f 2474/2384/2723 2477/2378/2722 2478/2383/2721
f 2477/2378/2722 2474/2384/2723 2475/2379/2724
f 2476/2385/2725 2475/2379/2724 2474/2384/2723
f 2473/2380/2726 2471/2362/2726 2472/2381/2726
f 2469/2364/2727 2470/2381/2728 2471/2362/2729
f 2470/2381/2728 2469/2364/2727 2468/2382/2730
f 2467/2366/2731 2468/2382/2730 2469/2364/2727
f 2468/2382/2730 2467/2366/2731 2466/2383/2732
f 2465/2368/2733 2466/2383/2732 2467/2366/2731
f 2466/2383/2732 2465/2368/2733 2464/2384/2734
f 2461/2370/2735 2464/2384/2734 2465/2368/2733
f 2464/2384/2734 2461/2370/2735 2462/2385/2736
f 2463/2372/2737 2462/2385/2736 2461/2370/2735
f 2460/2373/2685 2457/2379/2738 2458/2372/2738
f 2459/2385/2739 2458/2372/2738 2457/2379/2738
f 2456/2386/2740 2455/2387/2740 2454/2388/2741
f 2451/2389/2742 2454/2388/2741 2455/2387/2740
f 2454/2388/2741 2451/2389/2742 2452/2390/2743
f 2453/2391/2744 2452/2390/2743 2451/2389/2742
f 2450/2387/2745 2449/2392/2745 2448/2389/2746
f 2445/2393/2747 2448/2389/2746 2449/2392/2745
f 2448/2389/2746 2445/2393/2747 2446/2391/2748
f 2447/2394/2749 2446/2391/2748 2445/2393/2747
f 2444/2392/2750 2443/2395/2750 2442/2393/2751
f 2439/2396/2752 2442/2393/2751 2443/2395/2750
f 2442/2393/2751 2439/2396/2752 2440/2394/2753
f 2441/2397/2754 2440/2394/2753 2439/2396/2752
f 2438/2395/2755 2437/2386/2755 2436/2396/2756
f 2433/2388/2757 2436/2396/2756 2437/2386/2755
f 2436/2396/2756 2433/2388/2757 2434/2397/2758
f 2435/2390/2759 2434/2397/2758 2433/2388/2757
f 2432/2391/2760 2429/2394/2761 2430/2390/2761
f 2431/2397/2762 2430/2390/2761 2429/2394/2761
f 2428/2398/2763 2427/2399/2763 2425/2400/2764
f 2426/2401/2764 2425/2400/2764 2427/2399/2763
f 2426/2401/2764 2424/2402/2765 2425/2400/2764
f 2422/2403/2766 2425/2400/2764 2424/2402/2765
f 2424/2402/2765 2421/2404/2767 2422/2403/2766
f 2423/2405/2767 2422/2403/2766 2421/2404/2767
f 2420/2406/2768 2418/2407/2769 2419/2408/2770
f 2416/2409/2771 2419/2408/2770 2418/2407/2769
f 2418/2407/2769 2417/2410/2772 2416/2409/2771
f 2415/1238/2773 2412/2411/2774 2413/2409/2774
f 2414/2408/2775 2413/2409/2774 2412/2411/2774
f 2411/1237/2776 2408/1239/2776 2409/1238/2776
f 2410/2409/2777 2409/1238/2776 2408/1239/2776
f 2407/1239/2778 2406/2410/2779 2405/2409/2780
f 2402/2407/2781 2405/2409/2780 2406/2410/2779
f 2405/2409/2780 2402/2407/2781 2403/2408/2782
f 2404/2406/2783 2403/2408/2782 2402/2407/2781
f 2401/1238/2784 2398/2409/2785 2399/2411/2786
f 2400/2408/2787 2399/2411/2786 2398/2409/2785
f 2397/2412/727 2396/2413/2788 2394/2414/2789
f 2395/2415/2790 2394/2414/2789 2396/2413/2788
f 2391/2416/2791 2394/2414/2789 2395/2415/2790
f 2394/2414/2789 2391/2416/2791 2392/2417/2792
f 2393/2418/2793 2392/2417/2792 2391/2416/2791
f 2390/1291/2794 2387/1292/2794 2388/2419/2795
f 2389/2420/2796 2388/2419/2795 2387/1292/2794
f 2386/2421/2797 2383/1243/2798 2384/2422/2799
f 2385/1241/2800 2384/2422/2799 2383/1243/2798
f 2382/1627/727 2379/1629/727 2380/1628/727
f 2381/1630/727 2380/1628/727 2379/1629/727
f 2378/1628/725 2375/1627/725 2376/1630/725
f 2377/1629/725 2376/1630/725 2375/1627/725
f 2374/1631/2801 2371/1633/2801 2372/1632/2801
f 2373/1634/2801 2372/1632/2801 2371/1633/2801
f 2370/1630/2802 2367/1628/2802 2368/1629/2802
f 2369/1627/2802 2368/1629/2802 2367/1628/2802
f 2366/1631/2803 2363/1633/2803 2364/1632/2803
f 2365/1634/2803 2364/1632/2803 2363/1633/2803
f 2362/1635/2804 2359/1637/2804 2360/1636/2804
f 2361/1638/2804 2360/1636/2804 2359/1637/2804
f 2358/1386/2805 2355/1386/2806 2356/1387/2807
f 2357/1387/2808 2356/1387/2807 2355/1386/2806
f 2354/1387/2809 2351/1387/2809 2352/1388/2810
f 2353/1388/2810 2352/1388/2810 2351/1387/2809
f 2350/1388/2811 2347/1388/2811 2348/1385/2812
f 2349/1385/2812 2348/1385/2812 2347/1388/2811
f 2346/1385/2813 2343/1385/2814 2344/1383/2815
f 2345/1383/2816 2344/1383/2815 2343/1385/2814
f 2342/1383/2817 2339/1383/2817 2340/1384/2817
f 2341/1384/2817 2340/1384/2817 2339/1383/2817
f 2338/1384/727 2335/1384/727 2336/1389/727
f 2337/1389/727 2336/1389/727 2335/1384/727
f 2334/1389/2818 2331/1389/2819 2332/1386/2819
f 2333/1386/2819 2332/1386/2819 2331/1389/2819
f 2330/1389/2820 2328/1384/2821 2327/1386/2822
f 2329/1383/2823 2325/1385/2824 2328/1384/2821
f 2328/1384/2821 2325/1385/2824 2327/1386/2822
f 2327/1386/2822 2325/1385/2824 2326/1387/2825
f 2326/1387/2825 2325/1385/2824 2324/1388/2826
f 2323/1464/727 2319/1466/727 2322/1465/727
f 2322/1465/727 2319/1466/727 2321/1467/727
f 2321/1467/727 2319/1466/727 2320/1468/727
f 2320/1468/727 2319/1466/727 2318/1469/727
f 2317/1502/727 2313/1504/727 2316/1503/727
f 2316/1503/727 2313/1504/727 2315/1505/727
f 2315/1505/727 2313/1504/727 2314/1506/727
f 2314/1506/727 2313/1504/727 2312/1507/727
f 2311/1524/2827 2308/2423/2828 2309/1522/2829
f 2310/2424/2830 2309/1522/2829 2308/2423/2828
f 2307/1523/2831 2304/2425/2832 2305/1524/2833
f 2306/2423/2834 2305/1524/2833 2304/2425/2832
f 2303/1525/2835 2300/2426/2836 2301/1523/2836
f 2302/2425/2837 2301/1523/2836 2300/2426/2836
f 2299/1521/2838 2296/2427/2839 2297/1525/2839
f 2298/2426/2840 2297/1525/2839 2296/2427/2839
f 2295/1520/2841 2292/2428/2842 2293/1521/2843
f 2294/2427/2844 2293/1521/2843 2292/2428/2842
f 2291/1522/2845 2288/2424/2846 2289/1520/2847
f 2290/2428/2848 2289/1520/2847 2288/2424/2846
f 2287/2429/2849 2284/1535/2850 2285/2430/2851
f 2286/1537/2852 2285/2430/2851 2284/1535/2850
f 2283/2430/2853 2280/1537/2854 2281/2431/2855
f 2282/1533/2856 2281/2431/2855 2280/1537/2854
f 2279/2431/2857 2276/1533/2858 2277/2432/2858
f 2278/1532/2859 2277/2432/2858 2276/1533/2858
f 2275/2432/2860 2272/1532/2861 2273/2433/2861
f 2274/1534/2862 2273/2433/2861 2272/1532/2861
f 2271/2433/2863 2268/1534/2864 2269/2434/2865
f 2270/1536/2866 2269/2434/2865 2268/1534/2864
f 2267/2434/2867 2264/1536/2868 2265/2429/2867
f 2266/1535/2869 2265/2429/2867 2264/1536/2868
f 2263/1548/2870 2260/2435/2871 2261/1546/2872
f 2262/2436/2871 2261/1546/2872 2260/2435/2871
f 2259/1547/2873 2256/2437/2874 2257/1548/2873
f 2258/2435/2875 2257/1548/2873 2256/2437/2874
f 2255/1549/2876 2252/2438/2877 2253/1547/2877
f 2254/2437/2878 2253/1547/2877 2252/2438/2877
f 2251/1545/2879 2248/2439/2880 2249/1549/2880
f 2250/2438/2881 2249/1549/2880 2248/2439/2880
f 2247/1544/2882 2244/2440/2883 2245/1545/2884
f 2246/2439/2885 2245/1545/2884 2244/2440/2883
f 2243/1546/2886 2240/2436/2887 2241/1544/2888
f 2242/2440/2889 2241/1544/2888 2240/2436/2887
f 2239/1560/2890 2236/2441/2891 2237/1558/2890
f 2238/2442/2892 2237/1558/2890 2236/2441/2891
f 2235/1559/2893 2232/2443/2894 2233/1560/2893
f 2234/2441/2895 2233/1560/2893 2232/2443/2894
f 2231/1561/2896 2228/2444/2897 2229/1559/2898
f 2230/2443/2899 2229/1559/2898 2228/2444/2897
f 2227/1557/2900 2224/2445/2901 2225/1561/2901
f 2226/2444/2902 2225/1561/2901 2224/2445/2901
f 2223/1556/2903 2220/2446/2904 2221/1557/2905
f 2222/2445/2904 2221/1557/2905 2220/2446/2904
f 2219/1558/2906 2216/2442/2907 2217/1556/2908
f 2218/2446/2909 2217/1556/2908 2216/2442/2907
f 2215/1572/2910 2212/2447/2911 2213/1570/2912
f 2214/2448/2913 2213/1570/2912 2212/2447/2911
f 2211/1571/2914 2208/2449/2915 2209/1572/2916
f 2210/2447/2915 2209/1572/2916 2208/2449/2915
f 2207/1573/2917 2204/2450/2918 2205/1571/2918
f 2206/2449/2919 2205/1571/2918 2204/2450/2918
f 2203/1569/2920 2200/2445/2921 2201/1573/2921
f 2202/2450/2922 2201/1573/2921 2200/2445/2921
f 2199/1568/2923 2196/2451/2924 2197/1569/2925
f 2198/2445/2926 2197/1569/2925 2196/2451/2924
f 2195/1570/2906 2192/2448/2907 2193/1568/2927
f 2194/2451/2928 2193/1568/2927 2192/2448/2907
f 2191/2452/2929 2189/2453/2930 2186/2454/2931
f 2189/2453/2930 2190/2455/2932 2188/2456/2933
f 2189/2453/2930 2188/2456/2933 2186/2454/2931
f 2188/2456/2933 2187/2457/2934 2186/2454/2931
f 2182/2454/2935 2185/2458/2936 2184/2459/2937
f 2184/2459/2937 2183/2452/2938 2182/2454/2935
f 2178/2452/2939 2181/2459/2939 2180/2460/2939
f 2180/2460/2939 2179/2453/2939 2178/2452/2939
f 2174/2453/2940 2177/2460/2941 2176/2461/2942
f 2176/2461/2942 2175/2455/2943 2174/2453/2940
f 2170/2455/2944 2173/2461/2945 2172/2462/2946
f 2172/2462/2946 2171/2456/2947 2170/2455/2944
f 2166/2456/2948 2169/2462/2948 2168/2463/2948
f 2168/2463/2948 2167/2457/2948 2166/2456/2948
f 2162/2457/2949 2165/2463/2950 2164/2458/2950
f 2164/2458/2950 2163/2454/2949 2162/2457/2949
f 2161/2464/2951 2159/2465/2952 2156/2466/2953
f 2159/2465/2952 2160/2467/2954 2158/2468/2955
f 2159/2465/2952 2158/2468/2955 2156/2466/2953
f 2158/2468/2955 2157/2469/2956 2156/2466/2953
f 2155/2470/2957 2153/2471/2958 2150/2472/2959
f 2153/2471/2958 2154/2473/2960 2152/2474/2961
f 2153/2471/2958 2152/2474/2961 2150/2472/2959
f 2152/2474/2961 2151/2475/2962 2150/2472/2959
f 2146/2472/2963 2149/2476/2964 2148/2477/2965
f 2148/2477/2965 2147/2470/2966 2146/2472/2963
f 2142/2470/2967 2145/2477/2968 2144/2478/2968
f 2144/2478/2968 2143/2471/2967 2142/2470/2967
f 2138/2471/2969 2141/2478/2970 2140/2479/2971
f 2140/2479/2971 2139/2473/2972 2138/2471/2969
f 2134/2473/2973 2137/2479/2974 2136/2480/2975
f 2136/2480/2975 2135/2474/2976 2134/2473/2973
f 2130/2474/2977 2133/2480/2978 2132/2481/2978
f 2132/2481/2978 2131/2475/2977 2130/2474/2977
f 2126/2475/2979 2129/2481/2980 2128/2476/2981
f 2128/2476/2981 2127/2472/2982 2126/2475/2979
f 2125/2482/2983 2123/2483/2984 2120/2484/2985
f 2123/2483/2984 2124/2485/2986 2122/2486/2987
f 2123/2483/2984 2122/2486/2987 2120/2484/2985
f 2122/2486/2987 2121/2487/2988 2120/2484/2985
f 2119/2488/2989 2117/2489/2990 2114/2490/2991
f 2117/2489/2990 2118/2491/2992 2116/2492/2993
f 2117/2489/2990 2116/2492/2993 2114/2490/2991
f 2116/2492/2993 2115/2493/2994 2114/2490/2991
f 2110/2490/2995 2113/2494/2995 2112/2495/2995
f 2112/2495/2995 2111/2488/2995 2110/2490/2995
f 2106/2488/2996 2109/2495/2997 2108/2496/2998
f 2108/2496/2998 2107/2489/2996 2106/2488/2996
f 2102/2489/2999 2105/2496/3000 2104/2461/3001
f 2104/2461/3001 2103/2491/3002 2102/2489/2999
f 2098/2491/3003 2101/2461/3004 2100/2462/3005
f 2100/2462/3005 2099/2492/3006 2098/2491/3003
f 2094/2492/3007 2097/2462/3007 2096/2497/3007
f 2096/2497/3007 2095/2493/3007 2094/2492/3007
f 2090/2493/3008 2093/2497/3008 2092/2494/3008
f 2092/2494/3008 2091/2490/3008 2090/2493/3008
f 2089/2498/3009 2087/2499/3010 2084/2500/3011
f 2087/2499/3010 2088/2501/3012 2086/2502/3013
f 2087/2499/3010 2086/2502/3013 2084/2500/3011
f 2086/2502/3013 2085/2503/3014 2084/2500/3011
f 2083/1639/3015 2081/1642/3016 2078/1650/3017
f 2081/1642/3016 2082/1644/3018 2080/1646/3019
f 2081/1642/3016 2080/1646/3019 2078/1650/3017
f 2080/1646/3019 2079/1648/3020 2078/1650/3017
f 2074/1650/3021 2077/1649/3022 2076/1640/3023
f 2076/1640/3023 2075/1639/3024 2074/1650/3021
f 2073/2504/3025 2071/2505/3026 2068/2506/3027
f 2071/2505/3026 2072/2507/3028 2070/2508/3029
f 2071/2505/3026 2070/2508/3029 2068/2506/3027
f 2070/2508/3029 2069/2509/3030 2068/2506/3027
f 2064/2506/3031 2067/2510/3031 2066/2511/3031
f 2066/2511/3031 2065/2504/3031 2064/2506/3031
f 2060/2504/3032 2063/2511/3033 2062/2512/3034
f 2062/2512/3034 2061/2505/3035 2060/2504/3032
f 2056/2505/3036 2059/2512/3037 2058/2513/3036
f 2058/2513/3036 2057/2507/3038 2056/2505/3036
f 2052/2507/3039 2055/2513/3040 2054/2514/3039
f 2054/2514/3039 2053/2508/3041 2052/2507/3039
f 2048/2508/3042 2051/2514/3043 2050/2515/3044
f 2050/2515/3044 2049/2509/3045 2048/2508/3042
f 2044/2509/3046 2047/2515/3047 2046/2510/3048
f 2046/2510/3048 2045/2506/3046 2044/2509/3046
f 2043/2516/3049 2041/2517/3050 2038/2518/3051
f 2041/2517/3050 2042/2519/3052 2040/2520/3053
f 2041/2517/3050 2040/2520/3053 2038/2518/3051
f 2040/2520/3053 2039/2521/3054 2038/2518/3051
f 2037/2522/3055 2034/2523/3055 2035/1581/3055
f 2036/1585/3055 2035/1581/3055 2034/2523/3055
f 2033/2523/3056 2030/2524/3056 2031/1585/3056
f 2032/1583/3056 2031/1585/3056 2030/2524/3056
f 2029/2524/3057 2026/2525/3058 2027/1583/3058
f 2028/1584/3059 2027/1583/3058 2026/2525/3058
f 2025/2525/3060 2022/2526/3061 2023/1584/3061
f 2024/1582/3062 2023/1584/3061 2022/2526/3061
f 2021/2526/3063 2018/2527/3064 2019/1582/3065
f 2020/1580/3066 2019/1582/3065 2018/2527/3064
f 2017/2527/3067 2014/2522/3068 2015/1580/3069
f 2016/1581/3070 2015/1580/3069 2014/2522/3068
f 2013/2528/3071 1998/2529/3072 1999/2528/3073
f 1999/2528/3073 2012/2530/3074 2013/2528/3071
f 2011/2530/3075 2013/2528/3071 2012/2530/3074
f 2012/2530/3074 2010/2531/3076 2011/2530/3075
f 2009/2531/3077 2011/2530/3075 2010/2531/3076
f 2010/2531/3076 2008/2532/3078 2009/2531/3077
f 2007/2532/3079 2009/2531/3077 2008/2532/3078
f 2008/2532/3078 2006/2533/3080 2007/2532/3079
f 2005/2533/3081 2007/2532/3079 2006/2533/3080
f 2006/2533/3080 2004/2534/3082 2005/2533/3081
f 2003/2534/3083 2005/2533/3081 2004/2534/3082
f 2004/2534/3082 2002/2535/3084 2003/2534/3083
f 2001/2535/3085 2003/2534/3083 2002/2535/3084
f 2002/2535/3084 2000/2529/3086 2001/2535/3085
f 1998/2529/3072 2001/2535/3085 2000/2529/3086
f 2000/2529/3086 1999/2528/3073 1998/2529/3072
f 1997/2528/579 1982/2529/579 1983/1697/579
f 1983/1697/579 1996/1698/579 1997/2528/579
f 1995/2530/579 1997/2528/579 1996/1698/579
f 1996/1698/579 1994/1699/579 1995/2530/579
f 1993/2531/579 1995/2530/579 1994/1699/579
f 1994/1699/579 1992/1700/579 1993/2531/579
f 1991/2532/579 1993/2531/579 1992/1700/579
f 1992/1700/579 1990/1710/579 1991/2532/579
f 1989/2533/579 1991/2532/579 1990/1710/579
f 1990/1710/579 1988/1711/579 1989/2533/579
f 1987/2534/579 1989/2533/579 1988/1711/579
f 1988/1711/579 1986/1712/579 1987/2534/579
f 1985/2535/579 1987/2534/579 1986/1712/579
f 1986/1712/579 1984/1713/579 1985/2535/579
f 1982/2529/579 1985/2535/579 1984/1713/579
f 1984/1713/579 1983/1697/579 1982/2529/579
f 1981/1713/725 1978/1697/725 1979/1713/725
f 1980/1697/725 1979/1713/725 1978/1697/725
f 1977/1700/727 1974/1710/727 1975/1700/727
f 1976/1710/727 1975/1700/727 1974/1710/727
f 1973/2536/579 1972/2537/579 1970/2538/579
f 1972/2537/579 1971/2539/579 1970/2538/579
f 1971/2539/579 1966/2540/579 1970/2538/579
f 1969/2541/579 1970/2538/579 1966/2540/579
f 1967/2542/579 1969/2541/579 1966/2540/579
f 1968/2543/579 1967/2542/579 1966/2540/579
f 1965/1718/3087 1962/2544/3088 1963/1716/3089
f 1964/2545/3090 1963/1716/3089 1962/2544/3088
f 1961/1717/3091 1958/2546/3092 1959/1718/3093
f 1960/2544/3094 1959/1718/3093 1958/2546/3092
f 1957/1719/3095 1954/2547/3096 1955/1717/3097
f 1956/2546/3098 1955/1717/3097 1954/2547/3096
f 1953/1715/3099 1950/2548/3100 1951/1719/3101
f 1952/2547/3102 1951/1719/3101 1950/2548/3100
f 1949/1714/3103 1946/2549/3104 1947/1715/3105
f 1948/2548/3106 1947/1715/3105 1946/2549/3104
f 1945/1716/3107 1942/2545/3108 1943/1714/3108
f 1944/2549/3109 1943/1714/3108 1942/2545/3108
f 1941/1729/3110 1938/1730/3110 1939/1728/3110
f 1940/1732/3110 1939/1728/3110 1938/1730/3110
f 1937/1727/832 1934/1731/832 1935/1729/832
f 1936/1730/832 1935/1729/832 1934/1731/832
f 1933/1726/3111 1930/1733/3111 1931/1727/3111
f 1932/1731/3111 1931/1727/3111 1930/1733/3111
f 1929/1727/3112 1926/1731/3112 1927/1726/3112
f 1928/1733/3112 1927/1726/3112 1926/1731/3112
f 1925/1729/831 1922/1730/831 1923/1727/831
f 1924/1731/831 1923/1727/831 1922/1730/831
f 1921/1728/3113 1918/1732/3113 1919/1729/3113
f 1920/1730/3113 1919/1729/3113 1918/1732/3113
f 1917/2081/3114 1914/2082/3114 1915/2080/3114
f 1916/2084/3114 1915/2080/3114 1914/2082/3114
f 1913/2079/832 1910/2083/832 1911/2081/832
f 1912/2082/832 1911/2081/832 1910/2083/832
f 1909/2078/3115 1906/2085/3115 1907/2079/3115
f 1908/2083/3115 1907/2079/3115 1906/2085/3115
f 1905/2079/3116 1902/2083/3116 1903/2078/3116
f 1904/2085/3116 1903/2078/3116 1902/2083/3116
f 1901/2081/831 1898/2082/831 1899/2079/831
f 1900/2083/831 1899/2079/831 1898/2082/831
f 1897/2080/3117 1894/2084/3117 1895/2081/3117
f 1896/2082/3117 1895/2081/3117 1894/2084/3117
f 1893/2196/3118 1890/2197/3119 1891/2198/2439
f 1892/2200/3120 1891/2198/2439 1890/2197/3119
f 1889/2196/3121 1886/2197/3122 1887/2198/3120
f 1888/2200/3123 1887/2198/3120 1886/2197/3122
f 1885/2200/2612 1881/2198/3124 1884/2197/3125
f 1881/2198/3124 1882/2550/3126 1884/2197/3125
f 1883/2196/3122 1882/2550/3126 1881/2198/3124
f 1880/2196/3127 1877/2197/3128 1878/2198/2612
f 1879/2200/2614 1878/2198/2612 1877/2197/3128
f 1876/2196/2613 1873/2197/3129 1874/2198/3130
f 1875/2200/2598 1874/2198/3130 1873/2197/3129
f 1872/2196/2615 1869/2197/3131 1870/2198/3132
f 1871/2200/3133 1870/2198/3132 1869/2197/3131
f 1868/2200/3134 1864/2198/3135 1867/2197/3136
f 1864/2198/3135 1865/2551/3137 1867/2197/3136
f 1866/2196/3138 1865/2551/3137 1864/2198/3135
f 1863/2552/3139 1860/2553/3140 1861/2554/3141
f 1862/2555/3142 1861/2554/3141 1860/2553/3140
f 1859/2556/3143 1856/2197/3144 1857/2198/3145
f 1858/2200/3146 1857/2198/3145 1856/2197/3144
f 1854/2557/725 1853/2558/3147 1855/2559/725
f 1851/2560/3148 1853/2558/3147 1854/2557/725
f 1851/2560/3148 1852/2561/3149 1853/2558/3147
f 1851/2560/3148 1849/2562/3150 1852/2561/3149
f 1850/2563/725 1849/2562/3150 1851/2560/3148
f 1848/2564/3151 1849/2562/3150 1850/2563/725
f 1849/2562/3150 1848/2564/3151 1847/2565/3152
f 1846/2566/3153 1847/2565/3152 1848/2564/3151
f 1846/2566/3153 1845/2567/3154 1847/2565/3152
f 1843/2568/3155 1845/2567/3154 1846/2566/3153
f 1844/2569/3156 1845/2567/3154 1843/2568/3155
f 1844/2569/3156 1843/2568/3155 1842/2570/3157
f 1829/2571/3158 1840/2572/3159 1828/2573/3160
f 1840/2572/3159 1829/2571/3158 1841/2574/3161
f 1838/2575/3162 1840/2572/3159 1841/2574/3161
f 1840/2572/3159 1838/2575/3162 1839/2283/3163
f 1838/2575/3162 1836/2285/3164 1839/2283/3163
f 1836/2285/3164 1838/2575/3162 1837/2576/3165
f 1835/2577/3166 1836/2285/3164 1837/2576/3165
f 1836/2285/3164 1835/2577/3166 1834/2578/3167
f 1833/2579/3168 1834/2578/3167 1835/2577/3166
f 1834/2578/3167 1833/2579/3168 1831/2580/3169
f 1832/2581/3170 1831/2580/3169 1833/2579/3168
f 1830/2582/3171 1831/2580/3169 1832/2581/3170
f 1831/2580/3169 1830/2582/3171 1828/2573/3160
f 1830/2582/3171 1829/2571/3158 1828/2573/3160
f 1827/2583/831 1824/2584/831 1825/2585/831
f 1826/2586/831 1825/2585/831 1824/2584/831
f 1823/2587/832 1820/2588/832 1821/2589/832
f 1822/2590/832 1821/2589/832 1820/2588/832
f 1819/2586/727 1816/2587/727 1817/2585/727
f 1818/2589/727 1817/2585/727 1816/2587/727
f 1815/2591/1028 1812/2592/1028 1813/2586/1028
f 1814/2587/1028 1813/2586/1028 1812/2592/1028
f 1811/2593/725 1808/2594/725 1809/2595/725
f 1810/2596/725 1809/2595/725 1808/2594/725
f 1807/2585/579 1804/2589/579 1805/2593/579
f 1806/2594/579 1805/2593/579 1804/2589/579
f 1803/1660/831 1800/1659/831 1801/1658/831
f 1802/1657/831 1801/1658/831 1800/1659/831
f 1799/1661/832 1796/1662/832 1797/1663/832
f 1798/1664/832 1797/1663/832 1796/1662/832
f 1795/1659/1616 1792/1662/1616 1793/1665/1616
f 1794/1666/1616 1793/1665/1616 1792/1662/1616
f 1791/1660/1617 1788/1664/1617 1789/1659/1617
f 1790/1662/1617 1789/1659/1617 1788/1664/1617
f 1787/2583/831 1784/2584/831 1785/2585/831
f 1786/2586/831 1785/2585/831 1784/2584/831
f 1783/2587/832 1780/2588/832 1781/2589/832
f 1782/2590/832 1781/2589/832 1780/2588/832
f 1779/2586/727 1776/2587/727 1777/2585/727
f 1778/2589/727 1777/2585/727 1776/2587/727
f 1775/2591/1028 1772/2592/1028 1773/2586/1028
f 1774/2587/1028 1773/2586/1028 1772/2592/1028
f 1771/2593/725 1768/2594/725 1769/2595/725
f 1770/2596/725 1769/2595/725 1768/2594/725
f 1767/2585/579 1764/2589/579 1765/2593/579
f 1766/2594/579 1765/2593/579 1764/2589/579
f 1763/2289/3172 1760/2292/3173 1761/2288/3172
f 1762/2293/3173 1761/2288/3172 1760/2292/3173
f 1759/2287/727 1756/2290/727 1757/2289/727
f 1758/2292/727 1757/2289/727 1756/2290/727
f 1755/2286/3174 1752/2291/3175 1753/2287/3174
f 1754/2290/3175 1753/2287/3174 1752/2291/3175
f 1751/2287/3176 1748/2290/3177 1749/2286/3178
f 1750/2291/3177 1749/2286/3178 1748/2290/3177
f 1747/2289/725 1744/2292/725 1745/2287/725
f 1746/2290/725 1745/2287/725 1744/2292/725
f 1743/2288/3179 1740/2293/3180 1741/2289/3181
f 1742/2292/3182 1741/2289/3181 1740/2293/3180
f 1739/2597/3183 1731/2598/1183 1720/2599/3184
f 1739/2597/3183 1720/2599/3184 1718/2600/3185
f 1738/2601/3186 1719/2602/3187 1702/2603/3188
f 1738/2601/3186 1702/2603/3188 1737/2604/3189
f 1706/2605/3190 1737/2604/3189 1702/2603/3188
f 1737/2604/3189 1706/2605/3190 1736/2413/3191
f 1708/2606/3192 1736/2413/3191 1706/2605/3190
f 1736/2413/3191 1708/2606/3192 1735/2415/3193
f 1710/2607/3194 1735/2415/3193 1708/2606/3192
f 1735/2415/3193 1710/2607/3194 1734/2416/3195
f 1712/2608/3196 1734/2416/3195 1710/2607/3194
f 1734/2416/3195 1712/2608/3196 1733/2418/3197
f 1714/2609/3198 1733/2418/3197 1712/2608/3196
f 1733/2418/3197 1714/2609/3198 1732/2610/3199
f 1716/2611/3200 1732/2610/3199 1714/2609/3198
f 1732/2610/3199 1716/2611/3200 1731/2598/1183
f 1720/2599/3184 1731/2598/1183 1716/2611/3200
f 1716/2611/3200 1717/2612/3201 1720/2599/3184
f 1721/2613/3202 1720/2599/3184 1717/2612/3201
f 1717/2612/3201 1730/2614/3203 1721/2613/3202
f 1722/2615/3204 1721/2613/3202 1730/2614/3203
f 1730/2614/3203 1717/2612/3201 1729/2616/3205
f 1715/2617/3206 1729/2616/3205 1717/2612/3201
f 1729/2616/3205 1715/2617/3206 1728/2618/3207
f 1713/2619/3208 1728/2618/3207 1715/2617/3206
f 1728/2618/3207 1713/2619/3208 1727/2620/3209
f 1711/2621/3210 1727/2620/3209 1713/2619/3208
f 1727/2620/3209 1711/2621/3210 1726/2622/3211
f 1709/2623/3212 1726/2622/3211 1711/2621/3210
f 1726/2622/3211 1709/2623/3212 1725/2624/3213
f 1707/2625/3214 1725/2624/3213 1709/2623/3212
f 1725/2624/3213 1707/2625/3214 1724/2626/3215
f 1705/2627/3216 1724/2626/3215 1707/2625/3214
f 1724/2626/3215 1705/2627/3216 1723/2628/3217
f 1703/2629/3218 1723/2628/3217 1705/2627/3216
f 1723/2628/3217 1703/2629/3218 1722/2615/3204
f 1721/2613/3202 1722/2615/3204 1703/2629/3218
f 1703/2629/3218 1704/2630/3219 1721/2613/3202
f 1720/2599/3184 1721/2613/3202 1704/2630/3219
f 1704/2630/3219 1718/2600/3185 1720/2599/3184
f 1704/2630/3219 1702/2603/3188 1718/2600/3185
f 1719/2602/3187 1718/2600/3185 1702/2603/3188
f 1717/2612/3201 1716/2611/3200 1715/2617/3206
f 1714/2609/3198 1715/2617/3206 1716/2611/3200
f 1715/2617/3206 1714/2609/3198 1713/2619/3208
f 1712/2608/3196 1713/2619/3208 1714/2609/3198
f 1713/2619/3208 1712/2608/3196 1711/2621/3210
f 1710/2607/3194 1711/2621/3210 1712/2608/3196
f 1711/2621/3210 1710/2607/3194 1709/2623/3212
f 1708/2606/3192 1709/2623/3212 1710/2607/3194
f 1709/2623/3212 1708/2606/3192 1707/2625/3214
f 1706/2605/3190 1707/2625/3214 1708/2606/3192
f 1707/2625/3214 1706/2605/3190 1705/2627/3216
f 1702/2603/3188 1705/2627/3216 1706/2605/3190
f 1705/2627/3216 1702/2603/3188 1703/2629/3218
f 1704/2630/3219 1703/2629/3218 1702/2603/3188
f 1701/2631/725 1698/2632/725 1699/2633/725
f 1700/2634/725 1699/2633/725 1698/2632/725
f 1697/2632/832 1694/2635/832 1695/2634/832
f 1696/2636/832 1695/2634/832 1694/2635/832
f 1693/2634/1028 1690/2637/1028 1691/2633/1028
f 1692/2638/1028 1691/2633/1028 1690/2637/1028
f 1689/2633/831 1686/2639/831 1687/2631/831
f 1688/2640/831 1687/2631/831 1686/2639/831
f 1685/2631/579 1682/2641/579 1683/2632/579
f 1684/2642/579 1683/2632/579 1682/2641/579
f 1681/2643/3220 1678/2644/3220 1679/2645/3220
f 1680/2646/3220 1679/2645/3220 1678/2644/3220
f 1677/2645/3221 1674/2646/3221 1675/2647/3221
f 1676/2648/3221 1675/2647/3221 1674/2646/3221
f 1673/2647/727 1670/2648/727 1671/2649/727
f 1672/2650/727 1671/2649/727 1670/2648/727
f 1669/2649/3222 1666/2650/3222 1667/2651/3222
f 1668/2652/3222 1667/2651/3222 1666/2650/3222
f 1665/2651/3223 1662/2652/3223 1663/2643/3223
f 1664/2644/3223 1663/2643/3223 1662/2652/3223
f 1661/2649/579 1657/2651/579 1660/2647/579
f 1657/2651/579 1658/2645/579 1660/2647/579
f 1659/2643/579 1658/2645/579 1657/2651/579
f 1656/1112/3224 1653/1114/3224 1654/2653/3225
f 1655/2654/3226 1654/2653/3225 1653/1114/3224
f 1652/1693/579 1649/1694/579 1650/2655/3227
f 1651/2656/3225 1650/2655/3227 1649/1694/579
f 1648/1114/3228 1645/1112/3228 1646/2657/1692
f 1647/2658/3229 1646/2657/1692 1645/1112/3228
f 1631/2659/3230 1632/2660/3231 1644/2661/3232
f 1634/2662/3233 1644/2661/3232 1632/2660/3231
f 1644/2661/3232 1634/2662/3233 1636/2663/3234
f 1638/2664/3235 1644/2661/3232 1636/2663/3234
f 1643/2665/3236 1644/2661/3232 1638/2664/3235
f 1638/2664/3235 1640/2666/3237 1643/2665/3236
f 1640/2666/3237 1522/2667/3238 1643/2665/3236
f 1522/2667/3238 1640/2666/3237 1532/2668/3239
f 1527/2669/3240 1552/1258/725 1529/1102/3241
f 1552/1258/725 1527/2669/3240 1642/1259/725
f 1532/2668/3239 1642/1259/725 1527/2669/3240
f 1642/1259/725 1532/2668/3239 1641/1260/725
f 1640/2666/3237 1641/1260/725 1532/2668/3239
f 1641/1260/725 1640/2666/3237 1639/1261/725
f 1638/2664/3235 1639/1261/725 1640/2666/3237
f 1639/1261/725 1638/2664/3235 1637/1262/725
f 1636/2663/3234 1637/1262/725 1638/2664/3235
f 1637/1262/725 1636/2663/3234 1635/1263/725
f 1634/2662/3233 1635/1263/725 1636/2663/3234
f 1635/1263/725 1634/2662/3233 1633/1264/725
f 1632/2660/3231 1633/1264/725 1634/2662/3233
f 1633/1264/725 1632/2660/3231 1579/1265/725
f 1578/2670/3242 1579/1265/725 1632/2660/3231
f 1631/2659/3230 1578/2670/3242 1632/2660/3231
f 1631/2659/3230 1569/2671/3243 1578/2670/3242
f 1631/2659/3230 1622/2672/3244 1569/2671/3243
f 1562/2673/3245 1569/2671/3243 1622/2672/3244
f 1622/2672/3244 1609/2674/3246 1562/2673/3245
f 1563/2675/3247 1562/2673/3245 1609/2674/3246
f 1609/2674/3246 1610/2676/725 1563/2675/3247
f 1630/2677/725 1563/2675/3247 1610/2676/725
f 1563/2675/3247 1630/2677/725 1565/2678/3248
f 1629/2679/725 1565/2678/3248 1630/2677/725
f 1565/2678/3248 1629/2679/725 1567/2680/3249
f 1628/2681/725 1567/2680/3249 1629/2679/725
f 1567/2680/3249 1628/2681/725 1584/2682/3250
f 1627/2683/725 1584/2682/3250 1628/2681/725
f 1584/2682/3250 1627/2683/725 1585/2684/3251
f 1626/2685/725 1585/2684/3251 1627/2683/725
f 1585/2684/3251 1626/2685/725 1599/2686/3252
f 1625/2687/725 1599/2686/3252 1626/2685/725
f 1599/2686/3252 1625/2687/725 1593/2688/3253
f 1621/2689/725 1593/2688/3253 1625/2687/725
f 1593/2688/3253 1621/2689/725 1594/2690/3254
f 1608/2691/725 1611/2692/3255 1624/2693/725
f 1614/2694/3256 1624/2693/725 1611/2692/3255
f 1624/2693/725 1614/2694/3256 1623/2695/725
f 1615/2696/3257 1623/2695/725 1614/2694/3256
f 1623/2695/725 1615/2696/3257 1616/2697/725
f 1622/2672/3244 1612/2698/3258 1609/2674/3246
f 1620/2699/725 1594/2690/3254 1621/2689/725
f 1594/2690/3254 1620/2699/725 1596/2700/3259
f 1619/2701/725 1596/2700/3259 1620/2699/725
f 1596/2700/3259 1619/2701/725 1597/2702/3260
f 1618/2703/725 1597/2702/3260 1619/2701/725
f 1597/2702/3260 1618/2703/725 1601/2704/3261
f 1617/2705/725 1601/2704/3261 1618/2703/725
f 1601/2704/3261 1617/2705/725 1607/2706/3262
f 1616/2697/725 1607/2706/3262 1617/2705/725
f 1607/2706/3262 1616/2697/725 1615/2696/3257
f 1615/2696/3257 1606/2707/3263 1607/2706/3262
f 1615/2696/3257 1614/2694/3256 1606/2707/3263
f 1613/2708/3264 1606/2707/3263 1614/2694/3256
f 1614/2694/3256 1611/2692/3255 1613/2708/3264
f 1612/2698/3258 1613/2708/3264 1611/2692/3255
f 1611/2692/3255 1609/2674/3246 1612/2698/3258
f 1611/2692/3255 1608/2691/725 1609/2674/3246
f 1610/2676/725 1609/2674/3246 1608/2691/725
f 1607/2706/3262 1603/2709/1019 1601/2704/3261
f 1603/2709/1019 1607/2706/3262 1606/2707/3263
f 1605/2710/3265 1604/2711/1017 1588/2712/3266
f 1590/2713/3267 1605/2710/3265 1588/2712/3266
f 1590/2713/3267 1592/2714/3268 1605/2710/3265
f 1595/2715/3269 1605/2710/3265 1592/2714/3268
f 1605/2710/3265 1595/2715/3269 1604/2711/1017
f 1600/2716/3270 1604/2711/1017 1595/2715/3269
f 1604/2711/1017 1600/2716/3270 1602/2717/3271
f 1604/2711/1017 1602/2717/3271 1603/2709/1019
f 1602/2717/3271 1601/2704/3261 1603/2709/1019
f 1602/2717/3271 1600/2716/3270 1601/2704/3261
f 1597/2702/3260 1601/2704/3261 1600/2716/3270
f 1600/2716/3270 1595/2715/3269 1597/2702/3260
f 1599/2686/3252 1593/2688/3253 1598/2718/3272
f 1585/2684/3251 1599/2686/3252 1586/2719/3273
f 1598/2718/3272 1586/2719/3273 1599/2686/3252
f 1598/2718/3272 1587/2720/3274 1586/2719/3273
f 1587/2720/3274 1598/2718/3272 1589/2721/3275
f 1591/2722/3276 1589/2721/3275 1598/2718/3272
f 1591/2722/3276 1598/2718/3272 1593/2688/3253
f 1596/2700/3259 1597/2702/3260 1595/2715/3269
f 1596/2700/3259 1595/2715/3269 1594/2690/3254
f 1592/2714/3268 1594/2690/3254 1595/2715/3269
f 1594/2690/3254 1592/2714/3268 1593/2688/3253
f 1591/2722/3276 1593/2688/3253 1592/2714/3268
f 1592/2714/3268 1590/2713/3267 1591/2722/3276
f 1589/2721/3275 1591/2722/3276 1590/2713/3267
f 1589/2721/3275 1590/2713/3267 1588/2712/3266
f 1587/2720/3274 1589/2721/3275 1588/2712/3266
f 1582/2723/3277 1587/2720/3274 1588/2712/3266
f 1575/2724/3278 1587/2720/3274 1582/2723/3277
f 1575/2724/3278 1586/2719/3273 1587/2720/3274
f 1575/2724/3278 1576/2725/3279 1586/2719/3273
f 1586/2719/3273 1576/2725/3279 1585/2684/3251
f 1576/2725/3279 1574/2726/3280 1585/2684/3251
f 1574/2726/3280 1584/2682/3250 1585/2684/3251
f 1574/2726/3280 1566/2727/3281 1584/2682/3250
f 1567/2680/3249 1584/2682/3250 1566/2727/3281
f 1583/2728/3282 1575/2724/3278 1582/2723/3277
f 1577/1266/725 1580/2729/3283 1581/1267/725
f 1581/1267/725 1570/2730/3284 1571/1268/725
f 1570/2730/3284 1581/1267/725 1580/2729/3283
f 1580/2729/3283 1569/2671/3243 1570/2730/3284
f 1580/2729/3283 1578/2670/3242 1569/2671/3243
f 1580/2729/3283 1577/1266/725 1578/2670/3242
f 1579/1265/725 1578/2670/3242 1577/1266/725
f 1574/2726/3280 1576/2725/3279 1572/2731/3285
f 1576/2725/3279 1575/2724/3278 1572/2731/3285
f 1575/2724/3278 1573/2732/3286 1572/2731/3285
f 1513/2733/3287 1573/2732/3286 1575/2724/3278
f 1573/2732/3286 1513/2733/3287 1542/1748/3288
f 1564/2734/3289 1559/2735/3290 1561/2736/3291
f 1564/2734/3289 1566/2727/3281 1559/2735/3290
f 1568/2737/3292 1559/2735/3290 1566/2727/3281
f 1566/2727/3281 1574/2726/3280 1568/2737/3292
f 1572/2731/3285 1568/2737/3292 1574/2726/3280
f 1568/2737/3292 1572/2731/3285 1557/2738/3293
f 1572/2731/3285 1550/2739/3294 1557/2738/3293
f 1550/2739/3294 1572/2731/3285 1542/1748/3288
f 1573/2732/3286 1542/1748/3288 1572/2731/3285
f 1571/1268/725 1558/2740/3295 1556/1269/725
f 1558/2740/3295 1571/1268/725 1570/2730/3284
f 1570/2730/3284 1560/2741/3296 1558/2740/3295
f 1560/2741/3296 1570/2730/3284 1569/2671/3243
f 1569/2671/3243 1562/2673/3245 1560/2741/3296
f 1559/2735/3290 1568/2737/3292 1557/2738/3293
f 1567/2680/3249 1566/2727/3281 1565/2678/3248
f 1564/2734/3289 1565/2678/3248 1566/2727/3281
f 1565/2678/3248 1564/2734/3289 1563/2675/3247
f 1564/2734/3289 1561/2736/3291 1563/2675/3247
f 1561/2736/3291 1562/2673/3245 1563/2675/3247
f 1561/2736/3291 1560/2741/3296 1562/2673/3245
f 1560/2741/3296 1561/2736/3291 1559/2735/3290
f 1559/2735/3290 1558/2740/3295 1560/2741/3296
f 1558/2740/3295 1559/2735/3290 1557/2738/3293
f 1557/2738/3293 1556/1269/725 1558/2740/3295
f 1550/2739/3294 1556/1269/725 1557/2738/3293
f 1556/1269/725 1550/2739/3294 1555/1270/725
f 1554/1271/3297 1555/1270/725 1550/2739/3294
f 1554/1271/3297 1550/2739/3294 1546/1747/3298
f 1553/1257/3299 1554/1271/3297 1546/1747/3298
f 1529/1102/3241 1553/1257/3299 1546/1747/3298
f 1553/1257/3299 1529/1102/3241 1551/1256/725
f 1552/1258/725 1551/1256/725 1529/1102/3241
f 1546/1747/3298 1550/2739/3294 1549/1749/3300
f 1548/1709/3301 1544/1708/3302 1547/1745/3303
f 1529/1102/3241 1547/1745/3303 1544/1708/3302
f 1547/1745/3303 1529/1102/3241 1546/1747/3298
f 1545/1103/3304 1529/1102/3241 1544/1708/3302
f 1543/1703/3305 1540/1744/3306 1539/1701/3307
f 1541/1746/3308 1542/1748/3288 1513/2733/3287
f 1513/2733/3287 1540/1744/3306 1541/1746/3308
f 1513/2733/3287 1514/1108/3309 1540/1744/3306
f 1540/1744/3306 1514/1108/3309 1539/1701/3307
f 1514/1108/3309 1538/1702/3310 1539/1701/3307
f 1519/2742/3311 1538/1702/3310 1514/1108/3309
f 1519/2742/3311 1537/1734/3312 1538/1702/3310
f 1537/1734/3312 1519/2742/3311 1536/1735/3313
f 1519/2742/3311 1535/1736/3314 1536/1735/3313
f 1522/2667/3238 1535/1736/3314 1519/2742/3311
f 1534/1737/3315 1535/1736/3314 1522/2667/3238
f 1533/1707/3316 1534/1737/3315 1522/2667/3238
f 1533/1707/3316 1522/2667/3238 1531/1706/3317
f 1532/2668/3239 1531/1706/3317 1522/2667/3238
f 1532/2668/3239 1527/2669/3240 1531/1706/3317
f 1530/1705/3318 1531/1706/3317 1527/2669/3240
f 1530/1705/3318 1527/2669/3240 1528/1104/3319
f 1529/1102/3241 1528/1104/3319 1527/2669/3240
f 1526/2743/3320 1522/2667/3238 1521/1110/3321
f 1524/2744/3322 1526/2743/3320 1521/1110/3321
f 1521/1110/3321 1525/1111/3323 1524/2744/3322
f 1519/2742/3311 1523/1109/3324 1521/1110/3321
f 1522/2667/3238 1519/2742/3311 1521/1110/3321
f 1520/1109/3325 1519/2742/3311 1514/1108/3309
f 1518/1106/3326 1516/1105/3327 1517/2745/3328
f 1513/2733/3287 1517/2745/3328 1516/1105/3327
f 1513/2733/3287 1516/1105/3327 1515/1107/3329
f 1515/1107/3329 1514/1108/3309 1513/2733/3287
f 1512/1748/3330 1511/1749/3330 1510/2739/3330
