# Blender 5.2.2 LTS
# www.blender.org
mtllib v1.mtl
o base
v 0.257812 -0.000240 -0.058319
v 0.264404 0.047241 -0.000023
v 0.264404 -0.000240 -0.000023
v 0.257812 0.047241 -0.058319
v 0.238525 -0.000240 -0.113709
v 0.264404 0.130371 -0.000023
v 0.257812 0.130371 -0.058319
v 0.236328 0.046936 -0.120483
v 0.238525 0.130371 -0.113708
v 0.207275 0.130371 -0.163574
v 0.207275 0.047241 -0.163574
v 0.223877 0.039124 -0.117859
v 0.225220 -0.000241 -0.110901
v 0.196533 -0.000241 -0.156860
v 0.196533 0.038818 -0.156860
v 0.165771 0.047241 -0.205200
v 0.159058 0.038818 -0.194458
v 0.159058 -0.000241 -0.194458
v 0.165771 0.130371 -0.205200
v 0.119873 0.039124 -0.222168
v 0.122498 0.046936 -0.234619
v 0.113159 -0.000241 -0.223267
v 0.115967 -0.000240 -0.236572
v 0.115967 0.130371 -0.236572
v 0.060455 0.047241 -0.256104
v 0.060455 -0.000240 -0.256104
v 0.060455 0.130371 -0.256104
v -0.000036 -0.000240 -0.262695
v -0.000036 0.047241 -0.262695
v -0.000036 0.130371 -0.262695
v -0.061005 -0.000240 -0.255127
v -0.061005 0.047241 -0.255127
v -0.061005 0.130371 -0.255127
v -0.112061 -0.000240 -0.236938
v -0.116394 0.046997 -0.235352
v -0.112061 0.130371 -0.236938
v -0.161865 0.130371 -0.205688
v -0.161865 0.047241 -0.205688
v -0.113525 0.039185 -0.223022
v -0.109009 -0.000241 -0.223755
v -0.155273 -0.000241 -0.195068
v -0.155273 0.038940 -0.195068
v -0.203613 0.047241 -0.164185
v -0.192871 0.038940 -0.157471
v -0.192871 -0.000241 -0.157471
v -0.203613 0.130371 -0.164185
v -0.219849 0.039185 -0.117004
v -0.232178 0.046997 -0.119873
v -0.221802 -0.000241 -0.111267
v -0.234985 -0.000240 -0.114380
v -0.234985 0.130371 -0.114380
v -0.254395 0.047241 -0.058868
v -0.254395 -0.000240 -0.058868
v -0.254395 0.130371 -0.058868
v -0.261230 -0.000240 -0.000023
v -0.261230 0.047241 -0.000023
v -0.261230 0.130371 -0.000023
v -0.253418 -0.000240 0.063354
v -0.253418 0.047241 0.063354
v -0.253418 0.130371 0.063354
v -0.235352 -0.000240 0.113647
v -0.230835 0.046844 0.121033
v -0.235352 0.130371 0.113647
v -0.204102 0.130371 0.163574
v -0.204102 0.047241 0.163574
v -0.217896 0.038910 0.119263
v -0.221069 -0.000241 0.111694
v -0.192871 -0.000241 0.156982
v -0.192871 0.038483 0.156982
v -0.162476 0.047241 0.205200
v -0.156006 0.038483 0.193970
v -0.156006 -0.000241 0.193970
v -0.162476 0.130371 0.205200
v -0.117920 0.038910 0.219482
v -0.119751 0.046844 0.232422
v -0.110718 -0.000241 0.222412
v -0.112732 -0.000240 0.236572
v -0.112732 0.130371 0.236572
v -0.057220 0.047241 0.256104
v -0.057220 -0.000240 0.256104
v -0.057220 0.130371 0.256104
v -0.000036 -0.000240 0.262695
v -0.000036 0.047241 0.262695
v -0.000036 0.130371 0.262695
v 0.060699 -0.000240 0.256104
v 0.060699 0.047241 0.256104
v 0.060699 0.130371 0.256104
v 0.115295 -0.000240 0.236938
v 0.122009 0.046906 0.233521
v 0.115295 0.130371 0.236938
v 0.165161 0.130371 0.205688
v 0.165161 0.047241 0.205688
v 0.118958 0.039398 0.221802
v 0.112000 -0.000241 0.223999
v 0.158447 -0.000241 0.195068
v 0.158447 0.039032 0.195068
v 0.206787 0.047241 0.164062
v 0.196289 0.039032 0.157349
v 0.196289 -0.000241 0.157349
v 0.206787 0.130371 0.164062
v 0.222656 0.039398 0.118347
v 0.234497 0.046906 0.121399
v 0.225342 -0.000241 0.111023
v 0.238281 -0.000240 0.114319
v 0.238281 0.130371 0.114319
v 0.257812 0.047241 0.058838
v 0.257812 -0.000240 0.058838
v 0.257812 0.130371 0.058838
v 0.264404 -0.000240 -0.000023
v 0.264404 0.047241 -0.000023
v 0.264404 0.130371 -0.000023
v -0.234985 -0.000240 -0.114380
v -0.221802 -0.000241 -0.111267
v -0.254395 -0.000240 -0.058868
v 0.000037 -0.000240 -0.000066
v -0.192871 -0.000241 -0.157471
v -0.261230 -0.000240 -0.000023
v -0.155273 -0.000241 -0.195068
v -0.253418 -0.000240 0.063354
v -0.109009 -0.000241 -0.223755
v -0.221069 -0.000241 0.111694
v -0.235352 -0.000240 0.113647
v -0.192871 -0.000241 0.156982
v -0.156006 -0.000241 0.193970
v -0.110718 -0.000241 0.222412
v -0.061005 -0.000240 -0.255127
v -0.112061 -0.000240 -0.236938
v -0.000036 -0.000240 -0.262695
v 0.060455 -0.000240 -0.256104
v -0.112732 -0.000240 0.236572
v -0.057220 -0.000240 0.256104
v -0.000036 -0.000240 0.262695
v 0.060699 -0.000240 0.256104
v 0.113159 -0.000241 -0.223267
v 0.115967 -0.000240 -0.236572
v 0.159058 -0.000241 -0.194458
v 0.196533 -0.000241 -0.156860
v 0.225220 -0.000241 -0.110901
v 0.112000 -0.000241 0.223999
v 0.115295 -0.000240 0.236938
v 0.158447 -0.000241 0.195068
v 0.196289 -0.000241 0.157349
v 0.225342 -0.000241 0.111023
v 0.257812 -0.000240 -0.058319
v 0.238525 -0.000240 -0.113709
v 0.264404 -0.000240 -0.000023
v 0.257812 -0.000240 0.058838
v 0.238281 -0.000240 0.114319
v 0.204468 0.047272 0.157837
v 0.196167 0.047272 0.168335
v 0.204468 0.000913 0.157837
v 0.196167 0.000901 0.168335
v 0.204468 0.000913 0.157837
v 0.196167 0.000901 0.168335
v 0.192627 0.000896 0.144897
v 0.180908 0.000880 0.159790
v 0.006821 0.229980 0.143799
v 0.018646 0.226685 0.153198
v 0.006882 0.223755 0.146362
v -0.006622 0.229980 0.143799
v -0.006744 0.223755 0.146362
v 0.006832 0.299316 0.100891
v -0.006729 0.299316 0.101563
v 0.006718 0.292480 0.138916
v -0.006615 0.292480 0.138916
v 0.006729 0.287598 0.156860
v 0.018127 0.271240 0.170044
v 0.006866 0.261719 0.187744
v 0.018356 0.257568 0.181763
v 0.006992 0.245117 0.195557
v 0.018570 0.242310 0.188965
v 0.006741 0.276855 0.174805
v -0.006565 0.287598 0.156860
v 0.007366 0.222534 0.198853
v 0.019150 0.221313 0.191772
v 0.025192 0.237427 0.177612
v 0.025467 0.219116 0.180298
v 0.025269 0.231689 0.164673
v 0.025574 0.216553 0.167236
v 0.019440 0.214233 0.155151
v 0.007385 0.213013 0.147217
v -0.006516 0.276855 0.174805
v -0.006577 0.261475 0.187744
v -0.006638 0.244995 0.195557
v -0.018066 0.281250 0.153564
v -0.017975 0.271240 0.170044
v -0.006916 0.222534 0.198853
v 0.007744 0.200073 0.198364
v 0.019730 0.200439 0.191162
v 0.025742 0.200928 0.180054
v 0.025879 0.201294 0.167725
v -0.018204 0.257324 0.181763
v -0.018417 0.242065 0.188843
v -0.024490 0.261475 0.161987
v -0.018967 0.221191 0.191650
v -0.007191 0.200073 0.198364
v -0.024750 0.250000 0.171387
v 0.007843 0.167480 0.194824
v 0.020111 0.169312 0.187866
v 0.026260 0.171997 0.176880
v 0.026398 0.174805 0.164795
v -0.025024 0.237183 0.177246
v -0.025284 0.218994 0.179810
v -0.019516 0.200317 0.191040
v -0.020035 0.169189 0.187622
v -0.007427 0.167480 0.194824
v -0.024445 0.250244 0.152710
v -0.024704 0.241577 0.159668
v -0.024963 0.231567 0.164185
v -0.025253 0.216553 0.166748
v -0.025558 0.200928 0.179443
v -0.026077 0.171997 0.176270
v -0.017899 0.240601 0.144775
v -0.018127 0.234253 0.149658
v -0.018372 0.226685 0.152954
v -0.019211 0.214233 0.154907
v -0.025558 0.201416 0.167114
v -0.026215 0.175049 0.164307
v -0.006500 0.234863 0.140259
v -0.006622 0.229980 0.143799
v -0.006744 0.223755 0.146362
v -0.020584 0.177856 0.152710
v -0.020050 0.201904 0.155273
v -0.007343 0.213013 0.147217
v -0.007942 0.202271 0.146729
v -0.008202 0.179932 0.144287
v -0.006489 0.241089 0.133057
v -0.017975 0.247437 0.136108
v -0.006481 0.244507 0.125855
v -0.018051 0.250977 0.127441
v -0.024597 0.258057 0.141602
v -0.024750 0.261963 0.130493
v -0.006592 0.248657 0.101135
v -0.018356 0.255371 0.100037
v -0.024780 0.274902 0.134033
v -0.024628 0.270508 0.147949
v -0.025162 0.267090 0.099487
v -0.018143 0.286133 0.137085
v -0.025208 0.280762 0.100037
v -0.018478 0.292480 0.100342
v -0.007343 0.213013 0.147217
v 0.007889 0.202271 0.146729
v -0.007942 0.202271 0.146729
v 0.007996 0.179932 0.144287
v 0.020248 0.201782 0.155518
v 0.020630 0.177734 0.152832
v -0.008202 0.179932 0.144287
v 0.098938 0.248657 0.006592
v 0.099304 0.248657 -0.006969
v 0.126831 0.244507 0.006481
v 0.126831 0.244507 -0.006855
v 0.128540 0.250977 -0.018387
v 0.098938 0.255371 -0.018692
v 0.137207 0.247437 -0.018295
v 0.134033 0.241211 -0.006805
v 0.131470 0.262207 -0.025024
v 0.134033 0.241089 0.006489
v 0.097778 0.267334 -0.025436
v 0.135010 0.275146 -0.024979
v 0.142700 0.258301 -0.024872
v 0.153931 0.250488 -0.024734
v 0.145996 0.240601 -0.018204
v 0.141235 0.234863 -0.006756
v 0.141235 0.234863 0.006500
v 0.097229 0.280762 -0.025406
v 0.149048 0.270752 -0.024826
v 0.163086 0.261719 -0.024673
v 0.097778 0.292480 -0.018600
v 0.138062 0.286133 -0.018280
v 0.172607 0.250244 -0.024933
v 0.161011 0.241821 -0.025009
v 0.150879 0.234253 -0.018417
v 0.144775 0.229980 -0.006821
v 0.154541 0.281494 -0.018204
v 0.144775 0.229980 0.006622
v 0.182739 0.257568 -0.018356
v 0.171021 0.271240 -0.018127
v 0.098694 0.299316 -0.006832
v 0.139893 0.292480 -0.006718
v 0.157837 0.287598 -0.006729
v 0.189941 0.242310 -0.018570
v 0.178589 0.237427 -0.025192
v 0.165649 0.231689 -0.025269
v 0.154175 0.226685 -0.018646
v 0.147339 0.223755 -0.006882
v 0.147339 0.223755 0.006744
v 0.188721 0.261719 -0.006866
v 0.196533 0.245117 -0.006992
v 0.175781 0.276855 -0.006741
v 0.099365 0.299316 0.006729
v 0.139893 0.292480 0.006615
v 0.157837 0.287598 0.006565
v 0.199829 0.222534 -0.007366
v 0.192749 0.221313 -0.019150
v 0.181274 0.219116 -0.025467
v 0.168213 0.216553 -0.025574
v 0.156128 0.214233 -0.019440
v 0.148193 0.213013 -0.007385
v 0.175781 0.276855 0.006516
v 0.188721 0.261475 0.006577
v 0.196533 0.244995 0.006638
v 0.138062 0.286133 0.018143
v 0.154541 0.281250 0.018066
v 0.171021 0.271240 0.017975
v 0.199829 0.222534 0.006916
v 0.199341 0.200073 -0.007744
v 0.192139 0.200439 -0.019730
v 0.181030 0.200928 -0.025742
v 0.168701 0.201294 -0.025879
v 0.182739 0.257324 0.018204
v 0.189819 0.242065 0.018417
v 0.162964 0.261475 0.024490
v 0.148926 0.270508 0.024628
v 0.192627 0.221191 0.018967
v 0.199341 0.200073 0.007191
v 0.172363 0.250000 0.024750
v 0.195801 0.167480 -0.007843
v 0.188843 0.169312 -0.020111
v 0.177856 0.171997 -0.026260
v 0.165771 0.174805 -0.026398
v 0.180908 0.000880 0.159790
v 0.196167 0.000901 0.168335
v 0.180786 0.047241 0.159790
v 0.196167 0.047272 0.168335
v 0.204468 0.000913 0.157837
v 0.192627 0.000896 0.144897
v 0.204468 0.047272 0.157837
v 0.192627 0.047241 0.144897
v 0.166016 0.047211 0.198486
v 0.155273 0.047211 0.206421
v 0.166016 0.000858 0.198486
v 0.155396 0.000844 0.206421
v 0.166016 0.000858 0.198486
v 0.155396 0.000844 0.206421
v 0.157837 0.000847 0.182861
v 0.142700 0.000825 0.194214
v 0.142700 0.000825 0.194214
v 0.155396 0.000844 0.206421
v 0.142700 0.047180 0.194214
v 0.155273 0.047211 0.206421
v 0.166016 0.000858 0.198486
v 0.157837 0.000847 0.182861
v 0.166016 0.047211 0.198486
v 0.157837 0.047211 0.182861
v 0.157837 0.046967 -0.204468
v 0.168335 0.046967 -0.196167
v 0.157837 0.000623 -0.204468
v 0.168335 0.000623 -0.196167
v 0.157837 0.000623 -0.204468
v 0.168335 0.000623 -0.196167
v 0.144897 0.000623 -0.192627
v 0.159790 0.000623 -0.180908
v 0.159790 0.000623 -0.180908
v 0.168335 0.000623 -0.196167
v 0.159790 0.046967 -0.180908
v 0.168335 0.046967 -0.196167
v 0.157837 0.000623 -0.204468
v 0.144897 0.000623 -0.192627
v 0.157837 0.046967 -0.204468
v 0.144897 0.046967 -0.192627
v 0.198486 0.046967 -0.166016
v 0.206421 0.046967 -0.155396
v 0.198486 0.000623 -0.166016
v 0.206421 0.000623 -0.155396
v 0.198486 0.000623 -0.166016
v 0.206421 0.000623 -0.155396
v 0.182861 0.000623 -0.157837
v 0.194214 0.000623 -0.142700
v 0.194214 0.000623 -0.142700
v 0.206421 0.000623 -0.155396
v 0.194214 0.046967 -0.142700
v 0.206421 0.046967 -0.155396
v 0.198486 0.000623 -0.166016
v 0.182861 0.000623 -0.157837
v 0.198486 0.046967 -0.166016
v 0.182861 0.046967 -0.157837
v -0.204590 0.046692 -0.157837
v -0.196289 0.046692 -0.168335
v -0.204468 0.000334 -0.157837
v -0.196167 0.000345 -0.168335
v -0.204468 0.000334 -0.157837
v -0.196167 0.000345 -0.168335
v -0.192627 0.000350 -0.144897
v -0.180908 0.000367 -0.159790
v -0.180908 0.000367 -0.159790
v -0.196167 0.000345 -0.168335
v -0.181030 0.046722 -0.159790
v -0.196289 0.046692 -0.168335
v -0.204468 0.000334 -0.157837
v -0.192627 0.000350 -0.144897
v -0.204590 0.046692 -0.157837
v -0.192749 0.046692 -0.144897
v -0.166138 0.046753 -0.198486
v -0.155396 0.046753 -0.206421
v -0.166016 0.000388 -0.198486
v -0.155396 0.000403 -0.206421
v -0.166016 0.000388 -0.198486
v -0.155396 0.000403 -0.206421
v -0.157837 0.000400 -0.182861
v -0.142700 0.000421 -0.194214
v -0.142700 0.000421 -0.194214
v -0.155396 0.000403 -0.206421
v -0.142822 0.046783 -0.194214
v -0.155396 0.046753 -0.206421
v -0.166016 0.000388 -0.198486
v -0.157837 0.000400 -0.182861
v -0.166138 0.046753 -0.198486
v -0.157959 0.046753 -0.182861
v -0.157959 0.046753 0.204468
v -0.168457 0.046753 0.196167
v -0.157837 0.000400 0.204468
v -0.168335 0.000385 0.196167
v -0.157837 0.000400 0.204468
v -0.168335 0.000385 0.196167
v -0.144897 0.000418 0.192627
v -0.159790 0.000397 0.180908
v -0.159790 0.000397 0.180908
v -0.168335 0.000385 0.196167
v -0.159790 0.046753 0.180908
v -0.168457 0.046753 0.196167
v -0.157837 0.000400 0.204468
v -0.144897 0.000418 0.192627
v -0.157959 0.046753 0.204468
v -0.145020 0.046783 0.192627
v -0.198486 0.046692 0.166016
v -0.206543 0.046692 0.155396
v -0.198486 0.000342 0.166016
v -0.206421 0.000331 0.155396
v -0.198486 0.000342 0.166016
v -0.206421 0.000331 0.155396
v -0.182861 0.000364 0.157837
v -0.194214 0.000348 0.142700
v -0.194214 0.000348 0.142700
v -0.206421 0.000331 0.155396
v -0.194336 0.046692 0.142700
v -0.206543 0.046692 0.155396
v -0.198486 0.000342 0.166016
v -0.182861 0.000364 0.157837
v -0.198486 0.046692 0.166016
v -0.182983 0.046722 0.157837
v 0.178223 0.237183 0.025024
v 0.153687 0.250244 0.024445
v 0.142578 0.258057 0.024597
v 0.160645 0.241577 0.024704
v 0.180786 0.218994 0.025284
v 0.192017 0.200317 0.019516
v 0.188599 0.169189 0.020035
v 0.195801 0.167480 0.007427
v 0.165161 0.231567 0.024963
v 0.145752 0.240601 0.017899
v 0.137085 0.247437 0.017975
v 0.150635 0.234253 0.018127
v 0.167725 0.216553 0.025253
v 0.180420 0.200928 0.025558
v 0.177246 0.171997 0.026077
v 0.153931 0.226685 0.018372
v 0.141235 0.234863 0.006500
v 0.134033 0.241089 0.006489
v 0.144775 0.229980 0.006622
v 0.155884 0.214233 0.019211
v 0.168091 0.201416 0.025558
v 0.165283 0.175049 0.026215
v 0.147339 0.223755 0.006744
v 0.126831 0.244507 0.006481
v 0.153687 0.177856 0.020584
v 0.156250 0.201904 0.020050
v 0.148193 0.213013 0.007343
v 0.147705 0.202271 0.007942
v 0.145264 0.179932 0.008202
v 0.128418 0.250977 0.018051
v 0.098938 0.248657 0.006592
v 0.097778 0.255371 0.018356
v 0.131470 0.261963 0.024750
v 0.097229 0.267090 0.025162
v 0.097778 0.280762 0.025208
v 0.135010 0.274902 0.024780
v 0.098083 0.292480 0.018478
v 0.148193 0.213013 0.007343
v 0.147705 0.202271 -0.007889
v 0.147705 0.202271 0.007942
v 0.145264 0.179932 -0.007996
v 0.156494 0.201782 -0.020248
v 0.153809 0.177734 -0.020630
v 0.145264 0.179932 0.008202
v 0.006592 0.248657 -0.097778
v -0.006969 0.248657 -0.098206
v 0.006481 0.244507 -0.125854
v -0.006855 0.244507 -0.125854
v -0.018387 0.250977 -0.127563
v -0.018692 0.255371 -0.097778
v -0.018295 0.247437 -0.136230
v -0.006805 0.241211 -0.133057
v -0.025024 0.262207 -0.130493
v 0.006489 0.241089 -0.133057
v -0.025436 0.267334 -0.096680
v -0.024979 0.275146 -0.134033
v -0.024872 0.258301 -0.141724
v -0.024734 0.250488 -0.152954
v -0.018204 0.240601 -0.145020
v -0.006756 0.234863 -0.140259
v 0.006500 0.234863 -0.140259
v -0.025406 0.280762 -0.096130
v -0.024826 0.270752 -0.148071
v -0.024673 0.261719 -0.162109
v -0.018600 0.292480 -0.096680
v -0.018280 0.286133 -0.137085
v -0.024933 0.250244 -0.171631
v -0.025009 0.241821 -0.160034
v -0.018417 0.234253 -0.149902
v -0.006821 0.229980 -0.143799
v -0.018204 0.281494 -0.153564
v 0.006622 0.229980 -0.143799
v -0.018356 0.257568 -0.181763
v -0.018127 0.271240 -0.170044
v -0.006832 0.299316 -0.097595
v -0.006718 0.292480 -0.138916
v -0.006729 0.287598 -0.156860
v -0.018570 0.242310 -0.188965
v -0.025192 0.237427 -0.177612
v -0.025269 0.231689 -0.164673
v -0.018646 0.226685 -0.153198
v -0.006882 0.223755 -0.146362
v 0.006744 0.223755 -0.146362
v -0.006866 0.261719 -0.187744
v -0.006992 0.245117 -0.195557
v -0.006741 0.276855 -0.174805
v 0.006729 0.299316 -0.098267
v 0.006615 0.292480 -0.138916
v 0.006565 0.287598 -0.156860
v -0.007366 0.222534 -0.198853
v -0.019150 0.221313 -0.191772
v -0.025467 0.219116 -0.180298
v -0.025574 0.216553 -0.167358
v -0.019440 0.214233 -0.155151
v -0.007385 0.213013 -0.147217
v 0.006516 0.276855 -0.174805
v 0.006577 0.261475 -0.187744
v 0.006638 0.244995 -0.195557
v 0.018143 0.286133 -0.137085
v 0.018066 0.281250 -0.153564
v 0.017975 0.271240 -0.170044
v 0.006916 0.222534 -0.198853
v -0.007744 0.200073 -0.198364
v -0.019730 0.200439 -0.191162
v -0.025742 0.200928 -0.180054
v -0.025879 0.201294 -0.167725
v 0.018204 0.257324 -0.181763
v 0.018417 0.242065 -0.188843
v 0.024490 0.261475 -0.161987
v 0.024628 0.270508 -0.147949
v 0.018967 0.221191 -0.191650
v 0.007191 0.200073 -0.198364
v 0.024750 0.250000 -0.171387
v -0.007843 0.167480 -0.194824
v -0.020111 0.169312 -0.187866
v -0.026260 0.171997 -0.176880
v -0.026398 0.174805 -0.164795
v 0.025024 0.237183 -0.177246
v 0.024445 0.250244 -0.152710
v 0.024597 0.258057 -0.141602
v 0.024704 0.241577 -0.159668
v 0.025284 0.218994 -0.179810
v 0.019516 0.200317 -0.191040
v 0.020035 0.169189 -0.187622
v 0.007427 0.167480 -0.194824
v 0.024963 0.231567 -0.164185
v 0.017899 0.240601 -0.144775
v 0.017975 0.247437 -0.136108
v 0.018127 0.234253 -0.149658
v 0.025253 0.216553 -0.166748
v 0.025558 0.200928 -0.179565
v 0.026077 0.171997 -0.176270
v 0.018372 0.226685 -0.152954
v 0.006500 0.234863 -0.140259
v 0.006489 0.241089 -0.133057
v 0.006622 0.229980 -0.143799
v 0.019211 0.214233 -0.155029
v 0.025558 0.201416 -0.167114
v 0.026215 0.175049 -0.164307
v 0.006744 0.223755 -0.146362
v 0.006481 0.244507 -0.125854
v 0.020584 0.177856 -0.152710
v 0.020050 0.201904 -0.155273
v 0.007343 0.213013 -0.147217
v 0.007942 0.202271 -0.146729
v 0.008202 0.179932 -0.144287
v 0.018051 0.250977 -0.127441
v 0.006592 0.248657 -0.097778
v 0.018356 0.255371 -0.096680
v 0.024750 0.261963 -0.130493
v 0.025162 0.267090 -0.096130
v 0.025208 0.280762 -0.096680
v 0.024780 0.274902 -0.134033
v 0.018478 0.292480 -0.096985
v 0.007343 0.213013 -0.147217
v -0.007889 0.202271 -0.146729
v 0.007942 0.202271 -0.146729
v -0.007996 0.179932 -0.144287
v -0.020248 0.201782 -0.155518
v -0.020630 0.177734 -0.152832
v 0.008202 0.179932 -0.144287
v -0.101562 0.248657 -0.006592
v -0.101990 0.248657 0.006969
v -0.125854 0.244507 -0.006481
v -0.125854 0.244507 0.006855
v -0.127563 0.250977 0.018387
v -0.101562 0.255371 0.018692
v -0.136230 0.247437 0.018295
v -0.133057 0.241211 0.006805
v -0.130493 0.262207 0.025024
v -0.133057 0.241089 -0.006489
v -0.100464 0.267334 0.025436
v -0.134033 0.275146 0.024979
v -0.141724 0.258301 0.024872
v -0.152954 0.250488 0.024735
v -0.145020 0.240601 0.018204
v -0.140259 0.234863 0.006756
v -0.140259 0.234863 -0.006500
v -0.099915 0.280762 0.025406
v -0.137085 0.286133 0.018280
v -0.148071 0.270752 0.024826
v -0.162109 0.261719 0.024673
v -0.171631 0.250244 0.024933
v -0.160034 0.241821 0.025009
v -0.149902 0.234253 0.018417
v -0.143799 0.229980 0.006821
v -0.153564 0.281494 0.018204
v -0.143799 0.229980 -0.006622
v -0.100464 0.292480 0.018600
v -0.101318 0.299316 0.006832
v -0.138916 0.292480 0.006718
v -0.181763 0.257568 0.018356
v -0.170044 0.271240 0.018127
v -0.156860 0.287598 0.006729
v -0.188965 0.242310 0.018570
v -0.177612 0.237427 0.025192
v -0.164673 0.231689 0.025269
v -0.153198 0.226685 0.018646
v -0.146362 0.223755 0.006882
v -0.146362 0.223755 -0.006744
v -0.101990 0.299316 -0.006729
v -0.138916 0.292480 -0.006615
v -0.187744 0.261719 0.006866
v -0.195557 0.245117 0.006992
v -0.174805 0.276855 0.006741
v -0.156860 0.287598 -0.006565
v -0.198853 0.222534 0.007366
v -0.191772 0.221313 0.019150
v -0.180298 0.219116 0.025467
v -0.167358 0.216553 0.025574
v -0.155151 0.214233 0.019440
v -0.147217 0.213013 0.007385
v -0.174805 0.276855 -0.006515
v -0.187744 0.261475 -0.006577
v -0.195557 0.244995 -0.006638
v -0.153564 0.281250 -0.018066
v -0.170044 0.271240 -0.017975
v -0.198853 0.222534 -0.006916
v -0.198364 0.200073 0.007744
v -0.191162 0.200439 0.019730
v -0.180054 0.200928 0.025742
v -0.167725 0.201294 0.025879
v -0.181763 0.257324 -0.018204
v -0.188843 0.242065 -0.018417
v -0.161987 0.261475 -0.024490
v -0.191650 0.221191 -0.018967
v -0.198364 0.200073 -0.007191
v -0.171387 0.250000 -0.024750
v -0.194824 0.167480 0.007843
v -0.187866 0.169312 0.020111
v -0.176880 0.171997 0.026260
v -0.164795 0.174805 0.026398
v -0.177246 0.237183 -0.025024
v -0.179810 0.218994 -0.025284
v -0.191040 0.200317 -0.019516
v -0.187622 0.169189 -0.020035
v -0.194824 0.167480 -0.007427
v -0.152710 0.250244 -0.024445
v -0.159668 0.241577 -0.024704
v -0.164185 0.231567 -0.024963
v -0.166748 0.216553 -0.025253
v -0.179565 0.200928 -0.025558
v -0.176270 0.171997 -0.026077
v -0.144775 0.240601 -0.017899
v -0.149658 0.234253 -0.018127
v -0.152954 0.226685 -0.018372
v -0.155029 0.214233 -0.019211
v -0.167114 0.201416 -0.025558
v -0.164307 0.175049 -0.026215
v -0.140259 0.234863 -0.006500
v -0.143799 0.229980 -0.006622
v -0.146362 0.223755 -0.006744
v -0.152710 0.177856 -0.020584
v -0.155273 0.201904 -0.020050
v -0.147217 0.213013 -0.007343
v -0.146729 0.202271 -0.007942
v -0.144287 0.179932 -0.008202
v -0.133057 0.241089 -0.006489
v -0.136108 0.247437 -0.017975
v -0.125854 0.244507 -0.006481
v -0.127441 0.250977 -0.018051
v -0.141602 0.258057 -0.024597
v -0.130493 0.261963 -0.024750
v -0.101562 0.248657 -0.006592
v -0.100464 0.255371 -0.018356
v -0.134033 0.274902 -0.024780
v -0.147949 0.270508 -0.024628
v -0.099915 0.267090 -0.025162
v -0.137085 0.286133 -0.018143
v -0.100464 0.280762 -0.025208
v -0.100708 0.292480 -0.018478
v -0.147217 0.213013 -0.007343
v -0.146729 0.202271 0.007889
v -0.146729 0.202271 -0.007942
v -0.144287 0.179932 0.007996
v -0.155518 0.201782 0.020248
v -0.152832 0.177734 0.020630
v -0.144287 0.179932 -0.008202
v 0.115295 0.130371 0.236938
v 0.165161 0.130371 0.205688
v 0.100098 0.145874 0.205200
v 0.060699 0.130371 0.256104
v 0.143311 0.145874 0.178223
v 0.206787 0.130371 0.164062
v 0.052551 0.145874 0.221802
v 0.097961 0.141235 0.200684
v -0.000036 0.130371 0.262695
v 0.179443 0.145874 0.142212
v 0.140259 0.141235 0.174316
v 0.238281 0.130371 0.114319
v -0.000036 0.145874 0.227661
v 0.051392 0.141235 0.217041
v 0.098633 0.066895 0.202148
v 0.051758 0.066895 0.218506
v -0.057220 0.130371 0.256104
v 0.206543 0.145874 0.099060
v 0.175537 0.141235 0.139038
v 0.141235 0.066895 0.175537
v 0.000037 0.066895 -0.000066
v -0.000036 0.066895 0.224243
v -0.000036 0.141235 0.222656
v -0.049347 0.145874 0.221802
v 0.257812 0.130371 0.058838
v 0.176758 0.066895 0.140015
v 0.202148 0.141235 0.096863
v 0.223511 0.145874 0.050964
v -0.048584 0.066895 0.218506
v -0.048248 0.141235 0.217041
v 0.203491 0.066895 0.097595
v 0.218628 0.141235 0.049835
v -0.095947 0.066895 0.201904
v -0.095276 0.141235 0.200439
v 0.264404 0.130371 -0.000023
v 0.229248 0.145874 -0.000023
v 0.224243 0.141235 -0.000023
v 0.220215 0.066895 0.050201
v -0.138428 0.066895 0.175049
v 0.225830 0.066895 -0.000023
v 0.218872 0.141235 -0.049042
v 0.223633 0.145874 -0.050201
v 0.257812 0.130371 -0.058319
v 0.220337 0.066895 -0.049408
v 0.202393 0.141235 -0.096375
v 0.206909 0.145874 -0.098511
v -0.137451 0.141235 0.173828
v -0.173950 0.066895 0.139526
v 0.203857 0.066895 -0.097046
v 0.238525 0.130371 -0.113708
v 0.179810 0.145874 -0.141724
v 0.175903 0.141235 -0.138550
v 0.207275 0.130371 -0.163574
v 0.165771 0.130371 -0.205200
v 0.143799 0.145874 -0.177856
v 0.140747 0.141235 -0.173950
v 0.177124 0.066895 -0.139526
v -0.172607 0.141235 0.138550
v -0.200562 0.066895 0.096985
v 0.141724 0.066895 -0.175171
v 0.115967 0.130371 -0.236572
v 0.100708 0.145874 -0.204956
v 0.098511 0.141235 -0.200439
v 0.099182 0.066895 -0.201904
v -0.199097 0.141235 0.096313
v -0.215942 0.066895 0.054443
v 0.060455 0.130371 -0.256104
v 0.052612 0.145874 -0.221924
v 0.051483 0.141235 -0.217041
v 0.051849 0.066895 -0.218628
v -0.000036 0.130371 -0.262695
v -0.000036 0.145874 -0.227661
v -0.000036 0.141235 -0.222656
v -0.061005 0.130371 -0.255127
v -0.052856 0.145874 -0.221069
v -0.051697 0.141235 -0.216187
v -0.000036 0.066895 -0.224243
v -0.052063 0.066895 -0.217773
v -0.095398 0.066895 -0.202148
v -0.112061 0.130371 -0.236938
v -0.096863 0.145874 -0.205322
v -0.094727 0.141235 -0.200806
v -0.136963 0.141235 -0.174316
v -0.137939 0.066895 -0.175537
v -0.140015 0.145874 -0.178223
v -0.161865 0.130371 -0.205688
v -0.176147 0.145874 -0.142212
v -0.172241 0.141235 -0.139160
v -0.173462 0.066895 -0.140137
v -0.203613 0.130371 -0.164185
v -0.234985 0.130371 -0.114380
v -0.203369 0.145874 -0.099060
v -0.198853 0.141235 -0.096924
v -0.254395 0.130371 -0.058868
v -0.220215 0.145874 -0.050995
v -0.215332 0.141235 -0.049866
v -0.200317 0.066895 -0.097595
v -0.216919 0.066895 -0.050232
v -0.261230 0.130371 -0.000023
v -0.226074 0.145874 -0.000023
v -0.221069 0.141235 -0.000023
v -0.222656 0.066895 -0.000023
v -0.214355 0.141235 0.054077
v -0.219238 0.145874 0.055237
v -0.253418 0.130371 0.063354
v -0.203613 0.145874 0.098450
v -0.235352 0.130371 0.113647
v -0.057281 0.118896 0.250488
v 0.002020 0.118896 0.250488
v -0.057281 0.119080 0.250488
v -0.049347 0.119080 0.283447
v -0.027710 0.119080 0.307373
v 0.001868 0.119080 0.316162
v 0.031433 0.119080 0.307373
v 0.053101 0.119080 0.283447
v 0.061005 0.119080 0.250488
v 0.061005 0.130249 0.250488
v 0.002020 0.130493 0.250488
v 0.053101 0.130249 0.283447
v 0.031433 0.130249 0.307373
v 0.001868 0.130249 0.316162
v -0.027710 0.130249 0.307373
v -0.049347 0.130249 0.283447
v -0.057281 0.130249 0.250488
v -0.057281 0.130493 0.250488
v 0.061005 0.119080 0.250488
v 0.061005 0.130249 0.250488
v 0.053101 0.119080 0.283447
v 0.053101 0.130249 0.283447
v 0.031433 0.130249 0.307373
v 0.031433 0.119080 0.307373
v 0.001868 0.130249 0.316162
v 0.001868 0.119080 0.316162
v -0.027710 0.130249 0.307373
v -0.027710 0.119080 0.307373
v -0.049347 0.130249 0.283447
v -0.049347 0.119080 0.283447
v -0.057281 0.130249 0.250488
v -0.057281 0.119080 0.250488
v 0.252686 0.118896 0.059418
v 0.252686 0.118896 0.000126
v 0.252686 0.119080 0.059418
v 0.285400 0.119080 0.051514
v 0.309570 0.119080 0.029846
v 0.318359 0.119080 0.000278
v 0.309570 0.119080 -0.029297
v 0.285400 0.119080 -0.050934
v 0.252686 0.119080 -0.058868
v 0.252686 0.130127 -0.058868
v 0.252686 0.130371 0.000126
v 0.285400 0.130127 -0.050934
v 0.309570 0.130127 -0.029297
v 0.318359 0.130127 0.000278
v 0.309570 0.130127 0.029846
v 0.285400 0.130127 0.051514
v 0.252686 0.130127 0.059418
v 0.252686 0.130371 0.059418
v 0.252686 0.119080 -0.058868
v 0.252686 0.130127 -0.058868
v 0.285400 0.119080 -0.050934
v 0.285400 0.130127 -0.050934
v 0.309570 0.130127 -0.029297
v 0.309570 0.119080 -0.029297
v 0.318359 0.130127 0.000278
v 0.318359 0.119080 0.000278
v 0.309570 0.130127 0.029846
v 0.309570 0.119080 0.029846
v 0.285400 0.130127 0.051514
v 0.285400 0.119080 0.051514
v 0.252686 0.130127 0.059418
v 0.252686 0.119080 0.059418
v 0.060852 0.118896 -0.251709
v 0.001539 0.118896 -0.251709
v 0.060852 0.119080 -0.251709
v 0.052917 0.119080 -0.284668
v 0.031281 0.119080 -0.308594
v 0.001691 0.119080 -0.317383
v -0.027878 0.119080 -0.308594
v -0.049530 0.119080 -0.284668
v -0.057465 0.119080 -0.251709
v -0.057465 0.130127 -0.251709
v 0.001539 0.130371 -0.251709
v -0.049530 0.130127 -0.284668
v -0.027878 0.130127 -0.308594
v 0.001691 0.130127 -0.317383
v 0.031281 0.130127 -0.308594
v 0.052917 0.130127 -0.284668
v 0.060852 0.130127 -0.251709
v 0.060852 0.130371 -0.251709
v -0.057465 0.119080 -0.251709
v -0.057465 0.130127 -0.251709
v -0.049530 0.119080 -0.284668
v -0.049530 0.130127 -0.284668
v -0.027878 0.130127 -0.308594
v -0.027878 0.119080 -0.308594
v 0.001691 0.130127 -0.317383
v 0.001691 0.119080 -0.317383
v 0.031281 0.130127 -0.308594
v 0.031281 0.119080 -0.308594
v 0.052917 0.130127 -0.284668
v 0.052917 0.119080 -0.284668
v 0.060852 0.130127 -0.251709
v 0.060852 0.119080 -0.251709
v -0.055756 0.355713 -0.054199
v -0.073364 0.364990 -0.028778
v -0.055603 0.364990 -0.054169
v -0.073547 0.355713 -0.028778
v -0.079346 0.364990 -0.000023
v -0.079590 0.355713 -0.000023
v -0.071899 0.355713 0.032074
v -0.071716 0.364990 0.031982
v -0.055389 0.364746 0.057922
v -0.055542 0.355469 0.058075
v -0.029968 0.355469 0.074402
v -0.029846 0.364746 0.074219
v -0.000036 0.355713 0.079773
v -0.000036 0.364990 0.079590
v 0.030502 0.355713 0.073120
v 0.030441 0.364990 0.072998
v 0.052002 0.355713 0.055542
v 0.052002 0.364990 0.055389
v 0.071289 0.355713 0.030411
v 0.071228 0.364990 0.030319
v 0.077271 0.355713 -0.000023
v 0.077209 0.365234 -0.000023
v 0.071228 0.364502 -0.030502
v 0.071228 0.355225 -0.030518
v 0.054382 0.355713 -0.054047
v 0.054382 0.364990 -0.053986
v 0.030396 0.364990 -0.069580
v 0.030365 0.355713 -0.069641
v 0.000618 0.364990 -0.076050
v 0.000618 0.355713 -0.076172
v -0.029785 0.355713 -0.071472
v -0.029755 0.364990 -0.071411
v -0.055603 0.364990 -0.054169
v -0.055756 0.355713 -0.054199
v -0.078735 0.167725 -0.076172
v -0.070374 0.197632 -0.068848
v -0.041687 0.167725 -0.100708
v -0.037598 0.197632 -0.090637
v 0.000618 0.167725 -0.108032
v 0.000618 0.197632 -0.096863
v -0.034454 0.202393 -0.082947
v -0.064514 0.202393 -0.062927
v 0.040619 0.167725 -0.098816
v 0.000618 0.202393 -0.088501
v 0.038330 0.197632 -0.088745
v -0.036652 0.206665 -0.088318
v 0.000618 0.206665 -0.094299
v -0.068604 0.206665 -0.067078
v 0.076782 0.167725 -0.076233
v 0.037354 0.206665 -0.086426
v 0.035126 0.202393 -0.081055
v 0.069031 0.197632 -0.068665
v 0.063171 0.202393 -0.062744
v -0.036652 0.341064 -0.088318
v 0.000618 0.340820 -0.094299
v 0.037354 0.340820 -0.086426
v -0.068604 0.341064 -0.067078
v -0.034973 0.349854 -0.084229
v 0.067261 0.206665 -0.066895
v 0.067261 0.340820 -0.066895
v 0.082703 0.201904 -0.035187
v 0.090393 0.197266 -0.038330
v 0.000618 0.349854 -0.089905
v 0.035645 0.349854 -0.082336
v 0.064148 0.349854 -0.063721
v -0.065491 0.349854 -0.063965
v -0.029785 0.355713 -0.071472
v 0.000618 0.355713 -0.076172
v 0.088074 0.206177 -0.037384
v 0.088074 0.340576 -0.037384
v 0.083984 0.349365 -0.035706
v 0.089661 0.202393 -0.000023
v 0.097961 0.197632 -0.000023
v 0.030365 0.355713 -0.069641
v 0.054382 0.355713 -0.054047
v 0.071228 0.355225 -0.030518
v 0.095459 0.206665 -0.000023
v 0.095459 0.341064 -0.000023
v 0.091064 0.349854 -0.000023
v 0.082703 0.202393 0.035156
v -0.204102 0.130371 0.163574
v -0.176514 0.145874 0.141724
v -0.162476 0.130371 0.205200
v -0.140625 0.145874 0.177734
v -0.112732 0.130371 0.236572
v -0.097412 0.145874 0.204956
v 0.077271 0.355713 -0.000023
v 0.088074 0.206665 0.037384
v 0.088074 0.341064 0.037384
v 0.083984 0.349854 0.035706
v 0.071289 0.355713 0.030411
v 0.063965 0.349854 0.066589
v 0.067078 0.341064 0.069763
v 0.062988 0.202393 0.065613
v 0.067078 0.206665 0.069763
v 0.090393 0.197632 0.038361
v 0.052002 0.355713 0.055542
v 0.035706 0.349854 0.085876
v 0.030502 0.355713 0.073120
v 0.037354 0.341064 0.089966
v 0.035156 0.202393 0.084595
v 0.068848 0.197632 0.071533
v 0.037354 0.206665 0.089966
v 0.100891 0.167725 0.042725
v 0.109375 0.167725 -0.000023
v -0.000036 0.349854 0.093506
v -0.000036 0.355713 0.079773
v -0.000036 0.341064 0.097961
v -0.000036 0.202393 0.092102
v 0.038330 0.197632 0.092285
v 0.078613 0.167725 0.080078
v -0.000036 0.206665 0.097961
v -0.035248 0.349609 0.087097
v -0.029968 0.355469 0.074402
v -0.036926 0.340820 0.091187
v -0.034698 0.202148 0.085815
v -0.000036 0.197632 0.100464
v 0.041687 0.167725 0.105347
v -0.036926 0.206421 0.091187
v -0.065308 0.349609 0.067810
v -0.055542 0.355469 0.058075
v -0.068420 0.341064 0.070923
v -0.064270 0.202148 0.066772
v -0.037903 0.197510 0.093506
v -0.068420 0.206543 0.070923
v -0.000036 0.167725 0.114014
v -0.042328 0.167725 0.104431
v -0.070190 0.197510 0.072693
v -0.088745 0.341064 0.038910
v -0.084656 0.349854 0.037262
v -0.088745 0.206665 0.038910
v -0.071899 0.355713 0.032074
v -0.083374 0.202393 0.036713
v -0.091125 0.197632 0.039886
v -0.079102 0.167603 0.080566
v -0.091919 0.202393 -0.000023
v -0.093323 0.349854 -0.000023
v -0.097717 0.341064 -0.000023
v -0.079590 0.355713 -0.000023
v -0.097717 0.206665 -0.000023
v -0.090332 0.341064 -0.035767
v -0.086243 0.349854 -0.034058
v -0.100281 0.197632 -0.000023
v -0.102539 0.167725 0.044525
v -0.090332 0.206665 -0.035767
v -0.084961 0.202393 -0.033508
v -0.092651 0.197632 -0.036743
v -0.068604 0.341064 -0.067078
v -0.073547 0.355713 -0.028778
v -0.065491 0.349854 -0.063965
v -0.068604 0.206665 -0.067078
v -0.112000 0.167725 -0.000023
v -0.103699 0.167725 -0.040863
v -0.064514 0.202393 -0.062927
v -0.070374 0.197632 -0.068848
v -0.078735 0.167725 -0.076172
v -0.055756 0.355713 -0.054199
v 0.101685 0.167236 -0.040466
v -0.055756 0.355713 -0.054199
v -0.034790 0.372070 -0.082642
v -0.064636 0.364502 -0.062622
v -0.064697 0.372070 -0.062683
v -0.034729 0.364502 -0.082520
v 0.000350 0.372070 -0.088318
v -0.055603 0.364990 -0.054169
v 0.000350 0.364502 -0.088196
v -0.029755 0.364990 -0.071411
v 0.035309 0.372070 -0.081299
v 0.035278 0.364502 -0.081177
v 0.000618 0.364990 -0.076050
v 0.063354 0.372070 -0.062988
v 0.030396 0.364990 -0.069580
v 0.063293 0.364502 -0.062866
v 0.054382 0.364990 -0.053986
v 0.082947 0.371582 -0.035309
v 0.082886 0.364014 -0.035248
v 0.071228 0.364502 -0.030502
v 0.089783 0.364746 -0.000023
v 0.089905 0.372070 -0.000023
v 0.077209 0.365234 -0.000023
v 0.082520 0.372070 0.034576
v 0.082397 0.364502 0.034515
v 0.071228 0.364990 0.030319
v 0.062744 0.372070 0.065063
v 0.062683 0.364502 0.065002
v 0.052002 0.364990 0.055389
v 0.034760 0.372070 0.084106
v 0.034698 0.364502 0.083984
v 0.030441 0.364990 0.072998
v -0.000036 0.372070 0.092163
v -0.000036 0.364502 0.092041
v -0.000036 0.364990 0.079590
v -0.034607 0.371826 0.085815
v -0.034576 0.364258 0.085693
v -0.029846 0.364746 0.074219
v -0.064148 0.364258 0.066711
v -0.055389 0.364746 0.057922
v -0.064270 0.371826 0.066772
v -0.083191 0.364502 0.036652
v -0.071716 0.364990 0.031982
v -0.083313 0.372070 0.036713
v -0.079346 0.364990 -0.000023
v -0.091919 0.372070 -0.000023
v -0.091797 0.364502 -0.000023
v -0.084961 0.372070 -0.033691
v -0.084839 0.364502 -0.033630
v -0.073364 0.364990 -0.028778
v -0.064697 0.372070 -0.062683
v -0.064636 0.364502 -0.062622
v -0.055603 0.364990 -0.054169
v -0.064697 0.372070 -0.062683
v -0.069214 0.372070 -0.067200
v -0.034790 0.372070 -0.082642
v -0.084961 0.372070 -0.033691
v -0.090881 0.372070 -0.036133
v -0.091919 0.372070 -0.000023
v -0.037201 0.372070 -0.088562
v -0.069214 0.381592 -0.067200
v -0.037201 0.381592 -0.088562
v -0.098328 0.372070 -0.000023
v -0.090881 0.381592 -0.036133
v 0.000350 0.372070 -0.094666
v 0.000350 0.381592 -0.094666
v 0.000350 0.372070 -0.088318
v -0.030640 0.401123 -0.072449
v -0.056915 0.401123 -0.054901
v -0.074768 0.401123 -0.029449
v -0.089233 0.372070 0.039124
v -0.098328 0.381592 -0.000023
v -0.080933 0.401123 -0.000023
v 0.037781 0.372070 -0.087158
v 0.037781 0.381592 -0.087158
v 0.000350 0.401123 -0.077271
v -0.050140 0.401123 -0.019073
v -0.038849 0.401367 -0.037170
v -0.019928 0.401123 -0.049164
v -0.089233 0.381592 0.039124
v -0.073120 0.401123 0.032562
v -0.054321 0.401123 0.001970
v 0.067932 0.381592 -0.067505
v 0.031082 0.401123 -0.071106
v 0.055603 0.401123 -0.055176
v 0.018127 0.401367 -0.049225
v 0.000389 0.401367 -0.052765
v 0.035645 0.401123 -0.038177
v -0.056366 0.400879 0.058960
v -0.049805 0.401123 0.023972
v 0.071533 0.400635 -0.031143
v 0.048615 0.400879 -0.019989
v -0.037476 0.401123 0.041840
v 0.088928 0.381104 -0.037720
v 0.077637 0.401123 -0.000023
v 0.052246 0.401123 0.001233
v -0.030380 0.400879 0.075684
v -0.019882 0.401123 0.053070
v -0.037079 0.381348 0.091736
v -0.068787 0.381348 0.071289
v -0.000036 0.381592 0.098572
v -0.000036 0.401123 0.081177
v 0.000103 0.401367 0.056580
v -0.037079 0.371826 0.091736
v -0.000036 0.372070 0.098572
v -0.068787 0.371826 0.071289
v 0.037170 0.372070 0.090027
v 0.037170 0.381592 0.090027
v 0.030609 0.401123 0.073914
v 0.019867 0.401123 0.052307
v -0.064270 0.371826 0.066772
v -0.034607 0.371826 0.085815
v -0.000036 0.372070 0.092163
v 0.034760 0.372070 0.084106
v 0.067261 0.372070 0.069580
v 0.067261 0.381592 0.069580
v 0.054993 0.401123 0.057282
v 0.037720 0.401123 0.039734
v -0.083313 0.372070 0.036713
v 0.062744 0.372070 0.065063
v 0.088440 0.372070 0.037018
v 0.088440 0.381592 0.037018
v 0.071045 0.401123 0.030334
v 0.048950 0.401123 0.021103
v 0.082520 0.372070 0.034576
v 0.089905 0.372070 -0.000023
v 0.096313 0.372070 -0.000023
v 0.096313 0.381592 -0.000023
v 0.082947 0.371582 -0.035309
v 0.088928 0.371582 -0.037720
v 0.067932 0.372070 -0.067505
v 0.063354 0.372070 -0.062988
v 0.035309 0.372070 -0.081299
v -0.250488 0.118896 -0.057281
v -0.250488 0.118896 0.002020
v -0.250488 0.119080 -0.057281
v -0.283447 0.119080 -0.049347
v -0.307373 0.119080 -0.027710
v -0.316162 0.119080 0.001868
v -0.307373 0.119080 0.031433
v -0.283447 0.119080 0.053101
v -0.250488 0.119080 0.061005
v -0.250488 0.130127 0.061005
v -0.250488 0.130371 0.002020
v -0.283447 0.130127 0.053101
v -0.307373 0.130127 0.031433
v -0.316162 0.130127 0.001868
v -0.307373 0.130127 -0.027710
v -0.283447 0.130127 -0.049347
v -0.250488 0.130127 -0.057281
v -0.250488 0.130371 -0.057281
v -0.250488 0.119080 0.061005
v -0.250488 0.130127 0.061005
v -0.283447 0.119080 0.053101
v -0.283447 0.130127 0.053101
v -0.307373 0.130127 0.031433
v -0.307373 0.119080 0.031433
v -0.316162 0.130127 0.001868
v -0.316162 0.119080 0.001868
v -0.307373 0.130127 -0.027710
v -0.307373 0.119080 -0.027710
v -0.283447 0.130127 -0.049347
v -0.283447 0.119080 -0.049347
v -0.250488 0.130127 -0.057281
v -0.250488 0.119080 -0.057281
v 0.008995 0.181519 0.136841
v -0.009583 0.169434 0.132080
v -0.008934 0.181641 0.136963
v -0.024429 0.179443 0.145630
v 0.009628 0.169067 0.131836
v 0.024536 0.179443 0.145508
v -0.026184 0.166504 0.141235
v -0.033356 0.175781 0.160767
v 0.026291 0.166382 0.140869
v 0.033539 0.175781 0.160645
v -0.035736 0.162231 0.157227
v -0.033295 0.171509 0.178223
v 0.035919 0.162720 0.156860
v 0.033600 0.171631 0.178101
v -0.035706 0.157104 0.175659
v -0.024307 0.167969 0.193237
v 0.035980 0.157104 0.175659
v 0.024673 0.168213 0.193237
v -0.026047 0.152832 0.192017
v -0.008751 0.166016 0.202026
v 0.026428 0.152100 0.192261
v 0.009171 0.166138 0.202026
v 0.009819 0.150269 0.201782
v -0.009384 0.150269 0.201660
v 0.008995 0.181519 0.136841
v -0.008934 0.181641 0.136963
v 0.007996 0.179932 0.144287
v 0.024536 0.179443 0.145508
v -0.008202 0.179932 0.144287
v -0.024429 0.179443 0.145630
v 0.020630 0.177734 0.152832
v 0.033539 0.175781 0.160645
v -0.020584 0.177856 0.152710
v -0.033356 0.175781 0.160767
v 0.026398 0.174805 0.164795
v 0.033600 0.171631 0.178101
v -0.026215 0.175049 0.164307
v -0.033295 0.171509 0.178223
v 0.026260 0.171997 0.176880
v -0.026077 0.171997 0.176270
v 0.020111 0.169312 0.187866
v 0.024673 0.168213 0.193237
v -0.020035 0.169189 0.187622
v -0.024307 0.167969 0.193237
v 0.007843 0.167480 0.194824
v 0.009171 0.166138 0.202026
v -0.007427 0.167480 0.194824
v -0.008751 0.166016 0.202026
v 0.007996 0.179932 0.144287
v -0.007072 0.169678 0.140747
v 0.007107 0.169556 0.140747
v 0.019257 0.167969 0.147827
v -0.008202 0.179932 0.144287
v 0.020630 0.177734 0.152832
v -0.019287 0.167969 0.147705
v 0.026245 0.165161 0.159668
v -0.020584 0.177856 0.152710
v 0.026398 0.174805 0.164795
v -0.026138 0.165039 0.159790
v 0.026382 0.161865 0.173340
v -0.026215 0.175049 0.164307
v 0.026260 0.171997 0.176880
v -0.026001 0.161865 0.173462
v 0.019547 0.158936 0.185425
v -0.026077 0.171997 0.176270
v 0.020111 0.169312 0.187866
v -0.020035 0.169189 0.187622
v -0.019028 0.158936 0.185303
v 0.007843 0.167480 0.194824
v 0.007317 0.157349 0.192383
v -0.007427 0.167480 0.194824
v -0.006874 0.157349 0.192383
v 0.008995 0.307373 0.100769
v -0.009583 0.309814 0.090149
v -0.008934 0.307373 0.100891
v -0.024429 0.298340 0.100769
v 0.009628 0.309814 0.089172
v 0.024536 0.298584 0.100708
v -0.026184 0.300049 0.089172
v -0.033356 0.282715 0.100708
v 0.026291 0.300293 0.087952
v 0.033539 0.282959 0.100647
v -0.035736 0.283447 0.087952
v -0.033295 0.264893 0.100647
v 0.035919 0.283691 0.087158
v -0.035706 0.264160 0.087158
v 0.035980 0.264404 0.087952
v 0.033600 0.265137 0.100708
v -0.026047 0.247681 0.087952
v -0.024307 0.249390 0.100708
v 0.026428 0.247803 0.089478
v 0.024673 0.249512 0.100830
v -0.009384 0.238037 0.089478
v -0.008751 0.240479 0.100830
v 0.009819 0.238159 0.090088
v 0.009171 0.240479 0.100891
v -0.024429 0.298340 0.100769
v -0.018478 0.292480 0.100342
v -0.008934 0.307373 0.100891
v -0.033356 0.282715 0.100708
v -0.006729 0.299316 0.101563
v -0.025208 0.280762 0.100037
v -0.033295 0.264893 0.100647
v 0.006832 0.299316 0.100891
v 0.008995 0.307373 0.100769
v -0.025162 0.267090 0.099487
v 0.024536 0.298584 0.100708
v 0.018600 0.292480 0.100037
v -0.018356 0.255371 0.100037
v -0.024307 0.249390 0.100708
v 0.033539 0.282959 0.100647
v 0.025406 0.280762 0.099487
v -0.006592 0.248657 0.101135
v -0.008751 0.240479 0.100830
v 0.025436 0.267334 0.100037
v 0.033600 0.265137 0.100708
v 0.009171 0.240479 0.100891
v 0.006969 0.248657 0.101562
v 0.018692 0.255371 0.101135
v 0.024673 0.249512 0.100830
v -0.006729 0.299316 0.101563
v -0.018478 0.292480 0.100342
v -0.003685 0.288086 0.083923
v 0.006832 0.299316 0.100891
v -0.010147 0.284180 0.083923
v -0.025208 0.280762 0.100037
v 0.003822 0.288086 0.083923
v 0.018600 0.292480 0.100037
v -0.013779 0.277588 0.083923
v -0.025162 0.267090 0.099487
v 0.010254 0.284180 0.083923
v 0.025406 0.280762 0.099487
v -0.013710 0.270264 0.083923
v 0.013954 0.277588 0.083923
v -0.010017 0.263672 0.083923
v -0.018356 0.255371 0.100037
v 0.014030 0.270264 0.083923
v 0.025436 0.267334 0.100037
v -0.003582 0.260010 0.083923
v -0.006592 0.248657 0.101135
v 0.010406 0.263672 0.083923
v 0.018692 0.255371 0.101135
v 0.003933 0.259766 0.083923
v 0.006969 0.248657 0.101562
v 0.137817 0.181519 -0.008995
v 0.133057 0.169434 0.009583
v 0.137939 0.181641 0.008934
v 0.146606 0.179443 0.024429
v 0.132812 0.169067 -0.009628
v 0.146484 0.179443 -0.024536
v 0.142212 0.166504 0.026184
v 0.161743 0.175781 0.033356
v 0.141846 0.166992 -0.026291
v 0.161621 0.175781 -0.033539
v 0.158203 0.162231 0.035736
v 0.179199 0.171509 0.033295
v 0.157837 0.162720 -0.035919
v 0.179077 0.171631 -0.033600
v 0.176636 0.157104 0.035706
v 0.194214 0.167969 0.024307
v 0.176636 0.157104 -0.035980
v 0.194214 0.168213 -0.024673
v 0.192993 0.152832 0.026047
v 0.203003 0.166016 0.008751
v 0.193237 0.152588 -0.026428
v 0.203003 0.166138 -0.009171
v 0.202759 0.150269 -0.009819
v 0.202637 0.150269 0.009384
v 0.137817 0.181519 -0.008995
v 0.137939 0.181641 0.008934
v 0.145264 0.179932 -0.007996
v 0.146484 0.179443 -0.024536
v 0.145264 0.179932 0.008202
v 0.146606 0.179443 0.024429
v 0.153809 0.177734 -0.020630
v 0.161621 0.175781 -0.033539
v 0.153687 0.177856 0.020584
v 0.161743 0.175781 0.033356
v 0.165771 0.174805 -0.026398
v 0.179077 0.171631 -0.033600
v 0.165283 0.175049 0.026215
v 0.179199 0.171509 0.033295
v 0.177856 0.171997 -0.026260
v 0.177246 0.171997 0.026077
v 0.188843 0.169312 -0.020111
v 0.194214 0.168213 -0.024673
v 0.188599 0.169189 0.020035
v 0.194214 0.167969 0.024307
v 0.195801 0.167480 -0.007843
v 0.203003 0.166138 -0.009171
v 0.195801 0.167480 0.007427
v 0.203003 0.166016 0.008751
v 0.145264 0.179932 -0.007996
v 0.141724 0.169678 0.007072
v 0.141724 0.169556 -0.007107
v 0.148804 0.167969 -0.019257
v 0.145264 0.179932 0.008202
v 0.153809 0.177734 -0.020630
v 0.148682 0.167969 0.019287
v 0.160645 0.165161 -0.026245
v 0.153687 0.177856 0.020584
v 0.165771 0.174805 -0.026398
v 0.160767 0.165039 0.026138
v 0.174316 0.161865 -0.026382
v 0.165283 0.175049 0.026215
v 0.177856 0.171997 -0.026260
v 0.174438 0.161865 0.026001
v 0.186401 0.158936 -0.019547
v 0.177246 0.171997 0.026077
v 0.188843 0.169312 -0.020111
v 0.188599 0.169189 0.020035
v 0.186279 0.158936 0.019028
v 0.195801 0.167480 -0.007843
v 0.193359 0.157349 -0.007317
v 0.195801 0.167480 0.007427
v 0.193359 0.157349 0.006874
v 0.098572 0.307373 -0.008995
v 0.087891 0.309814 0.009583
v 0.098633 0.307373 0.008934
v 0.098572 0.298340 0.024429
v 0.086975 0.309814 -0.009628
v 0.098450 0.298584 -0.024536
v 0.086975 0.300049 0.026184
v 0.098450 0.282715 0.033356
v 0.085693 0.300293 -0.026291
v 0.098389 0.282959 -0.033539
v 0.085693 0.283447 0.035736
v 0.098389 0.264893 0.033295
v 0.084961 0.283691 -0.035919
v 0.084961 0.264160 0.035706
v 0.085693 0.264404 -0.035980
v 0.098450 0.265137 -0.033600
v 0.085693 0.247681 0.026047
v 0.098450 0.249390 0.024307
v 0.087280 0.247803 -0.026428
v 0.098633 0.249512 -0.024673
v 0.087280 0.238037 0.009384
v 0.098633 0.240479 0.008751
v 0.087891 0.238159 -0.009819
v 0.098633 0.240479 -0.009171
v 0.098572 0.298340 0.024429
v 0.098083 0.292480 0.018478
v 0.098633 0.307373 0.008934
v 0.098450 0.282715 0.033356
v 0.099365 0.299316 0.006729
v 0.097778 0.280762 0.025208
v 0.098389 0.264893 0.033295
v 0.098694 0.299316 -0.006832
v 0.098572 0.307373 -0.008995
v 0.097229 0.267090 0.025162
v 0.098450 0.298584 -0.024536
v 0.097778 0.292480 -0.018600
v 0.097778 0.255371 0.018356
v 0.098450 0.249390 0.024307
v 0.098389 0.282959 -0.033539
v 0.097229 0.280762 -0.025406
v 0.098938 0.248657 0.006592
v 0.098633 0.240479 0.008751
v 0.097778 0.267334 -0.025436
v 0.098450 0.265137 -0.033600
v 0.098633 0.240479 -0.009171
v 0.099304 0.248657 -0.006969
v 0.098938 0.255371 -0.018692
v 0.098633 0.249512 -0.024673
v 0.099365 0.299316 0.006729
v 0.098083 0.292480 0.018478
v 0.081665 0.288086 0.003685
v 0.098694 0.299316 -0.006832
v 0.081665 0.284180 0.010147
v 0.097778 0.280762 0.025208
v 0.081665 0.288086 -0.003822
v 0.097778 0.292480 -0.018600
v 0.081665 0.277588 0.013779
v 0.097229 0.267090 0.025162
v 0.081665 0.284180 -0.010254
v 0.097229 0.280762 -0.025406
v 0.081665 0.270264 0.013710
v 0.081665 0.277588 -0.013954
v 0.081665 0.263672 0.010017
v 0.097778 0.255371 0.018356
v 0.081665 0.270264 -0.014030
v 0.097778 0.267334 -0.025436
v 0.081665 0.260010 0.003582
v 0.098938 0.248657 0.006592
v 0.081665 0.263672 -0.010406
v 0.098938 0.255371 -0.018692
v 0.081665 0.259766 -0.003933
v 0.099304 0.248657 -0.006969
v -0.008995 0.181519 -0.136841
v 0.009583 0.169434 -0.132080
v 0.008934 0.181641 -0.136963
v 0.024429 0.179443 -0.145630
v -0.009628 0.169067 -0.131836
v -0.024536 0.179443 -0.145508
v 0.026184 0.166504 -0.141357
v 0.033356 0.175781 -0.160767
v -0.026291 0.166504 -0.140869
v -0.033539 0.175781 -0.160645
v 0.035736 0.162231 -0.157227
v 0.033295 0.171509 -0.178223
v -0.035919 0.162720 -0.156860
v -0.033600 0.171631 -0.178101
v 0.035706 0.157105 -0.175659
v 0.024307 0.167969 -0.193359
v -0.035980 0.157105 -0.175659
v -0.024673 0.168213 -0.193237
v 0.026047 0.152832 -0.192017
v 0.008751 0.166016 -0.202026
v -0.026428 0.152344 -0.192261
v -0.009171 0.166138 -0.202026
v -0.009819 0.150269 -0.201782
v 0.009384 0.150269 -0.201660
v -0.008995 0.181519 -0.136841
v 0.008934 0.181641 -0.136963
v -0.007996 0.179932 -0.144287
v -0.024536 0.179443 -0.145508
v 0.008202 0.179932 -0.144287
v 0.024429 0.179443 -0.145630
v -0.020630 0.177734 -0.152832
v -0.033539 0.175781 -0.160645
v 0.020584 0.177856 -0.152710
v 0.033356 0.175781 -0.160767
v -0.026398 0.174805 -0.164795
v -0.033600 0.171631 -0.178101
v 0.026215 0.175049 -0.164307
v 0.033295 0.171509 -0.178223
v -0.026260 0.171997 -0.176880
v 0.026077 0.171997 -0.176270
v -0.020111 0.169312 -0.187866
v -0.024673 0.168213 -0.193237
v 0.020035 0.169189 -0.187622
v 0.024307 0.167969 -0.193359
v -0.007843 0.167480 -0.194824
v -0.009171 0.166138 -0.202026
v 0.007427 0.167480 -0.194824
v 0.008751 0.166016 -0.202026
v -0.007996 0.179932 -0.144287
v 0.007072 0.169678 -0.140747
v -0.007107 0.169556 -0.140869
v -0.019257 0.167969 -0.147827
v 0.008202 0.179932 -0.144287
v -0.020630 0.177734 -0.152832
v 0.019287 0.167969 -0.147705
v -0.026245 0.165161 -0.159668
v 0.020584 0.177856 -0.152710
v -0.026398 0.174805 -0.164795
v 0.026138 0.165039 -0.159790
v -0.026382 0.161865 -0.173340
v 0.026215 0.175049 -0.164307
v -0.026260 0.171997 -0.176880
v 0.026001 0.161865 -0.173462
v -0.019547 0.158936 -0.185425
v 0.026077 0.171997 -0.176270
v -0.020111 0.169312 -0.187866
v 0.020035 0.169189 -0.187622
v 0.019028 0.158936 -0.185303
v -0.007843 0.167480 -0.194824
v -0.007317 0.157349 -0.192383
v 0.007427 0.167480 -0.194824
v 0.006874 0.157349 -0.192383
v -0.008995 0.307373 -0.097473
v 0.009583 0.309814 -0.086792
v 0.008934 0.307373 -0.097534
v 0.024429 0.298340 -0.097473
v -0.009628 0.309814 -0.085876
v -0.024536 0.298584 -0.097351
v 0.026184 0.300049 -0.085876
v 0.033356 0.282715 -0.097351
v -0.026291 0.300293 -0.084595
v -0.033539 0.282959 -0.097290
v 0.035736 0.283447 -0.084595
v 0.033295 0.264893 -0.097290
v -0.035919 0.283691 -0.083801
v 0.035706 0.264160 -0.083801
v -0.035980 0.264404 -0.084595
v -0.033600 0.265137 -0.097351
v 0.026047 0.247681 -0.084595
v 0.024307 0.249390 -0.097351
v -0.026428 0.247803 -0.086182
v -0.024673 0.249512 -0.097473
v 0.009384 0.238037 -0.086182
v 0.008751 0.240479 -0.097473
v -0.009819 0.238159 -0.086792
v -0.009171 0.240479 -0.097534
v 0.024429 0.298340 -0.097473
v 0.018478 0.292480 -0.096985
v 0.008934 0.307373 -0.097534
v 0.033356 0.282715 -0.097351
v 0.006729 0.299316 -0.098267
v 0.025208 0.280762 -0.096680
v 0.033295 0.264893 -0.097290
v -0.006832 0.299316 -0.097595
v -0.008995 0.307373 -0.097473
v 0.025162 0.267090 -0.096130
v -0.024536 0.298584 -0.097351
v -0.018600 0.292480 -0.096680
v 0.018356 0.255371 -0.096680
v 0.024307 0.249390 -0.097351
v -0.033539 0.282959 -0.097290
v -0.025406 0.280762 -0.096130
v 0.006592 0.248657 -0.097778
v 0.008751 0.240479 -0.097473
v -0.025436 0.267334 -0.096680
v -0.033600 0.265137 -0.097351
v -0.009171 0.240479 -0.097534
v -0.006969 0.248657 -0.098206
v -0.018692 0.255371 -0.097778
v -0.024673 0.249512 -0.097473
v 0.006729 0.299316 -0.098267
v 0.018478 0.292480 -0.096985
v 0.003685 0.288086 -0.080566
v -0.006832 0.299316 -0.097595
v 0.010147 0.284180 -0.080566
v 0.025208 0.280762 -0.096680
v -0.003822 0.288086 -0.080566
v -0.018600 0.292480 -0.096680
v 0.013779 0.277588 -0.080566
v 0.025162 0.267090 -0.096130
v -0.010254 0.284180 -0.080566
v -0.025406 0.280762 -0.096130
v 0.013710 0.270264 -0.080566
v -0.013954 0.277588 -0.080566
v 0.010017 0.263672 -0.080566
v 0.018356 0.255371 -0.096680
v -0.014030 0.270264 -0.080566
v -0.025436 0.267334 -0.096680
v 0.003582 0.260010 -0.080566
v 0.006592 0.248657 -0.097778
v -0.010406 0.263672 -0.080566
v -0.018692 0.255371 -0.097778
v -0.003933 0.259766 -0.080566
v -0.006969 0.248657 -0.098206
v -0.136841 0.181519 0.008995
v -0.132080 0.169434 -0.009583
v -0.136963 0.181641 -0.008934
v -0.145630 0.179443 -0.024429
v -0.131836 0.169067 0.009628
v -0.145508 0.179443 0.024536
v -0.141357 0.166504 -0.026184
v -0.160767 0.175781 -0.033356
v -0.140869 0.166382 0.026291
v -0.160645 0.175781 0.033539
v -0.157227 0.162231 -0.035736
v -0.178223 0.171509 -0.033295
v -0.156860 0.162720 0.035919
v -0.178101 0.171631 0.033600
v -0.175659 0.157104 -0.035706
v -0.193359 0.167969 -0.024307
v -0.175659 0.157104 0.035980
v -0.193237 0.168213 0.024673
v -0.192017 0.152832 -0.026047
v -0.202026 0.166016 -0.008751
v -0.192261 0.152100 0.026428
v -0.202026 0.166138 0.009171
v -0.201782 0.150269 0.009819
v -0.201660 0.150269 -0.009384
v -0.136841 0.181519 0.008995
v -0.136963 0.181641 -0.008934
v -0.144287 0.179932 0.007996
v -0.145508 0.179443 0.024536
v -0.144287 0.179932 -0.008202
v -0.145630 0.179443 -0.024429
v -0.152832 0.177734 0.020630
v -0.160645 0.175781 0.033539
v -0.152710 0.177856 -0.020584
v -0.160767 0.175781 -0.033356
v -0.164795 0.174805 0.026398
v -0.178101 0.171631 0.033600
v -0.164307 0.175049 -0.026215
v -0.178223 0.171509 -0.033295
v -0.176880 0.171997 0.026260
v -0.176270 0.171997 -0.026077
v -0.187866 0.169312 0.020111
v -0.193237 0.168213 0.024673
v -0.187622 0.169189 -0.020035
v -0.193359 0.167969 -0.024307
v -0.194824 0.167480 0.007843
v -0.202026 0.166138 0.009171
v -0.194824 0.167480 -0.007427
v -0.202026 0.166016 -0.008751
v -0.144287 0.179932 0.007996
v -0.140747 0.169678 -0.007072
v -0.140869 0.169556 0.007107
v -0.147827 0.167969 0.019257
v -0.144287 0.179932 -0.008202
v -0.152832 0.177734 0.020630
v -0.147705 0.167969 -0.019287
v -0.159668 0.165161 0.026245
v -0.152710 0.177856 -0.020584
v -0.164795 0.174805 0.026398
v -0.159790 0.165039 -0.026138
v -0.173340 0.161865 0.026382
v -0.164307 0.175049 -0.026215
v -0.176880 0.171997 0.026260
v -0.173462 0.161865 -0.026001
v -0.185425 0.158936 0.019547
v -0.176270 0.171997 -0.026077
v -0.187866 0.169312 0.020111
v -0.187622 0.169189 -0.020035
v -0.185303 0.158936 -0.019028
v -0.194824 0.167480 0.007843
v -0.192383 0.157349 0.007317
v -0.194824 0.167480 -0.007427
v -0.192383 0.157349 -0.006874
v -0.101196 0.307373 0.008995
v -0.090515 0.309814 -0.009583
v -0.101318 0.307373 -0.008934
v -0.101196 0.298340 -0.024429
v -0.089600 0.309814 0.009628
v -0.101135 0.298584 0.024536
v -0.089600 0.300049 -0.026184
v -0.101135 0.282715 -0.033356
v -0.088318 0.300293 0.026291
v -0.101013 0.282959 0.033539
v -0.088318 0.283447 -0.035736
v -0.101013 0.264893 -0.033295
v -0.087585 0.283691 0.035919
v -0.087585 0.264160 -0.035706
v -0.088318 0.264404 0.035980
v -0.101135 0.265137 0.033600
v -0.088318 0.247681 -0.026047
v -0.101135 0.249390 -0.024307
v -0.089905 0.247803 0.026428
v -0.101257 0.249512 0.024673
v -0.089905 0.238037 -0.009384
v -0.101257 0.240479 -0.008751
v -0.090515 0.238159 0.009819
v -0.101257 0.240479 0.009171
v -0.101196 0.298340 -0.024429
v -0.100708 0.292480 -0.018478
v -0.101318 0.307373 -0.008934
v -0.101135 0.282715 -0.033356
v -0.101990 0.299316 -0.006729
v -0.100464 0.280762 -0.025208
v -0.101013 0.264893 -0.033295
v -0.101318 0.299316 0.006832
v -0.101196 0.307373 0.008995
v -0.099915 0.267090 -0.025162
v -0.101135 0.298584 0.024536
v -0.100464 0.292480 0.018600
v -0.100464 0.255371 -0.018356
v -0.101135 0.249390 -0.024307
v -0.101013 0.282959 0.033539
v -0.099915 0.280762 0.025406
v -0.101562 0.248657 -0.006592
v -0.101257 0.240479 -0.008751
v -0.100464 0.267334 0.025436
v -0.101135 0.265137 0.033600
v -0.101257 0.240479 0.009171
v -0.101990 0.248657 0.006969
v -0.101562 0.255371 0.018692
v -0.101257 0.249512 0.024673
v -0.101990 0.299316 -0.006729
v -0.100708 0.292480 -0.018478
v -0.084351 0.288086 -0.003685
v -0.101318 0.299316 0.006832
v -0.084351 0.284180 -0.010147
v -0.100464 0.280762 -0.025208
v -0.084351 0.288086 0.003822
v -0.100464 0.292480 0.018600
v -0.084351 0.277588 -0.013779
v -0.099915 0.267090 -0.025162
v -0.084351 0.284180 0.010254
v -0.099915 0.280762 0.025406
v -0.084351 0.270264 -0.013710
v -0.084351 0.277588 0.013954
v -0.084351 0.263672 -0.010017
v -0.100464 0.255371 -0.018356
v -0.084351 0.270264 0.014030
v -0.100464 0.267334 0.025436
v -0.084351 0.260010 -0.003582
v -0.101562 0.248657 -0.006592
v -0.084351 0.263672 0.010406
v -0.101562 0.255371 0.018692
v -0.084351 0.259766 0.003933
v -0.101990 0.248657 0.006969
v -0.006592 0.248657 0.101135
v 0.006969 0.248657 0.101562
v -0.006481 0.244507 0.125855
v 0.006855 0.244507 0.125855
v 0.018387 0.250977 0.127563
v 0.018692 0.255371 0.101135
v 0.018295 0.247437 0.136230
v 0.006805 0.241211 0.133057
v 0.025024 0.262207 0.130493
v -0.006489 0.241089 0.133057
v 0.025436 0.267334 0.100037
v 0.024979 0.275146 0.134033
v 0.024872 0.258301 0.141724
v 0.024734 0.250488 0.152954
v 0.018204 0.240601 0.145020
v 0.006756 0.234863 0.140259
v -0.006500 0.234863 0.140259
v 0.025406 0.280762 0.099487
v 0.018280 0.286133 0.137085
v 0.024826 0.270752 0.148071
v 0.024673 0.261719 0.162109
v 0.024933 0.250244 0.171631
v 0.025009 0.241821 0.160034
v 0.018417 0.234253 0.149902
v 0.018204 0.281494 0.153564
v 0.018600 0.292480 0.100037
v -0.050385 0.348633 -0.048492
v -0.026230 0.348633 -0.064148
v -0.065002 0.348633 -0.026688
v -0.070618 0.348633 0.000989
v -0.065613 0.348633 0.029480
v -0.048920 0.348633 0.053467
v -0.025940 0.348633 0.068298
v 0.000462 0.348633 0.072998
v 0.026642 0.348633 0.067200
v 0.049591 0.348633 0.050934
v 0.064087 0.348633 0.027542
v 0.068726 0.348633 0.000990
v 0.063110 0.348389 -0.026123
v 0.046997 0.348633 -0.049927
v 0.024673 0.348633 -0.064087
v -0.000378 0.348633 -0.069275
v -0.026230 0.348633 -0.064148
v -0.096802 0.139404 0.203613
v -0.092590 0.144165 0.194580
v -0.139648 0.139404 0.176636
v -0.049042 0.139404 0.220459
v -0.134399 0.144165 0.168335
v -0.175415 0.139404 0.140747
v -0.046478 0.144165 0.210693
v -0.086060 0.150269 0.181030
v -0.124939 0.150269 0.156738
v -0.000062 0.139404 0.226196
v -0.168335 0.144165 0.134033
v -0.156616 0.150269 0.124695
v -0.202393 0.139404 0.097839
v -0.110962 0.157471 0.139404
v -0.139038 0.157471 0.110901
v -0.043152 0.150269 0.196045
v -0.076355 0.157471 0.161133
v -0.000054 0.144165 0.217407
v 0.000053 0.150269 0.202393
v 0.052216 0.139404 0.220459
v -0.193604 0.144165 0.093323
v -0.180176 0.150269 0.086853
v -0.160034 0.157471 0.077271
v 0.050751 0.144165 0.211182
v -0.217773 0.139404 0.054932
v -0.124207 0.162109 0.100830
v -0.143555 0.162109 0.069031
v 0.000212 0.157471 0.180054
v -0.038208 0.157471 0.174438
v 0.047333 0.150269 0.196533
v 0.093811 0.144165 0.195801
v 0.099487 0.139404 0.203979
v -0.208740 0.144165 0.052612
v -0.194214 0.150269 0.048981
v -0.172485 0.157471 0.043610
v -0.153809 0.162109 0.041473
v -0.128174 0.166382 0.061584
v -0.135376 0.166382 0.042358
v 0.000339 0.162109 0.162109
v 0.042267 0.157471 0.174805
v 0.087402 0.150269 0.182251
v 0.136353 0.144165 0.169067
v 0.142456 0.139404 0.177002
v -0.200684 0.150269 -0.000010
v -0.178345 0.157471 0.000016
v -0.160522 0.162109 0.000036
v -0.143433 0.166382 0.000056
v -0.099304 0.174927 0.043213
v -0.106445 0.175537 0.000187
v 0.040314 0.162109 0.156738
v 0.077881 0.157471 0.162109
v 0.126953 0.150269 0.157349
v 0.178345 0.139404 0.141235
v 0.169922 0.144165 0.134644
v -0.173462 0.157471 -0.040283
v -0.195190 0.150269 -0.045319
v -0.155640 0.162109 -0.039001
v -0.137329 0.166382 -0.041077
v -0.100464 0.174927 -0.039459
v 0.068604 0.162109 0.146729
v 0.113098 0.157471 0.140015
v 0.158203 0.150269 0.125366
v 0.196289 0.144165 0.094055
v 0.182739 0.150269 0.087585
v 0.205322 0.139404 0.098450
v -0.160034 0.157471 -0.077087
v -0.180054 0.150269 -0.086731
v -0.144531 0.162109 -0.069458
v -0.130859 0.166382 -0.059021
v 0.103210 0.162109 0.124939
v 0.140869 0.157471 0.111511
v 0.162720 0.157471 0.077881
v -0.138062 0.157471 -0.112000
v 0.212402 0.144165 0.048523
v 0.197754 0.150269 0.045166
v 0.176025 0.157471 0.040192
v -0.123718 0.162109 -0.100281
v 0.222168 0.139404 0.050629
v 0.125854 0.162109 0.101685
v 0.146606 0.162109 0.069946
v 0.157593 0.162109 0.038971
v 0.203735 0.150269 -0.000233
v 0.181274 0.157471 -0.000182
v 0.163452 0.162109 -0.000142
v 0.227905 0.139404 -0.000030
v 0.218750 0.144165 -0.000267
v 0.139160 0.166382 0.041321
v 0.131958 0.166382 0.061707
v 0.146484 0.166382 -0.000103
v 0.212769 0.144165 -0.047333
v -0.282471 0.005341 -0.049438
v -0.249634 0.113342 -0.057343
v -0.249634 0.005341 -0.057343
v -0.282471 0.113342 -0.049438
v -0.306396 0.005341 -0.027786
v -0.251221 0.119263 -0.051605
v -0.280762 0.119263 -0.044434
v -0.306396 0.113342 -0.027786
v -0.315186 0.005341 0.001795
v -0.302490 0.119263 -0.024902
v -0.315186 0.113342 0.001795
v -0.306396 0.005341 0.031372
v -0.310547 0.119263 0.001795
v -0.302490 0.119263 0.028488
v -0.306396 0.113342 0.031372
v -0.282471 0.005341 0.053009
v -0.280762 0.119263 0.048035
v -0.282471 0.113342 0.053009
v -0.249634 0.005341 0.060944
v -0.251221 0.119263 0.055176
v -0.249634 0.113342 0.060944
v -0.282471 0.005341 -0.049438
v -0.249634 0.005341 -0.057343
v -0.249634 0.005341 0.001795
v -0.306396 0.005341 -0.027786
v -0.315186 0.005341 0.001795
v -0.306396 0.005341 0.031372
v -0.282471 0.005341 0.053009
v -0.249634 0.005341 0.060944
v -0.049347 0.005341 0.283447
v -0.057281 0.113342 0.250488
v -0.057281 0.005341 0.250488
v -0.049347 0.113342 0.283447
v -0.027710 0.005341 0.307373
v -0.051514 0.119263 0.252197
v -0.044373 0.119263 0.281738
v -0.027710 0.113342 0.307373
v 0.001868 0.005341 0.316162
v -0.024826 0.119263 0.303467
v 0.001868 0.113342 0.316162
v 0.031433 0.005341 0.307373
v 0.001868 0.119263 0.311523
v 0.028564 0.119263 0.303467
v 0.031433 0.113342 0.307373
v 0.053101 0.005341 0.283447
v 0.048096 0.119263 0.281738
v 0.053101 0.113342 0.283447
v 0.061005 0.005341 0.250488
v 0.055267 0.119263 0.252197
v 0.061005 0.113342 0.250488
v -0.049347 0.005341 0.283447
v -0.057281 0.005341 0.250488
v 0.001868 0.005341 0.250488
v -0.027710 0.005341 0.307373
v 0.001868 0.005341 0.316162
v 0.031433 0.005341 0.307373
v 0.053101 0.005341 0.283447
v 0.061005 0.005341 0.250488
v 0.285400 0.005341 0.051514
v 0.252686 0.113342 0.059418
v 0.252686 0.005341 0.059418
v 0.285400 0.113342 0.051514
v 0.309570 0.005341 0.029846
v 0.254150 0.119263 0.053680
v 0.283936 0.119263 0.046509
v 0.309570 0.113342 0.029846
v 0.318359 0.005341 0.000278
v 0.305664 0.119263 0.026978
v 0.318359 0.113342 0.000278
v 0.309570 0.005341 -0.029297
v 0.313477 0.119263 0.000278
v 0.305664 0.119263 -0.026413
v 0.309570 0.113342 -0.029297
v 0.285400 0.005341 -0.050934
v 0.283936 0.119263 -0.045959
v 0.285400 0.113342 -0.050934
v 0.252686 0.005341 -0.058868
v 0.254150 0.119263 -0.053101
v 0.252686 0.113342 -0.058868
v 0.285400 0.005341 0.051514
v 0.252686 0.005341 0.059418
v 0.252686 0.005341 0.000278
v 0.309570 0.005341 0.029846
v 0.318359 0.005341 0.000278
v 0.309570 0.005341 -0.029297
v 0.285400 0.005341 -0.050934
v 0.252686 0.005341 -0.058868
v 0.052917 0.005341 -0.284668
v 0.060852 0.113342 -0.251709
v 0.060852 0.005341 -0.251709
v 0.052917 0.113342 -0.284668
v 0.031281 0.005341 -0.308594
v 0.055084 0.119263 -0.253174
v 0.047943 0.119263 -0.282959
v 0.031281 0.113342 -0.308594
v 0.001691 0.005341 -0.317383
v 0.028381 0.119263 -0.304688
v 0.001691 0.113342 -0.317383
v -0.027878 0.005341 -0.308594
v 0.001691 0.119263 -0.312500
v -0.025009 0.119263 -0.304688
v -0.027878 0.113342 -0.308594
v -0.049530 0.005341 -0.284668
v -0.044556 0.119263 -0.282959
v -0.049530 0.113342 -0.284668
v -0.057465 0.005341 -0.251709
v -0.051697 0.119263 -0.253174
v -0.057465 0.113342 -0.251709
v 0.052917 0.005341 -0.284668
v 0.060852 0.005341 -0.251709
v 0.001691 0.005341 -0.251709
v 0.031281 0.005341 -0.308594
v 0.001691 0.005341 -0.317383
v -0.027878 0.005341 -0.308594
v -0.049530 0.005341 -0.284668
v -0.057465 0.005341 -0.251709
v 0.198120 0.150269 -0.044037
v 0.176392 0.157471 -0.039154
v 0.158447 0.162109 -0.037842
v 0.222290 0.139404 -0.049835
v 0.196533 0.144165 -0.093262
v 0.182983 0.150269 -0.086792
v 0.105896 0.174927 0.000072
v 0.097717 0.174927 0.041473
v 0.140381 0.166382 -0.040283
v 0.162964 0.157471 -0.077148
v 0.147461 0.162109 -0.068665
v 0.205566 0.139404 -0.097900
v 0.178711 0.139404 -0.140869
v 0.170166 0.144165 -0.135010
v 0.158569 0.150269 -0.125610
v 0.141113 0.157471 -0.111694
v 0.098450 0.174438 -0.039581
v 0.133667 0.166382 -0.059418
v 0.126587 0.162109 -0.101318
v 0.110413 0.166382 -0.093689
v 0.142944 0.139404 -0.176758
v 0.137085 0.144165 -0.168579
v 0.127686 0.150269 -0.156860
v 0.113770 0.157471 -0.139526
v 0.103333 0.162109 -0.124878
v 0.095581 0.166382 -0.108704
v 0.074341 0.174927 -0.073730
v 0.095459 0.144165 -0.194336
v 0.088928 0.150269 -0.180786
v 0.079224 0.157471 -0.160767
v 0.100098 0.139404 -0.203735
v 0.070190 0.162109 -0.145264
v 0.061035 0.166382 -0.131226
v 0.039764 0.174927 -0.095459
v 0.050110 0.144165 -0.210815
v 0.046722 0.150269 -0.196167
v 0.041718 0.157471 -0.174438
v 0.039062 0.162109 -0.156616
v 0.039764 0.166382 -0.138916
v 0.052277 0.139404 -0.220459
v 0.000591 0.174927 -0.104553
v 0.000902 0.166382 -0.144653
v 0.000833 0.162109 -0.161743
v 0.000760 0.157471 -0.179565
v 0.000669 0.150269 -0.201904
v 0.000603 0.139404 -0.225342
v 0.000608 0.144165 -0.216919
v -0.039917 0.162109 -0.155640
v -0.041748 0.166382 -0.137695
v -0.041473 0.157471 -0.174072
v -0.046814 0.150269 -0.195801
v -0.050415 0.144165 -0.210449
v -0.040405 0.174927 -0.097412
v -0.052551 0.139404 -0.219727
v -0.075989 0.157471 -0.161499
v -0.068909 0.162109 -0.144897
v -0.061523 0.166382 -0.130493
v -0.085632 0.150269 -0.181519
v -0.092102 0.144165 -0.195068
v -0.096252 0.139404 -0.203979
v -0.109802 0.157471 -0.139771
v -0.123657 0.150269 -0.157104
v -0.099792 0.162109 -0.123718
v -0.093567 0.166382 -0.106995
v -0.132935 0.144165 -0.168945
v -0.076294 0.174927 -0.073669
v -0.139160 0.139404 -0.177124
v -0.155518 0.150269 -0.125977
v -0.108521 0.166382 -0.092285
v -0.167114 0.144165 -0.135376
v -0.175049 0.139404 -0.141357
v -0.193604 0.144165 -0.093201
v -0.202026 0.139404 -0.098450
v -0.218872 0.139404 -0.050690
v -0.209839 0.144165 -0.048706
v -0.215820 0.144165 -0.000028
v -0.224609 0.139404 -0.000030
v 0.109924 0.166382 0.094788
v 0.095337 0.166382 0.109680
v 0.076111 0.174927 0.077637
v 0.058228 0.166382 0.133057
v 0.040344 0.174927 0.101440
v 0.042664 0.166382 0.138550
v -0.000043 0.174927 0.109802
v 0.000460 0.166382 0.145142
v -0.037109 0.162109 0.156616
v -0.040405 0.166382 0.138428
v -0.041016 0.174927 0.100464
v -0.068237 0.162109 0.145630
v -0.058624 0.166382 0.132080
v -0.100708 0.162109 0.124634
v -0.093628 0.166382 0.107849
v -0.076599 0.174805 0.078125
v -0.107361 0.166382 0.093994
v -0.282471 0.104919 -0.040955
v -0.255127 0.108521 0.001795
v -0.255127 0.104919 -0.047577
v -0.302490 0.104919 -0.022888
v -0.309814 0.104919 0.001795
v -0.302490 0.104919 0.026489
v -0.282471 0.104919 0.044556
v -0.255127 0.104919 0.051178
v -0.282471 0.014755 -0.040955
v -0.255127 0.104919 -0.047577
v -0.255127 0.014755 -0.047577
v -0.282471 0.104919 -0.040955
v -0.302490 0.014755 -0.022888
v -0.302490 0.104919 -0.022888
v -0.309814 0.014755 0.001795
v -0.309814 0.104919 0.001795
v -0.302490 0.014755 0.026489
v -0.302490 0.104919 0.026489
v -0.282471 0.014755 0.044556
v -0.282471 0.104919 0.044556
v -0.255127 0.014755 0.051178
v -0.255127 0.104919 0.051178
v -0.282471 0.014755 -0.040955
v -0.255127 0.014755 -0.047577
v -0.255127 0.014755 0.001795
v -0.302490 0.014755 -0.022888
v -0.309814 0.014755 0.001795
v -0.302490 0.014755 0.026489
v -0.282471 0.014755 0.044556
v -0.255127 0.014755 0.051178
v -0.040894 0.104919 0.283447
v 0.001868 0.108521 0.255859
v -0.047516 0.104919 0.255859
v -0.022827 0.104919 0.303467
v 0.001868 0.104919 0.310791
v 0.026550 0.104919 0.303467
v 0.044617 0.104919 0.283447
v 0.051239 0.104919 0.255859
v -0.040894 0.014755 0.283447
v -0.047516 0.104919 0.255859
v -0.047516 0.014755 0.255859
v -0.040894 0.104919 0.283447
v -0.022827 0.014755 0.303467
v -0.022827 0.104919 0.303467
v 0.001868 0.014755 0.310791
v 0.001868 0.104919 0.310791
v 0.026550 0.014755 0.303467
v 0.026550 0.104919 0.303467
v 0.044617 0.014755 0.283447
v 0.044617 0.104919 0.283447
v 0.051239 0.014755 0.255859
v 0.051239 0.104919 0.255859
v -0.040894 0.014755 0.283447
v -0.047516 0.014755 0.255859
v 0.001868 0.014755 0.255859
v -0.022827 0.014755 0.303467
v 0.001868 0.014755 0.310791
v 0.026550 0.014755 0.303467
v 0.044617 0.014755 0.283447
v 0.051239 0.014755 0.255859
v 0.285400 0.104919 0.043030
v 0.258057 0.108521 0.000278
v 0.258057 0.104919 0.049652
v 0.305664 0.104919 0.024963
v 0.312988 0.104919 0.000278
v 0.305664 0.104919 -0.024414
v 0.285400 0.104919 -0.042480
v 0.258057 0.104919 -0.049103
v 0.285400 0.014755 0.043030
v 0.258057 0.104919 0.049652
v 0.258057 0.014755 0.049652
v 0.285400 0.104919 0.043030
v 0.305664 0.014755 0.024963
v 0.305664 0.104919 0.024963
v 0.312988 0.014755 0.000278
v 0.312988 0.104919 0.000278
v 0.305664 0.014755 -0.024414
v 0.305664 0.104919 -0.024414
v 0.285400 0.014755 -0.042480
v 0.285400 0.104919 -0.042480
v 0.258057 0.014755 -0.049103
v 0.258057 0.104919 -0.049103
v 0.285400 0.014755 0.043030
v 0.258057 0.014755 0.049652
v 0.258057 0.014755 0.000278
v 0.305664 0.014755 0.024963
v 0.312988 0.014755 0.000278
v 0.305664 0.014755 -0.024414
v 0.285400 0.014755 -0.042480
v 0.258057 0.014755 -0.049103
v 0.044464 0.104919 -0.284668
v 0.001691 0.108521 -0.257080
v 0.051056 0.104919 -0.257080
v 0.026382 0.104919 -0.304688
v 0.001691 0.104919 -0.312012
v -0.022995 0.104919 -0.304688
v -0.041077 0.104919 -0.284668
v -0.047699 0.104919 -0.257080
v 0.044464 0.014755 -0.284668
v 0.051056 0.104919 -0.257080
v 0.051056 0.014755 -0.257080
v 0.044464 0.104919 -0.284668
v 0.026382 0.014755 -0.304688
v 0.026382 0.104919 -0.304688
v 0.001691 0.014755 -0.312012
v 0.001691 0.104919 -0.312012
v -0.022995 0.014755 -0.304688
v -0.022995 0.104919 -0.304688
v -0.041077 0.014755 -0.284668
v -0.041077 0.104919 -0.284668
v -0.047699 0.014755 -0.257080
v -0.047699 0.104919 -0.257080
v 0.044464 0.014755 -0.284668
v 0.051056 0.014755 -0.257080
v 0.001691 0.014755 -0.257080
v 0.026382 0.014755 -0.304688
v 0.001691 0.014755 -0.312012
v -0.022995 0.014755 -0.304688
v -0.041077 0.014755 -0.284668
v -0.047699 0.014755 -0.257080
v -0.145996 0.157593 0.039398
v -0.155151 0.151611 0.074951
v -0.136230 0.157593 0.065613
v -0.117920 0.157593 0.095825
v -0.115173 0.163574 0.055420
v -0.121582 0.163574 0.038147
v 0.000251 0.151611 0.174561
v 0.000397 0.157593 0.154053
v -0.036987 0.151611 0.169189
v 0.041016 0.151611 0.169556
v 0.046448 0.143799 0.192749
v 0.093811 0.136841 0.195801
v 0.085754 0.143799 0.178711
v 0.099487 0.132202 0.203979
v 0.136353 0.136841 0.169067
v 0.142456 0.132202 0.177002
v -0.196777 0.143799 -0.000006
v -0.208740 0.136841 0.052612
v -0.190430 0.143799 0.048065
v -0.172852 0.151611 0.000022
v -0.167236 0.151611 0.042267
v -0.152344 0.157593 0.000046
v -0.128906 0.163574 0.000073
v -0.102539 0.167725 0.044525
v -0.109863 0.168335 0.000095
v 0.038361 0.157593 0.148926
v 0.075562 0.151611 0.157104
v 0.124573 0.143799 0.154419
v 0.178345 0.132202 0.141235
v 0.169922 0.136841 0.134644
v -0.168091 0.151611 -0.039062
v -0.191406 0.143799 -0.044464
v -0.147705 0.157593 -0.037048
v -0.123413 0.163574 -0.036957
v -0.103699 0.167725 -0.040863
v 0.065247 0.157593 0.139282
v 0.109680 0.151611 0.135742
v 0.155273 0.143799 0.122986
v 0.196289 0.136841 0.094055
v 0.179321 0.143799 0.085876
v 0.205322 0.132202 0.098450
v -0.155151 0.151611 -0.074768
v -0.176636 0.143799 -0.085083
v -0.137207 0.157593 -0.065918
v -0.117554 0.163574 -0.053070
v 0.098145 0.157593 0.118652
v 0.136719 0.151611 0.108154
v 0.157837 0.151611 0.075562
v -0.133911 0.151611 -0.108582
v 0.212402 0.136841 0.048523
v 0.193970 0.143799 0.044281
v 0.170776 0.151611 0.038971
v -0.117432 0.157593 -0.095276
v 0.222168 0.132202 0.050629
v 0.119629 0.157593 0.096619
v 0.139404 0.157593 0.066467
v 0.149780 0.157593 0.037018
v 0.199829 0.143799 -0.000224
v 0.175903 0.151611 -0.000170
v 0.155396 0.157593 -0.000123
v 0.227905 0.132202 -0.000030
v 0.218750 0.136841 -0.000267
v 0.125366 0.163574 0.037201
v 0.118896 0.163574 0.055542
v 0.131836 0.163574 -0.000071
v 0.212769 0.136841 -0.047333
v 0.194336 0.143799 -0.043182
v 0.171143 0.151611 -0.037933
v 0.150513 0.157593 -0.035919
v 0.222290 0.132202 -0.049835
v 0.196533 0.136841 -0.093262
v 0.179443 0.143799 -0.085083
v 0.109375 0.167725 -0.000023
v 0.100891 0.167725 0.042725
v 0.126465 0.163574 -0.036224
v 0.158081 0.151611 -0.074768
v 0.140137 0.157593 -0.065186
v 0.205566 0.132202 -0.097900
v 0.178711 0.132202 -0.140869
v 0.170166 0.136841 -0.135010
v 0.155518 0.143799 -0.123169
v 0.136963 0.151611 -0.108276
v 0.101685 0.167236 -0.040466
v 0.120361 0.163574 -0.053436
v 0.120300 0.157593 -0.096191
v 0.099487 0.163574 -0.084229
v 0.142944 0.132202 -0.176758
v 0.137085 0.136841 -0.168579
v 0.125244 0.143799 -0.153809
v 0.110352 0.151611 -0.135254
v 0.098206 0.157593 -0.118591
v 0.086182 0.163574 -0.097778
v 0.076782 0.167725 -0.076233
v 0.095459 0.136841 -0.194336
v 0.087219 0.143799 -0.177368
v 0.076904 0.151611 -0.155884
v 0.100098 0.132202 -0.203735
v 0.066772 0.157593 -0.138062
v 0.055054 0.163574 -0.118042
v 0.040619 0.167725 -0.098816
v 0.050110 0.136841 -0.210815
v 0.045868 0.143799 -0.192383
v 0.040497 0.151611 -0.169067
v 0.037170 0.157593 -0.148682
v 0.035919 0.163574 -0.124939
v 0.052277 0.132202 -0.220459
v 0.000618 0.167725 -0.108032
v 0.000961 0.163574 -0.130127
v 0.000865 0.157593 -0.153564
v 0.000782 0.151611 -0.174072
v 0.000685 0.143799 -0.197998
v 0.000603 0.132202 -0.225342
v 0.000608 0.136841 -0.216919
v -0.224609 0.132202 -0.000030
v -0.217773 0.132202 0.054932
v -0.215820 0.136841 -0.000028
v -0.218872 0.132202 -0.050690
v -0.209839 0.136841 -0.048706
v -0.193604 0.136841 -0.093201
v -0.202026 0.132202 -0.098450
v -0.167114 0.136841 -0.135376
v -0.152466 0.143799 -0.123535
v -0.175049 0.132202 -0.141357
v -0.139160 0.132202 -0.177124
v -0.132935 0.136841 -0.168945
v -0.121277 0.143799 -0.154175
v -0.092102 0.136841 -0.195068
v -0.083923 0.143799 -0.178101
v -0.096252 0.132202 -0.203979
v -0.106445 0.151611 -0.135498
v -0.073669 0.151611 -0.156494
v -0.050415 0.136841 -0.210449
v -0.045898 0.143799 -0.192017
v -0.040192 0.151611 -0.168823
v -0.094727 0.157593 -0.117554
v -0.065369 0.157593 -0.137695
v -0.037842 0.157593 -0.147827
v -0.052551 0.132202 -0.219727
v 0.000685 0.143799 -0.197998
v 0.000782 0.151611 -0.174072
v 0.000865 0.157593 -0.153564
v 0.000603 0.132202 -0.225342
v 0.000608 0.136841 -0.216919
v -0.084045 0.163574 -0.096252
v -0.055206 0.163574 -0.117371
v -0.037415 0.163574 -0.123901
v 0.000961 0.163574 -0.130127
v -0.041687 0.167725 -0.100708
v 0.000618 0.167725 -0.108032
v -0.078735 0.167725 -0.076172
v -0.097534 0.163574 -0.083008
v 0.099060 0.163574 0.085327
v 0.085938 0.163574 0.098755
v 0.078613 0.167725 0.080078
v 0.052521 0.163574 0.119690
v 0.041687 0.167725 0.105347
v 0.038513 0.163574 0.124695
v -0.000036 0.167725 0.114014
v 0.000564 0.163574 0.130615
v -0.035156 0.157593 0.148682
v -0.036194 0.163574 0.124573
v -0.096802 0.132202 0.203613
v -0.092590 0.136841 0.194580
v -0.139648 0.132202 0.176636
v -0.049042 0.132202 0.220459
v -0.134399 0.136841 0.168335
v -0.175415 0.132202 0.140747
v -0.046478 0.136841 0.210693
v -0.084412 0.143799 0.177612
v -0.122498 0.143799 0.153687
v -0.000062 0.132202 0.226196
v -0.168335 0.136841 0.134033
v -0.153564 0.143799 0.122314
v -0.202393 0.132202 0.097839
v -0.107544 0.151611 0.135132
v -0.134888 0.151611 0.107544
v -0.042267 0.143799 0.192261
v -0.074036 0.151611 0.156250
v -0.000054 0.136841 0.217407
v 0.000081 0.143799 0.198486
v 0.052216 0.132202 0.220459
v -0.193604 0.136841 0.093323
v -0.176636 0.143799 0.085205
v 0.050751 0.136841 0.211182
v -0.042328 0.167725 0.104431
v -0.064758 0.157593 0.138428
v -0.052582 0.163574 0.118835
v -0.095581 0.157593 0.118408
v -0.084106 0.163574 0.097046
v -0.079102 0.167603 0.080566
v -0.096436 0.163574 0.084595
vn 0.3836 -0.9193 -0.0884
vn 1.0000 -0.0000 0.0009
vn 0.3609 -0.9326 0.0003
vn 0.9745 -0.0000 -0.2245
vn 0.8667 -0.1542 -0.4744
vn 0.9534 0.3016 0.0010
vn 0.9311 0.2953 -0.2143
vn 0.8947 -0.0387 -0.4450
vn 0.8608 0.3050 -0.4074
vn 0.7379 0.3127 -0.5982
vn 0.7675 -0.1136 -0.6308
vn 0.6558 -0.2923 -0.6960
vn 0.0925 -0.9905 -0.1021
vn 0.2389 -0.9512 -0.1951
vn 0.7417 -0.2770 -0.6109
vn 0.6295 -0.1136 -0.7686
vn 0.6129 -0.2777 -0.7398
vn 0.1963 -0.9510 -0.2388
vn 0.6001 0.3127 -0.7363
vn 0.6987 -0.2930 -0.6527
vn 0.4466 -0.0384 -0.8939
vn 0.1030 -0.9903 -0.0932
vn 0.4760 -0.1555 -0.8656
vn 0.4100 0.3053 -0.8595
vn 0.2221 -0.0000 -0.9750
vn 0.0876 -0.9190 -0.3844
vn 0.2122 0.2961 -0.9313
vn -0.0027 -0.9315 -0.3638
vn -0.0075 -0.0000 -1.0000
vn -0.0071 0.3019 -0.9533
vn -0.0892 -0.9195 -0.3827
vn -0.2274 -0.0000 -0.9738
vn -0.2168 0.2973 -0.9298
vn -0.5019 -0.1490 -0.8520
vn -0.4517 -0.0433 -0.8911
vn -0.4168 0.3044 -0.8565
vn -0.5961 0.3087 -0.7412
vn -0.6239 -0.1171 -0.7726
vn -0.6955 -0.2814 -0.6612
vn -0.1099 -0.9886 -0.1033
vn -0.1979 -0.9491 -0.2450
vn -0.6061 -0.2753 -0.7462
vn -0.7719 -0.1170 -0.6249
vn -0.7457 -0.2726 -0.6080
vn -0.2433 -0.9497 -0.1973
vn -0.7396 0.3096 -0.5976
vn -0.6639 -0.2778 -0.6943
vn -0.8934 -0.0424 -0.4473
vn -0.0956 -0.9899 -0.1042
vn -0.8626 -0.1418 -0.4855
vn -0.8605 0.3008 -0.4112
vn -0.9734 -0.0000 -0.2291
vn -0.3867 -0.9177 -0.0909
vn -0.9304 0.2944 -0.2183
vn -0.3658 -0.9307 0.0032
vn -1.0000 -0.0000 0.0089
vn -0.9533 0.3019 0.0085
vn -0.3860 -0.9178 0.0924
vn -0.9725 -0.0000 0.2331
vn -0.9309 0.2905 0.2216
vn -0.8525 -0.1456 0.5020
vn -0.8867 -0.0439 0.4603
vn -0.8588 0.2977 0.4169
vn -0.7417 0.3109 0.5943
vn -0.7771 -0.1167 0.6185
vn -0.6703 -0.2832 0.6860
vn -0.0938 -0.9900 0.1053
vn -0.2392 -0.9515 0.1933
vn -0.7457 -0.2760 0.6065
vn -0.6241 -0.1167 0.7726
vn -0.6088 -0.2764 0.7436
vn -0.1942 -0.9515 0.2388
vn -0.5967 0.3107 0.7398
vn -0.6886 -0.2843 0.6671
vn -0.4512 -0.0414 0.8915
vn -0.1018 -0.9907 0.0906
vn -0.4840 -0.1454 0.8629
vn -0.4107 0.2973 0.8619
vn -0.2365 -0.0000 0.9716
vn -0.0935 -0.9182 0.3848
vn -0.2251 0.2904 0.9301
vn 0.0002 -0.9318 0.3630
vn 0.0005 -0.0000 1.0000
vn 0.0005 0.3018 0.9534
vn 0.0896 -0.9179 0.3865
vn 0.2259 -0.0000 0.9741
vn 0.2153 0.2929 0.9316
vn 0.4815 -0.1386 0.8654
vn 0.4477 -0.0424 0.8932
vn 0.4094 0.3007 0.8614
vn 0.5956 0.3111 0.7406
vn 0.6236 -0.1149 0.7733
vn 0.6925 -0.2786 0.6655
vn 0.1016 -0.9905 0.0927
vn 0.1950 -0.9508 0.2407
vn 0.6085 -0.2699 0.7462
vn 0.7716 -0.1149 0.6256
vn 0.7451 -0.2691 0.6103
vn 0.2394 -0.9511 0.1951
vn 0.7388 0.3114 0.5977
vn 0.6650 -0.2776 0.6934
vn 0.8925 -0.0423 0.4490
vn 0.0905 -0.9909 0.1001
vn 0.8666 -0.1339 0.4806
vn 0.8614 0.2992 0.4104
vn 0.9728 -0.0000 0.2316
vn 0.3859 -0.9180 0.0917
vn 0.9308 0.2917 0.2205
vn 0.3609 -0.9326 0.0004
vn 1.0000 -0.0000 0.0011
vn 0.9534 0.3016 0.0011
vn -0.8627 -0.1417 -0.4854
vn -0.3865 -0.9178 -0.0909
vn -0.0000 -1.0000 -0.0000
vn -0.2432 -0.9497 -0.1972
vn -0.3657 -0.9307 0.0033
vn -0.1978 -0.9491 -0.2449
vn -0.3859 -0.9179 0.0924
vn -0.1098 -0.9886 -0.1033
vn -0.0937 -0.9900 0.1052
vn -0.2391 -0.9516 0.1932
vn -0.1941 -0.9515 0.2386
vn -0.1017 -0.9907 0.0906
vn -0.0892 -0.9196 -0.3826
vn -0.0027 -0.9315 -0.3636
vn 0.0875 -0.9191 -0.3842
vn -0.4840 -0.1453 0.8629
vn -0.0936 -0.9183 0.3846
vn 0.0002 -0.9319 0.3628
vn 0.0896 -0.9180 0.3864
vn 0.1029 -0.9903 -0.0932
vn 0.4760 -0.1554 -0.8656
vn 0.1962 -0.9511 -0.2386
vn 0.2387 -0.9513 -0.1950
vn 0.0925 -0.9905 -0.1020
vn 0.1014 -0.9905 0.0927
vn 0.4815 -0.1385 0.8654
vn 0.1949 -0.9509 0.2406
vn 0.2393 -0.9512 0.1950
vn 0.0904 -0.9909 0.1000
vn 0.3834 -0.9193 -0.0883
vn 0.8667 -0.1541 -0.4744
vn 0.3608 -0.9327 0.0004
vn 0.3857 -0.9181 0.0917
vn 0.8664 -0.1362 0.4805
vn 0.7835 0.0011 0.6214
vn 0.0014 -1.0000 -0.0000
vn 0.3052 -0.4553 -0.8364
vn 0.7637 -0.1299 -0.6324
vn 0.2983 -0.1821 -0.9369
vn -0.2998 -0.4559 -0.8380
vn -0.2932 -0.1817 -0.9386
vn 0.2604 0.9505 0.1693
vn -0.2550 0.9516 0.1714
vn 0.2539 0.9466 0.1988
vn -0.2565 0.9456 0.2001
vn 0.2588 0.8837 0.3901
vn 0.7120 0.5367 0.4527
vn 0.2671 0.5288 0.8056
vn 0.7142 0.3881 0.5824
vn 0.2598 0.2679 0.9278
vn 0.7051 0.2020 0.6797
vn 0.2654 0.7378 0.6206
vn -0.2644 0.8818 0.3906
vn 0.2556 0.0635 0.9647
vn 0.7038 0.0562 0.7082
vn 0.9575 0.0920 0.2734
vn 0.9603 0.0341 0.2770
vn 0.9811 -0.0306 -0.1912
vn 0.9790 0.0044 -0.2036
vn 0.7627 -0.0130 -0.6466
vn 0.2989 -0.0155 -0.9542
vn -0.2703 0.7360 0.6207
vn -0.2710 0.5274 0.8052
vn -0.2632 0.2659 0.9274
vn -0.7075 0.6430 0.2934
vn -0.7150 0.5333 0.4522
vn -0.2592 0.0618 0.9638
vn 0.2517 -0.0682 0.9654
vn 0.7016 -0.0420 0.7113
vn 0.9612 -0.0034 0.2759
vn 0.9797 0.0327 -0.1979
vn -0.7169 0.3851 0.5812
vn -0.7075 0.1989 0.6782
vn -0.9597 0.2145 0.1815
vn -0.7056 0.0533 0.7066
vn -0.2554 -0.0683 0.9644
vn -0.9604 0.1628 0.2260
vn 0.2454 -0.1025 0.9640
vn 0.6933 -0.0695 0.7173
vn 0.9586 -0.0149 0.2842
vn 0.9810 0.0388 -0.1901
vn -0.9596 0.0889 0.2669
vn -0.9624 0.0323 0.2697
vn -0.7041 -0.0418 0.7089
vn -0.6974 -0.0673 0.7135
vn -0.2518 -0.1014 0.9625
vn -0.9816 -0.1368 -0.1334
vn -0.9814 -0.0807 -0.1741
vn -0.9800 -0.0314 -0.1965
vn -0.9781 0.0052 -0.2082
vn -0.9633 -0.0021 0.2683
vn -0.9608 -0.0119 0.2771
vn -0.7626 -0.4599 -0.4548
vn -0.7671 -0.3064 -0.5636
vn -0.7593 -0.1297 -0.6377
vn -0.7587 -0.0111 -0.6513
vn -0.9792 0.0355 -0.1999
vn -0.9811 0.0425 -0.1888
vn -0.2933 -0.6659 -0.6860
vn -0.2999 -0.4559 -0.8380
vn -0.2934 -0.1817 -0.9386
vn -0.7727 0.0851 -0.6291
vn -0.7670 0.0679 -0.6381
vn -0.2947 -0.0143 -0.9555
vn -0.3008 0.0874 -0.9497
vn -0.3050 0.1087 -0.9461
vn -0.2877 -0.8033 -0.5215
vn -0.7539 -0.5674 -0.3311
vn -0.2667 -0.9392 -0.2161
vn -0.7256 -0.6734 -0.1418
vn -0.9796 -0.1802 -0.0887
vn -0.9735 -0.2257 -0.0367
vn -0.2733 -0.9492 -0.1561
vn -0.7314 -0.6743 -0.1022
vn -0.9591 0.2747 0.0679
vn -0.9590 0.2539 0.1260
vn -0.9746 -0.2226 -0.0237
vn -0.6979 0.6998 0.1525
vn -0.9573 0.2827 0.0598
vn -0.6967 0.7055 0.1297
vn -0.2946 -0.0143 -0.9555
vn 0.3038 0.0859 -0.9489
vn -0.3007 0.0875 -0.9497
vn 0.3074 0.1069 -0.9456
vn 0.7700 0.0641 -0.6348
vn 0.7749 0.0807 -0.6269
vn -0.3048 0.1086 -0.9462
vn -0.1390 -0.9522 0.2721
vn -0.1411 -0.9525 -0.2697
vn -0.1976 -0.9434 0.2665
vn -0.1993 -0.9411 -0.2732
vn -0.1323 -0.6712 -0.7293
vn -0.0942 -0.6743 -0.7324
vn -0.3279 -0.5635 -0.7583
vn -0.5200 -0.8023 -0.2932
vn -0.0334 -0.2196 -0.9750
vn -0.5215 -0.8033 0.2876
vn -0.0200 -0.2085 -0.9778
vn 0.0643 0.2830 -0.9570
vn -0.0858 -0.1757 -0.9807
vn -0.1297 -0.1334 -0.9825
vn -0.4506 -0.4569 -0.7669
vn -0.6842 -0.6651 -0.2991
vn -0.6860 -0.6660 0.2931
vn 0.0556 0.2934 -0.9544
vn 0.1274 0.2592 -0.9574
vn 0.1847 0.2195 -0.9580
vn 0.1182 0.7104 -0.6938
vn 0.1428 0.7064 -0.6932
vn 0.2308 0.1670 -0.9585
vn -0.1692 -0.0784 -0.9825
vn -0.5582 -0.3050 -0.7716
vn -0.8364 -0.4553 -0.3052
vn 0.2933 0.6471 -0.7038
vn -0.8380 -0.4559 0.2998
vn 0.5824 0.3881 -0.7142
vn 0.4527 0.5367 -0.7120
vn 0.1564 0.9527 -0.2608
vn 0.1885 0.9488 -0.2534
vn 0.3901 0.8837 -0.2588
vn 0.6797 0.2020 -0.7051
vn 0.2734 0.0920 -0.9575
vn -0.1912 -0.0306 -0.9811
vn -0.6324 -0.1299 -0.7637
vn -0.9369 -0.1821 -0.2983
vn -0.9386 -0.1817 0.2932
vn 0.8056 0.5288 -0.2671
vn 0.9278 0.2679 -0.2598
vn 0.6206 0.7378 -0.2654
vn 0.1582 0.9535 0.2564
vn 0.1897 0.9478 0.2561
vn 0.3906 0.8818 0.2644
vn 0.9647 0.0635 -0.2556
vn 0.7082 0.0562 -0.7038
vn 0.2770 0.0341 -0.9603
vn -0.2036 0.0044 -0.9790
vn -0.6466 -0.0130 -0.7627
vn -0.9542 -0.0155 -0.2989
vn 0.6207 0.7360 0.2703
vn 0.8052 0.5274 0.2710
vn 0.9274 0.2659 0.2632
vn 0.1442 0.7022 0.6973
vn 0.2934 0.6430 0.7075
vn 0.4522 0.5333 0.7150
vn 0.9638 0.0618 0.2592
vn 0.9654 -0.0682 -0.2517
vn 0.7113 -0.0420 -0.7016
vn 0.2759 -0.0034 -0.9612
vn -0.1979 0.0327 -0.9797
vn 0.5812 0.3851 0.7169
vn 0.6782 0.1989 0.7075
vn 0.1815 0.2145 0.9597
vn 0.1260 0.2539 0.9590
vn 0.7066 0.0533 0.7056
vn 0.9644 -0.0683 0.2554
vn 0.2260 0.1628 0.9604
vn 0.9640 -0.1025 -0.2454
vn 0.7173 -0.0695 -0.6933
vn 0.2842 -0.0149 -0.9586
vn -0.1900 0.0387 -0.9810
vn -0.4889 -0.0008 0.8724
vn -0.4889 -0.0007 0.8723
vn -0.4889 -0.0007 0.8724
vn 0.7379 0.0010 -0.6749
vn 0.7379 0.0009 -0.6749
vn 0.7379 0.0011 -0.6749
vn 0.6005 0.0009 0.7996
vn 0.6005 0.0009 0.7997
vn 0.6004 0.0009 0.7997
vn -0.6941 -0.0011 0.7199
vn -0.6940 -0.0010 0.7199
vn -0.6941 -0.0010 0.7199
vn 0.8848 0.0013 -0.4659
vn 0.8849 0.0013 -0.4658
vn 0.8849 0.0012 -0.4658
vn 0.6214 -0.0000 -0.7835
vn 0.8725 -0.0000 0.4886
vn -0.6751 -0.0000 -0.7377
vn 0.7997 -0.0000 -0.6004
vn 0.7996 -0.0000 -0.6005
vn 0.7200 -0.0000 0.6940
vn 0.7199 -0.0000 0.6940
vn 0.7199 -0.0000 0.6941
vn -0.4658 -0.0000 -0.8849
vn -0.7835 -0.0012 -0.6214
vn -0.7835 -0.0011 -0.6214
vn 0.4888 0.0009 -0.8724
vn 0.4889 0.0008 -0.8724
vn 0.4887 0.0010 -0.8724
vn -0.7379 -0.0011 0.6749
vn -0.6005 -0.0009 -0.7996
vn 0.6941 0.0010 -0.7199
vn 0.6940 0.0010 -0.7199
vn -0.8848 -0.0013 0.4659
vn -0.8849 -0.0013 0.4658
vn -0.6213 -0.0009 0.7835
vn -0.6214 -0.0009 0.7835
vn -0.8723 -0.0013 -0.4889
vn -0.8724 -0.0013 -0.4889
vn 0.6749 0.0010 0.7379
vn -0.7996 -0.0011 0.6005
vn -0.7997 -0.0012 0.6005
vn -0.7199 -0.0010 -0.6941
vn -0.7199 -0.0011 -0.6940
vn 0.4658 0.0007 0.8849
vn 0.4659 0.0007 0.8849
vn 0.4659 0.0006 0.8849
vn 0.4660 0.0007 0.8848
vn 0.2669 0.0889 0.9596
vn -0.1334 -0.1368 0.9816
vn -0.0887 -0.1802 0.9796
vn -0.1741 -0.0807 0.9814
vn 0.2697 0.0323 0.9624
vn 0.7089 -0.0418 0.7041
vn 0.7135 -0.0673 0.6974
vn 0.9625 -0.1014 0.2518
vn -0.1965 -0.0314 0.9800
vn -0.4548 -0.4599 0.7626
vn -0.3311 -0.5674 0.7539
vn -0.5635 -0.3064 0.7671
vn -0.2082 0.0052 0.9781
vn 0.2683 -0.0021 0.9633
vn 0.2771 -0.0119 0.9608
vn -0.6377 -0.1297 0.7593
vn -0.6860 -0.6659 0.2933
vn -0.5215 -0.8033 0.2877
vn -0.8380 -0.4559 0.2999
vn -0.6513 -0.0111 0.7587
vn -0.1999 0.0355 0.9792
vn -0.1887 0.0425 0.9811
vn -0.9386 -0.1817 0.2934
vn -0.1976 -0.9433 0.2667
vn -0.6290 0.0851 0.7727
vn -0.6381 0.0679 0.7670
vn -0.9555 -0.0143 0.2947
vn -0.9497 0.0874 0.3008
vn -0.9461 0.1087 0.3050
vn -0.1306 -0.6757 0.7255
vn -0.1390 -0.9521 0.2723
vn -0.0921 -0.6780 0.7293
vn -0.0339 -0.2257 0.9736
vn -0.0219 -0.2265 0.9738
vn 0.0545 0.2805 0.9583
vn 0.0641 0.2763 0.9589
vn 0.1194 0.7059 0.6981
vn -0.9555 -0.0143 0.2946
vn -0.9489 0.0859 -0.3038
vn -0.9497 0.0875 0.3007
vn -0.9456 0.1069 -0.3074
vn -0.6348 0.0641 -0.7700
vn -0.6269 0.0808 -0.7749
vn -0.9462 0.1086 0.3048
vn 0.2722 -0.9522 0.1385
vn -0.2698 -0.9526 0.1405
vn 0.2665 -0.9435 0.1971
vn -0.2732 -0.9413 0.1985
vn -0.7294 -0.6713 0.1320
vn -0.7324 -0.6744 0.0938
vn -0.7583 -0.5635 0.3279
vn -0.2932 -0.8023 0.5200
vn -0.9750 -0.2196 0.0333
vn 0.2876 -0.8033 0.5216
vn -0.9778 -0.2086 0.0199
vn -0.9570 0.2829 -0.0642
vn -0.9807 -0.1757 0.0858
vn -0.9825 -0.1334 0.1297
vn -0.7669 -0.4569 0.4506
vn -0.2991 -0.6651 0.6842
vn 0.2931 -0.6660 0.6860
vn -0.9544 0.2934 -0.0554
vn -0.9574 0.2592 -0.1274
vn -0.9580 0.2195 -0.1847
vn -0.6938 0.7104 -0.1177
vn -0.6933 0.7065 -0.1424
vn -0.9585 0.1670 -0.2308
vn -0.9825 -0.0784 0.1692
vn -0.7716 -0.3050 0.5582
vn -0.3052 -0.4553 0.8364
vn -0.7038 0.6471 -0.2933
vn 0.2998 -0.4559 0.8380
vn -0.7142 0.3881 -0.5824
vn -0.7120 0.5367 -0.4527
vn -0.2608 0.9527 -0.1559
vn -0.2535 0.9489 -0.1882
vn -0.2588 0.8837 -0.3901
vn -0.7051 0.2020 -0.6797
vn -0.9575 0.0920 -0.2734
vn -0.9811 -0.0306 0.1912
vn -0.7637 -0.1299 0.6324
vn -0.2983 -0.1821 0.9369
vn 0.2932 -0.1817 0.9386
vn -0.2671 0.5288 -0.8056
vn -0.2598 0.2679 -0.9278
vn -0.2654 0.7378 -0.6206
vn 0.2557 0.9539 -0.1571
vn 0.2562 0.9479 -0.1893
vn 0.2644 0.8818 -0.3906
vn -0.2556 0.0635 -0.9647
vn -0.7038 0.0562 -0.7082
vn -0.9603 0.0341 -0.2770
vn -0.9790 0.0044 0.2036
vn -0.7628 -0.0130 0.6465
vn -0.2989 -0.0155 0.9542
vn 0.2703 0.7360 -0.6207
vn 0.2710 0.5274 -0.8052
vn 0.2632 0.2659 -0.9274
vn 0.6973 0.7022 -0.1438
vn 0.7075 0.6430 -0.2934
vn 0.7150 0.5333 -0.4522
vn 0.2592 0.0618 -0.9638
vn -0.2517 -0.0682 -0.9654
vn -0.7016 -0.0420 -0.7113
vn -0.9612 -0.0034 -0.2759
vn -0.9797 0.0327 0.1979
vn 0.7169 0.3851 -0.5812
vn 0.7075 0.1989 -0.6782
vn 0.9597 0.2145 -0.1815
vn 0.9590 0.2539 -0.1260
vn 0.7056 0.0533 -0.7066
vn 0.2554 -0.0683 -0.9644
vn 0.9604 0.1628 -0.2260
vn -0.2454 -0.1025 -0.9640
vn -0.6933 -0.0695 -0.7173
vn -0.9586 -0.0149 -0.2842
vn -0.9810 0.0388 0.1901
vn 0.9596 0.0889 -0.2669
vn 0.9816 -0.1368 0.1334
vn 0.9796 -0.1802 0.0887
vn 0.9814 -0.0807 0.1741
vn 0.9624 0.0323 -0.2698
vn 0.7041 -0.0418 -0.7089
vn 0.6974 -0.0673 -0.7135
vn 0.2518 -0.1014 -0.9625
vn 0.9800 -0.0314 0.1965
vn 0.7626 -0.4599 0.4548
vn 0.7539 -0.5674 0.3311
vn 0.7671 -0.3064 0.5635
vn 0.9781 0.0048 0.2081
vn 0.9633 -0.0021 -0.2683
vn 0.9608 -0.0119 -0.2771
vn 0.7593 -0.1297 0.6377
vn 0.2933 -0.6659 0.6860
vn 0.2877 -0.8033 0.5215
vn 0.2999 -0.4559 0.8380
vn 0.7587 -0.0111 0.6513
vn 0.9792 0.0355 0.1999
vn 0.9811 0.0425 0.1887
vn 0.2933 -0.1817 0.9386
vn 0.2667 -0.9434 0.1970
vn 0.7727 0.0851 0.6291
vn 0.7670 0.0679 0.6381
vn 0.2947 -0.0143 0.9555
vn 0.3008 0.0874 0.9497
vn 0.3050 0.1087 0.9461
vn 0.7256 -0.6757 0.1301
vn 0.2723 -0.9522 0.1384
vn 0.7291 -0.6783 0.0917
vn 0.9736 -0.2257 0.0338
vn 0.9737 -0.2266 0.0218
vn 0.9583 0.2805 -0.0543
vn 0.9589 0.2763 -0.0639
vn 0.6982 0.7060 -0.1190
vn 0.2946 -0.0143 0.9555
vn -0.3038 0.0859 0.9489
vn 0.3007 0.0875 0.9497
vn -0.3074 0.1069 0.9456
vn -0.7700 0.0641 0.6348
vn -0.7749 0.0807 0.6269
vn 0.3048 0.1086 0.9462
vn 0.1587 -0.9487 -0.2734
vn 0.1613 -0.9489 0.2711
vn 0.2188 -0.9387 -0.2663
vn 0.2205 -0.9364 0.2731
vn 0.1455 -0.6689 0.7290
vn 0.1063 -0.6699 0.7348
vn 0.3279 -0.5635 0.7583
vn 0.5200 -0.8023 0.2932
vn 0.0365 -0.2195 0.9749
vn 0.5215 -0.8033 -0.2876
vn 0.0218 -0.2037 0.9788
vn -0.0688 0.2813 0.9572
vn 0.0858 -0.1757 0.9807
vn 0.1297 -0.1334 0.9825
vn 0.4506 -0.4569 0.7669
vn 0.6842 -0.6651 0.2991
vn 0.6860 -0.6660 -0.2931
vn -0.0617 0.2961 0.9532
vn -0.1520 0.7038 0.6940
vn -0.1274 0.2592 0.9574
vn -0.1847 0.2195 0.9580
vn -0.2308 0.1670 0.9585
vn 0.1692 -0.0784 0.9825
vn 0.5582 -0.3050 0.7716
vn 0.8364 -0.4553 0.3052
vn -0.2933 0.6471 0.7038
vn 0.8380 -0.4559 -0.2998
vn -0.1297 0.7099 0.6923
vn -0.1711 0.9502 0.2605
vn -0.2003 0.9463 0.2539
vn -0.5824 0.3881 0.7142
vn -0.4527 0.5367 0.7120
vn -0.3901 0.8837 0.2588
vn -0.6797 0.2020 0.7051
vn -0.2734 0.0920 0.9575
vn 0.1912 -0.0306 0.9811
vn 0.6324 -0.1299 0.7637
vn 0.9369 -0.1821 0.2983
vn 0.9386 -0.1817 -0.2932
vn -0.1727 0.9514 -0.2549
vn -0.2015 0.9453 -0.2566
vn -0.8056 0.5288 0.2671
vn -0.9278 0.2679 0.2598
vn -0.6206 0.7378 0.2654
vn -0.3906 0.8818 -0.2644
vn -0.9647 0.0635 0.2556
vn -0.7082 0.0562 0.7038
vn -0.2770 0.0341 0.9603
vn 0.2036 0.0044 0.9790
vn 0.6465 -0.0130 0.7628
vn 0.9542 -0.0155 0.2989
vn -0.6207 0.7360 -0.2703
vn -0.8052 0.5274 -0.2710
vn -0.9274 0.2659 -0.2632
vn -0.2934 0.6430 -0.7075
vn -0.4522 0.5333 -0.7150
vn -0.9638 0.0618 -0.2592
vn -0.9654 -0.0682 0.2517
vn -0.7113 -0.0420 0.7016
vn -0.2759 -0.0034 0.9612
vn 0.1979 0.0327 0.9797
vn -0.5812 0.3851 -0.7169
vn -0.6782 0.1989 -0.7075
vn -0.1815 0.2145 -0.9597
vn -0.7066 0.0533 -0.7056
vn -0.9644 -0.0683 -0.2554
vn -0.2260 0.1628 -0.9604
vn -0.9640 -0.1025 0.2454
vn -0.7173 -0.0695 0.6933
vn -0.2842 -0.0149 0.9586
vn 0.1900 0.0387 0.9810
vn -0.2669 0.0889 -0.9596
vn -0.2698 0.0323 -0.9624
vn -0.7089 -0.0418 -0.7041
vn -0.7135 -0.0673 -0.6974
vn -0.9625 -0.1014 -0.2518
vn 0.1334 -0.1368 -0.9816
vn 0.1741 -0.0807 -0.9814
vn 0.1965 -0.0314 -0.9800
vn 0.2081 0.0048 -0.9781
vn -0.2683 -0.0021 -0.9633
vn -0.2771 -0.0119 -0.9608
vn 0.4548 -0.4599 -0.7626
vn 0.5636 -0.3064 -0.7671
vn 0.6377 -0.1297 -0.7593
vn 0.6513 -0.0111 -0.7587
vn 0.1999 0.0355 -0.9792
vn 0.1887 0.0425 -0.9811
vn 0.6860 -0.6659 -0.2933
vn 0.8380 -0.4559 -0.2999
vn 0.9386 -0.1817 -0.2933
vn 0.6290 0.0851 -0.7727
vn 0.6381 0.0679 -0.7670
vn 0.9555 -0.0143 -0.2947
vn 0.9497 0.0874 -0.3008
vn 0.9461 0.1087 -0.3050
vn 0.5215 -0.8033 -0.2877
vn 0.3311 -0.5674 -0.7539
vn 0.2188 -0.9387 -0.2665
vn 0.1433 -0.6732 -0.7254
vn 0.0887 -0.1802 -0.9796
vn 0.0371 -0.2257 -0.9735
vn 0.1587 -0.9487 -0.2735
vn 0.1037 -0.6739 -0.7315
vn -0.0684 0.2745 -0.9592
vn -0.1260 0.2539 -0.9590
vn 0.0240 -0.2220 -0.9748
vn -0.1536 0.6992 -0.6982
vn -0.0606 0.2830 -0.9572
vn -0.1312 0.7056 -0.6963
vn 0.9555 -0.0143 -0.2946
vn 0.9489 0.0859 0.3038
vn 0.9497 0.0875 -0.3007
vn 0.9456 0.1070 0.3073
vn 0.6348 0.0641 0.7700
vn 0.6269 0.0808 0.7749
vn 0.9462 0.1086 -0.3048
vn 0.1248 0.9576 0.2597
vn 0.1796 0.9575 0.2258
vn 0.7388 0.3114 0.5976
vn 0.0669 0.9575 0.2805
vn -0.4332 0.0468 -0.9001
vn 0.0005 0.3017 0.9534
vn 0.2253 0.9575 0.1802
vn -0.6217 0.0469 -0.7819
vn 0.0012 0.9574 0.2888
vn -0.2180 0.0469 -0.9748
vn -0.2521 0.8120 -0.5264
vn -0.1277 0.8110 -0.5709
vn -0.2250 0.2904 0.9301
vn 0.2597 0.9575 0.1255
vn -0.7801 0.0468 -0.6239
vn -0.3633 0.8120 -0.4568
vn -0.0000 1.0000 -0.0000
vn 0.0001 0.8106 -0.5856
vn 0.0001 0.0468 -0.9989
vn -0.0643 0.9575 0.2812
vn 0.9308 0.2917 0.2204
vn -0.4553 0.8124 -0.3643
vn -0.8993 0.0468 -0.4348
vn 0.2812 0.9575 0.0644
vn 0.1328 0.8106 -0.5704
vn 0.2267 0.0468 -0.9728
vn -0.5249 0.8125 -0.2537
vn -0.9737 0.0468 -0.2229
vn 0.2552 0.8101 -0.5279
vn 0.4348 0.0468 -0.8993
vn 0.2888 0.9574 0.0004
vn -0.9989 0.0468 -0.0020
vn -0.5681 0.8127 -0.1300
vn 0.3667 0.8095 -0.4585
vn -0.5825 0.8128 -0.0011
vn -0.9740 0.0468 0.2215
vn 0.2812 0.9575 -0.0636
vn 0.9310 0.2953 -0.2144
vn -0.5679 0.8129 0.1293
vn -0.9008 0.0468 0.4316
vn 0.2598 0.9576 -0.1248
vn 0.6239 0.0468 -0.7801
vn 0.4599 0.8092 -0.3656
vn -0.5259 0.8124 0.2519
vn 0.8608 0.3050 -0.4075
vn 0.2258 0.9575 -0.1795
vn -0.7819 0.0468 0.6217
vn 0.7378 0.3127 -0.5982
vn 0.6000 0.3127 -0.7363
vn 0.1801 0.9575 -0.2253
vn -0.6239 0.0467 0.7801
vn -0.4565 0.8123 0.3630
vn 0.7818 0.0468 -0.6217
vn 0.5259 0.8100 -0.2595
vn -0.3645 0.8120 0.4559
vn 0.4099 0.3054 -0.8595
vn 0.1256 0.9575 -0.2597
vn -0.4348 0.0467 0.8993
vn -0.2542 0.8116 0.5260
vn 0.8957 0.0466 -0.4422
vn 0.5738 0.8085 -0.1305
vn 0.2121 0.2961 -0.9313
vn 0.0635 0.9575 -0.2814
vn -0.2195 0.0467 0.9745
vn -0.1287 0.8105 0.5714
vn -0.0071 0.3020 -0.9533
vn -0.0024 0.9574 -0.2888
vn 0.0081 0.0468 0.9989
vn -0.2169 0.2973 -0.9298
vn -0.0649 0.9575 -0.2810
vn 0.2254 0.0466 0.9732
vn 0.0047 0.8096 0.5870
vn 0.1321 0.8106 0.5705
vn 0.2584 0.8106 0.5255
vn -0.1270 0.9576 -0.2588
vn 0.4406 0.0466 0.8965
vn 0.6217 0.0467 0.7819
vn 0.3655 0.8095 0.4595
vn -0.1796 0.9575 -0.2258
vn -0.5962 0.3087 -0.7411
vn -0.2253 0.9575 -0.1801
vn 0.7801 0.0467 0.6239
vn 0.4589 0.8092 0.3670
vn -0.7396 0.3097 -0.5976
vn -0.8605 0.3008 -0.4111
vn -0.2597 0.9575 -0.1256
vn 0.8993 0.0467 0.4348
vn -0.2812 0.9575 -0.0644
vn 0.9737 0.0467 0.2230
vn 0.5293 0.8089 0.2558
vn 0.5734 0.8087 0.1314
vn -0.2887 0.9574 0.0028
vn 0.9989 0.0469 -0.0097
vn 0.5898 0.8075 -0.0058
vn 0.9740 0.0467 -0.2215
vn -0.2812 0.9575 0.0640
vn -0.2585 0.9575 0.1275
vn -0.8588 0.2977 0.4170
vn -0.0027 -1.0000 0.0056
vn -0.0000 -1.0000 0.0028
vn -0.3543 -0.9308 0.0900
vn -0.3576 -0.9147 0.1880
vn -0.2120 -0.9197 0.3304
vn -0.0000 -0.9219 0.3874
vn 0.2124 -0.9194 0.3312
vn 0.3590 -0.9145 0.1866
vn 0.4081 -0.9076 0.0984
vn 0.4087 0.9073 0.0985
vn -0.0000 1.0000 0.0037
vn 0.3594 0.9143 0.1869
vn 0.2126 0.9192 0.3316
vn -0.0000 0.9217 0.3878
vn -0.2122 0.9196 0.3308
vn -0.3578 0.9145 0.1886
vn -0.0832 -0.9279 0.3634
vn -0.0033 1.0000 0.0066
vn 0.4082 -0.9076 0.0985
vn 0.4088 0.9073 0.0985
vn 0.3592 -0.9144 0.1866
vn 0.3595 0.9142 0.1869
vn 0.2127 0.9191 0.3317
vn 0.2124 -0.9193 0.3313
vn -0.0000 0.9217 0.3880
vn -0.0000 -0.9219 0.3875
vn -0.2122 0.9195 0.3309
vn -0.2121 -0.9197 0.3305
vn -0.3580 0.9145 0.1886
vn -0.3578 -0.9147 0.1880
vn -0.3546 0.9306 0.0909
vn -0.3544 -0.9308 0.0900
vn 0.0056 -1.0000 0.0027
vn 0.0028 -1.0000 -0.0000
vn 0.0894 -0.9318 0.3519
vn 0.1867 -0.9159 0.3554
vn 0.3283 -0.9208 0.2105
vn 0.3849 -0.9229 -0.0000
vn 0.3290 -0.9204 -0.2110
vn 0.1854 -0.9156 -0.3569
vn 0.0978 -0.9088 -0.4057
vn 0.0978 0.9086 -0.4059
vn 0.0032 1.0000 -0.0000
vn 0.1856 0.9154 -0.3571
vn 0.3292 0.9203 -0.2111
vn 0.3852 0.9228 -0.0000
vn 0.3286 0.9206 0.2108
vn 0.1873 0.9156 0.3557
vn 0.3685 -0.9258 0.0841
vn 0.0066 1.0000 0.0033
vn 0.0979 -0.9087 -0.4058
vn 0.0979 0.9086 -0.4061
vn 0.1855 -0.9155 -0.3570
vn 0.1857 0.9154 -0.3572
vn 0.3294 0.9203 -0.2112
vn 0.3291 -0.9204 -0.2111
vn 0.3853 0.9228 -0.0000
vn 0.3851 -0.9229 -0.0000
vn 0.3288 0.9206 0.2109
vn 0.3284 -0.9208 0.2106
vn 0.1875 0.9156 0.3558
vn 0.1867 -0.9158 0.3555
vn 0.0903 0.9315 0.3524
vn 0.0895 -0.9317 0.3520
vn 0.0027 -1.0000 -0.0056
vn -0.0000 -1.0000 -0.0028
vn 0.3519 -0.9318 -0.0894
vn 0.3554 -0.9159 -0.1867
vn 0.2105 -0.9208 -0.3283
vn -0.0000 -0.9229 -0.3849
vn -0.2110 -0.9204 -0.3290
vn -0.3569 -0.9156 -0.1854
vn -0.4057 -0.9088 -0.0979
vn -0.4059 0.9086 -0.0979
vn -0.0000 1.0000 -0.0037
vn -0.3571 0.9155 -0.1856
vn -0.2111 0.9203 -0.3292
vn -0.0000 0.9228 -0.3852
vn 0.2108 0.9206 -0.3286
vn 0.3557 0.9156 -0.1873
vn 0.0890 -0.9252 -0.3688
vn 0.0033 1.0000 -0.0066
vn -0.4059 -0.9087 -0.0978
vn -0.4061 0.9086 -0.0979
vn -0.3570 -0.9155 -0.1854
vn -0.3572 0.9154 -0.1857
vn -0.2112 0.9203 -0.3294
vn -0.2111 -0.9204 -0.3292
vn -0.0000 0.9228 -0.3854
vn -0.0000 -0.9229 -0.3851
vn 0.2109 0.9206 -0.3288
vn 0.2106 -0.9208 -0.3284
vn 0.3558 0.9156 -0.1874
vn 0.3555 -0.9158 -0.1868
vn 0.3523 0.9315 -0.0904
vn 0.3519 -0.9317 -0.0895
vn -0.4885 0.7150 -0.5000
vn -0.4630 -0.8625 -0.2042
vn -0.3586 -0.8579 -0.3679
vn -0.6366 0.7188 -0.2793
vn -0.5014 -0.8651 0.0135
vn -0.6914 0.7223 0.0183
vn -0.6477 0.7123 0.2704
vn -0.4811 -0.8544 0.1964
vn -0.3587 -0.8648 0.3514
vn -0.4887 0.7232 0.4880
vn -0.2554 0.7189 0.6465
vn -0.1828 -0.8604 0.4757
vn 0.0120 0.7173 0.6966
vn 0.0135 -0.8582 0.5131
vn 0.2805 0.7393 0.6122
vn 0.2059 -0.8730 0.4421
vn 0.4886 0.7361 0.4685
vn 0.3667 -0.8622 0.3496
vn 0.6186 0.7359 0.2754
vn 0.4490 -0.8710 0.1994
vn 0.7021 0.7120 -0.0054
vn 0.5116 -0.8592 0.0064
vn 0.4609 -0.8667 -0.1907
vn 0.6406 0.7183 -0.2714
vn 0.4887 0.7129 -0.5029
vn 0.3399 -0.8668 -0.3648
vn 0.1928 -0.8626 -0.4677
vn 0.2669 0.7125 -0.6489
vn 0.0157 -0.8581 -0.5133
vn 0.0218 0.7129 -0.7010
vn -0.2519 0.7198 -0.6469
vn -0.1840 -0.8621 -0.4721
vn -0.3586 -0.8579 -0.3680
vn -0.4886 0.7150 -0.5000
vn -0.6555 0.3488 -0.6698
vn -0.6157 0.4647 -0.6363
vn -0.3476 0.3445 -0.8721
vn -0.3269 0.4602 -0.8254
vn 0.0213 0.3428 -0.9392
vn 0.0236 0.4620 -0.8866
vn -0.3494 0.2875 -0.8918
vn -0.6698 0.2853 -0.6855
vn 0.3561 0.3322 -0.8734
vn 0.0275 0.2853 -0.9580
vn 0.3459 0.4527 -0.8218
vn -0.3665 -0.0366 -0.9297
vn 0.0254 -0.0369 -0.9990
vn -0.6993 -0.0368 -0.7139
vn 0.6567 0.3326 -0.6768
vn 0.3807 -0.0370 -0.9240
vn 0.3652 0.2853 -0.8861
vn 0.6197 0.4511 -0.6422
vn 0.6664 0.2828 -0.6899
vn -0.3670 0.0288 -0.9298
vn 0.0251 0.0286 -0.9993
vn 0.3808 0.0287 -0.9242
vn -0.6992 0.0286 -0.7144
vn -0.2420 0.7462 -0.6202
vn 0.6952 -0.0365 -0.7178
vn 0.6948 0.0287 -0.7187
vn 0.8802 0.2931 -0.3732
vn 0.8131 0.4628 -0.3531
vn 0.0193 0.7431 -0.6689
vn 0.2559 0.7403 -0.6217
vn 0.4671 0.7432 -0.4790
vn -0.4629 0.7495 -0.4732
vn 0.0218 0.7128 -0.7010
vn 0.9209 -0.0371 -0.3881
vn 0.9213 0.0284 -0.3879
vn 0.6153 0.7437 -0.2615
vn 0.9591 0.2831 -0.0014
vn 0.8811 0.4729 0.0016
vn 0.2668 0.7125 -0.6489
vn 0.6405 0.7183 -0.2715
vn 0.9993 -0.0365 -0.0002
vn 0.9996 0.0289 0.0009
vn 0.6607 0.7506 -0.0047
vn 0.8881 0.2855 0.3603
vn -0.2258 0.9575 0.1796
vn -0.5967 0.3107 0.7399
vn -0.1802 0.9575 0.2253
vn -0.4107 0.2973 0.8620
vn -0.1256 0.9575 0.2597
vn 0.9256 -0.0368 0.3767
vn 0.9259 0.0287 0.3767
vn 0.5991 0.7612 0.2483
vn 0.6186 0.7359 0.2753
vn 0.4631 0.7670 0.4441
vn 0.7196 0.0286 0.6938
vn 0.6910 0.2866 0.6636
vn 0.7192 -0.0367 0.6938
vn 0.8168 0.4778 0.3234
vn 0.4886 0.7360 0.4686
vn 0.2561 0.7578 0.6001
vn 0.3873 0.0287 0.9215
vn 0.3728 0.2860 0.8827
vn 0.6279 0.4915 0.6035
vn 0.3871 -0.0368 0.9213
vn 0.8652 0.3660 0.3428
vn 0.9341 0.3571 0.0017
vn 0.0092 0.7499 0.6615
vn 0.0120 0.7173 0.6967
vn 0.0165 0.0287 0.9995
vn 0.0167 0.2848 0.9584
vn 0.3432 0.5044 0.7923
vn 0.6681 0.3873 0.6354
vn 0.0160 -0.0366 0.9992
vn -0.2451 0.7485 0.6162
vn -0.3674 0.0285 0.9296
vn -0.3509 0.2875 0.8912
vn 0.0027 0.5059 0.8626
vn 0.3519 0.4051 0.8438
vn -0.3677 -0.0368 0.9292
vn -0.4700 0.7476 0.4693
vn -0.7100 0.0285 0.7036
vn -0.6792 0.2887 0.6748
vn -0.3318 0.4852 0.8090
vn -0.7093 -0.0366 0.7040
vn 0.0017 0.4033 0.9151
vn -0.3521 0.3775 0.8565
vn -0.6190 0.4802 0.6214
vn -0.9238 0.0288 0.3818
vn -0.6092 0.7513 0.2538
vn -0.9234 -0.0370 0.3821
vn -0.8858 0.2827 0.3680
vn -0.8084 0.4849 0.3337
vn -0.6588 0.3721 0.6539
vn -0.9575 0.2875 0.0220
vn -0.6630 0.7484 0.0149
vn -0.9994 0.0286 0.0212
vn -0.6914 0.7223 0.0184
vn -0.9991 -0.0365 0.0211
vn -0.9166 0.0286 -0.3987
vn -0.6079 0.7485 -0.2649
vn -0.8770 0.4803 0.0156
vn -0.8576 0.3738 0.3533
vn -0.9165 -0.0366 -0.3985
vn -0.8779 0.2865 -0.3836
vn -0.8065 0.4744 -0.3529
vn -0.6993 0.0286 -0.7143
vn -0.4630 0.7495 -0.4731
vn -0.9286 0.3708 0.0155
vn -0.8554 0.3623 -0.3701
vn -0.6699 0.2853 -0.6854
vn -0.6158 0.4647 -0.6362
vn -0.6557 0.3488 -0.6697
vn 0.8659 0.3499 -0.3575
vn -0.2553 -0.7168 -0.6488
vn -0.3979 -0.8217 -0.4080
vn -0.4923 -0.7095 -0.5043
vn -0.2130 -0.8129 -0.5421
vn 0.0137 -0.7071 -0.7070
vn -0.3587 -0.8579 -0.3679
vn 0.0112 -0.8179 -0.5753
vn -0.1841 -0.8621 -0.4721
vn 0.2624 -0.7106 -0.6528
vn 0.2132 -0.8202 -0.5308
vn 0.4841 -0.7115 -0.5093
vn 0.1927 -0.8626 -0.4677
vn 0.3916 -0.8217 -0.4141
vn 0.6410 -0.7178 -0.2719
vn 0.5187 -0.8271 -0.2165
vn 0.4610 -0.8667 -0.1907
vn 0.5713 -0.8207 0.0094
vn 0.6917 -0.7221 0.0098
vn 0.6479 -0.7116 0.2717
vn 0.5122 -0.8324 0.2113
vn 0.4490 -0.8710 0.1995
vn 0.5049 -0.7130 0.4866
vn 0.4005 -0.8310 0.3861
vn 0.3667 -0.8622 0.3495
vn 0.2793 -0.7091 0.6474
vn 0.2252 -0.8223 0.5226
vn 0.0194 -0.7146 0.6993
vn 0.0168 -0.8162 0.5776
vn -0.2566 -0.7110 0.6547
vn -0.2077 -0.8213 0.5314
vn -0.1827 -0.8604 0.4757
vn -0.4110 -0.8170 0.4044
vn -0.4963 -0.7174 0.4890
vn -0.5235 -0.8245 0.2147
vn -0.6567 -0.7042 0.2700
vn -0.5014 -0.8651 0.0136
vn -0.6964 -0.7175 0.0160
vn -0.5762 -0.8172 0.0132
vn -0.6424 -0.7138 -0.2790
vn -0.5249 -0.8201 -0.2279
vn -0.4630 -0.8625 -0.2041
vn -0.4923 -0.7094 -0.5043
vn -0.3980 -0.8217 -0.4080
vn -0.4924 -0.7093 -0.5044
vn -0.6064 -0.4972 -0.6206
vn -0.2554 -0.7167 -0.6490
vn -0.6425 -0.7137 -0.2790
vn -0.7978 -0.4942 -0.3454
vn -0.6965 -0.7174 0.0160
vn -0.3196 -0.4925 -0.8095
vn -0.6098 0.4888 -0.6239
vn -0.3201 0.4894 -0.8112
vn -0.8705 -0.4918 0.0185
vn -0.8003 0.4889 -0.3470
vn 0.0159 -0.4990 -0.8665
vn 0.0160 0.4889 -0.8722
vn 0.0137 -0.7070 -0.7071
vn -0.1875 0.8564 -0.4810
vn -0.3539 0.8622 -0.3625
vn -0.4622 0.8638 -0.2007
vn -0.8002 -0.5005 0.3303
vn -0.8717 0.4897 0.0192
vn -0.5073 0.8617 0.0127
vn 0.3244 -0.4964 -0.8052
vn 0.3256 0.4886 -0.8095
vn 0.0109 0.8529 -0.5219
vn 0.0011 1.0000 0.0024
vn -0.0014 1.0000 0.0001
vn -0.0012 1.0000 -0.0029
vn -0.8043 0.4907 0.3350
vn -0.4656 0.8629 0.1965
vn 0.0046 1.0000 -0.0001
vn 0.6095 0.4949 -0.6193
vn 0.1934 0.8550 -0.4812
vn 0.3558 0.8644 -0.3553
vn 0.0018 1.0000 -0.0029
vn -0.0005 1.0000 -0.0035
vn 0.0071 1.0000 0.0034
vn -0.3662 0.8555 0.3660
vn 0.0017 1.0000 0.0030
vn 0.4626 0.8658 -0.1909
vn 0.0058 1.0000 -0.0018
vn -0.0063 1.0000 0.0076
vn 0.7984 0.5043 -0.3291
vn 0.5024 0.8647 -0.0017
vn -0.0016 1.0000 -0.0065
vn -0.1936 0.8544 0.4821
vn -0.0084 0.9999 0.0072
vn -0.3232 0.4893 0.8100
vn -0.6173 0.4907 0.6149
vn 0.0185 0.4899 0.8716
vn 0.0121 0.8514 0.5243
vn -0.0023 1.0000 0.0044
vn -0.3180 -0.4967 0.8076
vn 0.0212 -0.4933 0.8696
vn -0.6191 -0.4921 0.6120
vn 0.3427 -0.4976 0.7968
vn 0.3444 0.4886 0.8017
vn 0.2066 0.8554 0.4750
vn 0.0015 1.0000 0.0010
vn -0.4964 -0.7172 0.4891
vn -0.2566 -0.7109 0.6548
vn 0.0194 -0.7144 0.6994
vn 0.2793 -0.7090 0.6476
vn 0.6249 -0.4947 0.6039
vn 0.6280 0.4943 0.6011
vn 0.3762 0.8559 0.3547
vn -0.0002 1.0000 -0.0014
vn -0.6568 -0.7040 0.2700
vn 0.5050 -0.7129 0.4867
vn 0.8002 -0.4984 0.3337
vn 0.7978 0.5067 0.3267
vn 0.4684 0.8626 0.1909
vn -0.0025 1.0000 -0.0013
vn 0.6481 -0.7114 0.2718
vn 0.6918 -0.7220 0.0097
vn 0.8700 -0.4930 0.0081
vn 0.8562 0.5166 0.0017
vn 0.6411 -0.7176 -0.2720
vn 0.8002 -0.4964 -0.3366
vn 0.6025 -0.4945 -0.6265
vn 0.4842 -0.7114 -0.5093
vn 0.2625 -0.7104 -0.6530
vn -0.0056 -1.0000 -0.0027
vn -0.0028 -1.0000 -0.0000
vn -0.0894 -0.9318 -0.3519
vn -0.1867 -0.9159 -0.3554
vn -0.3283 -0.9208 -0.2105
vn -0.3849 -0.9229 -0.0000
vn -0.3290 -0.9204 0.2110
vn -0.1854 -0.9156 0.3569
vn -0.0979 -0.9088 0.4057
vn -0.0979 0.9086 0.4059
vn -0.0037 1.0000 -0.0000
vn -0.1856 0.9155 0.3571
vn -0.3292 0.9203 0.2111
vn -0.3852 0.9228 -0.0000
vn -0.3286 0.9206 -0.2108
vn -0.1873 0.9156 -0.3557
vn -0.3648 -0.9271 -0.0860
vn -0.0066 1.0000 -0.0033
vn -0.0977 -0.9087 0.4059
vn -0.0980 0.9086 0.4061
vn -0.1855 -0.9155 0.3570
vn -0.1857 0.9154 0.3572
vn -0.3294 0.9203 0.2112
vn -0.3292 -0.9204 0.2111
vn -0.3853 0.9228 -0.0000
vn -0.3851 -0.9229 -0.0000
vn -0.3288 0.9206 -0.2109
vn -0.3284 -0.9208 -0.2106
vn -0.1874 0.9156 -0.3558
vn -0.1868 -0.9158 -0.3555
vn -0.0904 0.9315 -0.3523
vn -0.0895 -0.9317 -0.3519
vn 0.2529 0.3719 -0.8932
vn -0.2644 0.3667 -0.8920
vn -0.2598 0.3670 -0.8932
vn -0.7011 0.3132 -0.6406
vn 0.2602 0.3716 -0.8912
vn 0.6925 0.3248 -0.6442
vn -0.7113 0.3110 -0.6303
vn -0.9538 0.2198 -0.2048
vn 0.6973 0.3240 -0.6393
vn 0.9525 0.2265 -0.2035
vn -0.9570 0.2170 -0.1927
vn -0.9497 0.1091 0.2934
vn 0.9536 0.2256 -0.1991
vn 0.9494 0.1137 0.2928
vn -0.9469 0.1070 0.3030
vn -0.6958 0.0245 0.7178
vn 0.9446 0.1101 0.3092
vn 0.7005 0.0354 0.7127
vn -0.6884 0.0233 0.7250
vn -0.2571 -0.0107 0.9663
vn 0.6879 0.0336 0.7250
vn 0.2593 -0.0041 0.9658
vn 0.2549 -0.0043 0.9670
vn -0.2508 -0.0109 0.9680
vn 0.0089 0.9756 0.2196
vn -0.0031 0.9756 0.2197
vn 0.0101 0.9754 0.2202
vn 0.0143 0.9741 0.2257
vn -0.0049 0.9753 0.2207
vn -0.0125 0.9738 0.2271
vn 0.0135 0.9738 0.2270
vn 0.0108 0.9732 0.2296
vn -0.0128 0.9734 0.2287
vn -0.0100 0.9719 0.2352
vn 0.0101 0.9732 0.2298
vn 0.0010 0.9737 0.2280
vn -0.0086 0.9716 0.2364
vn 0.0022 0.9725 0.2330
vn -0.0000 0.9737 0.2278
vn 0.0021 0.9725 0.2330
vn -0.0131 0.9766 0.2149
vn -0.0137 0.9769 0.2134
vn 0.0113 0.9763 0.2160
vn 0.0117 0.9768 0.2139
vn -0.0108 0.9803 0.1971
vn -0.0100 0.9804 0.1965
vn 0.0053 0.9802 0.1980
vn 0.0043 0.9803 0.1973
vn -0.2941 -0.3112 0.9037
vn 0.2530 -0.3123 0.9157
vn -0.2595 -0.3145 0.9131
vn -0.7021 -0.2362 0.6718
vn 0.2959 -0.3081 0.9042
vn -0.7591 -0.2171 0.6136
vn 0.7041 -0.2273 0.6728
vn -0.9599 -0.0955 0.2636
vn 0.7588 -0.2081 0.6172
vn -0.9782 -0.0705 0.1954
vn 0.9644 -0.0806 0.2517
vn -0.9717 0.0746 -0.2240
vn 0.9779 -0.0623 0.1997
vn -0.9639 0.0840 -0.2527
vn 0.9682 0.0871 -0.2346
vn -0.7085 0.1969 -0.6777
vn 0.9657 0.0901 -0.2436
vn -0.7187 0.1949 -0.6674
vn 0.7231 0.2020 -0.6606
vn 0.7041 0.2057 -0.6797
vn -0.2670 0.2377 -0.9339
vn -0.2505 0.2380 -0.9384
vn 0.2702 0.2410 -0.9322
vn 0.2542 0.2411 -0.9366
vn 0.2668 0.9412 0.2072
vn -0.2551 0.9424 0.2165
vn -0.2551 0.9424 0.2164
vn -0.7055 0.6777 0.2073
vn 0.2768 0.9384 0.2069
vn 0.7022 0.6856 0.1919
vn -0.7125 0.6705 0.2069
vn -0.9522 0.2375 0.1919
vn 0.7090 0.6787 0.1916
vn 0.9486 0.2567 0.1851
vn -0.9546 0.2279 0.1917
vn -0.9485 -0.2567 0.1855
vn 0.9486 0.2568 0.1852
vn -0.9486 -0.2568 0.1851
vn 0.9553 -0.2242 0.1925
vn 0.9526 -0.2351 0.1929
vn -0.7115 -0.6758 0.1925
vn -0.7038 -0.6837 0.1929
vn 0.7119 -0.6704 0.2092
vn 0.7049 -0.6776 0.2096
vn -0.2766 -0.9379 0.2092
vn -0.2665 -0.9408 0.2096
vn 0.2551 -0.9419 0.2186
vn 0.0062 -0.0282 0.9996
vn 0.0063 -0.0282 0.9996
vn -0.0100 0.0199 0.9998
vn 0.0834 -0.0326 0.9960
vn -0.0099 0.0200 0.9998
vn 0.0835 -0.0326 0.9960
vn 0.0991 0.0268 0.9947
vn 0.0169 0.0024 0.9999
vn -0.0380 -0.0590 0.9975
vn -0.0382 -0.0591 0.9975
vn 0.0321 0.0560 0.9979
vn 0.0319 0.0559 0.9979
vn -0.0991 -0.0268 0.9947
vn -0.0188 -0.0107 0.9998
vn -0.0188 -0.0106 0.9998
vn -0.0560 0.0321 0.9979
vn -0.0558 0.0322 0.9979
vn 0.0142 -0.0523 0.9985
vn 0.0216 0.0003 0.9998
vn 0.2042 -0.8036 0.5590
vn 0.5573 -0.5968 0.5773
vn 0.2068 -0.8028 0.5592
vn -0.1824 -0.8027 0.5679
vn 0.5631 -0.5909 0.5777
vn 0.7753 -0.2206 0.5918
vn -0.1900 -0.8009 0.5679
vn -0.5497 -0.5927 0.5887
vn 0.7765 -0.2163 0.5919
vn 0.7719 0.2088 0.6005
vn -0.5548 -0.5875 0.5890
vn -0.7720 -0.2092 0.6001
vn 0.7718 0.2089 0.6005
vn -0.7720 -0.2093 0.6001
vn 0.5532 0.5903 0.5878
vn 0.5473 0.5962 0.5874
vn -0.7758 0.2305 0.5874
vn -0.7736 0.2385 0.5870
vn 0.1911 0.8031 0.5644
vn 0.1838 0.8051 0.5639
vn -0.5704 0.5967 0.5645
vn -0.5649 0.6025 0.5639
vn -0.2177 0.8034 0.5543
vn -0.8933 0.3757 -0.2468
vn -0.8920 0.3667 0.2644
vn -0.8932 0.3670 0.2598
vn -0.6406 0.3132 0.7011
vn -0.8919 0.3755 -0.2519
vn -0.6407 0.3318 -0.6923
vn -0.6303 0.3110 0.7113
vn -0.2048 0.2198 0.9538
vn -0.6372 0.3313 -0.6958
vn -0.1980 0.2284 -0.9532
vn -0.1928 0.2170 0.9569
vn 0.2934 0.1091 0.9497
vn -0.1911 0.2267 -0.9550
vn 0.2906 0.1147 -0.9500
vn 0.3030 0.1070 0.9469
vn 0.7178 0.0245 0.6958
vn 0.3054 0.1114 -0.9457
vn 0.7132 0.0359 -0.7000
vn 0.7250 0.0233 0.6884
vn 0.9663 -0.0107 0.2571
vn 0.7248 0.0342 -0.6882
vn 0.9663 -0.0041 -0.2576
vn 0.9679 -0.0044 -0.2513
vn 0.9680 -0.0109 0.2508
vn 0.2196 0.9756 -0.0089
vn 0.2197 0.9756 0.0031
vn 0.2202 0.9754 -0.0101
vn 0.2257 0.9741 -0.0143
vn 0.2208 0.9753 0.0049
vn 0.2271 0.9738 0.0125
vn 0.2270 0.9738 -0.0135
vn 0.2296 0.9732 -0.0108
vn 0.2287 0.9734 0.0128
vn 0.2352 0.9719 0.0100
vn 0.2298 0.9732 -0.0101
vn 0.2280 0.9737 -0.0010
vn 0.2364 0.9716 0.0086
vn 0.2330 0.9725 -0.0022
vn 0.2278 0.9737 -0.0000
vn 0.2330 0.9725 -0.0021
vn 0.2149 0.9766 0.0131
vn 0.2134 0.9769 0.0137
vn 0.2160 0.9763 -0.0113
vn 0.2139 0.9768 -0.0117
vn 0.1971 0.9803 0.0108
vn 0.1965 0.9804 0.0100
vn 0.1980 0.9802 -0.0053
vn 0.1973 0.9803 -0.0043
vn 0.9037 -0.3112 0.2941
vn 0.9157 -0.3123 -0.2530
vn 0.9131 -0.3145 0.2595
vn 0.6718 -0.2362 0.7021
vn 0.9042 -0.3080 -0.2959
vn 0.6136 -0.2171 0.7591
vn 0.6728 -0.2273 -0.7041
vn 0.2637 -0.0955 0.9599
vn 0.6172 -0.2081 -0.7588
vn 0.1954 -0.0705 0.9782
vn 0.2517 -0.0806 -0.9644
vn -0.2240 0.0746 0.9717
vn 0.1997 -0.0623 -0.9779
vn -0.2527 0.0840 0.9639
vn -0.2346 0.0871 -0.9682
vn -0.6777 0.1969 0.7085
vn -0.2436 0.0901 -0.9657
vn -0.6674 0.1949 0.7187
vn -0.6606 0.2020 -0.7231
vn -0.6797 0.2057 -0.7041
vn -0.9339 0.2377 0.2670
vn -0.9384 0.2380 0.2505
vn -0.9322 0.2410 -0.2702
vn -0.9366 0.2411 -0.2542
vn 0.2072 0.9412 -0.2668
vn 0.2164 0.9424 0.2551
vn 0.2073 0.6777 0.7055
vn 0.2069 0.9384 -0.2768
vn 0.1919 0.6856 -0.7022
vn 0.2069 0.6705 0.7125
vn 0.1919 0.2375 0.9522
vn 0.1916 0.6787 -0.7090
vn 0.1851 0.2567 -0.9486
vn 0.1917 0.2279 0.9546
vn 0.1853 -0.2568 0.9485
vn 0.1851 0.2568 -0.9486
vn 0.1851 -0.2568 0.9486
vn 0.1925 -0.2242 -0.9554
vn 0.1929 -0.2351 -0.9526
vn 0.1925 -0.6758 0.7115
vn 0.1929 -0.6837 0.7038
vn 0.2092 -0.6704 -0.7119
vn 0.2096 -0.6776 -0.7049
vn 0.2092 -0.9379 0.2766
vn 0.2096 -0.9408 0.2666
vn 0.2186 -0.9419 -0.2551
vn 0.9996 -0.0282 -0.0062
vn 0.9996 -0.0282 -0.0063
vn 0.9998 0.0199 0.0100
vn 0.9960 -0.0326 -0.0834
vn 0.9998 0.0200 0.0099
vn 0.9960 -0.0325 -0.0835
vn 0.9947 0.0268 -0.0991
vn 0.9999 0.0024 -0.0169
vn 0.9975 -0.0590 0.0380
vn 0.9975 -0.0590 0.0382
vn 0.9979 0.0560 -0.0321
vn 0.9979 0.0559 -0.0319
vn 0.9947 -0.0268 0.0991
vn 0.9998 -0.0107 0.0188
vn 0.9998 -0.0106 0.0188
vn 0.9979 0.0322 0.0560
vn 0.9979 0.0322 0.0558
vn 0.9985 -0.0523 -0.0142
vn 0.9998 0.0003 -0.0216
vn 0.5590 -0.8036 -0.2042
vn 0.5773 -0.5968 -0.5573
vn 0.5592 -0.8029 -0.2068
vn 0.5678 -0.8027 0.1824
vn 0.5777 -0.5909 -0.5631
vn 0.5918 -0.2206 -0.7753
vn 0.5679 -0.8009 0.1900
vn 0.5887 -0.5927 0.5497
vn 0.5919 -0.2163 -0.7765
vn 0.6005 0.2088 -0.7719
vn 0.5890 -0.5875 0.5548
vn 0.6001 -0.2092 0.7721
vn 0.6005 0.2089 -0.7718
vn 0.6001 -0.2093 0.7720
vn 0.5878 0.5903 -0.5532
vn 0.5874 0.5962 -0.5473
vn 0.5874 0.2305 0.7758
vn 0.5871 0.2385 0.7736
vn 0.5644 0.8031 -0.1911
vn 0.5639 0.8051 -0.1838
vn 0.5645 0.5967 0.5704
vn 0.5639 0.6025 0.5649
vn 0.5543 0.8034 0.2177
vn -0.2514 0.3728 0.8932
vn 0.2644 0.3666 0.8920
vn 0.2598 0.3670 0.8932
vn 0.7011 0.3132 0.6406
vn -0.2583 0.3723 0.8915
vn -0.6926 0.3264 0.6432
vn 0.7113 0.3110 0.6303
vn 0.9538 0.2198 0.2048
vn -0.6968 0.3255 0.6392
vn -0.9526 0.2271 0.2023
vn 0.9570 0.2170 0.1927
vn 0.9497 0.1091 -0.2934
vn -0.9540 0.2258 0.1972
vn -0.9497 0.1141 -0.2917
vn 0.9470 0.1070 -0.3030
vn 0.6958 0.0245 -0.7178
vn -0.9451 0.1108 -0.3073
vn -0.7003 0.0357 -0.7130
vn 0.6884 0.0233 -0.7250
vn 0.2571 -0.0108 -0.9663
vn -0.6879 0.0338 -0.7250
vn -0.2584 -0.0041 -0.9660
vn -0.2532 -0.0044 -0.9674
vn 0.2508 -0.0109 -0.9680
vn -0.0089 0.9756 -0.2196
vn 0.0031 0.9756 -0.2197
vn -0.0101 0.9754 -0.2202
vn -0.0143 0.9741 -0.2257
vn 0.0049 0.9753 -0.2207
vn 0.0125 0.9738 -0.2271
vn -0.0135 0.9738 -0.2270
vn -0.0108 0.9732 -0.2296
vn 0.0128 0.9734 -0.2287
vn 0.0100 0.9719 -0.2352
vn -0.0101 0.9732 -0.2298
vn -0.0010 0.9737 -0.2280
vn 0.0086 0.9716 -0.2364
vn -0.0022 0.9725 -0.2330
vn -0.0000 0.9737 -0.2278
vn -0.0021 0.9725 -0.2330
vn 0.0131 0.9766 -0.2149
vn 0.0137 0.9769 -0.2134
vn -0.0113 0.9763 -0.2160
vn -0.0117 0.9768 -0.2139
vn 0.0108 0.9803 -0.1971
vn 0.0100 0.9804 -0.1965
vn -0.0052 0.9802 -0.1981
vn -0.0044 0.9803 -0.1972
vn 0.2941 -0.3112 -0.9037
vn -0.2530 -0.3123 -0.9157
vn 0.2595 -0.3145 -0.9131
vn 0.7021 -0.2362 -0.6718
vn -0.2959 -0.3081 -0.9042
vn 0.7591 -0.2171 -0.6136
vn -0.7041 -0.2273 -0.6728
vn 0.9599 -0.0955 -0.2636
vn -0.7588 -0.2081 -0.6172
vn 0.9782 -0.0705 -0.1954
vn -0.9644 -0.0806 -0.2517
vn 0.9717 0.0746 0.2240
vn -0.9779 -0.0623 -0.1997
vn 0.9639 0.0840 0.2527
vn -0.9682 0.0871 0.2346
vn 0.7085 0.1969 0.6777
vn -0.9657 0.0901 0.2436
vn 0.7187 0.1949 0.6674
vn -0.7231 0.2020 0.6606
vn -0.7041 0.2057 0.6797
vn 0.2670 0.2377 0.9339
vn 0.2505 0.2380 0.9384
vn -0.2702 0.2410 0.9322
vn -0.2542 0.2411 0.9366
vn -0.2668 0.9412 -0.2072
vn 0.2551 0.9424 -0.2164
vn 0.7055 0.6777 -0.2073
vn -0.2768 0.9384 -0.2069
vn -0.7022 0.6856 -0.1919
vn 0.7125 0.6705 -0.2069
vn 0.9522 0.2375 -0.1919
vn -0.7090 0.6787 -0.1917
vn -0.9486 0.2567 -0.1851
vn 0.9546 0.2279 -0.1917
vn 0.9485 -0.2567 -0.1855
vn -0.9486 0.2568 -0.1852
vn 0.9486 -0.2568 -0.1851
vn -0.9553 -0.2242 -0.1925
vn -0.9526 -0.2351 -0.1929
vn 0.7115 -0.6758 -0.1925
vn 0.7038 -0.6837 -0.1929
vn -0.7119 -0.6704 -0.2092
vn -0.7049 -0.6776 -0.2096
vn 0.2766 -0.9379 -0.2092
vn 0.2666 -0.9408 -0.2096
vn -0.2551 -0.9419 -0.2186
vn -0.2550 -0.9419 -0.2186
vn -0.0062 -0.0282 -0.9996
vn -0.0063 -0.0283 -0.9996
vn 0.0100 0.0199 -0.9998
vn -0.0834 -0.0326 -0.9960
vn 0.0099 0.0200 -0.9998
vn -0.0835 -0.0326 -0.9960
vn -0.0991 0.0268 -0.9947
vn -0.0169 0.0024 -0.9999
vn 0.0380 -0.0590 -0.9975
vn 0.0382 -0.0590 -0.9975
vn -0.0321 0.0560 -0.9979
vn -0.0319 0.0559 -0.9979
vn 0.0991 -0.0268 -0.9947
vn 0.0188 -0.0107 -0.9998
vn 0.0188 -0.0106 -0.9998
vn 0.0560 0.0321 -0.9979
vn 0.0558 0.0322 -0.9979
vn -0.0142 -0.0523 -0.9985
vn -0.0216 0.0003 -0.9998
vn -0.2042 -0.8036 -0.5590
vn -0.5573 -0.5968 -0.5773
vn -0.2068 -0.8029 -0.5592
vn 0.1824 -0.8027 -0.5678
vn -0.5631 -0.5909 -0.5777
vn -0.7753 -0.2206 -0.5918
vn 0.1900 -0.8009 -0.5679
vn 0.5497 -0.5927 -0.5887
vn -0.7765 -0.2163 -0.5919
vn -0.7719 0.2088 -0.6005
vn 0.5548 -0.5875 -0.5890
vn 0.7720 -0.2092 -0.6001
vn -0.7718 0.2089 -0.6005
vn 0.7720 -0.2093 -0.6001
vn -0.5532 0.5903 -0.5878
vn -0.5473 0.5962 -0.5874
vn 0.7758 0.2305 -0.5874
vn 0.7736 0.2385 -0.5870
vn -0.1911 0.8031 -0.5644
vn -0.1838 0.8051 -0.5639
vn 0.5704 0.5967 -0.5645
vn 0.5649 0.6025 -0.5639
vn 0.2177 0.8034 -0.5543
vn 0.8932 0.3719 0.2529
vn 0.8920 0.3667 -0.2644
vn 0.8932 0.3670 -0.2598
vn 0.6406 0.3132 -0.7011
vn 0.8912 0.3716 0.2603
vn 0.6442 0.3248 0.6925
vn 0.6303 0.3110 -0.7113
vn 0.2048 0.2198 -0.9538
vn 0.6393 0.3240 0.6974
vn 0.2035 0.2265 0.9525
vn 0.1927 0.2170 -0.9570
vn -0.2934 0.1091 -0.9497
vn 0.1991 0.2256 0.9536
vn -0.2928 0.1137 0.9494
vn -0.3030 0.1070 -0.9470
vn -0.7178 0.0245 -0.6958
vn -0.3092 0.1101 0.9446
vn -0.7127 0.0354 0.7005
vn -0.7250 0.0233 -0.6884
vn -0.9663 -0.0108 -0.2571
vn -0.7250 0.0336 0.6879
vn -0.9658 -0.0041 0.2593
vn -0.9670 -0.0043 0.2549
vn -0.9680 -0.0109 -0.2508
vn -0.2196 0.9756 0.0089
vn -0.2197 0.9756 -0.0031
vn -0.2202 0.9754 0.0101
vn -0.2257 0.9741 0.0143
vn -0.2208 0.9753 -0.0049
vn -0.2271 0.9738 -0.0125
vn -0.2270 0.9738 0.0135
vn -0.2296 0.9732 0.0108
vn -0.2287 0.9734 -0.0128
vn -0.2352 0.9719 -0.0100
vn -0.2298 0.9732 0.0101
vn -0.2280 0.9737 0.0010
vn -0.2364 0.9716 -0.0086
vn -0.2330 0.9725 0.0022
vn -0.2278 0.9737 -0.0000
vn -0.2330 0.9725 0.0021
vn -0.2149 0.9766 -0.0131
vn -0.2134 0.9769 -0.0137
vn -0.2160 0.9763 0.0113
vn -0.2141 0.9767 0.0119
vn -0.1971 0.9803 -0.0108
vn -0.1965 0.9804 -0.0100
vn -0.1981 0.9802 0.0052
vn -0.1972 0.9803 0.0044
vn -0.9037 -0.3112 -0.2941
vn -0.9157 -0.3123 0.2530
vn -0.9131 -0.3145 -0.2595
vn -0.6718 -0.2362 -0.7021
vn -0.9042 -0.3080 0.2959
vn -0.6136 -0.2171 -0.7591
vn -0.6728 -0.2273 0.7041
vn -0.2637 -0.0955 -0.9599
vn -0.6172 -0.2081 0.7588
vn -0.1954 -0.0705 -0.9782
vn -0.2517 -0.0806 0.9644
vn 0.2240 0.0746 -0.9717
vn -0.1997 -0.0623 0.9779
vn 0.2527 0.0840 -0.9639
vn 0.2346 0.0871 0.9682
vn 0.6777 0.1969 -0.7085
vn 0.2436 0.0901 0.9657
vn 0.6674 0.1949 -0.7187
vn 0.6606 0.2020 0.7231
vn 0.6797 0.2057 0.7041
vn 0.9339 0.2377 -0.2670
vn 0.9384 0.2380 -0.2505
vn 0.9322 0.2410 0.2702
vn 0.9366 0.2411 0.2542
vn -0.2072 0.9412 0.2668
vn -0.2164 0.9424 -0.2551
vn -0.2073 0.6777 -0.7055
vn -0.2069 0.9384 0.2768
vn -0.1919 0.6856 0.7022
vn -0.2069 0.6705 -0.7125
vn -0.1919 0.2374 -0.9523
vn -0.1916 0.6787 0.7090
vn -0.1852 0.2568 0.9486
vn -0.1917 0.2279 -0.9546
vn -0.1852 -0.2568 -0.9486
vn -0.1851 0.2568 0.9486
vn -0.1851 -0.2568 -0.9486
vn -0.1925 -0.2242 0.9554
vn -0.1929 -0.2351 0.9526
vn -0.1925 -0.6758 -0.7115
vn -0.1929 -0.6837 -0.7038
vn -0.2092 -0.6704 0.7119
vn -0.2096 -0.6776 0.7049
vn -0.2092 -0.9379 -0.2766
vn -0.2096 -0.9408 -0.2665
vn -0.2186 -0.9419 0.2551
vn -0.9996 -0.0282 0.0062
vn -0.9996 -0.0283 0.0063
vn -0.9998 0.0199 -0.0100
vn -0.9960 -0.0326 0.0834
vn -0.9998 0.0200 -0.0099
vn -0.9960 -0.0326 0.0835
vn -0.9947 0.0268 0.0991
vn -0.9999 0.0024 0.0169
vn -0.9975 -0.0590 -0.0380
vn -0.9975 -0.0590 -0.0382
vn -0.9979 0.0560 0.0321
vn -0.9979 0.0559 0.0319
vn -0.9947 -0.0268 -0.0991
vn -0.9998 -0.0107 -0.0188
vn -0.9998 -0.0106 -0.0188
vn -0.9979 0.0321 -0.0560
vn -0.9979 0.0322 -0.0558
vn -0.9985 -0.0523 0.0142
vn -0.9998 0.0003 0.0216
vn -0.5590 -0.8036 0.2042
vn -0.5773 -0.5968 0.5573
vn -0.5592 -0.8028 0.2068
vn -0.5678 -0.8027 -0.1824
vn -0.5777 -0.5909 0.5631
vn -0.5917 -0.2206 0.7754
vn -0.5679 -0.8009 -0.1900
vn -0.5887 -0.5927 -0.5497
vn -0.5919 -0.2163 0.7765
vn -0.6005 0.2088 0.7719
vn -0.5890 -0.5875 -0.5548
vn -0.6001 -0.2092 -0.7721
vn -0.6005 0.2089 0.7718
vn -0.6001 -0.2093 -0.7720
vn -0.5878 0.5903 0.5532
vn -0.5874 0.5962 0.5473
vn -0.5874 0.2305 -0.7758
vn -0.5870 0.2385 -0.7736
vn -0.5644 0.8031 0.1911
vn -0.5639 0.8051 0.1838
vn -0.5645 0.5967 -0.5704
vn -0.5639 0.6025 -0.5649
vn -0.5543 0.8034 -0.2177
vn -0.2731 -0.9492 -0.1561
vn 0.2710 -0.9494 -0.1587
vn -0.2665 -0.9393 -0.2162
vn 0.2732 -0.9370 -0.2179
vn 0.7291 -0.6691 -0.1440
vn 0.7345 -0.6705 -0.1048
vn 0.7583 -0.5635 -0.3279
vn 0.2932 -0.8023 -0.5200
vn 0.9749 -0.2195 -0.0362
vn -0.2876 -0.8033 -0.5216
vn 0.9787 -0.2044 -0.0216
vn 0.9571 0.2815 0.0682
vn 0.9807 -0.1757 -0.0858
vn 0.9825 -0.1334 -0.1297
vn 0.7669 -0.4569 -0.4506
vn 0.2991 -0.6651 -0.6842
vn -0.2931 -0.6660 -0.6860
vn 0.9533 0.2959 0.0610
vn 0.6939 0.7041 0.1509
vn 0.9574 0.2592 0.1274
vn 0.9580 0.2195 0.1847
vn 0.9585 0.1670 0.2308
vn 0.9825 -0.0784 -0.1692
vn 0.7716 -0.3050 -0.5582
vn 0.7038 0.6471 0.2933
vn 0.6924 0.7100 0.1283
vn -0.1834 0.9063 0.3809
vn -0.1745 0.9160 0.3614
vn -0.2649 0.9038 0.3362
vn -0.1016 0.9018 0.4201
vn -0.2529 0.9150 0.3142
vn -0.3367 0.9019 0.2705
vn -0.0955 0.9141 0.3941
vn -0.1482 0.9399 0.3076
vn -0.2132 0.9399 0.2667
vn -0.0009 0.8931 0.4499
vn -0.3184 0.9142 0.2505
vn -0.2676 0.9400 0.2116
vn -0.3902 0.9001 0.1940
vn -0.1780 0.9583 0.2236
vn -0.2237 0.9587 0.1754
vn -0.0818 0.9400 0.3313
vn -0.1253 0.9580 0.2581
vn -0.0015 0.9112 0.4119
vn -0.0015 0.9403 0.3403
vn 0.0974 0.8936 0.4382
vn -0.3645 0.9136 0.1802
vn -0.3056 0.9400 0.1515
vn -0.2532 0.9592 0.1258
vn 0.0927 0.9115 0.4008
vn -0.4370 0.8937 0.1019
vn -0.1965 0.9690 0.1501
vn -0.2185 0.9696 0.1103
vn -0.0013 0.9589 0.2836
vn -0.0676 0.9580 0.2786
vn 0.0766 0.9403 0.3317
vn 0.1762 0.9142 0.3650
vn 0.1926 0.9024 0.3855
vn -0.4007 0.9114 0.0940
vn -0.3313 0.9403 0.0785
vn -0.2744 0.9594 0.0645
vn -0.2375 0.9697 0.0573
vn -0.2083 0.9709 0.1182
vn -0.2342 0.9705 0.0565
vn -0.0008 0.9691 0.2467
vn 0.0631 0.9586 0.2778
vn 0.1503 0.9400 0.3062
vn 0.2495 0.9169 0.3115
vn 0.2605 0.9085 0.3269
vn -0.3401 0.9404 0.0038
vn -0.2824 0.9593 0.0038
vn -0.2443 0.9697 0.0048
vn -0.2349 0.9720 0.0045
vn -0.2183 0.9717 0.0903
vn -0.2338 0.9723 0.0045
vn 0.0537 0.9683 0.2438
vn 0.1266 0.9586 0.2549
vn 0.2136 0.9399 0.2664
vn 0.3228 0.9108 0.2576
vn 0.3103 0.9177 0.2480
vn -0.2781 0.9584 -0.0646
vn -0.3308 0.9404 -0.0786
vn -0.2450 0.9679 -0.0553
vn -0.2328 0.9712 -0.0516
vn -0.2089 0.9741 -0.0870
vn 0.1140 0.9682 0.2225
vn 0.1772 0.9586 0.2229
vn 0.2670 0.9398 0.2132
vn 0.3584 0.9169 0.1759
vn 0.3062 0.9399 0.1509
vn 0.3760 0.9083 0.1836
vn -0.2564 0.9581 -0.1276
vn -0.3057 0.9401 -0.1508
vn -0.2230 0.9677 -0.1175
vn -0.2025 0.9721 -0.1181
vn 0.1536 0.9682 0.1974
vn 0.2237 0.9583 0.1776
vn 0.2551 0.9586 0.1265
vn -0.2207 0.9590 -0.1776
vn 0.3945 0.9142 0.0931
vn 0.3316 0.9401 0.0789
vn 0.2762 0.9589 0.0649
vn -0.1939 0.9687 -0.1548
vn 0.4216 0.9015 0.0981
vn 0.1981 0.9678 0.1551
vn 0.2224 0.9683 0.1137
vn 0.2413 0.9688 0.0568
vn 0.3401 0.9404 0.0013
vn 0.2827 0.9592 0.0014
vn 0.2457 0.9694 0.0023
vn 0.4421 0.8969 0.0021
vn 0.4087 0.9127 0.0010
vn 0.2149 0.9754 0.0494
vn 0.1982 0.9741 0.1091
vn 0.2134 0.9770 0.0010
vn 0.3946 0.9142 -0.0928
vn -0.4487 -0.2298 -0.8637
vn -0.2339 0.0345 -0.9717
vn -0.2286 -0.2204 -0.9482
vn -0.4599 0.0393 -0.8871
vn -0.8178 -0.2370 -0.5244
vn -0.1758 0.6609 -0.7295
vn -0.3592 0.6555 -0.6643
vn -0.8408 0.0367 -0.5401
vn -0.9706 -0.2408 -0.0000
vn -0.6533 0.6347 -0.4128
vn -0.9994 0.0359 -0.0000
vn -0.8178 -0.2370 0.5244
vn -0.7774 0.6290 -0.0000
vn -0.6533 0.6347 0.4128
vn -0.8408 0.0367 0.5400
vn -0.4487 -0.2298 0.8637
vn -0.3593 0.6555 0.6643
vn -0.4599 0.0393 0.8871
vn -0.2286 -0.2204 0.9482
vn -0.1759 0.6611 0.7294
vn -0.2342 0.0344 0.9716
vn -0.4487 -0.2299 -0.8636
vn -0.2286 -0.2206 -0.9482
vn -0.8178 -0.2372 -0.5244
vn -0.9705 -0.2409 0.0001
vn -0.8178 -0.2372 0.5244
vn -0.4486 -0.2299 0.8636
vn -0.2287 -0.2206 0.9482
vn -0.8636 -0.2298 0.4487
vn -0.9716 0.0345 0.2339
vn -0.9482 -0.2204 0.2286
vn -0.8871 0.0393 0.4599
vn -0.5244 -0.2370 0.8178
vn -0.7294 0.6611 0.1759
vn -0.6643 0.6555 0.3593
vn -0.5400 0.0367 0.8408
vn -0.0000 -0.2408 0.9706
vn -0.4128 0.6347 0.6533
vn -0.0000 0.0359 0.9994
vn 0.5244 -0.2370 0.8178
vn -0.0000 0.6290 0.7774
vn 0.4128 0.6347 0.6533
vn 0.5400 0.0367 0.8408
vn 0.8636 -0.2298 0.4487
vn 0.6643 0.6555 0.3592
vn 0.8871 0.0393 0.4599
vn 0.9482 -0.2204 0.2286
vn 0.7294 0.6611 0.1759
vn 0.9716 0.0345 0.2342
vn -0.8636 -0.2299 0.4486
vn -0.9482 -0.2206 0.2286
vn -0.5244 -0.2372 0.8178
vn -0.0000 -0.2409 0.9705
vn 0.5244 -0.2372 0.8178
vn 0.8636 -0.2299 0.4487
vn 0.9482 -0.2206 0.2286
vn 0.4487 -0.2298 0.8636
vn 0.2347 0.0345 0.9715
vn 0.2287 -0.2204 0.9482
vn 0.4599 0.0393 0.8871
vn 0.8178 -0.2370 0.5244
vn 0.1759 0.6610 0.7295
vn 0.3592 0.6555 0.6643
vn 0.8408 0.0367 0.5400
vn 0.9706 -0.2408 -0.0000
vn 0.6533 0.6347 0.4128
vn 0.9994 0.0359 -0.0000
vn 0.8178 -0.2370 -0.5244
vn 0.7774 0.6290 -0.0000
vn 0.6533 0.6347 -0.4127
vn 0.8408 0.0367 -0.5401
vn 0.4487 -0.2298 -0.8636
vn 0.3593 0.6555 -0.6643
vn 0.4599 0.0393 -0.8871
vn 0.2286 -0.2204 -0.9482
vn 0.1759 0.6611 -0.7294
vn 0.2342 0.0345 -0.9716
vn 0.4487 -0.2299 0.8636
vn 0.2285 -0.2206 0.9482
vn 0.8178 -0.2372 0.5243
vn 0.9705 -0.2409 -0.0000
vn 0.8178 -0.2372 -0.5244
vn 0.4486 -0.2299 -0.8636
vn 0.2287 -0.2206 -0.9482
vn 0.8636 -0.2298 -0.4487
vn 0.9716 0.0345 -0.2339
vn 0.9482 -0.2204 -0.2286
vn 0.8871 0.0393 -0.4599
vn 0.5244 -0.2370 -0.8178
vn 0.7294 0.6611 -0.1759
vn 0.6643 0.6555 -0.3593
vn 0.5401 0.0367 -0.8408
vn -0.0000 -0.2408 -0.9706
vn 0.4128 0.6347 -0.6532
vn -0.0000 0.0359 -0.9994
vn -0.5244 -0.2370 -0.8178
vn -0.0000 0.6290 -0.7774
vn -0.4128 0.6347 -0.6533
vn -0.5400 0.0367 -0.8408
vn -0.8636 -0.2298 -0.4487
vn -0.6643 0.6555 -0.3592
vn -0.8871 0.0393 -0.4599
vn -0.9482 -0.2204 -0.2286
vn -0.7294 0.6611 -0.1759
vn -0.9716 0.0345 -0.2342
vn 0.8636 -0.2299 -0.4486
vn 0.9482 -0.2206 -0.2286
vn 0.5243 -0.2372 -0.8178
vn -0.0000 -0.2409 -0.9705
vn -0.5243 -0.2372 -0.8178
vn -0.8636 -0.2299 -0.4486
vn -0.9482 -0.2206 -0.2286
vn 0.3310 0.9403 -0.0792
vn 0.2781 0.9583 -0.0652
vn 0.2455 0.9678 -0.0558
vn 0.4218 0.9012 -0.0994
vn 0.3593 0.9169 -0.1737
vn 0.3068 0.9400 -0.1491
vn 0.2006 0.9797 0.0004
vn 0.1931 0.9781 0.0777
vn 0.2113 0.9762 -0.0489
vn 0.2571 0.9581 -0.1261
vn 0.2246 0.9677 -0.1147
vn 0.3767 0.9081 -0.1826
vn 0.3284 0.9087 -0.2579
vn 0.3125 0.9170 -0.2480
vn 0.2679 0.9400 -0.2113
vn 0.2244 0.9584 -0.1764
vn 0.1811 0.9804 -0.0772
vn 0.1893 0.9762 -0.1061
vn 0.1973 0.9683 -0.1533
vn 0.1736 0.9764 -0.1287
vn 0.2590 0.9086 -0.3276
vn 0.2488 0.9170 -0.3118
vn 0.2119 0.9401 -0.2669
vn 0.1763 0.9587 -0.2233
vn 0.1519 0.9687 -0.1963
vn 0.1288 0.9761 -0.1750
vn 0.1381 0.9803 -0.1415
vn 0.1736 0.9174 -0.3581
vn 0.1490 0.9400 -0.3070
vn 0.1251 0.9585 -0.2560
vn 0.1815 0.9096 -0.3738
vn 0.1117 0.9683 -0.2232
vn 0.1049 0.9759 -0.1911
vn 0.0771 0.9798 -0.1843
vn 0.0923 0.9139 -0.3953
vn 0.0791 0.9402 -0.3313
vn 0.0656 0.9585 -0.2774
vn 0.0562 0.9682 -0.2440
vn 0.0491 0.9758 -0.2131
vn 0.0968 0.9004 -0.4241
vn 0.0014 0.9790 -0.2037
vn -0.0003 0.9764 -0.2161
vn -0.0025 0.9692 -0.2461
vn -0.0013 0.9593 -0.2825
vn -0.0013 0.9404 -0.3401
vn -0.0025 0.8882 -0.4595
vn -0.0020 0.9095 -0.4157
vn -0.0565 0.9686 -0.2421
vn -0.0482 0.9746 -0.2186
vn -0.0641 0.9591 -0.2757
vn -0.0781 0.9404 -0.3310
vn -0.0933 0.9111 -0.4014
vn -0.0802 0.9778 -0.1934
vn -0.1002 0.8926 -0.4395
vn -0.1278 0.9591 -0.2525
vn -0.1182 0.9683 -0.2200
vn -0.1181 0.9733 -0.1969
vn -0.1529 0.9403 -0.3042
vn -0.1804 0.9151 -0.3606
vn -0.1904 0.9034 -0.3843
vn -0.1755 0.9594 -0.2207
vn -0.2126 0.9400 -0.2669
vn -0.1556 0.9687 -0.1934
vn -0.1411 0.9731 -0.1822
vn -0.2499 0.9161 -0.3135
vn -0.1555 0.9756 -0.1549
vn -0.2624 0.9065 -0.3306
vn -0.2662 0.9400 -0.2133
vn -0.1859 0.9721 -0.1432
vn -0.3128 0.9161 -0.2510
vn -0.3307 0.9061 -0.2639
vn -0.3648 0.9140 -0.1776
vn -0.3878 0.9014 -0.1927
vn -0.4396 0.8924 -0.1021
vn -0.4014 0.9110 -0.0947
vn -0.4151 0.9098 0.0045
vn -0.4583 0.8888 0.0046
vn 0.1847 0.9736 0.1339
vn 0.1383 0.9723 0.1886
vn 0.1526 0.9763 0.1531
vn 0.1144 0.9723 0.2038
vn 0.0856 0.9745 0.2076
vn 0.0504 0.9717 0.2310
vn -0.0021 0.9737 0.2280
vn -0.0008 0.9727 0.2320
vn -0.0577 0.9674 0.2465
vn -0.0537 0.9712 0.2321
vn -0.0911 0.9735 0.2098
vn -0.1155 0.9676 0.2247
vn -0.1180 0.9712 0.2068
vn -0.1547 0.9683 0.1959
vn -0.1436 0.9713 0.1896
vn -0.1637 0.9726 0.1653
vn -0.1930 0.9708 0.1426
vn -0.4492 0.2265 -0.8642
vn -0.0425 0.9991 -0.0000
vn -0.2290 0.2173 -0.9489
vn -0.8184 0.2337 -0.5250
vn -0.9714 0.2375 -0.0000
vn -0.8184 0.2337 0.5249
vn -0.4492 0.2265 0.8643
vn -0.2288 0.2173 0.9489
vn -0.4487 -0.2298 -0.8636
vn -0.2289 0.2171 -0.9489
vn -0.2286 -0.2205 -0.9482
vn -0.4492 0.2263 -0.8643
vn -0.8178 -0.2371 -0.5244
vn -0.8184 0.2336 -0.5250
vn -0.9714 0.2374 -0.0000
vn -0.8178 -0.2371 0.5244
vn -0.8185 0.2336 0.5249
vn -0.4487 -0.2298 0.8636
vn -0.4492 0.2264 0.8643
vn -0.2286 -0.2205 0.9482
vn -0.2289 0.2171 0.9489
vn -0.9705 -0.2409 -0.0000
vn -0.2286 -0.2206 0.9482
vn -0.8643 0.2265 0.4492
vn -0.0000 0.9991 0.0422
vn -0.9489 0.2173 0.2289
vn -0.5250 0.2338 0.8184
vn -0.0000 0.2375 0.9714
vn 0.5249 0.2338 0.8184
vn 0.8642 0.2265 0.4492
vn 0.9489 0.2173 0.2289
vn -0.9489 0.2171 0.2289
vn -0.9482 -0.2205 0.2286
vn -0.8643 0.2263 0.4492
vn -0.5244 -0.2371 0.8178
vn -0.5250 0.2336 0.8185
vn -0.0000 0.2374 0.9714
vn 0.5244 -0.2371 0.8178
vn 0.5249 0.2336 0.8185
vn 0.8643 0.2263 0.4492
vn 0.9482 -0.2205 0.2286
vn 0.9489 0.2171 0.2289
vn -0.8636 -0.2299 0.4487
vn 0.4492 0.2265 0.8642
vn 0.0423 0.9991 -0.0000
vn 0.2290 0.2173 0.9489
vn 0.8184 0.2337 0.5250
vn 0.9714 0.2375 -0.0000
vn 0.8184 0.2337 -0.5249
vn 0.4492 0.2265 -0.8642
vn 0.2288 0.2173 -0.9489
vn 0.2289 0.2171 0.9489
vn 0.2286 -0.2205 0.9482
vn 0.4492 0.2263 0.8643
vn 0.8178 -0.2371 0.5244
vn 0.8185 0.2336 0.5250
vn 0.9714 0.2374 -0.0000
vn 0.8178 -0.2371 -0.5244
vn 0.8185 0.2336 -0.5250
vn 0.4492 0.2264 -0.8643
vn 0.2286 -0.2205 -0.9482
vn 0.2289 0.2171 -0.9489
vn 0.2286 -0.2206 0.9482
vn 0.4487 -0.2299 -0.8636
vn 0.2286 -0.2206 -0.9482
vn 0.8643 0.2265 -0.4492
vn -0.0000 0.9991 -0.0422
vn 0.9489 0.2173 -0.2289
vn 0.5249 0.2338 -0.8184
vn -0.0000 0.2375 -0.9714
vn -0.5249 0.2338 -0.8184
vn -0.8642 0.2265 -0.4492
vn -0.9489 0.2173 -0.2289
vn 0.8636 -0.2299 -0.4487
vn 0.9489 0.2171 -0.2289
vn 0.9482 -0.2205 -0.2286
vn 0.8643 0.2263 -0.4492
vn 0.5244 -0.2371 -0.8178
vn 0.5250 0.2336 -0.8185
vn -0.0000 0.2374 -0.9714
vn -0.5244 -0.2371 -0.8178
vn -0.5249 0.2336 -0.8185
vn -0.8643 0.2263 -0.4492
vn -0.9482 -0.2205 -0.2286
vn -0.9489 0.2171 -0.2289
vn -0.5244 -0.2372 -0.8178
vn -0.8636 -0.2299 -0.4487
vn -0.2524 0.9657 0.0612
vn -0.2658 0.9549 0.1320
vn -0.2325 0.9655 0.1174
vn -0.2083 0.9649 0.1597
vn -0.2133 0.9699 0.1176
vn -0.2379 0.9696 0.0577
vn -0.0013 0.9547 0.2976
vn -0.0008 0.9653 0.2610
vn -0.0710 0.9538 0.2921
vn 0.0663 0.9544 0.2911
vn 0.0737 0.9449 0.3189
vn 0.1647 0.9255 0.3411
vn 0.1444 0.9448 0.2942
vn 0.2336 0.9276 0.2915
vn -0.3267 0.9451 0.0036
vn -0.3740 0.9233 0.0877
vn -0.3184 0.9449 0.0755
vn -0.2964 0.9551 0.0039
vn -0.2883 0.9551 0.0679
vn -0.2591 0.9658 0.0051
vn -0.2389 0.9710 0.0051
vn -0.2196 0.9712 0.0928
vn -0.2339 0.9723 0.0045
vn 0.0573 0.9645 0.2578
vn 0.1328 0.9544 0.2675
vn 0.2052 0.9447 0.2558
vn 0.3228 0.9107 0.2576
vn 0.2905 0.9282 0.2323
vn -0.2915 0.9542 -0.0679
vn -0.3182 0.9450 -0.0756
vn -0.2585 0.9642 -0.0589
vn -0.2362 0.9703 -0.0528
vn -0.2038 0.9753 -0.0858
vn 0.1203 0.9644 0.2355
vn 0.1859 0.9544 0.2337
vn 0.2568 0.9444 0.2052
vn 0.3358 0.9274 0.1647
vn 0.2942 0.9447 0.1450
vn -0.2685 0.9539 -0.1337
vn -0.2941 0.9447 -0.1449
vn -0.2357 0.9639 -0.1237
vn -0.2060 0.9715 -0.1170
vn 0.1626 0.9644 0.2086
vn 0.2345 0.9541 0.1864
vn 0.2674 0.9544 0.1324
vn -0.2315 0.9548 -0.1864
vn 0.3683 0.9256 0.0870
vn 0.3187 0.9448 0.0759
vn 0.2899 0.9546 0.0682
vn -0.2052 0.9648 -0.1644
vn 0.4217 0.9014 0.0982
vn 0.2092 0.9640 0.1641
vn 0.2355 0.9644 0.1203
vn 0.2556 0.9649 0.0606
vn 0.3266 0.9451 0.0013
vn 0.2966 0.9550 0.0015
vn 0.2600 0.9656 0.0025
vn 0.3818 0.9242 0.0010
vn 0.2127 0.9758 0.0497
vn 0.1997 0.9739 0.1080
vn 0.2118 0.9773 0.0017
vn 0.3689 0.9254 -0.0867
vn 0.3184 0.9449 -0.0761
vn 0.2915 0.9541 -0.0684
vn 0.2591 0.9640 -0.0594
vn 0.3364 0.9276 -0.1626
vn 0.2949 0.9447 -0.1432
vn 0.1737 0.9848 0.0001
vn 0.1725 0.9825 0.0710
vn 0.2086 0.9768 -0.0490
vn 0.2692 0.9540 -0.1320
vn 0.2372 0.9639 -0.1210
vn 0.3767 0.9082 -0.1826
vn 0.3284 0.9087 -0.2578
vn 0.2925 0.9277 -0.2322
vn 0.2573 0.9447 -0.2030
vn 0.2353 0.9541 -0.1851
vn 0.1533 0.9859 -0.0663
vn 0.1892 0.9765 -0.1031
vn 0.2084 0.9644 -0.1626
vn 0.1704 0.9770 -0.1281
vn 0.2591 0.9087 -0.3274
vn 0.2329 0.9276 -0.2920
vn 0.2037 0.9448 -0.2566
vn 0.1849 0.9545 -0.2341
vn 0.1613 0.9648 -0.2077
vn 0.1294 0.9765 -0.1726
vn 0.1181 0.9856 -0.1214
vn 0.1625 0.9279 -0.3356
vn 0.1431 0.9447 -0.2951
vn 0.1312 0.9543 -0.2686
vn 0.1814 0.9095 -0.3739
vn 0.1182 0.9645 -0.2361
vn 0.1025 0.9762 -0.1913
vn 0.0677 0.9848 -0.1597
vn 0.0864 0.9253 -0.3694
vn 0.0761 0.9449 -0.3184
vn 0.0688 0.9543 -0.2908
vn 0.0598 0.9643 -0.2578
vn 0.0491 0.9761 -0.2116
vn 0.0967 0.9004 -0.4241
vn 0.0012 0.9837 -0.1797
vn -0.0012 0.9765 -0.2154
vn -0.0028 0.9654 -0.2608
vn -0.0015 0.9550 -0.2966
vn -0.0012 0.9452 -0.3266
vn -0.0019 0.9218 -0.3877
vn -0.4371 0.8936 0.1019
vn -0.3873 0.9220 0.0042
vn -0.3746 0.9230 -0.0883
vn -0.3409 0.9253 -0.1660
vn -0.3877 0.9014 -0.1928
vn -0.2928 0.9269 -0.2349
vn -0.2557 0.9448 -0.2050
vn -0.3307 0.9061 -0.2640
vn -0.2622 0.9066 -0.3305
vn -0.2337 0.9271 -0.2931
vn -0.2044 0.9447 -0.2566
vn -0.1688 0.9262 -0.3371
vn -0.1471 0.9449 -0.2925
vn -0.1846 0.9551 -0.2318
vn -0.1342 0.9549 -0.2649
vn -0.0871 0.9232 -0.3742
vn -0.0751 0.9450 -0.3182
vn -0.0674 0.9550 -0.2890
vn -0.1651 0.9648 -0.2046
vn -0.1249 0.9645 -0.2327
vn -0.0602 0.9648 -0.2561
vn -0.1002 0.8927 -0.4395
vn -0.0016 0.9550 -0.2966
vn -0.1430 0.9730 -0.1813
vn -0.1170 0.9729 -0.1993
vn -0.0492 0.9748 -0.2175
vn -0.0013 0.9765 -0.2154
vn -0.0746 0.9816 -0.1758
vn -0.1470 0.9783 -0.1459
vn -0.1867 0.9715 -0.1461
vn 0.1829 0.9737 0.1358
vn 0.1421 0.9715 0.1898
vn 0.1439 0.9791 0.1438
vn 0.1147 0.9714 0.2079
vn 0.0871 0.9753 0.2032
vn 0.0522 0.9701 0.2369
vn -0.0027 0.9731 0.2303
vn -0.0005 0.9711 0.2386
vn -0.0614 0.9637 0.2597
vn -0.0556 0.9696 0.2381
vn -0.1834 0.9063 0.3808
vn -0.1632 0.9268 0.3382
vn -0.2650 0.9037 0.3363
vn -0.2365 0.9261 0.2939
vn -0.0894 0.9254 0.3682
vn -0.1424 0.9446 0.2956
vn -0.2049 0.9447 0.2562
vn -0.0009 0.8931 0.4500
vn -0.2977 0.9255 0.2343
vn -0.2574 0.9447 0.2033
vn -0.1867 0.9540 0.2343
vn -0.2347 0.9545 0.1840
vn -0.0787 0.9446 0.3186
vn -0.1314 0.9537 0.2705
vn -0.0014 0.9231 0.3845
vn -0.0015 0.9452 0.3266
vn -0.3405 0.9251 0.1683
vn -0.2937 0.9447 0.1457
vn 0.0865 0.9233 0.3742
vn -0.0952 0.9732 0.2095
vn -0.1216 0.9638 0.2374
vn -0.1187 0.9699 0.2125
vn -0.1641 0.9644 0.2072
vn -0.1482 0.9702 0.1915
vn -0.1648 0.9723 0.1657
vn -0.1952 0.9699 0.1458
vt 0.044373 0.099609
vt 0.017578 0.130371
vt 0.017578 0.099609
vt 0.044373 0.130371
vt 0.070129 0.099609
vt 0.017578 0.174805
vt 0.044373 0.174805
vt 0.070129 0.130371
vt 0.070129 0.174805
vt 0.102051 0.174805
vt 0.102051 0.130371
vt 0.077637 0.123047
vt 0.077637 0.099609
vt 0.104370 0.099609
vt 0.104370 0.123047
vt 0.134033 0.130371
vt 0.131104 0.123047
vt 0.131104 0.099609
vt 0.134033 0.174805
vt 0.154907 0.123047
vt 0.162354 0.130371
vt 0.154907 0.099609
vt 0.162354 0.099609
vt 0.162354 0.174805
vt 0.191772 0.130371
vt 0.191772 0.099609
vt 0.191772 0.174805
vt 0.219604 0.099609
vt 0.219604 0.130371
vt 0.219604 0.174805
vt 0.246338 0.099609
vt 0.246338 0.130371
vt 0.246338 0.174805
vt 0.272217 0.099609
vt 0.272217 0.130371
vt 0.272217 0.174805
vt 0.303955 0.174805
vt 0.303955 0.130371
vt 0.279541 0.123047
vt 0.279541 0.099609
vt 0.306396 0.099609
vt 0.306396 0.123047
vt 0.335938 0.130371
vt 0.333008 0.123047
vt 0.333008 0.099609
vt 0.335938 0.174805
vt 0.356934 0.123047
vt 0.364502 0.130371
vt 0.356934 0.099609
vt 0.364258 0.099609
vt 0.363037 0.174805
vt 0.393799 0.130371
vt 0.393799 0.099609
vt 0.393799 0.174805
vt 0.421631 0.099609
vt 0.421631 0.130371
vt 0.421631 0.174805
vt 0.448486 0.099609
vt 0.448486 0.130371
vt 0.448486 0.174805
vt 0.474121 0.099609
vt 0.474121 0.130371
vt 0.474121 0.174805
vt 0.505859 0.174805
vt 0.505859 0.130371
vt 0.481689 0.123047
vt 0.481689 0.099609
vt 0.508301 0.099609
vt 0.508301 0.123047
vt 0.538086 0.130371
vt 0.535156 0.123047
vt 0.535156 0.099609
vt 0.538086 0.174805
vt 0.558594 0.123047
vt 0.566406 0.130371
vt 0.558594 0.099609
vt 0.566406 0.099609
vt 0.566406 0.174805
vt 0.595703 0.130371
vt 0.595703 0.099609
vt 0.595703 0.174805
vt 0.623535 0.099609
vt 0.623535 0.130371
vt 0.623535 0.174805
vt 0.650391 0.099609
vt 0.650391 0.130371
vt 0.650391 0.174805
vt 0.676270 0.099609
vt 0.676270 0.130371
vt 0.676270 0.174805
vt 0.708008 0.174805
vt 0.708008 0.130371
vt 0.683594 0.123047
vt 0.683594 0.099609
vt 0.710449 0.099609
vt 0.710449 0.123047
vt 0.739746 0.130371
vt 0.737305 0.123047
vt 0.737305 0.099609
vt 0.739746 0.174805
vt 0.760742 0.123047
vt 0.768555 0.130371
vt 0.760742 0.099609
vt 0.768555 0.099609
vt 0.768555 0.174805
vt 0.797852 0.130371
vt 0.797852 0.099609
vt 0.797852 0.174805
vt 0.825684 0.099609
vt 0.825684 0.130371
vt 0.825684 0.174805
vt 0.716797 0.552002
vt 0.715332 0.552002
vt 0.718262 0.546875
vt 0.694336 0.541504
vt 0.712402 0.556641
vt 0.718750 0.541504
vt 0.708984 0.560059
vt 0.718262 0.535400
vt 0.704590 0.562500
vt 0.714844 0.530762
vt 0.716309 0.530518
vt 0.712402 0.525879
vt 0.708496 0.522705
vt 0.704102 0.520508
vt 0.699707 0.565186
vt 0.704590 0.563477
vt 0.694336 0.565674
vt 0.689453 0.565186
vt 0.704590 0.519531
vt 0.699219 0.517578
vt 0.694336 0.517334
vt 0.688965 0.517822
vt 0.684570 0.562500
vt 0.684570 0.563477
vt 0.680176 0.560303
vt 0.676270 0.556885
vt 0.673340 0.552246
vt 0.684570 0.520508
vt 0.684082 0.519531
vt 0.680176 0.522705
vt 0.676270 0.526123
vt 0.673340 0.530762
vt 0.670410 0.547119
vt 0.671875 0.552490
vt 0.669922 0.541504
vt 0.670410 0.535889
vt 0.671875 0.530762
vt 0.922852 0.678223
vt 0.907227 0.678223
vt 0.922852 0.602295
vt 0.907227 0.602295
vt 0.922852 0.588135
vt 0.907227 0.588135
vt 0.979980 0.295898
vt 0.969727 0.284668
vt 0.979980 0.284668
vt 0.990723 0.295898
vt 0.990723 0.284668
vt 0.932129 0.361328
vt 0.922852 0.361328
vt 0.932129 0.332520
vt 0.922852 0.332520
vt 0.932129 0.319824
vt 0.940918 0.306641
vt 0.932129 0.295898
vt 0.940918 0.295898
vt 0.932129 0.284668
vt 0.940918 0.284668
vt 0.932129 0.306641
vt 0.922852 0.319824
vt 0.932129 0.272461
vt 0.940918 0.272461
vt 0.950195 0.284668
vt 0.950195 0.272461
vt 0.959961 0.284668
vt 0.959961 0.272461
vt 0.969727 0.272461
vt 0.979980 0.272461
vt 0.922852 0.306641
vt 0.922852 0.295898
vt 0.922852 0.284668
vt 0.912109 0.319824
vt 0.912109 0.306641
vt 0.922852 0.272461
vt 0.932129 0.259766
vt 0.940918 0.259766
vt 0.950195 0.259766
vt 0.959961 0.259766
vt 0.912109 0.295898
vt 0.912109 0.284668
vt 0.902832 0.306641
vt 0.912109 0.272461
vt 0.922852 0.259766
vt 0.902832 0.295898
vt 0.932129 0.222168
vt 0.940918 0.222168
vt 0.950195 0.222168
vt 0.959961 0.222168
vt 0.902832 0.284668
vt 0.902832 0.272461
vt 0.912109 0.259766
vt 0.912109 0.222168
vt 0.922852 0.222168
vt 0.894043 0.306641
vt 0.894043 0.295898
vt 0.894043 0.284668
vt 0.894043 0.272461
vt 0.902832 0.259766
vt 0.902832 0.222168
vt 0.884766 0.306641
vt 0.884766 0.295898
vt 0.884766 0.284668
vt 0.884766 0.272461
vt 0.894043 0.259766
vt 0.894043 0.222168
vt 0.875000 0.306641
vt 0.875000 0.295898
vt 0.875000 0.284668
vt 0.884766 0.222168
vt 0.884766 0.259766
vt 0.875000 0.272461
vt 0.875000 0.259766
vt 0.875000 0.222168
vt 0.875000 0.319824
vt 0.884766 0.319824
vt 0.875000 0.332520
vt 0.884766 0.332520
vt 0.894043 0.319824
vt 0.894043 0.332520
vt 0.875000 0.361328
vt 0.884766 0.361328
vt 0.902832 0.332520
vt 0.902832 0.319824
vt 0.894043 0.361328
vt 0.912109 0.332520
vt 0.902832 0.361328
vt 0.912109 0.361328
vt 0.990723 0.272461
vt 0.979980 0.259766
vt 0.990723 0.259766
vt 0.979980 0.222168
vt 0.969727 0.259766
vt 0.969727 0.222168
vt 0.990723 0.222168
vt 0.990723 0.361328
vt 0.979980 0.361328
vt 0.990723 0.332520
vt 0.979980 0.332520
vt 0.969727 0.332520
vt 0.969727 0.361328
vt 0.969727 0.319824
vt 0.979980 0.319824
vt 0.959961 0.332520
vt 0.990723 0.319824
vt 0.959961 0.361328
vt 0.950195 0.332520
vt 0.959961 0.319824
vt 0.959961 0.306641
vt 0.969727 0.306641
vt 0.979980 0.306641
vt 0.990723 0.306641
vt 0.950195 0.361328
vt 0.950195 0.319824
vt 0.950195 0.306641
vt 0.940918 0.361328
vt 0.940918 0.332520
vt 0.950195 0.295898
vt 0.959961 0.295898
vt 0.969727 0.295898
vt 0.940918 0.319824
vt 0.892090 0.602295
vt 0.905762 0.602295
vt 0.892090 0.678223
vt 0.905762 0.678223
vt 0.924316 0.602295
vt 0.938965 0.602295
vt 0.924316 0.678223
vt 0.938965 0.678223
vt 0.685059 0.802246
vt 0.696777 0.767944
vt 0.710449 0.807251
vt 0.682129 0.834717
vt 0.720215 0.779175
vt 0.715820 0.738037
vt 0.707520 0.834839
vt 0.712402 0.806885
vt 0.685547 0.869019
vt 0.735840 0.754272
vt 0.722168 0.780029
vt 0.739746 0.714355
vt 0.710449 0.863525
vt 0.709473 0.834961
vt 0.736328 0.812256
vt 0.733887 0.834961
vt 0.696777 0.901489
vt 0.755859 0.734375
vt 0.737305 0.755981
vt 0.744141 0.790649
vt 0.835938 0.834961
vt 0.736328 0.857788
vt 0.712402 0.863159
vt 0.720215 0.890564
vt 0.769531 0.695557
vt 0.756348 0.771240
vt 0.757324 0.736084
vt 0.780273 0.718994
vt 0.744141 0.879333
vt 0.722168 0.889893
vt 0.772461 0.755005
vt 0.781250 0.720947
vt 0.756348 0.898743
vt 0.737305 0.913940
vt 0.802246 0.684326
vt 0.807617 0.709473
vt 0.808105 0.711426
vt 0.791504 0.742920
vt 0.772461 0.914917
vt 0.813477 0.735352
vt 0.835938 0.708252
vt 0.836426 0.706543
vt 0.836426 0.680664
vt 0.835938 0.732666
vt 0.864258 0.711426
vt 0.863770 0.709473
vt 0.757324 0.933960
vt 0.791504 0.927063
vt 0.858887 0.735352
vt 0.868652 0.684082
vt 0.892090 0.718994
vt 0.891113 0.720947
vt 0.903320 0.695557
vt 0.933105 0.714600
vt 0.916992 0.734619
vt 0.915039 0.736084
vt 0.880371 0.742920
vt 0.781250 0.949097
vt 0.813477 0.934631
vt 0.899902 0.755005
vt 0.956543 0.738525
vt 0.936523 0.754639
vt 0.935059 0.755981
vt 0.916016 0.771240
vt 0.808105 0.958466
vt 0.835938 0.937195
vt 0.975586 0.768311
vt 0.952148 0.779419
vt 0.950195 0.780029
vt 0.928223 0.790649
vt 0.986816 0.800781
vt 0.961426 0.806519
vt 0.959473 0.806763
vt 0.990234 0.835327
vt 0.964844 0.835205
vt 0.962891 0.834961
vt 0.935547 0.812256
vt 0.938477 0.834961
vt 0.935547 0.857788
vt 0.986816 0.867920
vt 0.961914 0.862671
vt 0.959473 0.863159
vt 0.950195 0.889954
vt 0.928223 0.879333
vt 0.952148 0.890869
vt 0.975586 0.902100
vt 0.936523 0.915649
vt 0.935059 0.913940
vt 0.916016 0.898743
vt 0.956543 0.932129
vt 0.932617 0.955536
vt 0.916504 0.935425
vt 0.915039 0.933960
vt 0.902832 0.974411
vt 0.891602 0.951050
vt 0.891113 0.949097
vt 0.899902 0.914917
vt 0.880371 0.927063
vt 0.870117 0.985580
vt 0.864746 0.960419
vt 0.864258 0.958466
vt 0.858887 0.934631
vt 0.835938 0.961609
vt 0.835938 0.963501
vt 0.835938 0.989212
vt 0.808594 0.960632
vt 0.803223 0.985962
vt 0.350098 0.022461
vt 0.366455 0.022461
vt 0.352295 0.031250
vt 0.358398 0.038086
vt 0.366455 0.040527
vt 0.374512 0.038086
vt 0.380615 0.031250
vt 0.382812 0.022461
vt 0.272705 0.022949
vt 0.308594 0.022949
vt 0.277344 0.042969
vt 0.290771 0.057129
vt 0.308838 0.062500
vt 0.326904 0.057129
vt 0.340088 0.042969
vt 0.344971 0.022949
vt 0.386963 0.009277
vt 0.386963 0.017090
vt 0.371338 0.009277
vt 0.371338 0.017090
vt 0.354492 0.017090
vt 0.354492 0.009277
vt 0.335449 0.017090
vt 0.335449 0.009277
vt 0.314941 0.017090
vt 0.314941 0.009277
vt 0.295898 0.017090
vt 0.295898 0.009277
vt 0.272217 0.017090
vt 0.272217 0.009277
vt 0.496338 0.351562
vt 0.515137 0.363281
vt 0.496582 0.363281
vt 0.514648 0.351562
vt 0.534180 0.363281
vt 0.534180 0.351562
vt 0.553223 0.351562
vt 0.553223 0.363281
vt 0.572754 0.363281
vt 0.572266 0.351562
vt 0.591797 0.351562
vt 0.591797 0.363281
vt 0.611328 0.351562
vt 0.611328 0.363281
vt 0.630371 0.351562
vt 0.630371 0.363281
vt 0.649902 0.351562
vt 0.649902 0.363281
vt 0.669434 0.351562
vt 0.669434 0.363281
vt 0.688477 0.351562
vt 0.688477 0.363281
vt 0.708008 0.363281
vt 0.708008 0.351562
vt 0.727051 0.351562
vt 0.727051 0.363281
vt 0.746094 0.363281
vt 0.746582 0.351562
vt 0.764648 0.363281
vt 0.765137 0.351562
vt 0.781738 0.351562
vt 0.781738 0.363281
vt 0.798828 0.363281
vt 0.798340 0.351562
vt 0.991699 0.368652
vt 0.991699 0.391113
vt 0.969238 0.368652
vt 0.969238 0.391113
vt 0.946777 0.368652
vt 0.946777 0.391113
vt 0.969238 0.394531
vt 0.991699 0.394531
vt 0.925781 0.368652
vt 0.946777 0.394531
vt 0.925781 0.391113
vt 0.969238 0.397949
vt 0.946777 0.397949
vt 0.991699 0.397949
vt 0.902344 0.368652
vt 0.925781 0.397949
vt 0.925781 0.394531
vt 0.902344 0.391113
vt 0.902344 0.394531
vt 0.969238 0.489746
vt 0.946777 0.489746
vt 0.925781 0.489746
vt 0.991699 0.489746
vt 0.969238 0.498047
vt 0.902344 0.397949
vt 0.902344 0.489746
vt 0.881836 0.394531
vt 0.881836 0.391113
vt 0.946777 0.498047
vt 0.925781 0.498047
vt 0.902344 0.498047
vt 0.991699 0.498047
vt 0.969238 0.509766
vt 0.946777 0.509766
vt 0.881836 0.397949
vt 0.881836 0.489746
vt 0.881836 0.498047
vt 0.858887 0.394531
vt 0.858887 0.391113
vt 0.925781 0.509766
vt 0.902344 0.509766
vt 0.881836 0.509766
vt 0.858887 0.397949
vt 0.858887 0.489746
vt 0.858887 0.498047
vt 0.837402 0.394531
vt 0.769043 0.974335
vt 0.780273 0.950989
vt 0.739258 0.955261
vt 0.755371 0.935242
vt 0.715332 0.931458
vt 0.735352 0.915344
vt 0.858887 0.509766
vt 0.837402 0.397949
vt 0.837402 0.489746
vt 0.837402 0.498047
vt 0.837402 0.509766
vt 0.813965 0.498047
vt 0.813965 0.489746
vt 0.813965 0.394531
vt 0.813965 0.397949
vt 0.837402 0.391113
vt 0.813965 0.509766
vt 0.791992 0.498047
vt 0.791992 0.509766
vt 0.791992 0.489746
vt 0.791992 0.394531
vt 0.813965 0.391113
vt 0.791992 0.397949
vt 0.837402 0.368652
vt 0.858887 0.368652
vt 0.768555 0.498047
vt 0.768555 0.509766
vt 0.768555 0.489746
vt 0.768555 0.394531
vt 0.791992 0.391113
vt 0.813965 0.368652
vt 0.768555 0.397949
vt 0.746582 0.498047
vt 0.746582 0.509766
vt 0.746582 0.489746
vt 0.746582 0.394531
vt 0.768555 0.391113
vt 0.791992 0.368652
vt 0.746582 0.397949
vt 0.723633 0.498047
vt 0.723633 0.509766
vt 0.723633 0.489746
vt 0.723633 0.394531
vt 0.746582 0.391113
vt 0.723633 0.397949
vt 0.768555 0.368652
vt 0.746582 0.368652
vt 0.723633 0.391113
vt 0.701172 0.489746
vt 0.701172 0.498047
vt 0.701172 0.397949
vt 0.701172 0.509766
vt 0.701172 0.394531
vt 0.701172 0.391113
vt 0.723633 0.368652
vt 0.678223 0.394531
vt 0.678223 0.498047
vt 0.678223 0.489746
vt 0.678223 0.509766
vt 0.678223 0.397949
vt 0.655762 0.489746
vt 0.655762 0.498047
vt 0.678223 0.391113
vt 0.701172 0.368652
vt 0.655762 0.397949
vt 0.655762 0.394531
vt 0.655762 0.391113
vt 0.632812 0.489746
vt 0.655762 0.509766
vt 0.632812 0.498047
vt 0.632812 0.397949
vt 0.678223 0.368652
vt 0.655762 0.368652
vt 0.632812 0.394531
vt 0.632812 0.391113
vt 0.632812 0.368652
vt 0.632812 0.509766
vt 0.881836 0.368652
vt 0.991699 0.509766
vt 0.803711 0.346191
vt 0.827148 0.337402
vt 0.827148 0.346191
vt 0.804199 0.337402
vt 0.781250 0.346191
vt 0.827148 0.329590
vt 0.780762 0.337402
vt 0.803711 0.329590
vt 0.756348 0.346191
vt 0.755859 0.337402
vt 0.780762 0.329590
vt 0.729980 0.346191
vt 0.755859 0.329590
vt 0.730469 0.337402
vt 0.730957 0.329590
vt 0.707520 0.346191
vt 0.707520 0.337402
vt 0.707031 0.329590
vt 0.682617 0.337402
vt 0.682617 0.346191
vt 0.683105 0.329590
vt 0.658691 0.346191
vt 0.659668 0.337402
vt 0.660156 0.329590
vt 0.640625 0.346191
vt 0.640625 0.337402
vt 0.640625 0.329590
vt 0.623047 0.346191
vt 0.622559 0.337402
vt 0.622070 0.329590
vt 0.602051 0.346191
vt 0.601562 0.337402
vt 0.601562 0.329590
vt 0.580078 0.346191
vt 0.580078 0.337402
vt 0.580078 0.329590
vt 0.558105 0.337402
vt 0.558594 0.329590
vt 0.558105 0.346191
vt 0.536621 0.337402
vt 0.536621 0.329590
vt 0.536621 0.346191
vt 0.515137 0.329590
vt 0.515137 0.346191
vt 0.515137 0.337402
vt 0.493408 0.346191
vt 0.493652 0.337402
vt 0.493408 0.329590
vt 0.471924 0.346191
vt 0.471924 0.337402
vt 0.471924 0.329590
vt 0.742188 0.654297
vt 0.747559 0.648926
vt 0.768555 0.671143
vt 0.724121 0.628662
vt 0.731445 0.625732
vt 0.717773 0.598389
vt 0.771484 0.664307
vt 0.751465 0.645020
vt 0.773438 0.659424
vt 0.725098 0.598389
vt 0.736328 0.623779
vt 0.799805 0.669434
vt 0.799805 0.664062
vt 0.799805 0.676758
vt 0.779785 0.644287
vt 0.762695 0.633545
vt 0.751465 0.617188
vt 0.730469 0.570557
vt 0.730957 0.598145
vt 0.747559 0.598145
vt 0.828125 0.663818
vt 0.825684 0.658691
vt 0.799316 0.647949
vt 0.769531 0.609619
vt 0.776855 0.619873
vt 0.787109 0.626465
vt 0.735840 0.572754
vt 0.750977 0.578613
vt 0.767090 0.597900
vt 0.847656 0.644043
vt 0.819336 0.643799
vt 0.835938 0.632812
vt 0.811523 0.626221
vt 0.799316 0.628662
vt 0.821777 0.619385
vt 0.762207 0.562256
vt 0.769531 0.585938
vt 0.846680 0.616211
vt 0.828613 0.609131
vt 0.776367 0.575684
vt 0.862305 0.622314
vt 0.850586 0.596924
vt 0.830566 0.597168
vt 0.778809 0.551025
vt 0.786621 0.568848
vt 0.771973 0.536133
vt 0.750000 0.550781
vt 0.798340 0.530762
vt 0.798340 0.547119
vt 0.798828 0.566406
vt 0.770020 0.531250
vt 0.798340 0.525391
vt 0.746094 0.547119
vt 0.826172 0.530518
vt 0.824219 0.535645
vt 0.818359 0.550781
vt 0.811035 0.568604
vt 0.740723 0.541992
vt 0.767090 0.524414
vt 0.797852 0.518066
vt 0.829102 0.523682
vt 0.850586 0.545898
vt 0.846680 0.549805
vt 0.834961 0.561523
vt 0.821289 0.575195
vt 0.723633 0.567871
vt 0.855469 0.540771
vt 0.866699 0.569092
vt 0.861816 0.571289
vt 0.846191 0.577637
vt 0.828125 0.585205
vt 0.873535 0.566406
vt 0.879883 0.596680
vt 0.872559 0.596680
vt 0.867188 0.596680
vt 0.874023 0.626953
vt 0.867188 0.624268
vt 0.851562 0.647949
vt 0.856934 0.653076
vt 0.831055 0.670410
vt 0.374756 0.038086
vt 0.386719 0.009277
vt 0.386719 0.016602
vt 0.371338 0.016602
vt 0.354492 0.016602
vt 0.335205 0.016602
vt 0.335205 0.009277
vt 0.314941 0.016602
vt 0.295898 0.016602
vt 0.272217 0.016602
vt 0.260742 0.967346
vt 0.246216 0.948517
vt 0.255859 0.948486
vt 0.260742 0.929626
vt 0.252441 0.972107
vt 0.274658 0.981171
vt 0.252441 0.924927
vt 0.274658 0.915833
vt 0.269775 0.989403
vt 0.293457 0.986237
vt 0.269775 0.907654
vt 0.293457 0.910767
vt 0.293213 0.995743
vt 0.312256 0.981186
vt 0.293457 0.901367
vt 0.312256 0.915833
vt 0.316895 0.989433
vt 0.326172 0.967346
vt 0.316895 0.907654
vt 0.325928 0.929626
vt 0.334229 0.972168
vt 0.331055 0.948425
vt 0.340576 0.948578
vt 0.334229 0.924988
vt 0.264404 0.965332
vt 0.259766 0.948486
vt 0.269287 0.961639
vt 0.276611 0.977676
vt 0.265381 0.948120
vt 0.264404 0.931641
vt 0.279541 0.971863
vt 0.293457 0.982208
vt 0.269287 0.933533
vt 0.276611 0.919312
vt 0.293701 0.975586
vt 0.310303 0.977692
vt 0.279541 0.923096
vt 0.293457 0.914795
vt 0.307617 0.971771
vt 0.293701 0.919250
vt 0.317871 0.961609
vt 0.322754 0.965332
vt 0.307617 0.923096
vt 0.310303 0.919312
vt 0.321533 0.948029
vt 0.327148 0.948456
vt 0.317627 0.933533
vt 0.322510 0.931641
vt 0.272217 0.959839
vt 0.279297 0.947784
vt 0.281250 0.954712
vt 0.286377 0.959900
vt 0.269043 0.948029
vt 0.281250 0.968781
vt 0.281250 0.940491
vt 0.293457 0.961731
vt 0.272217 0.935303
vt 0.293701 0.972031
vt 0.286377 0.935120
vt 0.300537 0.959808
vt 0.281250 0.926147
vt 0.305908 0.968689
vt 0.293457 0.933105
vt 0.305664 0.954742
vt 0.293457 0.922852
vt 0.314697 0.959839
vt 0.305908 0.926147
vt 0.300537 0.935059
vt 0.318115 0.947968
vt 0.307617 0.947784
vt 0.314697 0.935303
vt 0.305664 0.940491
vt 0.422363 0.933838
vt 0.407715 0.914795
vt 0.417236 0.914917
vt 0.422363 0.895996
vt 0.414062 0.938446
vt 0.436035 0.947662
vt 0.414062 0.891235
vt 0.436279 0.882202
vt 0.431152 0.955750
vt 0.455078 0.952759
vt 0.431396 0.874023
vt 0.455078 0.877136
vt 0.454834 0.962158
vt 0.455078 0.867798
vt 0.478516 0.955902
vt 0.473877 0.947723
vt 0.478760 0.874146
vt 0.474121 0.882263
vt 0.495850 0.938660
vt 0.487793 0.933899
vt 0.495850 0.891479
vt 0.487793 0.896118
vt 0.501953 0.915100
vt 0.492676 0.914978
vt 0.426025 0.898132
vt 0.431152 0.899841
vt 0.421387 0.914917
vt 0.438232 0.885803
vt 0.427246 0.914612
vt 0.441650 0.889343
vt 0.455078 0.881348
vt 0.431152 0.928406
vt 0.426025 0.931763
vt 0.455811 0.885437
vt 0.438232 0.944061
vt 0.441650 0.938690
vt 0.469971 0.889221
vt 0.471924 0.885864
vt 0.455078 0.948608
vt 0.455811 0.942444
vt 0.480713 0.899780
vt 0.484131 0.898193
vt 0.469971 0.938599
vt 0.471924 0.944122
vt 0.488525 0.914978
vt 0.484131 0.914673
vt 0.480469 0.928345
vt 0.484131 0.931824
vt 0.431152 0.914429
vt 0.434326 0.901672
vt 0.441162 0.914185
vt 0.434570 0.926331
vt 0.442871 0.906982
vt 0.443604 0.892517
vt 0.443115 0.921204
vt 0.443604 0.935303
vt 0.448242 0.901733
vt 0.455811 0.889160
vt 0.448242 0.926208
vt 0.455811 0.938538
vt 0.455322 0.899658
vt 0.455078 0.928040
vt 0.462402 0.901489
vt 0.468262 0.892456
vt 0.462158 0.926208
vt 0.468262 0.935242
vt 0.467529 0.906677
vt 0.477539 0.901550
vt 0.467529 0.921204
vt 0.477295 0.926331
vt 0.469482 0.914246
vt 0.480469 0.914490
vt 0.975586 0.922668
vt 0.975586 0.923157
vt 0.973633 0.923950
vt 0.977539 0.921936
vt 0.973633 0.924377
vt 0.971680 0.925598
vt 0.978027 0.922424
vt 0.976074 0.924011
vt 0.974121 0.925110
vt 0.979980 0.921692
vt 0.972168 0.925964
vt 0.972656 0.926575
vt 0.970703 0.927551
vt 0.975098 0.926025
vt 0.973633 0.927307
vt 0.978027 0.923340
vt 0.976562 0.925049
vt 0.979980 0.922119
vt 0.979980 0.923096
vt 0.982422 0.921936
vt 0.970703 0.927856
vt 0.971680 0.928284
vt 0.972656 0.928833
vt 0.982422 0.922424
vt 0.969727 0.929749
vt 0.974609 0.927917
vt 0.973633 0.929321
vt 0.979980 0.924255
vt 0.978027 0.924500
vt 0.981934 0.923340
vt 0.984375 0.923157
vt 0.984375 0.922729
vt 0.970215 0.929871
vt 0.971191 0.930054
vt 0.972168 0.930359
vt 0.973145 0.930542
vt 0.974609 0.929810
vt 0.974121 0.930664
vt 0.979980 0.925232
vt 0.981934 0.924500
vt 0.983887 0.924011
vt 0.986328 0.924438
vt 0.986328 0.924011
vt 0.970703 0.932190
vt 0.972168 0.932251
vt 0.972656 0.932312
vt 0.974121 0.932373
vt 0.975098 0.930359
vt 0.974609 0.932434
vt 0.981934 0.925476
vt 0.983398 0.925110
vt 0.985840 0.925171
vt 0.988281 0.925659
vt 0.987793 0.926025
vt 0.972168 0.934021
vt 0.971191 0.934204
vt 0.973145 0.934021
vt 0.974121 0.934082
vt 0.975098 0.934387
vt 0.982910 0.925964
vt 0.984863 0.926086
vt 0.986816 0.926636
vt 0.988770 0.927917
vt 0.988281 0.928345
vt 0.989258 0.927673
vt 0.972656 0.935669
vt 0.971680 0.936096
vt 0.973633 0.935303
vt 0.974609 0.934814
vt 0.984375 0.926880
vt 0.986328 0.927368
vt 0.987305 0.928833
vt 0.973633 0.937256
vt 0.989746 0.930054
vt 0.988770 0.930237
vt 0.987793 0.930542
vt 0.974609 0.936707
vt 0.990234 0.929932
vt 0.985352 0.927917
vt 0.986328 0.929321
vt 0.986816 0.930664
vt 0.989258 0.932312
vt 0.987793 0.932373
vt 0.986816 0.932373
vt 0.990234 0.932251
vt 0.989746 0.932251
vt 0.985840 0.930725
vt 0.985352 0.929871
vt 0.985840 0.932434
vt 0.989746 0.934448
vt 0.954590 0.966064
vt 0.951660 0.976242
vt 0.951660 0.966064
vt 0.954590 0.976242
vt 0.957031 0.966064
vt 0.951660 0.976791
vt 0.954590 0.976791
vt 0.957031 0.976242
vt 0.959473 0.966064
vt 0.957031 0.976791
vt 0.959473 0.976242
vt 0.961914 0.966064
vt 0.959473 0.976791
vt 0.961914 0.976791
vt 0.961914 0.976242
vt 0.964844 0.966064
vt 0.964844 0.976791
vt 0.964844 0.976242
vt 0.967285 0.966064
vt 0.967285 0.976791
vt 0.967285 0.976242
vt 0.955078 0.978973
vt 0.954590 0.977539
vt 0.957031 0.977539
vt 0.956055 0.980026
vt 0.957031 0.980408
vt 0.958496 0.980026
vt 0.959473 0.978973
vt 0.959961 0.977539
vt 0.988770 0.934265
vt 0.987793 0.934082
vt 0.986816 0.934021
vt 0.990234 0.934570
vt 0.988770 0.936584
vt 0.988281 0.936218
vt 0.984863 0.932495
vt 0.984863 0.930481
vt 0.985840 0.934143
vt 0.987305 0.935791
vt 0.986328 0.935364
vt 0.989258 0.936768
vt 0.988281 0.938751
vt 0.987793 0.938477
vt 0.986816 0.937958
vt 0.986328 0.937317
vt 0.984863 0.934387
vt 0.985352 0.934937
vt 0.985352 0.936829
vt 0.984375 0.936340
vt 0.986328 0.940430
vt 0.986328 0.940033
vt 0.985352 0.939362
vt 0.984863 0.938538
vt 0.984375 0.937836
vt 0.983887 0.936951
vt 0.983398 0.936096
vt 0.984375 0.941193
vt 0.983887 0.940430
vt 0.983398 0.939484
vt 0.984375 0.941650
vt 0.982910 0.938721
vt 0.982422 0.937866
vt 0.981934 0.937134
vt 0.981934 0.941956
vt 0.981934 0.941101
vt 0.981934 0.940063
vt 0.981445 0.939209
vt 0.981445 0.938202
vt 0.982422 0.942413
vt 0.979980 0.937561
vt 0.979980 0.938416
vt 0.979980 0.939423
vt 0.979980 0.940308
vt 0.979980 0.941376
vt 0.979980 0.942657
vt 0.979980 0.942230
vt 0.978027 0.939117
vt 0.978027 0.938110
vt 0.978027 0.940033
vt 0.977539 0.941071
vt 0.977539 0.941925
vt 0.978027 0.937195
vt 0.977539 0.942383
vt 0.976562 0.939453
vt 0.977051 0.938660
vt 0.977539 0.937805
vt 0.976074 0.940399
vt 0.975586 0.941162
vt 0.975098 0.941589
vt 0.975098 0.938477
vt 0.974121 0.939301
vt 0.975586 0.937714
vt 0.976074 0.936829
vt 0.973633 0.939941
vt 0.976074 0.936035
vt 0.973145 0.940338
vt 0.972656 0.937866
vt 0.975586 0.936218
vt 0.972168 0.938385
vt 0.971680 0.938660
vt 0.970703 0.936401
vt 0.970215 0.936646
vt 0.969727 0.934448
vt 0.970215 0.934387
vt 0.969727 0.932129
vt 0.969238 0.932129
vt 0.984375 0.928467
vt 0.983887 0.927856
vt 0.983887 0.928772
vt 0.982422 0.926880
vt 0.981934 0.927551
vt 0.981934 0.926636
vt 0.979980 0.927124
vt 0.979980 0.926331
vt 0.978516 0.925476
vt 0.978516 0.926636
vt 0.978027 0.927551
vt 0.977051 0.925964
vt 0.977539 0.926880
vt 0.975586 0.926880
vt 0.976074 0.927917
vt 0.976074 0.928650
vt 0.975586 0.928467
vt 0.095215 0.068848
vt 0.078979 0.079102
vt 0.097778 0.079102
vt 0.088379 0.062012
vt 0.078979 0.059082
vt 0.069641 0.062012
vt 0.062744 0.068848
vt 0.060242 0.079102
vt 0.031494 0.010742
vt 0.017380 0.056641
vt 0.017380 0.010742
vt 0.031403 0.056641
vt 0.045013 0.010742
vt 0.044952 0.056641
vt 0.057892 0.010742
vt 0.057922 0.056641
vt 0.070801 0.010742
vt 0.070862 0.056641
vt 0.084290 0.010742
vt 0.084412 0.056641
vt 0.098450 0.010742
vt 0.098450 0.056641
vt 0.027344 0.069336
vt 0.025574 0.076660
vt 0.038727 0.076660
vt 0.032166 0.063965
vt 0.038727 0.062012
vt 0.045319 0.063965
vt 0.050140 0.069336
vt 0.051880 0.076660
vt -0.685547 0.541992
vt -0.668457 0.522217
vt -0.668457 0.541992
vt -0.645020 0.541992
vt -0.669922 0.560791
vt -0.682617 0.560791
vt -0.547852 0.522217
vt -0.547852 0.541992
vt -0.573730 0.522217
vt -0.519531 0.522217
vt -0.519531 0.506836
vt -0.495117 0.495117
vt -0.495605 0.506836
vt -0.494141 0.488770
vt -0.468506 0.495117
vt -0.468018 0.488770
vt -0.712402 0.506836
vt -0.688477 0.495117
vt -0.688477 0.506836
vt -0.711914 0.522217
vt -0.687500 0.522217
vt -0.711426 0.541992
vt -0.711426 0.560791
vt -0.675293 0.574219
vt -0.712891 0.574219
vt -0.517578 0.541992
vt -0.495850 0.522217
vt -0.469727 0.506836
vt -0.444824 0.488770
vt -0.445557 0.495117
vt -0.733398 0.522217
vt -0.734375 0.506836
vt -0.734863 0.541992
vt -0.738770 0.560791
vt -0.745605 0.574219
vt -0.497559 0.541992
vt -0.470703 0.522217
vt -0.446777 0.506836
vt -0.424316 0.495117
vt -0.425537 0.506836
vt -0.423584 0.488770
vt -0.751953 0.522217
vt -0.752441 0.506836
vt -0.750977 0.541992
vt -0.749023 0.560791
vt -0.469482 0.541992
vt -0.447998 0.522217
vt -0.426758 0.522217
vt -0.769043 0.522217
vt -0.404297 0.495117
vt -0.405518 0.506836
vt -0.406738 0.522217
vt -0.769531 0.541992
vt -0.403564 0.488770
vt -0.449951 0.541992
vt -0.426758 0.541992
vt -0.409180 0.541992
vt -0.385986 0.506836
vt -0.386719 0.522217
vt -0.386963 0.541992
vt -0.384277 0.488770
vt -0.384766 0.495117
vt -0.412842 0.560791
vt -0.424805 0.560791
vt -0.386475 0.560791
vt -0.368164 0.495117
vt -0.368652 0.506836
vt -0.369141 0.522217
vt -0.367432 0.541992
vt -0.367676 0.488770
vt -0.353027 0.495117
vt -0.353271 0.506836
vt -0.384521 0.574219
vt -0.419434 0.574219
vt -0.363281 0.560791
vt -0.353271 0.522217
vt -0.353516 0.541992
vt -0.352539 0.488770
vt -0.337891 0.488770
vt -0.337891 0.495117
vt -0.338379 0.506836
vt -0.338623 0.522217
vt -0.355469 0.574219
vt -0.354492 0.560791
vt -0.337891 0.541992
vt -0.335205 0.560791
vt -0.324463 0.488770
vt -0.325195 0.495117
vt -0.325439 0.506836
vt -0.325928 0.522217
vt -0.326416 0.541992
vt -0.327881 0.560791
vt -0.329590 0.574219
vt -0.312500 0.495117
vt -0.312744 0.506836
vt -0.313232 0.522217
vt -0.312256 0.488770
vt -0.312988 0.541992
vt -0.312012 0.560791
vt -0.310059 0.574219
vt -0.300049 0.495117
vt -0.300537 0.506836
vt -0.301025 0.522217
vt -0.302246 0.541992
vt -0.304688 0.560791
vt -0.299805 0.488770
vt -0.288330 0.574219
vt -0.288330 0.560791
vt -0.288330 0.541992
vt -0.288330 0.522217
vt -0.288330 0.506836
vt -0.288330 0.488770
vt -0.288330 0.495117
vt -0.713379 0.488770
vt -0.688477 0.488770
vt -0.713379 0.495117
vt -0.735840 0.488770
vt -0.735352 0.495117
vt -0.753418 0.495117
vt -0.754883 0.488770
vt -0.770020 0.495117
vt -0.769531 0.506836
vt -0.770508 0.488770
vt -0.785156 0.488770
vt -0.784668 0.495117
vt -0.784180 0.506836
vt -0.799316 0.495117
vt -0.798340 0.506836
vt -0.799805 0.488770
vt -0.784180 0.522217
vt -0.797852 0.522217
vt -0.811523 0.495117
vt -0.810547 0.506836
vt -0.809570 0.522217
vt -0.783203 0.541992
vt -0.798340 0.541992
vt -0.808594 0.541992
vt -0.812500 0.488770
vt -0.822754 0.506836
vt -0.822754 0.522217
vt -0.822754 0.541992
vt -0.822754 0.488770
vt -0.822754 0.495117
vt -0.781738 0.560791
vt -0.800293 0.560791
vt -0.807617 0.560791
vt -0.822754 0.560791
vt -0.806152 0.574219
vt -0.822754 0.574219
vt -0.778320 0.574219
vt -0.772461 0.560791
vt -0.453369 0.560791
vt -0.466553 0.560791
vt -0.460449 0.574219
vt -0.500977 0.560791
vt -0.504883 0.574219
vt -0.512207 0.560791
vt -0.547363 0.574219
vt -0.547852 0.560791
vt -0.575684 0.541992
vt -0.581055 0.560791
vt -0.600098 0.488770
vt -0.600098 0.495117
vt -0.626953 0.488770
vt -0.573730 0.488770
vt -0.626465 0.495117
vt -0.650391 0.488770
vt -0.573242 0.495117
vt -0.599609 0.506836
vt -0.625000 0.506836
vt -0.547852 0.488770
vt -0.649414 0.495117
vt -0.647949 0.506836
vt -0.670410 0.488770
vt -0.624023 0.522217
vt -0.646973 0.522217
vt -0.573242 0.506836
vt -0.599121 0.522217
vt -0.547852 0.495117
vt -0.547852 0.506836
vt -0.520020 0.488770
vt -0.669922 0.495117
vt -0.669434 0.506836
vt -0.519531 0.495117
vt -0.589844 0.574219
vt -0.598145 0.541992
vt -0.594238 0.560791
vt -0.624512 0.541992
vt -0.627930 0.560791
vt -0.633789 0.574219
vt -0.641113 0.560791
s 1
f 1/1/1 2/2/2 3/3/3
f 4/4/4 2/2/2 1/1/1
f 5/5/5 4/4/4 1/1/1
f 4/4/4 6/6/6 2/2/2
f 7/7/7 6/6/6 4/4/4
f 8/8/8 4/4/4 5/5/5
f 9/9/9 4/4/4 8/8/8
f 7/7/7 4/4/4 9/9/9
f 9/9/9 8/8/8 10/10/10
f 10/10/10 8/8/8 11/11/11
f 8/8/8 5/5/5 12/12/12
f 8/8/8 12/12/12 11/11/11
f 12/12/12 5/5/5 13/13/13
f 14/14/14 12/12/12 13/13/13
f 15/15/15 12/12/12 14/14/14
f 11/11/11 12/12/12 15/15/15
f 16/16/16 10/10/10 11/11/11
f 17/17/17 11/11/11 15/15/15
f 16/16/16 11/11/11 17/17/17
f 17/17/17 15/15/15 18/18/18
f 18/18/18 15/15/15 14/14/14
f 19/19/19 10/10/10 16/16/16
f 17/17/17 18/18/18 20/20/20
f 20/20/20 16/16/16 17/17/17
f 21/21/21 19/19/19 16/16/16
f 21/21/21 16/16/16 20/20/20
f 20/20/20 18/18/18 22/22/22
f 21/21/21 20/20/20 23/23/23
f 23/23/23 20/20/20 22/22/22
f 24/24/24 19/19/19 21/21/21
f 21/21/21 23/23/23 25/25/25
f 25/25/25 24/24/24 21/21/21
f 25/25/25 23/23/23 26/26/26
f 27/27/27 24/24/24 25/25/25
f 28/28/28 25/25/25 26/26/26
f 29/29/29 25/25/25 28/28/28
f 29/29/29 27/27/27 25/25/25
f 30/30/30 27/27/27 29/29/29
f 31/31/31 29/29/29 28/28/28
f 32/32/32 29/29/29 31/31/31
f 32/32/32 30/30/30 29/29/29
f 33/33/33 30/30/30 32/32/32
f 34/34/34 32/32/32 31/31/31
f 35/35/35 32/32/32 34/34/34
f 36/36/36 32/32/32 35/35/35
f 33/33/33 32/32/32 36/36/36
f 36/36/36 35/35/35 37/37/37
f 37/37/37 35/35/35 38/38/38
f 35/35/35 34/34/34 39/39/39
f 35/35/35 39/39/39 38/38/38
f 39/39/39 34/34/34 40/40/40
f 41/41/41 39/39/39 40/40/40
f 42/42/42 39/39/39 41/41/41
f 38/38/38 39/39/39 42/42/42
f 43/43/43 37/37/37 38/38/38
f 44/44/44 38/38/38 42/42/42
f 43/43/43 38/38/38 44/44/44
f 44/44/44 42/42/42 45/45/45
f 45/45/45 42/42/42 41/41/41
f 46/46/46 37/37/37 43/43/43
f 44/44/44 45/45/45 47/47/47
f 47/47/47 43/43/43 44/44/44
f 48/48/48 46/46/46 43/43/43
f 48/48/48 43/43/43 47/47/47
f 47/47/47 45/45/45 49/49/49
f 48/48/48 47/47/47 50/50/50
f 50/50/50 47/47/47 49/49/49
f 51/51/51 46/46/46 48/48/48
f 48/48/48 50/50/50 52/52/52
f 52/52/52 51/51/51 48/48/48
f 52/52/52 50/50/50 53/53/53
f 54/54/54 51/51/51 52/52/52
f 55/55/55 52/52/52 53/53/53
f 56/56/56 52/52/52 55/55/55
f 56/56/56 54/54/54 52/52/52
f 57/57/57 54/54/54 56/56/56
f 58/58/58 56/56/56 55/55/55
f 59/59/59 56/56/56 58/58/58
f 59/59/59 57/57/57 56/56/56
f 60/60/60 57/57/57 59/59/59
f 61/61/61 59/59/59 58/58/58
f 62/62/62 59/59/59 61/61/61
f 63/63/63 59/59/59 62/62/62
f 60/60/60 59/59/59 63/63/63
f 63/63/63 62/62/62 64/64/64
f 64/64/64 62/62/62 65/65/65
f 62/62/62 61/61/61 66/66/66
f 62/62/62 66/66/66 65/65/65
f 66/66/66 61/61/61 67/67/67
f 68/68/68 66/66/66 67/67/67
f 69/69/69 66/66/66 68/68/68
f 65/65/65 66/66/66 69/69/69
f 70/70/70 64/64/64 65/65/65
f 71/71/71 65/65/65 69/69/69
f 70/70/70 65/65/65 71/71/71
f 71/71/71 69/69/69 72/72/72
f 72/72/72 69/69/69 68/68/68
f 73/73/73 64/64/64 70/70/70
f 71/71/71 72/72/72 74/74/74
f 74/74/74 70/70/70 71/71/71
f 75/75/75 73/73/73 70/70/70
f 75/75/75 70/70/70 74/74/74
f 74/74/74 72/72/72 76/76/76
f 75/75/75 74/74/74 77/77/77
f 77/77/77 74/74/74 76/76/76
f 78/78/78 73/73/73 75/75/75
f 75/75/75 77/77/77 79/79/79
f 79/79/79 78/78/78 75/75/75
f 79/79/79 77/77/77 80/80/80
f 81/81/81 78/78/78 79/79/79
f 82/82/82 79/79/79 80/80/80
f 83/83/83 79/79/79 82/82/82
f 83/83/83 81/81/81 79/79/79
f 84/84/84 81/81/81 83/83/83
f 85/85/85 83/83/83 82/82/82
f 86/86/86 83/83/83 85/85/85
f 86/86/86 84/84/84 83/83/83
f 87/87/87 84/84/84 86/86/86
f 88/88/88 86/86/86 85/85/85
f 89/89/89 86/86/86 88/88/88
f 90/90/90 86/86/86 89/89/89
f 87/87/87 86/86/86 90/90/90
f 90/90/90 89/89/89 91/91/91
f 91/91/91 89/89/89 92/92/92
f 89/89/89 88/88/88 93/93/93
f 89/89/89 93/93/93 92/92/92
f 93/93/93 88/88/88 94/94/94
f 95/95/95 93/93/93 94/94/94
f 96/96/96 93/93/93 95/95/95
f 92/92/92 93/93/93 96/96/96
f 97/97/97 91/91/91 92/92/92
f 98/98/98 92/92/92 96/96/96
f 97/97/97 92/92/92 98/98/98
f 98/98/98 96/96/96 99/99/99
f 99/99/99 96/96/96 95/95/95
f 100/100/100 91/91/91 97/97/97
f 98/98/98 99/99/99 101/101/101
f 101/101/101 97/97/97 98/98/98
f 102/102/102 100/100/100 97/97/97
f 102/102/102 97/97/97 101/101/101
f 101/101/101 99/99/99 103/103/103
f 102/102/102 101/101/101 104/104/104
f 104/104/104 101/101/101 103/103/103
f 105/105/105 100/100/100 102/102/102
f 102/102/102 104/104/104 106/106/106
f 106/106/106 105/105/105 102/102/102
f 106/106/106 104/104/104 107/107/107
f 108/108/108 105/105/105 106/106/106
f 109/109/109 106/106/106 107/107/107
f 110/110/110 106/106/106 109/109/109
f 110/110/110 108/108/108 106/106/106
f 111/111/111 108/108/108 110/110/110
f 112/112/112 113/113/49 114/114/113
f 114/114/113 113/113/49 115/115/114
f 115/115/114 113/113/49 116/116/115
f 117/117/116 114/114/113 115/115/114
f 116/116/115 118/118/117 115/115/114
f 119/119/118 117/117/116 115/115/114
f 118/118/117 120/120/119 115/115/114
f 121/121/120 119/119/118 115/115/114
f 122/122/61 119/119/118 121/121/120
f 121/121/120 115/115/114 123/123/121
f 124/124/122 123/123/121 115/115/114
f 115/115/114 125/125/123 124/124/122
f 120/120/119 126/126/124 115/115/114
f 127/127/34 126/126/124 120/120/119
f 126/126/124 128/128/125 115/115/114
f 128/128/125 129/129/126 115/115/114
f 130/130/127 125/125/123 131/131/128
f 131/131/128 125/125/123 115/115/114
f 132/132/129 131/131/128 115/115/114
f 133/133/130 132/132/129 115/115/114
f 129/129/126 134/134/131 115/115/114
f 135/135/132 134/134/131 129/129/126
f 115/115/114 134/134/131 136/136/133
f 136/136/133 137/137/134 115/115/114
f 138/138/135 115/115/114 137/137/134
f 139/139/136 133/133/130 115/115/114
f 140/140/137 133/133/130 139/139/136
f 139/139/136 115/115/114 141/141/138
f 142/142/139 141/141/138 115/115/114
f 115/115/114 143/143/140 142/142/139
f 138/138/135 144/144/141 115/115/114
f 145/145/142 144/144/141 138/138/135
f 144/144/141 146/146/143 115/115/114
f 146/146/143 147/147/144 115/115/114
f 147/147/144 143/143/140 115/115/114
f 148/148/145 143/143/140 147/147/144
f 149/149/146 150/150/146 151/151/146
f 151/151/146 150/150/146 152/152/146
f 153/151/147 154/152/147 155/153/147
f 155/153/147 154/152/147 156/154/147
f 157/155/148 158/156/149 159/157/150
f 157/155/148 159/157/150 160/158/151
f 160/158/151 159/157/150 161/159/152
f 162/160/153 163/161/154 164/162/155
f 164/162/155 163/161/154 165/163/156
f 164/162/155 165/163/156 166/164/157
f 167/165/158 168/166/159 169/167/160
f 169/167/160 170/168/161 171/169/162
f 168/166/159 170/168/161 169/167/160
f 172/170/163 168/166/159 167/165/158
f 167/165/158 166/164/157 172/170/163
f 166/164/157 165/163/156 173/171/164
f 166/164/157 173/171/164 172/170/163
f 170/168/161 174/172/165 171/169/162
f 171/169/162 175/173/166 176/174/167
f 171/169/162 174/172/165 175/173/166
f 176/174/167 175/173/166 177/175/168
f 176/174/167 177/175/168 178/176/169
f 178/176/169 177/175/168 179/177/170
f 178/176/169 179/177/170 158/156/149
f 158/156/149 179/177/170 180/178/171
f 158/156/149 180/178/171 159/157/150
f 159/157/150 180/178/171 181/179/172
f 159/157/150 181/179/172 161/159/152
f 172/170/163 182/180/173 168/166/159
f 172/170/163 173/171/164 182/180/173
f 168/166/159 182/180/173 183/181/174
f 168/166/159 183/181/174 170/168/161
f 170/168/161 184/182/175 174/172/165
f 170/168/161 183/181/174 184/182/175
f 165/163/156 185/183/176 173/171/164
f 173/171/164 186/184/177 182/180/173
f 185/183/176 186/184/177 173/171/164
f 182/180/173 186/184/177 183/181/174
f 174/172/165 184/182/175 187/185/178
f 174/172/165 187/185/178 188/186/179
f 174/172/165 188/186/179 175/173/166
f 175/173/166 188/186/179 189/187/180
f 175/173/166 189/187/180 177/175/168
f 177/175/168 189/187/180 190/188/181
f 177/175/168 190/188/181 179/177/170
f 179/177/170 190/188/181 191/189/182
f 179/177/170 191/189/182 180/178/171
f 183/181/174 186/184/177 192/190/183
f 183/181/174 192/190/183 184/182/175
f 184/182/175 193/191/184 187/185/178
f 184/182/175 192/190/183 193/191/184
f 186/184/177 194/192/185 192/190/183
f 185/183/176 194/192/185 186/184/177
f 187/185/178 193/191/184 195/193/186
f 188/186/179 187/185/178 196/194/187
f 187/185/178 195/193/186 196/194/187
f 192/190/183 194/192/185 197/195/188
f 192/190/183 197/195/188 193/191/184
f 188/186/179 196/194/187 198/196/189
f 199/197/190 188/186/179 198/196/189
f 189/187/180 188/186/179 199/197/190
f 190/188/181 189/187/180 200/198/191
f 200/198/191 189/187/180 199/197/190
f 191/189/182 190/188/181 201/199/192
f 201/199/192 190/188/181 200/198/191
f 193/191/184 202/200/193 195/193/186
f 193/191/184 197/195/188 202/200/193
f 195/193/186 202/200/193 203/201/194
f 196/194/187 195/193/186 204/202/195
f 195/193/186 203/201/194 204/202/195
f 204/202/195 205/203/196 196/194/187
f 198/196/189 196/194/187 206/204/197
f 196/194/187 205/203/196 206/204/197
f 194/192/185 207/205/198 197/195/188
f 197/195/188 208/206/199 202/200/193
f 197/195/188 207/205/198 208/206/199
f 202/200/193 209/207/200 203/201/194
f 202/200/193 208/206/199 209/207/200
f 203/201/194 209/207/200 210/208/201
f 204/202/195 203/201/194 211/209/202
f 203/201/194 210/208/201 211/209/202
f 211/209/202 212/210/203 204/202/195
f 204/202/195 212/210/203 205/203/196
f 207/205/198 213/211/204 208/206/199
f 208/206/199 214/212/205 209/207/200
f 208/206/199 213/211/204 214/212/205
f 209/207/200 215/213/206 210/208/201
f 209/207/200 214/212/205 215/213/206
f 210/208/201 215/213/206 216/214/207
f 211/209/202 210/208/201 217/215/208
f 210/208/201 216/214/207 217/215/208
f 217/215/208 218/216/209 211/209/202
f 211/209/202 218/216/209 212/210/203
f 213/211/204 219/217/210 214/212/205
f 214/212/205 220/218/211 215/213/206
f 214/212/205 219/217/210 220/218/211
f 215/213/206 221/219/212 216/214/207
f 215/213/206 220/218/211 221/219/212
f 217/215/208 222/220/213 218/216/209
f 223/221/214 222/220/213 217/215/208
f 217/215/208 216/214/207 223/221/214
f 216/214/207 221/219/212 224/222/215
f 216/214/207 225/223/216 223/221/214
f 224/222/215 225/223/216 216/214/207
f 225/223/216 226/224/217 223/221/214
f 223/221/214 226/224/217 222/220/213
f 213/211/204 227/225/218 219/217/210
f 228/226/219 229/227/220 227/225/218
f 228/226/219 227/225/218 213/211/204
f 207/205/198 228/226/219 213/211/204
f 230/228/221 229/227/220 228/226/219
f 231/229/222 228/226/219 207/205/198
f 232/230/223 228/226/219 231/229/222
f 230/228/221 228/226/219 232/230/223
f 230/228/221 233/231/224 229/227/220
f 232/230/223 234/232/225 230/228/221
f 234/232/225 233/231/224 230/228/221
f 194/192/185 231/229/222 207/205/198
f 232/230/223 231/229/222 235/233/226
f 236/234/227 231/229/222 194/192/185
f 235/233/226 231/229/222 236/234/227
f 235/233/226 237/235/228 232/230/223
f 237/235/228 234/232/225 232/230/223
f 236/234/227 194/192/185 185/183/176
f 235/233/226 236/234/227 238/236/229
f 238/236/229 236/234/227 185/183/176
f 238/236/229 239/237/230 235/233/226
f 239/237/230 237/235/228 235/233/226
f 238/236/229 185/183/176 165/163/156
f 163/161/154 238/236/229 165/163/156
f 240/238/231 238/236/229 163/161/154
f 240/238/231 239/237/230 238/236/229
f 161/159/152 181/179/172 241/239/232
f 181/179/172 242/240/233 241/239/232
f 181/179/172 180/178/171 242/240/233
f 241/239/232 242/240/233 243/241/234
f 242/240/233 244/242/235 243/241/234
f 242/240/233 245/243/236 244/242/235
f 242/240/233 180/178/171 245/243/236
f 180/178/171 191/189/182 245/243/236
f 245/243/236 191/189/182 246/244/237
f 244/242/235 245/243/236 246/244/237
f 243/241/234 244/242/235 247/245/238
f 246/244/237 191/189/182 201/199/192
f 248/246/239 249/247/240 250/248/241
f 250/248/241 249/247/240 251/249/242
f 249/247/240 252/250/243 251/249/242
f 253/251/244 252/250/243 249/247/240
f 252/250/243 254/252/245 251/249/242
f 251/249/242 255/253/246 250/248/241
f 251/249/242 254/252/245 255/253/246
f 253/251/244 256/254/247 252/250/243
f 252/250/243 256/254/247 254/252/245
f 250/248/241 255/253/246 257/255/248
f 258/256/249 256/254/247 253/251/244
f 258/256/249 259/257/250 256/254/247
f 254/252/245 256/254/247 260/258/251
f 256/254/247 259/257/250 260/258/251
f 260/258/251 261/259/252 254/252/245
f 254/252/245 262/260/253 255/253/246
f 254/252/245 261/259/252 262/260/253
f 255/253/246 262/260/253 263/261/254
f 264/262/255 255/253/246 263/261/254
f 257/255/248 255/253/246 264/262/255
f 265/263/256 259/257/250 258/256/249
f 260/258/251 259/257/250 266/264/257
f 260/258/251 267/265/258 261/259/252
f 266/264/257 267/265/258 260/258/251
f 265/263/256 268/266/259 259/257/250
f 259/257/250 269/267/260 266/264/257
f 259/257/250 268/266/259 269/267/260
f 267/265/258 270/268/261 261/259/252
f 261/259/252 271/269/262 262/260/253
f 261/259/252 270/268/261 271/269/262
f 262/260/253 271/269/262 272/270/263
f 262/260/253 272/270/263 263/261/254
f 263/261/254 272/270/263 273/155/264
f 263/261/254 273/155/264 264/262/255
f 266/264/257 269/267/260 274/271/265
f 266/264/257 274/271/265 267/265/258
f 264/262/255 273/155/264 275/158/266
f 267/265/258 276/167/267 270/268/261
f 277/165/268 276/167/267 267/265/258
f 267/265/258 274/271/265 277/165/268
f 268/266/259 278/160/269 269/267/260
f 269/267/260 278/160/269 279/162/270
f 269/267/260 279/162/270 274/271/265
f 274/271/265 279/162/270 280/164/271
f 274/271/265 280/164/271 277/165/268
f 276/167/267 281/169/272 270/268/261
f 270/268/261 282/174/273 271/269/262
f 270/268/261 281/169/272 282/174/273
f 271/269/262 282/174/273 283/176/274
f 271/269/262 283/176/274 272/270/263
f 272/270/263 283/176/274 284/156/275
f 272/270/263 284/156/275 273/155/264
f 273/155/264 284/156/275 285/157/276
f 273/155/264 285/157/276 275/158/266
f 275/158/266 285/157/276 286/159/277
f 277/165/268 287/166/278 276/167/267
f 276/167/267 288/168/279 281/169/272
f 287/166/278 288/168/279 276/167/267
f 289/170/280 287/166/278 277/165/268
f 277/165/268 280/164/271 289/170/280
f 278/160/269 290/161/281 279/162/270
f 279/162/270 290/161/281 291/163/282
f 279/162/270 291/163/282 280/164/271
f 280/164/271 291/163/282 292/171/283
f 280/164/271 292/171/283 289/170/280
f 288/168/279 293/172/284 281/169/272
f 281/169/272 294/173/285 282/174/273
f 281/169/272 293/172/284 294/173/285
f 282/174/273 294/173/285 295/175/286
f 282/174/273 295/175/286 283/176/274
f 283/176/274 295/175/286 296/177/287
f 283/176/274 296/177/287 284/156/275
f 284/156/275 296/177/287 297/178/288
f 284/156/275 297/178/288 285/157/276
f 285/157/276 297/178/288 298/179/289
f 285/157/276 298/179/289 286/159/277
f 289/170/280 299/180/290 287/166/278
f 289/170/280 292/171/283 299/180/290
f 287/166/278 299/180/290 300/181/291
f 287/166/278 300/181/291 288/168/279
f 288/168/279 301/182/292 293/172/284
f 288/168/279 300/181/291 301/182/292
f 290/161/281 302/236/293 291/163/282
f 291/163/282 303/183/294 292/171/283
f 302/236/293 303/183/294 291/163/282
f 303/183/294 304/184/295 292/171/283
f 292/171/283 304/184/295 299/180/290
f 299/180/290 304/184/295 300/181/291
f 293/172/284 301/182/292 305/185/296
f 293/172/284 305/185/296 306/186/297
f 293/172/284 306/186/297 294/173/285
f 294/173/285 306/186/297 307/187/298
f 294/173/285 307/187/298 295/175/286
f 295/175/286 307/187/298 308/188/299
f 295/175/286 308/188/299 296/177/287
f 296/177/287 308/188/299 309/189/300
f 296/177/287 309/189/300 297/178/288
f 300/181/291 304/184/295 310/190/301
f 300/181/291 310/190/301 301/182/292
f 301/182/292 311/191/302 305/185/296
f 301/182/292 310/190/301 311/191/302
f 304/184/295 312/192/303 310/190/301
f 303/183/294 312/192/303 304/184/295
f 302/236/293 313/234/304 303/183/294
f 313/234/304 312/192/303 303/183/294
f 305/185/296 311/191/302 314/193/305
f 306/186/297 305/185/296 315/194/306
f 305/185/296 314/193/305 315/194/306
f 310/190/301 312/192/303 316/195/307
f 310/190/301 316/195/307 311/191/302
f 306/186/297 315/194/306 317/196/308
f 318/197/309 306/186/297 317/196/308
f 307/187/298 306/186/297 318/197/309
f 308/188/299 307/187/298 319/198/310
f 319/198/310 307/187/298 318/197/309
f 309/189/300 308/188/299 320/199/311
f 321/272/312 322/273/313 323/274/314
f 323/274/314 322/273/313 324/275/313
f 325/276/315 326/277/316 327/278/317
f 327/278/317 326/277/316 328/279/316
f 329/149/318 330/150/319 331/151/320
f 331/151/320 330/150/319 332/152/318
f 333/151/147 334/152/147 335/153/147
f 335/153/147 334/152/147 336/154/147
f 337/272/321 338/273/322 339/274/323
f 339/274/323 338/273/322 340/275/322
f 341/276/324 342/277/325 343/278/324
f 343/278/324 342/277/325 344/279/326
f 345/149/327 346/150/327 347/151/327
f 347/151/327 346/150/327 348/152/327
f 349/151/114 350/152/114 351/153/114
f 351/153/114 350/152/114 352/154/114
f 353/272/328 354/273/328 355/274/328
f 355/274/328 354/273/328 356/275/328
f 357/276/329 358/277/329 359/278/329
f 359/278/329 358/277/329 360/279/329
f 361/149/330 362/150/331 363/151/331
f 363/151/331 362/150/331 364/152/330
f 365/151/114 366/152/114 367/153/114
f 367/153/114 366/152/114 368/154/114
f 369/272/332 370/273/333 371/274/333
f 371/274/333 370/273/333 372/275/334
f 373/276/335 374/277/335 375/278/335
f 375/278/335 374/277/335 376/279/335
f 377/149/336 378/150/337 379/151/337
f 379/151/337 378/150/337 380/152/336
f 381/151/147 382/152/147 383/153/147
f 383/153/147 382/152/147 384/154/147
f 385/272/338 386/273/339 387/274/340
f 387/274/340 386/273/339 388/275/339
f 389/276/341 390/277/341 391/278/341
f 391/278/341 390/277/341 392/279/341
f 393/149/342 394/150/342 395/151/342
f 395/151/342 394/150/342 396/152/342
f 397/151/147 398/152/147 399/153/147
f 399/153/147 398/152/147 400/154/147
f 401/272/343 402/273/343 403/274/343
f 403/274/343 402/273/343 404/275/344
f 405/276/345 406/277/346 407/278/346
f 407/278/346 406/277/346 408/279/345
f 409/149/347 410/150/348 411/151/348
f 411/151/348 410/150/348 412/152/348
f 413/151/147 414/152/147 415/153/147
f 415/153/147 414/152/147 416/154/147
f 417/272/349 418/273/349 419/274/349
f 419/274/349 418/273/349 420/275/350
f 421/276/351 422/277/351 423/278/351
f 423/278/351 422/277/351 424/279/351
f 425/149/352 426/150/353 427/151/352
f 427/151/352 426/150/353 428/152/353
f 429/151/147 430/152/147 431/153/147
f 431/153/147 430/152/147 432/154/147
f 433/272/354 434/273/355 435/274/355
f 435/274/355 434/273/355 436/275/354
f 437/276/356 438/277/357 439/278/358
f 439/278/358 438/277/357 440/279/359
f 320/199/311 308/188/299 319/198/310
f 311/191/302 441/200/360 314/193/305
f 311/191/302 316/195/307 441/200/360
f 312/192/303 442/205/361 316/195/307
f 312/192/303 443/229/362 442/205/361
f 313/234/304 443/229/362 312/192/303
f 316/195/307 442/205/361 444/206/363
f 316/195/307 444/206/363 441/200/360
f 314/193/305 441/200/360 445/201/364
f 315/194/306 314/193/305 446/202/365
f 314/193/305 445/201/364 446/202/365
f 446/202/365 447/203/366 315/194/306
f 317/196/308 315/194/306 448/204/367
f 315/194/306 447/203/366 448/204/367
f 441/200/360 449/207/368 445/201/364
f 441/200/360 444/206/363 449/207/368
f 442/205/361 450/211/369 444/206/363
f 442/205/361 451/226/370 450/211/369
f 443/229/362 451/226/370 442/205/361
f 444/206/363 450/211/369 452/212/371
f 444/206/363 452/212/371 449/207/368
f 445/201/364 449/207/368 453/208/372
f 446/202/365 445/201/364 454/209/373
f 445/201/364 453/208/372 454/209/373
f 454/209/373 455/210/374 446/202/365
f 446/202/365 455/210/374 447/203/366
f 449/207/368 456/213/375 453/208/372
f 449/207/368 452/212/371 456/213/375
f 450/211/369 457/217/376 452/212/371
f 450/211/369 458/225/377 457/217/376
f 451/226/370 458/225/377 450/211/369
f 452/212/371 457/217/376 459/218/378
f 452/212/371 459/218/378 456/213/375
f 453/208/372 456/213/375 460/214/379
f 454/209/373 453/208/372 461/215/380
f 453/208/372 460/214/379 461/215/380
f 461/215/380 462/216/381 454/209/373
f 454/209/373 462/216/381 455/210/374
f 456/213/375 463/219/382 460/214/379
f 456/213/375 459/218/378 463/219/382
f 451/226/370 464/227/383 458/225/377
f 461/215/380 465/220/384 462/216/381
f 466/221/385 465/220/384 461/215/380
f 461/215/380 460/214/379 466/221/385
f 460/214/379 463/219/382 467/222/386
f 460/214/379 468/223/387 466/221/385
f 467/222/386 468/223/387 460/214/379
f 468/223/387 469/224/388 466/221/385
f 466/221/385 469/224/388 465/220/384
f 470/228/389 471/231/390 464/227/383
f 470/228/389 464/227/383 451/226/370
f 472/232/391 471/231/390 470/228/389
f 473/230/392 472/232/391 470/228/389
f 470/228/389 451/226/370 473/230/392
f 473/230/392 451/226/370 443/229/362
f 474/235/393 472/232/391 473/230/392
f 474/235/393 473/230/392 475/237/394
f 473/230/392 443/229/362 476/233/395
f 475/237/394 473/230/392 476/233/395
f 476/233/395 443/229/362 313/234/304
f 302/236/293 475/237/394 476/233/395
f 476/233/395 313/234/304 302/236/293
f 477/238/396 475/237/394 302/236/293
f 477/238/396 302/236/293 290/161/281
f 286/159/277 298/179/289 478/239/397
f 298/179/289 479/240/398 478/239/397
f 298/179/289 297/178/288 479/240/398
f 478/239/397 479/240/398 480/241/399
f 479/240/398 481/242/400 480/241/399
f 479/240/398 482/243/401 481/242/400
f 479/240/398 297/178/288 482/243/401
f 297/178/288 309/189/300 482/243/401
f 482/243/401 309/189/300 483/244/402
f 481/242/400 482/243/401 483/244/402
f 480/241/399 481/242/400 484/245/403
f 483/244/402 309/189/300 320/199/311
f 485/246/404 486/247/405 487/248/406
f 487/248/406 486/247/405 488/249/407
f 486/247/405 489/250/408 488/249/407
f 490/251/409 489/250/408 486/247/405
f 489/250/408 491/252/410 488/249/407
f 488/249/407 492/253/411 487/248/406
f 488/249/407 491/252/410 492/253/411
f 490/251/409 493/254/412 489/250/408
f 489/250/408 493/254/412 491/252/410
f 487/248/406 492/253/411 494/255/413
f 495/256/414 493/254/412 490/251/409
f 495/256/414 496/257/415 493/254/412
f 491/252/410 493/254/412 497/258/416
f 493/254/412 496/257/415 497/258/416
f 497/258/416 498/259/417 491/252/410
f 491/252/410 499/260/418 492/253/411
f 491/252/410 498/259/417 499/260/418
f 492/253/411 499/260/418 500/261/419
f 501/262/420 492/253/411 500/261/419
f 494/255/413 492/253/411 501/262/420
f 502/263/421 496/257/415 495/256/414
f 497/258/416 496/257/415 503/264/422
f 497/258/416 504/265/423 498/259/417
f 503/264/422 504/265/423 497/258/416
f 502/263/421 505/266/424 496/257/415
f 496/257/415 506/267/425 503/264/422
f 496/257/415 505/266/424 506/267/425
f 504/265/423 507/268/426 498/259/417
f 498/259/417 508/269/427 499/260/418
f 498/259/417 507/268/426 508/269/427
f 499/260/418 508/269/427 509/270/428
f 499/260/418 509/270/428 500/261/419
f 500/261/419 509/270/428 510/155/429
f 500/261/419 510/155/429 501/262/420
f 503/264/422 506/267/425 511/271/430
f 503/264/422 511/271/430 504/265/423
f 501/262/420 510/155/429 512/158/431
f 504/265/423 513/167/432 507/268/426
f 514/165/433 513/167/432 504/265/423
f 504/265/423 511/271/430 514/165/433
f 505/266/424 515/160/434 506/267/425
f 506/267/425 515/160/434 516/162/435
f 506/267/425 516/162/435 511/271/430
f 511/271/430 516/162/435 517/164/436
f 511/271/430 517/164/436 514/165/433
f 513/167/432 518/169/437 507/268/426
f 507/268/426 519/174/438 508/269/427
f 507/268/426 518/169/437 519/174/438
f 508/269/427 519/174/438 520/176/439
f 508/269/427 520/176/439 509/270/428
f 509/270/428 520/176/439 521/156/440
f 509/270/428 521/156/440 510/155/429
f 510/155/429 521/156/440 522/157/441
f 510/155/429 522/157/441 512/158/431
f 512/158/431 522/157/441 523/159/442
f 514/165/433 524/166/443 513/167/432
f 513/167/432 525/168/444 518/169/437
f 524/166/443 525/168/444 513/167/432
f 526/170/445 524/166/443 514/165/433
f 514/165/433 517/164/436 526/170/445
f 515/160/434 527/161/446 516/162/435
f 516/162/435 527/161/446 528/163/447
f 516/162/435 528/163/447 517/164/436
f 517/164/436 528/163/447 529/171/448
f 517/164/436 529/171/448 526/170/445
f 525/168/444 530/172/449 518/169/437
f 518/169/437 531/173/450 519/174/438
f 518/169/437 530/172/449 531/173/450
f 519/174/438 531/173/450 532/175/451
f 519/174/438 532/175/451 520/176/439
f 520/176/439 532/175/451 533/177/452
f 520/176/439 533/177/452 521/156/440
f 521/156/440 533/177/452 534/178/453
f 521/156/440 534/178/453 522/157/441
f 522/157/441 534/178/453 535/179/454
f 522/157/441 535/179/454 523/159/442
f 526/170/445 536/180/455 524/166/443
f 526/170/445 529/171/448 536/180/455
f 524/166/443 536/180/455 537/181/456
f 524/166/443 537/181/456 525/168/444
f 525/168/444 538/182/457 530/172/449
f 525/168/444 537/181/456 538/182/457
f 527/161/446 539/236/458 528/163/447
f 528/163/447 540/183/459 529/171/448
f 539/236/458 540/183/459 528/163/447
f 540/183/459 541/184/460 529/171/448
f 529/171/448 541/184/460 536/180/455
f 536/180/455 541/184/460 537/181/456
f 530/172/449 538/182/457 542/185/461
f 530/172/449 542/185/461 543/186/462
f 530/172/449 543/186/462 531/173/450
f 531/173/450 543/186/462 544/187/463
f 531/173/450 544/187/463 532/175/451
f 532/175/451 544/187/463 545/188/464
f 532/175/451 545/188/464 533/177/452
f 533/177/452 545/188/464 546/189/465
f 533/177/452 546/189/465 534/178/453
f 537/181/456 541/184/460 547/190/466
f 537/181/456 547/190/466 538/182/457
f 538/182/457 548/191/467 542/185/461
f 538/182/457 547/190/466 548/191/467
f 541/184/460 549/192/468 547/190/466
f 540/183/459 549/192/468 541/184/460
f 539/236/458 550/234/469 540/183/459
f 550/234/469 549/192/468 540/183/459
f 542/185/461 548/191/467 551/193/470
f 543/186/462 542/185/461 552/194/471
f 542/185/461 551/193/470 552/194/471
f 547/190/466 549/192/468 553/195/472
f 547/190/466 553/195/472 548/191/467
f 543/186/462 552/194/471 554/196/473
f 555/197/474 543/186/462 554/196/473
f 544/187/463 543/186/462 555/197/474
f 545/188/464 544/187/463 556/198/475
f 556/198/475 544/187/463 555/197/474
f 546/189/465 545/188/464 557/199/476
f 557/199/476 545/188/464 556/198/475
f 548/191/467 558/200/477 551/193/470
f 548/191/467 553/195/472 558/200/477
f 549/192/468 559/205/478 553/195/472
f 549/192/468 560/229/479 559/205/478
f 550/234/469 560/229/479 549/192/468
f 553/195/472 559/205/478 561/206/480
f 553/195/472 561/206/480 558/200/477
f 551/193/470 558/200/477 562/201/481
f 552/194/471 551/193/470 563/202/482
f 551/193/470 562/201/481 563/202/482
f 563/202/482 564/203/483 552/194/471
f 554/196/473 552/194/471 565/204/484
f 552/194/471 564/203/483 565/204/484
f 558/200/477 566/207/485 562/201/481
f 558/200/477 561/206/480 566/207/485
f 559/205/478 567/211/486 561/206/480
f 559/205/478 568/226/487 567/211/486
f 560/229/479 568/226/487 559/205/478
f 561/206/480 567/211/486 569/212/488
f 561/206/480 569/212/488 566/207/485
f 562/201/481 566/207/485 570/208/489
f 563/202/482 562/201/481 571/209/490
f 562/201/481 570/208/489 571/209/490
f 571/209/490 572/210/491 563/202/482
f 563/202/482 572/210/491 564/203/483
f 566/207/485 573/213/492 570/208/489
f 566/207/485 569/212/488 573/213/492
f 567/211/486 574/217/493 569/212/488
f 567/211/486 575/225/494 574/217/493
f 568/226/487 575/225/494 567/211/486
f 569/212/488 574/217/493 576/218/495
f 569/212/488 576/218/495 573/213/492
f 570/208/489 573/213/492 577/214/496
f 571/209/490 570/208/489 578/215/497
f 570/208/489 577/214/496 578/215/497
f 578/215/497 579/216/498 571/209/490
f 571/209/490 579/216/498 572/210/491
f 573/213/492 580/219/499 577/214/496
f 573/213/492 576/218/495 580/219/499
f 568/226/487 581/227/500 575/225/494
f 578/215/497 582/220/501 579/216/498
f 583/221/502 582/220/501 578/215/497
f 578/215/497 577/214/496 583/221/502
f 577/214/496 580/219/499 584/222/503
f 577/214/496 585/223/504 583/221/502
f 584/222/503 585/223/504 577/214/496
f 585/223/504 586/224/505 583/221/502
f 583/221/502 586/224/505 582/220/501
f 587/228/506 588/231/507 581/227/500
f 587/228/506 581/227/500 568/226/487
f 589/232/508 588/231/507 587/228/506
f 590/230/509 589/232/508 587/228/506
f 587/228/506 568/226/487 590/230/509
f 590/230/509 568/226/487 560/229/479
f 591/235/510 589/232/508 590/230/509
f 591/235/510 590/230/509 592/237/511
f 590/230/509 560/229/479 593/233/512
f 592/237/511 590/230/509 593/233/512
f 593/233/512 560/229/479 550/234/469
f 539/236/458 592/237/511 593/233/512
f 593/233/512 550/234/469 539/236/458
f 594/238/513 592/237/511 539/236/458
f 594/238/513 539/236/458 527/161/446
f 523/159/442 535/179/454 595/239/514
f 535/179/454 596/240/515 595/239/514
f 535/179/454 534/178/453 596/240/515
f 595/239/514 596/240/515 597/241/516
f 596/240/515 598/242/517 597/241/516
f 596/240/515 599/243/518 598/242/517
f 596/240/515 534/178/453 599/243/518
f 534/178/453 546/189/465 599/243/518
f 599/243/518 546/189/465 600/244/519
f 598/242/517 599/243/518 600/244/519
f 597/241/516 598/242/517 601/245/520
f 600/244/519 546/189/465 557/199/476
f 602/246/521 603/247/522 604/248/523
f 604/248/523 603/247/522 605/249/524
f 603/247/522 606/250/525 605/249/524
f 607/251/526 606/250/525 603/247/522
f 606/250/525 608/252/527 605/249/524
f 605/249/524 609/253/528 604/248/523
f 605/249/524 608/252/527 609/253/528
f 607/251/526 610/254/529 606/250/525
f 606/250/525 610/254/529 608/252/527
f 604/248/523 609/253/528 611/255/530
f 612/256/531 610/254/529 607/251/526
f 612/256/531 613/257/532 610/254/529
f 608/252/527 610/254/529 614/258/533
f 610/254/529 613/257/532 614/258/533
f 614/258/533 615/259/534 608/252/527
f 608/252/527 616/260/535 609/253/528
f 608/252/527 615/259/534 616/260/535
f 609/253/528 616/260/535 617/261/536
f 618/262/537 609/253/528 617/261/536
f 611/255/530 609/253/528 618/262/537
f 619/263/538 613/257/532 612/256/531
f 619/263/538 620/267/539 613/257/532
f 614/258/533 613/257/532 621/264/540
f 613/257/532 620/267/539 621/264/540
f 621/264/540 622/265/541 614/258/533
f 614/258/533 622/265/541 615/259/534
f 622/265/541 623/268/542 615/259/534
f 615/259/534 624/269/543 616/260/535
f 615/259/534 623/268/542 624/269/543
f 616/260/535 624/269/543 625/270/544
f 616/260/535 625/270/544 617/261/536
f 617/261/536 625/270/544 626/155/545
f 617/261/536 626/155/545 618/262/537
f 621/264/540 620/267/539 627/271/546
f 621/264/540 627/271/546 622/265/541
f 618/262/537 626/155/545 628/158/547
f 629/266/548 620/267/539 619/263/538
f 629/266/548 630/160/549 620/267/539
f 620/267/539 631/162/550 627/271/546
f 620/267/539 630/160/549 631/162/550
f 622/265/541 632/167/551 623/268/542
f 633/165/552 632/167/551 622/265/541
f 622/265/541 627/271/546 633/165/552
f 627/271/546 631/162/550 634/164/553
f 627/271/546 634/164/553 633/165/552
f 632/167/551 635/169/554 623/268/542
f 623/268/542 636/174/555 624/269/543
f 623/268/542 635/169/554 636/174/555
f 624/269/543 636/174/555 637/176/556
f 624/269/543 637/176/556 625/270/544
f 625/270/544 637/176/556 638/156/557
f 625/270/544 638/156/557 626/155/545
f 626/155/545 638/156/557 639/157/558
f 626/155/545 639/157/558 628/158/547
f 628/158/547 639/157/558 640/159/559
f 630/160/549 641/161/560 631/162/550
f 631/162/550 641/161/560 642/163/561
f 631/162/550 642/163/561 634/164/553
f 633/165/552 643/166/562 632/167/551
f 632/167/551 644/168/563 635/169/554
f 643/166/562 644/168/563 632/167/551
f 645/170/564 643/166/562 633/165/552
f 633/165/552 634/164/553 645/170/564
f 634/164/553 642/163/561 646/171/565
f 634/164/553 646/171/565 645/170/564
f 644/168/563 647/172/566 635/169/554
f 635/169/554 648/173/567 636/174/555
f 635/169/554 647/172/566 648/173/567
f 636/174/555 648/173/567 649/175/568
f 636/174/555 649/175/568 637/176/556
f 637/176/556 649/175/568 650/177/569
f 637/176/556 650/177/569 638/156/557
f 638/156/557 650/177/569 651/178/570
f 638/156/557 651/178/570 639/157/558
f 639/157/558 651/178/570 652/179/571
f 639/157/558 652/179/571 640/159/559
f 645/170/564 653/180/572 643/166/562
f 645/170/564 646/171/565 653/180/572
f 643/166/562 653/180/572 654/181/573
f 643/166/562 654/181/573 644/168/563
f 644/168/563 655/182/574 647/172/566
f 644/168/563 654/181/573 655/182/574
f 642/163/561 656/183/575 646/171/565
f 646/171/565 657/184/576 653/180/572
f 656/183/575 657/184/576 646/171/565
f 653/180/572 657/184/576 654/181/573
f 647/172/566 655/182/574 658/185/577
f 647/172/566 658/185/577 659/186/578
f 647/172/566 659/186/578 648/173/567
f 648/173/567 659/186/578 660/187/579
f 648/173/567 660/187/579 649/175/568
f 649/175/568 660/187/579 661/188/580
f 649/175/568 661/188/580 650/177/569
f 650/177/569 661/188/580 662/189/581
f 650/177/569 662/189/581 651/178/570
f 654/181/573 657/184/576 663/190/582
f 654/181/573 663/190/582 655/182/574
f 655/182/574 664/191/583 658/185/577
f 655/182/574 663/190/582 664/191/583
f 657/184/576 665/192/584 663/190/582
f 656/183/575 665/192/584 657/184/576
f 658/185/577 664/191/583 666/193/585
f 659/186/578 658/185/577 667/194/586
f 658/185/577 666/193/585 667/194/586
f 663/190/582 665/192/584 668/195/587
f 663/190/582 668/195/587 664/191/583
f 659/186/578 667/194/586 669/196/588
f 670/197/589 659/186/578 669/196/588
f 660/187/579 659/186/578 670/197/589
f 661/188/580 660/187/579 671/198/590
f 671/198/590 660/187/579 670/197/589
f 662/189/581 661/188/580 672/199/591
f 672/199/591 661/188/580 671/198/590
f 664/191/583 673/200/592 666/193/585
f 664/191/583 668/195/587 673/200/592
f 666/193/585 673/200/592 674/201/593
f 667/194/586 666/193/585 675/202/594
f 666/193/585 674/201/593 675/202/594
f 675/202/594 676/203/595 667/194/586
f 669/196/588 667/194/586 677/204/596
f 667/194/586 676/203/595 677/204/596
f 665/192/584 678/205/597 668/195/587
f 668/195/587 679/206/598 673/200/592
f 668/195/587 678/205/597 679/206/598
f 673/200/592 680/207/599 674/201/593
f 673/200/592 679/206/598 680/207/599
f 674/201/593 680/207/599 681/208/600
f 675/202/594 674/201/593 682/209/601
f 674/201/593 681/208/600 682/209/601
f 682/209/601 683/210/602 675/202/594
f 675/202/594 683/210/602 676/203/595
f 678/205/597 684/211/603 679/206/598
f 679/206/598 685/212/604 680/207/599
f 679/206/598 684/211/603 685/212/604
f 680/207/599 686/213/605 681/208/600
f 680/207/599 685/212/604 686/213/605
f 681/208/600 686/213/605 687/214/606
f 682/209/601 681/208/600 688/215/607
f 681/208/600 687/214/606 688/215/607
f 688/215/607 689/216/608 682/209/601
f 682/209/601 689/216/608 683/210/602
f 684/211/603 690/217/609 685/212/604
f 685/212/604 691/218/610 686/213/605
f 685/212/604 690/217/609 691/218/610
f 686/213/605 692/219/611 687/214/606
f 686/213/605 691/218/610 692/219/611
f 688/215/607 693/220/612 689/216/608
f 694/221/613 693/220/612 688/215/607
f 688/215/607 687/214/606 694/221/613
f 687/214/606 692/219/611 695/222/614
f 687/214/606 696/223/615 694/221/613
f 695/222/614 696/223/615 687/214/606
f 696/223/615 697/224/616 694/221/613
f 694/221/613 697/224/616 693/220/612
f 684/211/603 698/225/617 690/217/609
f 699/226/618 700/227/619 698/225/617
f 699/226/618 698/225/617 684/211/603
f 678/205/597 699/226/618 684/211/603
f 701/228/620 700/227/619 699/226/618
f 702/229/621 699/226/618 678/205/597
f 703/230/622 699/226/618 702/229/621
f 701/228/620 699/226/618 703/230/622
f 701/228/620 704/231/623 700/227/619
f 703/230/622 705/232/624 701/228/620
f 705/232/624 704/231/623 701/228/620
f 665/192/584 702/229/621 678/205/597
f 703/230/622 702/229/621 706/233/625
f 707/234/626 702/229/621 665/192/584
f 706/233/625 702/229/621 707/234/626
f 706/233/625 708/235/627 703/230/622
f 708/235/627 705/232/624 703/230/622
f 707/234/626 665/192/584 656/183/575
f 706/233/625 707/234/626 709/236/628
f 709/236/628 707/234/626 656/183/575
f 709/236/628 710/237/629 706/233/625
f 710/237/629 708/235/627 706/233/625
f 709/236/628 656/183/575 642/163/561
f 641/161/560 709/236/628 642/163/561
f 711/238/630 709/236/628 641/161/560
f 711/238/630 710/237/629 709/236/628
f 640/159/559 652/179/571 712/239/631
f 652/179/571 713/240/632 712/239/631
f 652/179/571 651/178/570 713/240/632
f 712/239/631 713/240/632 714/241/633
f 713/240/632 715/242/634 714/241/633
f 713/240/632 716/243/635 715/242/634
f 713/240/632 651/178/570 716/243/635
f 651/178/570 662/189/581 716/243/635
f 716/243/635 662/189/581 717/244/636
f 715/242/634 716/243/635 717/244/636
f 714/241/633 715/242/634 718/245/637
f 717/244/636 662/189/581 672/199/591
f 719/280/90 720/281/91 721/282/638
f 719/280/90 721/282/638 722/283/87
f 721/282/638 720/281/91 723/284/639
f 720/281/91 724/285/640 723/284/639
f 722/283/87 721/282/638 725/286/641
f 721/282/638 726/287/642 725/286/641
f 721/282/638 723/284/639 726/287/642
f 722/283/87 725/286/641 727/288/643
f 723/284/639 724/285/640 728/289/644
f 726/287/642 723/284/639 729/290/645
f 723/284/639 728/289/644 729/290/645
f 724/285/640 730/291/105 728/289/644
f 727/288/643 725/286/641 731/292/646
f 725/286/641 732/293/647 731/292/646
f 725/286/641 726/287/642 732/293/647
f 726/287/642 729/290/645 733/294/648
f 734/295/649 726/287/642 733/294/648
f 732/293/647 726/287/642 734/295/649
f 727/288/643 731/292/646 735/296/650
f 728/289/644 730/291/105 736/297/651
f 729/290/645 728/289/644 737/298/652
f 728/289/644 736/297/651 737/298/652
f 729/290/645 737/298/652 738/299/653
f 733/294/648 729/290/645 738/299/653
f 733/294/648 738/299/653 739/300/654
f 734/295/649 733/294/648 739/300/654
f 740/301/655 732/293/647 734/295/649
f 740/301/655 734/295/649 739/300/654
f 731/292/646 732/293/647 741/302/656
f 741/302/656 732/293/647 740/301/655
f 735/296/650 731/292/646 742/303/657
f 731/292/646 741/302/656 742/303/657
f 730/291/105 743/304/658 736/297/651
f 738/299/653 737/298/652 744/305/659
f 738/299/653 744/305/659 739/300/654
f 737/298/652 736/297/651 745/306/660
f 737/298/652 745/306/660 744/305/659
f 736/297/651 743/304/658 746/307/661
f 736/297/651 746/307/661 745/306/660
f 747/308/662 741/302/656 740/301/655
f 747/308/662 740/301/655 739/300/654
f 742/303/657 741/302/656 748/309/663
f 748/309/663 741/302/656 747/308/662
f 744/305/659 745/306/660 749/310/664
f 744/305/659 749/310/664 739/300/654
f 745/306/660 746/307/661 750/311/665
f 745/306/660 750/311/665 749/310/664
f 751/312/666 748/309/663 747/308/662
f 751/312/666 747/308/662 739/300/654
f 752/313/667 742/303/657 748/309/663
f 752/313/667 748/309/663 751/312/666
f 743/304/658 753/314/6 746/307/661
f 746/307/661 753/314/6 754/315/668
f 746/307/661 754/315/668 750/311/665
f 750/311/665 754/315/668 755/316/669
f 749/310/664 750/311/665 756/317/670
f 750/311/665 755/316/669 756/317/670
f 749/310/664 756/317/670 739/300/654
f 757/318/671 752/313/667 751/312/666
f 757/318/671 751/312/666 739/300/654
f 756/317/670 755/316/669 758/319/672
f 756/317/670 758/319/672 739/300/654
f 754/315/668 759/320/673 755/316/669
f 755/316/669 759/320/673 758/319/672
f 753/314/6 760/321/674 754/315/668
f 760/321/674 759/320/673 754/315/668
f 761/322/675 760/321/674 753/314/6
f 758/319/672 759/320/673 762/323/676
f 758/319/672 762/323/676 739/300/654
f 760/321/674 763/324/677 759/320/673
f 759/320/673 763/324/677 762/323/676
f 761/322/675 764/325/678 760/321/674
f 764/325/678 763/324/677 760/321/674
f 765/326/679 752/313/667 757/318/671
f 766/327/680 757/318/671 739/300/654
f 766/327/680 765/326/679 757/318/671
f 762/323/676 763/324/677 767/328/681
f 762/323/676 767/328/681 739/300/654
f 768/329/682 764/325/678 761/322/675
f 764/325/678 768/329/682 769/330/683
f 764/325/678 769/330/683 763/324/677
f 763/324/677 769/330/683 770/331/684
f 763/324/677 770/331/684 767/328/681
f 769/330/683 768/329/682 771/332/685
f 771/332/685 772/333/686 769/330/683
f 769/330/683 773/334/687 770/331/684
f 769/330/683 772/333/686 773/334/687
f 770/331/684 773/334/687 774/335/688
f 767/328/681 770/331/684 775/336/689
f 770/331/684 774/335/688 775/336/689
f 767/328/681 775/336/689 739/300/654
f 776/337/690 765/326/679 766/327/680
f 777/338/691 766/327/680 739/300/654
f 777/338/691 776/337/690 766/327/680
f 775/336/689 774/335/688 778/339/692
f 775/336/689 778/339/692 739/300/654
f 772/333/686 779/340/693 773/334/687
f 773/334/687 779/340/693 780/341/694
f 773/334/687 780/341/694 774/335/688
f 774/335/688 780/341/694 781/342/695
f 774/335/688 781/342/695 778/339/692
f 778/339/692 781/342/695 782/343/696
f 778/339/692 782/343/696 739/300/654
f 783/344/697 776/337/690 777/338/691
f 784/345/698 777/338/691 739/300/654
f 784/345/698 783/344/697 777/338/691
f 779/340/693 785/346/699 780/341/694
f 780/341/694 785/346/699 786/347/700
f 780/341/694 786/347/700 781/342/695
f 781/342/695 786/347/700 787/348/701
f 781/342/695 787/348/701 782/343/696
f 782/343/696 787/348/701 788/349/702
f 782/343/696 788/349/702 739/300/654
f 785/346/699 789/350/703 786/347/700
f 786/347/700 789/350/703 790/351/704
f 786/347/700 790/351/704 787/348/701
f 787/348/701 790/351/704 791/352/705
f 787/348/701 791/352/705 788/349/702
f 789/350/703 792/353/706 790/351/704
f 790/351/704 792/353/706 793/354/707
f 790/351/704 793/354/707 791/352/705
f 791/352/705 793/354/707 794/355/708
f 788/349/702 791/352/705 795/356/709
f 794/355/708 795/356/709 791/352/705
f 788/349/702 795/356/709 739/300/654
f 796/357/710 795/356/709 794/355/708
f 796/357/710 739/300/654 795/356/709
f 794/355/708 797/358/711 796/357/710
f 796/357/710 797/358/711 739/300/654
f 792/353/706 798/359/36 793/354/707
f 793/354/707 798/359/36 799/360/712
f 793/354/707 799/360/712 794/355/708
f 794/355/708 799/360/712 800/361/713
f 800/361/713 797/358/711 794/355/708
f 800/361/713 801/362/714 797/358/711
f 797/358/711 802/363/715 739/300/654
f 797/358/711 801/362/714 802/363/715
f 799/360/712 803/364/716 800/361/713
f 800/361/713 803/364/716 801/362/714
f 798/359/36 804/365/717 799/360/712
f 799/360/712 804/365/717 803/364/716
f 803/364/716 805/366/718 801/362/714
f 801/362/714 806/367/719 802/363/715
f 801/362/714 805/366/718 806/367/719
f 802/363/715 806/367/719 807/368/720
f 802/363/715 807/368/720 739/300/654
f 804/365/717 808/369/721 803/364/716
f 803/364/716 808/369/721 805/366/718
f 808/369/721 809/370/722 805/366/718
f 805/366/718 810/371/723 806/367/719
f 805/366/718 809/370/722 810/371/723
f 806/367/719 810/371/723 811/372/724
f 806/367/719 811/372/724 807/368/720
f 809/370/722 812/373/54 810/371/723
f 810/371/723 812/373/54 813/374/725
f 810/371/723 813/374/725 811/372/724
f 811/372/724 813/374/725 814/375/726
f 807/368/720 811/372/724 815/376/727
f 811/372/724 814/375/726 815/376/727
f 807/368/720 815/376/727 739/300/654
f 815/376/727 814/375/726 816/377/728
f 815/376/727 816/377/728 739/300/654
f 812/373/54 817/378/57 813/374/725
f 813/374/725 817/378/57 818/379/729
f 813/374/725 818/379/729 814/375/726
f 814/375/726 818/379/729 819/380/730
f 814/375/726 819/380/730 816/377/728
f 816/377/728 819/380/730 820/381/731
f 816/377/728 820/381/731 739/300/654
f 820/381/731 784/345/698 739/300/654
f 819/380/730 821/382/732 820/381/731
f 820/381/731 821/382/732 784/345/698
f 818/379/729 822/383/733 819/380/730
f 819/380/730 822/383/733 821/382/732
f 817/378/57 823/384/60 818/379/729
f 818/379/729 823/384/60 822/383/733
f 821/382/732 783/344/697 784/345/698
f 822/383/733 824/385/734 821/382/732
f 821/382/732 824/385/734 783/344/697
f 823/384/60 825/386/735 822/383/733
f 826/387/736 827/388/737 828/387/738
f 827/388/737 829/389/739 828/387/738
f 827/388/737 830/390/740 829/389/739
f 827/388/737 831/391/741 830/390/740
f 827/388/737 832/392/742 831/391/741
f 827/388/737 833/393/743 832/392/742
f 827/388/737 834/394/744 833/393/743
f 835/395/745 836/396/746 837/397/747
f 838/398/748 837/397/747 836/396/746
f 839/399/749 838/398/748 836/396/746
f 840/400/750 839/399/749 836/396/746
f 841/401/751 840/400/750 836/396/746
f 842/402/752 841/401/751 836/396/746
f 843/402/753 842/402/752 836/396/746
f 844/403/754 845/404/755 846/405/756
f 846/405/756 845/404/755 847/406/757
f 848/407/758 846/405/756 847/406/757
f 849/408/759 846/405/756 848/407/758
f 850/409/760 849/408/759 848/407/758
f 851/410/761 849/408/759 850/409/760
f 852/411/762 851/410/761 850/409/760
f 853/412/763 851/410/761 852/411/762
f 854/413/764 853/412/763 852/411/762
f 855/414/765 853/412/763 854/413/764
f 856/415/766 855/414/765 854/413/764
f 857/416/767 855/414/765 856/415/766
f 858/387/768 859/388/769 860/387/770
f 859/388/769 861/389/771 860/387/770
f 859/388/769 862/390/772 861/389/771
f 859/388/769 863/391/773 862/390/772
f 859/388/769 864/392/774 863/391/773
f 859/388/769 865/393/775 864/392/774
f 859/388/769 866/394/776 865/393/775
f 867/395/777 868/396/778 869/397/779
f 870/398/780 869/397/779 868/396/778
f 871/399/781 870/398/780 868/396/778
f 872/400/782 871/399/781 868/396/778
f 873/401/783 872/400/782 868/396/778
f 874/402/784 873/401/783 868/396/778
f 875/402/785 874/402/784 868/396/778
f 876/403/786 877/404/787 878/405/788
f 878/405/788 877/404/787 879/406/789
f 880/407/790 878/405/788 879/406/789
f 881/408/791 878/405/788 880/407/790
f 882/409/792 881/408/791 880/407/790
f 883/410/793 881/408/791 882/409/792
f 884/411/794 883/410/793 882/409/792
f 885/412/795 883/410/793 884/411/794
f 886/413/796 885/412/795 884/411/794
f 887/414/797 885/412/795 886/413/796
f 888/415/798 887/414/797 886/413/796
f 889/416/799 887/414/797 888/415/798
f 890/387/800 891/388/801 892/387/802
f 891/388/801 893/389/803 892/387/802
f 891/388/801 894/390/804 893/389/803
f 891/388/801 895/391/805 894/390/804
f 891/388/801 896/392/806 895/391/805
f 891/388/801 897/393/807 896/392/806
f 891/388/801 898/394/808 897/393/807
f 899/395/809 900/396/810 901/397/811
f 902/398/812 901/397/811 900/396/810
f 903/399/813 902/398/812 900/396/810
f 904/400/814 903/399/813 900/396/810
f 905/401/815 904/400/814 900/396/810
f 906/402/816 905/401/815 900/396/810
f 907/402/817 906/402/816 900/396/810
f 908/403/818 909/404/819 910/405/820
f 910/405/820 909/404/819 911/406/821
f 912/407/822 910/405/820 911/406/821
f 913/408/823 910/405/820 912/407/822
f 914/409/824 913/408/823 912/407/822
f 915/410/825 913/408/823 914/409/824
f 916/411/826 915/410/825 914/409/824
f 917/412/827 915/410/825 916/411/826
f 918/413/828 917/412/827 916/411/826
f 919/414/829 917/412/827 918/413/828
f 920/415/830 919/414/829 918/413/828
f 921/416/831 919/414/829 920/415/830
f 922/417/832 923/418/833 924/419/834
f 925/420/835 923/418/833 922/417/832
f 925/420/835 926/421/836 923/418/833
f 927/422/837 926/421/836 925/420/835
f 927/422/837 928/423/838 926/421/836
f 926/421/836 928/423/838 929/424/839
f 928/423/838 930/425/840 929/424/839
f 931/426/841 930/425/840 928/423/838
f 931/426/841 932/427/842 930/425/840
f 930/425/840 932/427/842 933/428/843
f 932/427/842 934/429/844 933/428/843
f 933/428/843 934/429/844 935/430/845
f 934/429/844 936/431/846 935/430/845
f 935/430/845 936/431/846 937/432/847
f 936/431/846 938/433/848 937/432/847
f 937/432/847 938/433/848 939/434/849
f 938/433/848 940/435/850 939/434/849
f 939/434/849 940/435/850 941/436/851
f 940/435/850 942/437/852 941/436/851
f 941/436/851 942/437/852 943/438/853
f 942/437/852 944/439/854 943/438/853
f 945/440/855 944/439/854 942/437/852
f 945/440/855 946/441/856 944/439/854
f 944/439/854 946/441/856 947/442/857
f 946/441/856 948/443/858 947/442/857
f 949/444/859 948/443/858 946/441/856
f 949/444/859 950/445/860 948/443/858
f 951/446/861 950/445/860 949/444/859
f 951/446/861 952/447/862 950/445/860
f 950/445/860 952/447/862 953/448/863
f 952/447/862 954/449/864 953/448/863
f 955/450/865 954/449/864 952/447/862
f 956/451/866 957/452/867 958/453/868
f 958/453/868 957/452/867 959/454/869
f 959/454/869 960/455/870 958/453/868
f 961/456/871 960/455/870 959/454/869
f 959/454/869 962/457/872 961/456/871
f 959/454/869 957/452/867 962/457/872
f 962/457/872 957/452/867 963/458/873
f 960/455/870 961/456/871 964/459/874
f 961/456/871 962/457/872 965/460/875
f 964/459/874 961/456/871 966/461/876
f 961/456/871 965/460/875 966/461/876
f 962/457/872 963/458/873 967/462/877
f 968/463/878 962/457/872 967/462/877
f 965/460/875 962/457/872 968/463/878
f 967/462/877 963/458/873 969/464/879
f 966/461/876 970/465/880 964/459/874
f 971/466/881 965/460/875 968/463/878
f 972/467/882 965/460/875 971/466/881
f 966/461/876 965/460/875 972/467/882
f 973/468/883 970/465/880 966/461/876
f 974/469/884 966/461/876 972/467/882
f 973/468/883 966/461/876 974/469/884
f 972/467/882 971/466/881 974/469/884
f 967/462/877 969/464/879 975/470/885
f 976/471/886 967/462/877 975/470/885
f 968/463/878 967/462/877 976/471/886
f 971/466/881 968/463/878 977/472/887
f 977/472/887 968/463/878 976/471/886
f 975/470/885 969/464/879 978/473/888
f 975/470/885 978/473/888 979/474/889
f 975/470/885 979/474/889 976/471/886
f 974/469/884 971/466/881 980/475/890
f 981/476/891 971/466/881 977/472/887
f 980/475/890 971/466/881 981/476/891
f 974/469/884 980/475/890 982/477/892
f 982/477/892 973/468/883 974/469/884
f 983/478/893 973/468/883 982/477/892
f 983/478/893 970/465/880 973/468/883
f 976/471/886 984/479/894 977/472/887
f 976/471/886 979/474/889 984/479/894
f 977/472/887 984/479/894 985/480/895
f 986/481/896 977/472/887 985/480/895
f 981/476/891 977/472/887 986/481/896
f 979/474/889 978/473/888 987/482/897
f 979/474/889 987/482/897 988/483/862
f 979/474/889 988/483/862 984/479/894
f 984/479/894 988/483/862 989/484/898
f 984/479/894 989/484/898 985/480/895
f 982/477/892 980/475/890 990/485/899
f 991/486/900 980/475/890 981/476/891
f 990/485/899 980/475/890 991/486/900
f 991/486/900 981/476/891 992/487/901
f 992/487/901 981/476/891 986/481/896
f 982/477/892 990/485/899 993/488/902
f 994/489/903 982/477/892 993/488/902
f 983/478/893 982/477/892 994/489/903
f 985/480/895 989/484/898 995/490/904
f 996/491/856 985/480/895 995/490/904
f 986/481/896 985/480/895 996/491/856
f 992/487/901 986/481/896 997/492/905
f 997/492/905 986/481/896 996/491/856
f 993/488/902 990/485/899 998/493/906
f 990/485/899 991/486/900 998/493/906
f 991/486/900 992/487/901 999/494/907
f 998/493/906 991/486/900 999/494/907
f 999/494/907 992/487/901 1000/495/908
f 992/487/901 997/492/905 1000/495/908
f 993/488/902 998/493/906 1001/496/909
f 1001/496/909 994/489/903 993/488/902
f 822/383/733 825/386/735 824/385/734
f 825/386/735 1002/497/64 824/385/734
f 824/385/734 1003/498/910 783/344/697
f 824/385/734 1002/497/64 1003/498/910
f 783/344/697 1003/498/910 776/337/690
f 1002/497/64 1004/499/911 1003/498/910
f 1003/498/910 1004/499/911 1005/500/912
f 1003/498/910 1005/500/912 776/337/690
f 776/337/690 1005/500/912 765/326/679
f 1004/499/911 1006/501/913 1005/500/912
f 1005/500/912 1006/501/913 1007/502/914
f 1005/500/912 1007/502/914 765/326/679
f 765/326/679 1007/502/914 752/313/667
f 1006/501/913 735/296/650 1007/502/914
f 1007/502/914 735/296/650 742/303/657
f 1007/502/914 742/303/657 752/313/667
f 1000/495/908 997/492/905 1008/503/852
f 1001/496/909 998/493/906 1009/504/915
f 1010/505/916 998/493/906 999/494/907
f 1009/504/915 998/493/906 1010/505/916
f 1010/505/916 999/494/907 1011/506/917
f 1011/506/917 999/494/907 1000/495/908
f 1011/506/917 1000/495/908 1012/507/918
f 1012/507/918 1000/495/908 1008/503/852
f 1013/508/919 1010/505/916 1011/506/917
f 1011/506/917 1012/507/918 1013/508/919
f 1014/509/920 1010/505/916 1013/508/919
f 1014/509/920 1009/504/915 1010/505/916
f 1001/496/909 1009/504/915 1015/510/921
f 1016/511/922 1009/504/915 1014/509/920
f 1015/510/921 1009/504/915 1016/511/922
f 1015/510/921 1017/512/923 1001/496/909
f 1017/512/923 994/489/903 1001/496/909
f 1013/508/919 1012/507/918 1018/513/924
f 1019/514/925 1014/509/920 1013/508/919
f 1020/515/846 1013/508/919 1018/513/924
f 1019/514/925 1013/508/919 1020/515/846
f 1021/516/926 1014/509/920 1019/514/925
f 1021/516/926 1016/511/922 1014/509/920
f 1015/510/921 1016/511/922 1022/517/927
f 1022/517/927 1023/518/928 1015/510/921
f 1023/518/928 1017/512/923 1015/510/921
f 1022/517/927 1016/511/922 1024/519/929
f 1024/519/929 1016/511/922 1021/516/926
f 1017/512/923 1023/518/928 1025/520/930
f 1017/512/923 1026/521/931 994/489/903
f 1025/520/930 1026/521/931 1017/512/923
f 1027/522/932 1021/516/926 1019/514/925
f 1028/523/933 1019/514/925 1020/515/846
f 1027/522/932 1019/514/925 1028/523/933
f 1029/524/934 1021/516/926 1027/522/932
f 1029/524/934 1024/519/929 1021/516/926
f 1022/517/927 1024/519/929 1030/525/935
f 1030/525/935 1031/526/936 1022/517/927
f 1031/526/936 1023/518/928 1022/517/927
f 1025/520/930 1023/518/928 1032/527/937
f 1031/526/936 1032/527/937 1023/518/928
f 1030/525/935 1024/519/929 1033/528/938
f 1033/528/938 1024/519/929 1029/524/934
f 1034/529/939 1029/524/934 1027/522/932
f 1035/530/842 1027/522/932 1028/523/933
f 1034/529/939 1027/522/932 1035/530/842
f 1036/531/940 1029/524/934 1034/529/939
f 1036/531/940 1033/528/938 1029/524/934
f 1030/525/935 1033/528/938 1037/532/941
f 1037/532/941 1038/533/942 1030/525/935
f 1038/533/942 1031/526/936 1030/525/935
f 1031/526/936 1038/533/942 1039/534/943
f 1039/534/943 1032/527/937 1031/526/936
f 1037/532/941 1033/528/938 1040/535/944
f 1040/535/944 1033/528/938 1036/531/940
f 1041/536/945 1036/531/940 1034/529/939
f 1042/537/841 1034/529/939 1035/530/842
f 1041/536/945 1034/529/939 1042/537/841
f 1043/538/946 1036/531/940 1041/536/945
f 1043/538/946 1040/535/944 1036/531/940
f 1037/532/941 1040/535/944 1044/539/947
f 1044/539/947 1045/540/948 1037/532/941
f 1045/540/948 1038/533/942 1037/532/941
f 1044/539/947 1040/535/944 1046/541/949
f 1046/541/949 1040/535/944 1043/538/946
f 1039/534/943 1038/533/942 1047/542/950
f 1048/543/951 1038/533/942 1045/540/948
f 1047/542/950 1038/533/942 1048/543/951
f 1045/540/948 1049/544/952 1048/543/951
f 1049/544/952 1045/540/948 1044/539/947
f 1043/538/946 1041/536/945 1050/545/953
f 1041/536/945 1042/537/841 1051/546/954
f 1050/545/953 1041/536/945 1051/546/954
f 1046/541/949 1043/538/946 1052/547/955
f 1052/547/955 1043/538/946 1050/545/953
f 1052/547/955 1044/539/947 1046/541/949
f 1051/546/954 1042/537/841 1053/548/838
f 1054/549/956 1044/539/947 1052/547/955
f 1055/550/957 1044/539/947 1054/549/956
f 1049/544/952 1044/539/947 1055/550/957
f 1048/543/951 1049/544/952 1056/551/958
f 1055/550/957 1056/551/958 1049/544/952
f 1054/549/956 1052/547/955 1057/552/959
f 1057/552/959 1055/550/957 1054/549/956
f 1058/553/960 1050/545/953 1051/546/954
f 1059/554/961 1050/545/953 1058/553/960
f 1059/554/961 1052/547/955 1050/545/953
f 1058/553/960 1051/546/954 1060/555/962
f 1060/555/962 1051/546/954 1053/548/838
f 1057/552/959 1052/547/955 1061/556/963
f 1061/556/963 1052/547/955 1059/554/961
f 1059/554/961 1058/553/960 1062/557/964
f 1062/557/964 1061/556/963 1059/554/961
f 1062/557/964 1058/553/960 1063/558/965
f 1058/553/960 1060/555/962 1063/558/965
f 1064/559/966 1055/550/957 1057/552/959
f 1055/550/957 1064/559/966 1065/560/967
f 1065/560/967 1056/551/958 1055/550/957
f 1066/561/968 1057/552/959 1061/556/963
f 1066/561/968 1061/556/963 1062/557/964
f 1067/562/969 1057/552/959 1066/561/968
f 1068/563/970 1057/552/959 1067/562/969
f 1064/559/966 1057/552/959 1068/563/970
f 1062/557/964 1063/558/965 1069/564/971
f 1069/564/971 1066/561/968 1062/557/964
f 1063/558/965 1060/555/962 1070/565/835
f 1069/564/971 1063/558/965 1071/566/972
f 1063/558/965 1070/565/835 1071/566/972
f 1072/567/879 1067/562/969 1066/561/968
f 1072/567/879 1066/561/968 1069/564/971
f 1065/560/967 1064/559/966 1073/568/973
f 1074/569/974 1064/559/966 1068/563/970
f 1073/568/973 1064/559/966 1074/569/974
f 1075/570/975 1067/562/969 1072/567/879
f 1076/571/976 1067/562/969 1075/570/975
f 1068/563/970 1067/562/969 1076/571/976
f 1076/571/976 1077/572/977 1068/563/970
f 1068/563/970 1077/572/977 1074/569/974
f 1071/566/972 1070/565/835 1078/573/865
f 1079/574/978 994/489/903 1026/521/931
f 983/478/893 994/489/903 1079/574/978
f 1079/574/978 970/465/880 983/478/893
f 988/483/862 987/482/897 1080/575/865
f 1081/576/979 1082/577/980 1083/578/981
f 1084/579/982 1082/577/980 1081/576/979
f 1085/580/983 1084/579/982 1081/576/979
f 1082/577/980 1084/579/982 1086/581/984
f 1087/582/985 1084/579/982 1085/580/983
f 1086/581/984 1084/579/982 1088/583/986
f 1084/579/982 1087/582/985 1088/583/986
f 1089/584/987 1087/582/985 1085/580/983
f 1090/585/988 1087/582/985 1089/584/987
f 1087/582/985 1090/585/988 1091/586/860
f 1088/583/986 1087/582/985 1091/586/860
f 1092/587/989 1090/585/988 1089/584/987
f 1091/586/860 1090/585/988 1093/588/990
f 1094/589/991 1090/585/988 1092/587/989
f 1090/585/988 1095/590/857 1093/588/990
f 1094/589/991 1095/590/857 1090/585/988
f 1096/591/992 1094/589/991 1092/587/989
f 1097/592/993 1094/589/991 1096/591/992
f 1094/589/991 1098/593/994 1095/590/857
f 1097/592/993 1098/593/994 1094/589/991
f 1097/592/993 1096/591/992 1099/594/995
f 1097/592/993 1099/594/995 1098/593/994
f 1099/594/995 1096/591/992 1100/595/996
f 1098/593/994 1099/594/995 1101/596/853
f 1102/597/997 1099/594/995 1100/595/996
f 1103/598/998 1099/594/995 1102/597/997
f 1099/594/995 1103/598/998 1101/596/853
f 1101/596/853 1103/598/998 1104/599/999
f 1105/600/1000 1103/598/998 1102/597/997
f 1106/601/1001 1103/598/998 1105/600/1000
f 1103/598/998 1106/601/1001 1104/599/999
f 1104/599/999 1106/601/1001 1107/602/1002
f 1108/603/1003 1106/601/1001 1105/600/1000
f 1109/604/1004 1106/601/1001 1108/603/1003
f 1106/601/1001 1110/605/847 1107/602/1002
f 1109/604/1004 1110/605/847 1106/601/1001
f 1111/606/1005 1109/604/1004 1108/603/1003
f 1112/607/1006 1109/604/1004 1111/606/1005
f 1109/604/1004 1113/608/845 1110/605/847
f 1112/607/1006 1113/608/845 1109/604/1004
f 1114/609/1007 1112/607/1006 1111/606/1005
f 1115/610/1008 1112/607/1006 1114/609/1007
f 1112/607/1006 1116/611/1009 1113/608/845
f 1115/610/1008 1116/611/1009 1112/607/1006
f 1115/610/1008 1114/609/1007 1117/612/1010
f 1115/610/1008 1118/613/840 1116/611/1009
f 1117/612/1010 1118/613/840 1115/610/1008
f 1117/612/1010 1114/609/1007 1119/614/1011
f 1117/612/1010 1119/614/1011 1120/615/1012
f 1117/612/1010 1120/615/1012 1118/613/840
f 1118/613/840 1120/615/1012 1121/616/839
f 1120/615/1012 1119/614/1011 1122/617/1013
f 1120/615/1012 1123/618/1014 1121/616/839
f 1124/619/1015 1120/615/1012 1122/617/1013
f 1125/620/1016 1120/615/1012 1124/619/1015
f 1125/620/1016 1123/618/1014 1120/615/1012
f 1126/621/1017 1125/620/1016 1124/619/1015
f 1127/622/1018 1125/620/1016 1126/621/1017
f 1125/620/1016 1127/622/1018 1123/618/1014
f 1123/618/1014 1127/622/1018 1128/623/1019
f 1129/624/1020 1127/622/1018 1126/621/1017
f 1130/625/1021 1127/622/1018 1129/624/1020
f 1127/622/1018 1130/625/1021 1128/623/1019
f 1128/623/1019 1130/625/1021 1131/626/984
f 1132/627/1022 1133/628/1023 1134/629/1024
f 1132/627/1022 1135/630/1025 1133/628/1023
f 1133/628/1023 1135/630/1025 1136/631/1026
f 1135/630/1025 1137/632/1027 1136/631/1026
f 1134/629/1024 1133/628/1023 1138/633/1028
f 1133/628/1023 1136/631/1026 1139/634/1029
f 1140/635/1030 1133/628/1023 1139/634/1029
f 1138/633/1028 1133/628/1023 1140/635/1030
f 1136/631/1026 1137/632/1027 1141/636/1031
f 1136/631/1026 1141/636/1031 1142/637/1032
f 1139/634/1029 1136/631/1026 1142/637/1032
f 1143/638/1033 1134/629/1024 1138/633/1028
f 1144/639/1034 1138/633/1028 1140/635/1030
f 1143/638/1033 1138/633/1028 1144/639/1034
f 1145/640/1035 1134/629/1024 1143/638/1033
f 1140/635/1030 1139/634/1029 1146/641/1036
f 1140/635/1030 1146/641/1036 1144/639/1034
f 1146/641/1036 1139/634/1029 1147/642/1037
f 1139/634/1029 1148/643/1038 1147/642/1037
f 1142/637/1032 1148/643/1038 1139/634/1029
f 1137/632/1027 1149/644/1039 1141/636/1031
f 1141/636/1031 1149/644/1039 1150/645/1040
f 1142/637/1032 1141/636/1031 1150/645/1040
f 1150/645/1040 1151/646/1041 1142/637/1032
f 1142/637/1032 1151/646/1041 1148/643/1038
f 1152/647/1042 1145/640/1035 1143/638/1033
f 1153/648/1043 1143/638/1033 1144/639/1034
f 1152/647/1042 1143/638/1033 1153/648/1043
f 1144/639/1034 1154/649/1044 1153/648/1043
f 1144/639/1034 1146/641/1036 1154/649/1044
f 1148/643/1038 1155/650/1045 1147/642/1037
f 1148/643/1038 1151/646/1041 1155/650/1045
f 1147/642/1037 1156/651/1046 1146/641/1036
f 1147/642/1037 1155/650/1045 1156/651/1046
f 1146/641/1036 1156/651/1046 1157/652/1047
f 1146/641/1036 1157/652/1047 1154/649/1044
f 1150/645/1040 1149/644/1039 1158/653/1048
f 1150/645/1040 1158/653/1048 1151/646/1041
f 1151/646/1041 1158/653/1048 1159/654/1049
f 1151/646/1041 1159/654/1049 1160/655/1050
f 1155/650/1045 1151/646/1041 1160/655/1050
f 1161/656/1051 1152/647/1042 1153/648/1043
f 1153/648/1043 1154/649/1044 1162/657/1052
f 1163/658/1053 1153/648/1043 1162/657/1052
f 1161/656/1051 1153/648/1043 1163/658/1053
f 1162/657/1052 1154/649/1044 1164/659/1054
f 1154/649/1044 1157/652/1047 1165/660/1055
f 1164/659/1054 1154/649/1044 1165/660/1055
f 1163/658/1053 1162/657/1052 1166/661/1056
f 1166/661/1056 1162/657/1052 1164/659/1054
f 1158/653/1048 1167/662/1057 1159/654/1049
f 1159/654/1049 1167/662/1057 1168/663/1058
f 1160/655/1050 1159/654/1049 1168/663/1058
f 1169/664/1059 1161/656/1051 1163/658/1053
f 1170/665/1060 1163/658/1053 1166/661/1056
f 1169/664/1059 1163/658/1053 1170/665/1060
f 1168/663/1058 1167/662/1057 1171/666/1061
f 1172/667/1062 1161/656/1051 1169/664/1059
f 1173/668/1063 1172/667/1062 1169/664/1059
f 1169/664/1059 1170/665/1060 1173/668/1063
f 1173/668/1063 1170/665/1060 1174/669/1064
f 1167/662/1057 1175/670/1065 1171/666/1061
f 1171/666/1061 1175/670/1065 1176/671/1066
f 1167/662/1057 1177/672/1067 1175/670/1065
f 1178/673/1068 1177/672/1067 1167/662/1057
f 1178/673/1068 1167/662/1057 1158/653/1048
f 1177/672/1067 1179/674/1069 1175/670/1065
f 1175/670/1065 1180/675/1070 1176/671/1066
f 1175/670/1065 1179/674/1069 1180/675/1070
f 1176/671/1066 1180/675/1070 1181/676/1071
f 1178/673/1068 1182/677/1072 1177/672/1067
f 1177/672/1067 1183/678/1073 1179/674/1069
f 1182/677/1072 1183/678/1073 1177/672/1067
f 1149/644/1039 1178/673/1068 1158/653/1048
f 1184/679/1074 1178/673/1068 1149/644/1039
f 1184/679/1074 1182/677/1072 1178/673/1068
f 1183/678/1073 1185/680/1075 1179/674/1069
f 1179/674/1069 1186/681/1076 1180/675/1070
f 1179/674/1069 1185/680/1075 1186/681/1076
f 1180/675/1070 1186/681/1076 1187/682/1077
f 1180/675/1070 1188/683/1078 1181/676/1071
f 1187/682/1077 1188/683/1078 1180/675/1070
f 1149/644/1039 1189/684/1079 1184/679/1074
f 1189/684/1079 1182/677/1072 1184/679/1074
f 1190/685/1080 1182/677/1072 1189/684/1079
f 1190/685/1080 1183/678/1073 1182/677/1072
f 1191/686/1081 1183/678/1073 1190/685/1080
f 1191/686/1081 1185/680/1075 1183/678/1073
f 1192/687/1082 1185/680/1075 1191/686/1081
f 1185/680/1075 1193/688/1083 1186/681/1076
f 1192/687/1082 1193/688/1083 1185/680/1075
f 1186/681/1076 1193/688/1083 1194/689/1084
f 1186/681/1076 1194/689/1084 1187/682/1077
f 1187/682/1077 1194/689/1084 1195/690/1085
f 1187/682/1077 1196/691/1086 1188/683/1078
f 1195/690/1085 1196/691/1086 1187/682/1077
f 1197/692/1087 1189/684/1079 1149/644/1039
f 1198/693/1088 1193/688/1083 1192/687/1082
f 1198/693/1088 1199/694/1089 1193/688/1083
f 1193/688/1083 1199/694/1089 1194/689/1084
f 1194/689/1084 1199/694/1089 1200/695/1090
f 1194/689/1084 1200/695/1090 1195/690/1085
f 1195/690/1085 1200/695/1090 1201/696/1091
f 1195/690/1085 1201/696/1091 1196/691/1086
f 1196/691/1086 1201/696/1091 1202/697/1092
f 1203/698/1093 1199/694/1089 1198/693/1088
f 1203/698/1093 1204/699/1094 1199/694/1089
f 1199/694/1089 1205/700/1095 1200/695/1090
f 1199/694/1089 1204/699/1094 1205/700/1095
f 1200/695/1090 1205/700/1095 1206/701/1096
f 1200/695/1090 1173/668/1063 1201/696/1091
f 1206/701/1096 1173/668/1063 1200/695/1090
f 1173/668/1063 1174/669/1064 1201/696/1091
f 1201/696/1091 1174/669/1064 1202/697/1092
f 1205/700/1095 1172/667/1062 1206/701/1096
f 1206/701/1096 1172/667/1062 1173/668/1063
f 1204/699/1094 1207/702/1097 1205/700/1095
f 1205/700/1095 1207/702/1097 1208/703/1098
f 1208/703/1098 1172/667/1062 1205/700/1095
f 1207/702/1097 1209/704/1099 1208/703/1098
f 1208/703/1098 1209/704/1099 1172/667/1062
f 1172/667/1062 1209/704/1099 1161/656/1051
f 1210/705/1100 1209/704/1099 1207/702/1097
f 1210/705/1100 1152/647/1042 1209/704/1099
f 1209/704/1099 1152/647/1042 1161/656/1051
f 1211/706/1101 1152/647/1042 1210/705/1100
f 1211/706/1101 1145/640/1035 1152/647/1042
f 1197/692/1087 1149/644/1039 1137/632/1027
f 1212/387/1102 1213/388/1103 1214/387/1104
f 1213/388/1103 1215/389/1105 1214/387/1104
f 1213/388/1103 1216/390/1106 1215/389/1105
f 1213/388/1103 1217/391/1107 1216/390/1106
f 1213/388/1103 1218/707/1108 1217/391/1107
f 1213/388/1103 1219/393/1109 1218/707/1108
f 1213/388/1103 1220/394/1110 1219/393/1109
f 1221/395/1111 1222/396/1112 1223/397/1113
f 1224/398/1114 1223/397/1113 1222/396/1112
f 1225/399/1115 1224/398/1114 1222/396/1112
f 1226/400/1116 1225/399/1115 1222/396/1112
f 1227/401/1117 1226/400/1116 1222/396/1112
f 1228/402/1118 1227/401/1117 1222/396/1112
f 1229/402/1119 1228/402/1118 1222/396/1112
f 1230/708/1120 1231/709/1121 1232/405/1122
f 1232/405/1122 1231/709/1121 1233/710/1123
f 1234/711/1124 1232/405/1122 1233/710/1123
f 1235/408/1125 1232/405/1122 1234/711/1124
f 1236/712/1126 1235/408/1125 1234/711/1124
f 1237/713/1127 1235/408/1125 1236/712/1126
f 1238/714/1128 1237/713/1127 1236/712/1126
f 1239/412/1129 1237/713/1127 1238/714/1128
f 1240/715/1130 1239/412/1129 1238/714/1128
f 1241/414/1131 1239/412/1129 1240/715/1130
f 1242/716/1132 1241/414/1131 1240/715/1130
f 1243/416/1133 1241/414/1131 1242/716/1132
f 1244/717/1134 1245/718/1135 1246/719/1136
f 1245/718/1135 1247/720/1137 1246/719/1136
f 1248/721/1138 1245/718/1135 1244/717/1134
f 1249/722/1139 1248/721/1138 1244/717/1134
f 1250/723/1140 1247/720/1137 1245/718/1135
f 1250/723/1140 1251/724/1141 1247/720/1137
f 1252/725/1142 1248/721/1138 1249/722/1139
f 1253/726/1143 1252/725/1142 1249/722/1139
f 1254/727/1144 1251/724/1141 1250/723/1140
f 1254/727/1144 1255/728/1145 1251/724/1141
f 1256/729/1146 1252/725/1142 1253/726/1143
f 1257/730/1147 1256/729/1146 1253/726/1143
f 1258/731/1148 1255/728/1145 1254/727/1144
f 1258/731/1148 1259/732/1149 1255/728/1145
f 1260/733/1150 1256/729/1146 1257/730/1147
f 1261/734/1151 1260/733/1150 1257/730/1147
f 1262/735/1152 1259/732/1149 1258/731/1148
f 1262/735/1152 1263/736/1153 1259/732/1149
f 1264/737/1154 1260/733/1150 1261/734/1151
f 1265/738/1155 1264/737/1154 1261/734/1151
f 1263/736/1153 1266/739/1156 1265/738/1155
f 1266/739/1156 1264/737/1154 1265/738/1155
f 1267/740/1157 1263/736/1153 1262/735/1152
f 1267/740/1157 1266/739/1156 1263/736/1153
f 1268/741/1158 1269/742/1159 1270/743/1160
f 1268/741/1158 1270/743/1160 1271/744/1161
f 1270/743/1160 1269/742/1159 1272/745/1162
f 1269/742/1159 1273/746/1163 1272/745/1162
f 1271/744/1161 1270/743/1160 1274/747/1164
f 1271/744/1161 1274/747/1164 1275/748/1165
f 1272/745/1162 1273/746/1163 1276/749/1166
f 1273/746/1163 1277/750/1167 1276/749/1166
f 1275/748/1165 1274/747/1164 1278/751/1168
f 1275/748/1165 1278/751/1168 1279/752/1169
f 1276/749/1166 1277/750/1167 1280/753/1170
f 1277/750/1167 1281/754/1171 1280/753/1170
f 1279/752/1169 1278/751/1168 1282/755/1172
f 1280/753/1170 1281/754/1171 1283/756/1173
f 1284/757/1174 1279/752/1169 1282/755/1172
f 1285/758/1175 1279/752/1169 1284/757/1174
f 1281/754/1171 1286/759/1176 1283/756/1173
f 1287/760/1177 1286/759/1176 1281/754/1171
f 1288/761/1178 1285/758/1175 1284/757/1174
f 1289/762/1179 1285/758/1175 1288/761/1178
f 1287/760/1177 1290/763/1180 1286/759/1176
f 1290/763/1180 1289/762/1179 1288/761/1178
f 1291/764/1181 1289/762/1179 1290/763/1180
f 1291/764/1181 1290/763/1180 1287/760/1177
f 1292/765/1182 1293/766/1183 1294/767/1184
f 1295/768/1185 1292/765/1182 1294/767/1184
f 1296/769/1186 1293/766/1183 1292/765/1182
f 1297/770/1187 1292/765/1182 1295/768/1185
f 1296/769/1186 1298/771/1188 1293/766/1183
f 1299/772/1189 1297/770/1187 1295/768/1185
f 1300/773/1190 1298/771/1188 1296/769/1186
f 1301/774/1191 1297/770/1187 1299/772/1189
f 1300/773/1190 1302/775/1192 1298/771/1188
f 1303/776/1193 1301/774/1191 1299/772/1189
f 1304/777/1194 1302/775/1192 1300/773/1190
f 1305/778/1195 1301/774/1191 1303/776/1193
f 1304/777/1194 1306/779/1196 1302/775/1192
f 1307/780/1197 1305/778/1195 1303/776/1193
f 1308/781/1198 1306/779/1196 1304/777/1194
f 1309/782/1199 1305/778/1195 1307/780/1197
f 1308/781/1198 1310/783/1200 1306/779/1196
f 1306/779/1196 1310/783/1200 1311/784/1201
f 1309/782/1199 1307/780/1197 1312/785/1202
f 1312/785/1202 1307/780/1197 1313/786/1203
f 1310/783/1200 1314/787/1204 1311/784/1201
f 1312/785/1202 1313/786/1203 1314/787/1204
f 1314/787/1204 1313/786/1203 1315/788/1205
f 1311/784/1201 1314/787/1204 1315/788/1205
f 1316/789/1206 1317/790/1207 1318/791/1208
f 1317/790/1207 1319/792/1209 1318/791/1208
f 1320/793/1210 1317/790/1207 1316/789/1206
f 1321/794/1211 1320/793/1210 1316/789/1206
f 1322/795/1212 1319/792/1209 1317/790/1207
f 1322/795/1212 1323/796/1213 1319/792/1209
f 1324/797/1214 1320/793/1210 1321/794/1211
f 1325/798/1215 1324/797/1214 1321/794/1211
f 1326/799/1216 1323/796/1213 1322/795/1212
f 1326/799/1216 1327/800/1217 1323/796/1213
f 1328/801/1218 1324/797/1214 1325/798/1215
f 1329/802/1219 1327/800/1217 1326/799/1216
f 1328/801/1218 1325/798/1215 1330/803/1220
f 1330/803/1220 1325/798/1215 1331/804/1221
f 1329/802/1219 1332/805/1222 1327/800/1217
f 1327/800/1217 1332/805/1222 1333/806/1223
f 1330/803/1220 1331/804/1221 1334/807/1224
f 1334/807/1224 1331/804/1221 1335/808/1225
f 1332/805/1222 1336/809/1226 1333/806/1223
f 1333/806/1223 1336/809/1226 1337/810/1227
f 1334/807/1224 1335/808/1225 1338/811/1228
f 1336/809/1226 1338/811/1228 1337/810/1227
f 1337/810/1227 1338/811/1228 1339/812/1228
f 1338/811/1228 1335/808/1225 1339/812/1228
f 1340/813/1229 1341/814/1230 1342/815/1231
f 1340/813/1229 1343/816/1232 1341/814/1230
f 1342/815/1231 1341/814/1230 1344/817/1233
f 1341/814/1230 1343/816/1232 1345/818/1234
f 1343/816/1232 1346/819/1235 1345/818/1234
f 1347/820/1236 1342/815/1231 1344/817/1233
f 1348/821/1236 1342/815/1231 1347/820/1236
f 1345/818/1234 1346/819/1235 1349/822/1235
f 1348/821/1236 1347/820/1236 1350/823/1237
f 1350/823/1237 1347/820/1236 1351/824/1238
f 1346/819/1235 1352/825/1239 1349/822/1235
f 1353/826/1240 1352/825/1239 1346/819/1235
f 1350/823/1237 1351/824/1238 1354/827/1241
f 1354/827/1241 1351/824/1238 1355/828/1241
f 1353/826/1240 1356/829/1242 1352/825/1239
f 1357/830/1243 1356/829/1242 1353/826/1240
f 1358/831/1244 1354/827/1241 1355/828/1241
f 1359/832/1245 1354/827/1241 1358/831/1244
f 1357/830/1243 1360/833/1246 1356/829/1242
f 1356/829/1242 1360/833/1246 1361/834/1246
f 1362/835/1247 1359/832/1245 1358/831/1244
f 1360/833/1246 1362/835/1247 1361/834/1246
f 1363/836/1247 1359/832/1245 1362/835/1247
f 1363/836/1247 1362/835/1247 1360/833/1246
f 1364/837/1248 1365/838/1249 1366/839/1250
f 1364/837/1248 1366/839/1250 1367/840/1251
f 1366/839/1250 1365/838/1249 1368/841/1252
f 1365/838/1249 1369/842/1253 1368/841/1252
f 1367/840/1251 1366/839/1250 1370/843/1254
f 1367/840/1251 1370/843/1254 1371/844/1255
f 1368/841/1252 1369/842/1253 1372/845/1256
f 1369/842/1253 1373/846/1257 1372/845/1256
f 1371/844/1255 1370/843/1254 1374/847/1258
f 1371/844/1255 1374/847/1258 1375/848/1259
f 1372/845/1256 1373/846/1257 1376/849/1260
f 1375/848/1259 1374/847/1258 1377/850/1261
f 1373/846/1257 1378/851/1262 1376/849/1260
f 1379/852/1263 1378/851/1262 1373/846/1257
f 1380/853/1264 1375/848/1259 1377/850/1261
f 1381/854/1265 1375/848/1259 1380/853/1264
f 1379/852/1263 1382/855/1266 1378/851/1262
f 1383/856/1267 1382/855/1266 1379/852/1263
f 1384/857/1268 1381/854/1265 1380/853/1264
f 1385/858/1269 1381/854/1265 1384/857/1268
f 1383/856/1267 1386/859/1270 1382/855/1266
f 1386/859/1270 1385/858/1269 1384/857/1268
f 1387/860/1270 1385/858/1269 1386/859/1270
f 1387/860/1270 1386/859/1270 1383/856/1267
f 1388/717/1271 1389/718/1272 1390/719/1273
f 1389/718/1272 1391/720/1274 1390/719/1273
f 1392/721/1275 1389/718/1272 1388/717/1271
f 1393/722/1276 1392/721/1275 1388/717/1271
f 1394/723/1277 1391/720/1274 1389/718/1272
f 1394/723/1277 1395/724/1278 1391/720/1274
f 1396/725/1279 1392/721/1275 1393/722/1276
f 1397/726/1280 1396/725/1279 1393/722/1276
f 1398/727/1281 1395/724/1278 1394/723/1277
f 1398/727/1281 1399/728/1282 1395/724/1278
f 1400/729/1283 1396/725/1279 1397/726/1280
f 1401/730/1284 1400/729/1283 1397/726/1280
f 1402/731/1285 1399/728/1282 1398/727/1281
f 1402/731/1285 1403/732/1286 1399/728/1282
f 1404/733/1287 1400/729/1283 1401/730/1284
f 1405/734/1288 1404/733/1287 1401/730/1284
f 1406/735/1289 1403/732/1286 1402/731/1285
f 1406/735/1289 1407/736/1290 1403/732/1286
f 1408/737/1291 1404/733/1287 1405/734/1288
f 1409/738/1292 1408/737/1291 1405/734/1288
f 1407/736/1290 1410/739/1293 1409/738/1292
f 1410/739/1293 1408/737/1291 1409/738/1292
f 1411/740/1294 1407/736/1290 1406/735/1289
f 1411/740/1294 1410/739/1293 1407/736/1290
f 1412/741/1295 1413/742/1296 1414/743/1297
f 1412/741/1295 1414/743/1297 1415/744/1298
f 1414/743/1297 1413/742/1296 1416/745/1299
f 1413/742/1296 1417/746/1300 1416/745/1299
f 1415/744/1298 1414/743/1297 1418/747/1301
f 1415/744/1298 1418/747/1301 1419/748/1302
f 1416/745/1299 1417/746/1300 1420/749/1303
f 1417/746/1300 1421/750/1304 1420/749/1303
f 1419/748/1302 1418/747/1301 1422/751/1305
f 1419/748/1302 1422/751/1305 1423/752/1306
f 1420/749/1303 1421/750/1304 1424/753/1307
f 1421/750/1304 1425/754/1308 1424/753/1307
f 1423/752/1306 1422/751/1305 1426/755/1309
f 1424/753/1307 1425/754/1308 1427/756/1310
f 1428/757/1311 1423/752/1306 1426/755/1309
f 1429/758/1312 1423/752/1306 1428/757/1311
f 1425/754/1308 1430/759/1313 1427/756/1310
f 1431/760/1314 1430/759/1313 1425/754/1308
f 1432/761/1315 1429/758/1312 1428/757/1311
f 1433/762/1316 1429/758/1312 1432/761/1315
f 1431/760/1314 1434/763/1317 1430/759/1313
f 1434/763/1317 1433/762/1316 1432/761/1315
f 1435/764/1318 1433/762/1316 1434/763/1317
f 1435/764/1318 1434/763/1317 1431/760/1314
f 1436/765/1319 1437/766/1320 1438/767/1321
f 1439/768/1322 1436/765/1319 1438/767/1321
f 1440/769/1323 1437/766/1320 1436/765/1319
f 1441/770/1324 1436/765/1319 1439/768/1322
f 1440/769/1323 1442/771/1325 1437/766/1320
f 1443/772/1326 1441/770/1324 1439/768/1322
f 1444/773/1327 1442/771/1325 1440/769/1323
f 1445/774/1328 1441/770/1324 1443/772/1326
f 1444/773/1327 1446/775/1329 1442/771/1325
f 1447/776/1330 1445/774/1328 1443/772/1326
f 1448/777/1331 1446/775/1329 1444/773/1327
f 1449/778/1332 1445/774/1328 1447/776/1330
f 1448/777/1331 1450/779/1333 1446/775/1329
f 1451/780/1334 1449/778/1332 1447/776/1330
f 1452/781/1335 1450/779/1333 1448/777/1331
f 1453/782/1336 1449/778/1332 1451/780/1334
f 1452/781/1335 1454/783/1337 1450/779/1333
f 1450/779/1333 1454/783/1337 1455/784/1338
f 1453/782/1336 1451/780/1334 1456/785/1339
f 1456/785/1339 1451/780/1334 1457/786/1340
f 1454/783/1337 1458/787/1341 1455/784/1338
f 1456/785/1339 1457/786/1340 1458/787/1341
f 1458/787/1341 1457/786/1340 1459/788/1342
f 1455/784/1338 1458/787/1341 1459/788/1342
f 1460/789/1343 1461/790/1344 1462/791/1344
f 1461/790/1344 1463/792/1345 1462/791/1344
f 1464/793/1346 1461/790/1344 1460/789/1343
f 1465/794/1347 1464/793/1346 1460/789/1343
f 1466/795/1348 1463/792/1345 1461/790/1344
f 1466/795/1348 1467/796/1349 1463/792/1345
f 1468/797/1350 1464/793/1346 1465/794/1347
f 1469/798/1351 1468/797/1350 1465/794/1347
f 1470/799/1352 1467/796/1349 1466/795/1348
f 1470/799/1352 1471/800/1353 1467/796/1349
f 1472/801/1354 1468/797/1350 1469/798/1351
f 1473/802/1355 1471/800/1353 1470/799/1352
f 1472/801/1354 1469/798/1351 1474/803/1356
f 1474/803/1356 1469/798/1351 1475/804/1357
f 1473/802/1355 1476/805/1358 1471/800/1353
f 1471/800/1353 1476/805/1358 1477/806/1359
f 1474/803/1356 1475/804/1357 1478/807/1360
f 1478/807/1360 1475/804/1357 1479/808/1361
f 1476/805/1358 1480/809/1362 1477/806/1359
f 1477/806/1359 1480/809/1362 1481/810/1363
f 1478/807/1360 1479/808/1361 1482/811/1364
f 1480/809/1362 1482/811/1364 1481/810/1363
f 1481/810/1363 1482/811/1364 1483/812/1364
f 1482/811/1364 1479/808/1361 1483/812/1364
f 1484/813/1365 1485/814/1366 1486/815/1367
f 1484/813/1365 1487/816/1368 1485/814/1366
f 1486/815/1367 1485/814/1366 1488/817/1369
f 1485/814/1366 1487/816/1368 1489/818/1370
f 1487/816/1368 1490/819/1371 1489/818/1370
f 1491/820/1372 1486/815/1367 1488/817/1369
f 1492/821/1372 1486/815/1367 1491/820/1372
f 1489/818/1370 1490/819/1371 1493/822/1371
f 1492/821/1372 1491/820/1372 1494/823/1373
f 1494/823/1373 1491/820/1372 1495/824/1374
f 1490/819/1371 1496/825/1375 1493/822/1371
f 1497/826/1376 1496/825/1375 1490/819/1371
f 1494/823/1373 1495/824/1374 1498/827/1377
f 1498/827/1377 1495/824/1374 1499/828/1377
f 1497/826/1376 1500/829/1378 1496/825/1375
f 1501/830/1379 1500/829/1378 1497/826/1376
f 1502/831/1380 1498/827/1377 1499/828/1377
f 1503/832/1381 1498/827/1377 1502/831/1380
f 1501/830/1379 1504/833/1382 1500/829/1378
f 1500/829/1378 1504/833/1382 1505/834/1382
f 1506/835/1383 1503/832/1381 1502/831/1380
f 1504/833/1382 1506/835/1383 1505/834/1382
f 1507/836/1383 1503/832/1381 1506/835/1383
f 1507/836/1383 1506/835/1383 1504/833/1382
f 1508/837/1384 1509/838/1385 1510/839/1386
f 1508/837/1384 1510/839/1386 1511/840/1387
f 1510/839/1386 1509/838/1385 1512/841/1388
f 1509/838/1385 1513/842/1389 1512/841/1388
f 1511/840/1387 1510/839/1386 1514/843/1390
f 1511/840/1387 1514/843/1390 1515/844/1391
f 1512/841/1388 1513/842/1389 1516/845/1392
f 1513/842/1389 1517/846/1393 1516/845/1392
f 1515/844/1391 1514/843/1390 1518/847/1394
f 1515/844/1391 1518/847/1394 1519/848/1395
f 1516/845/1392 1517/846/1393 1520/849/1396
f 1519/848/1395 1518/847/1394 1521/850/1397
f 1517/846/1393 1522/851/1398 1520/849/1396
f 1523/852/1399 1522/851/1398 1517/846/1393
f 1524/853/1400 1519/848/1395 1521/850/1397
f 1525/854/1401 1519/848/1395 1524/853/1400
f 1523/852/1399 1526/855/1402 1522/851/1398
f 1527/856/1403 1526/855/1402 1523/852/1399
f 1528/857/1404 1525/854/1401 1524/853/1400
f 1529/858/1405 1525/854/1401 1528/857/1404
f 1527/856/1403 1530/859/1406 1526/855/1402
f 1530/859/1406 1529/858/1405 1528/857/1404
f 1531/860/1406 1529/858/1405 1530/859/1406
f 1531/860/1406 1530/859/1406 1527/856/1403
f 1532/717/1407 1533/718/1408 1534/719/1409
f 1533/718/1408 1535/720/1410 1534/719/1409
f 1536/721/1411 1533/718/1408 1532/717/1407
f 1537/722/1412 1536/721/1411 1532/717/1407
f 1538/723/1413 1535/720/1410 1533/718/1408
f 1538/723/1413 1539/724/1414 1535/720/1410
f 1540/725/1415 1536/721/1411 1537/722/1412
f 1541/726/1416 1540/725/1415 1537/722/1412
f 1542/727/1417 1539/724/1414 1538/723/1413
f 1542/727/1417 1543/728/1418 1539/724/1414
f 1544/729/1419 1540/725/1415 1541/726/1416
f 1545/730/1420 1544/729/1419 1541/726/1416
f 1546/731/1421 1543/728/1418 1542/727/1417
f 1546/731/1421 1547/732/1422 1543/728/1418
f 1548/733/1423 1544/729/1419 1545/730/1420
f 1549/734/1424 1548/733/1423 1545/730/1420
f 1550/735/1425 1547/732/1422 1546/731/1421
f 1550/735/1425 1551/736/1426 1547/732/1422
f 1552/737/1427 1548/733/1423 1549/734/1424
f 1553/738/1428 1552/737/1427 1549/734/1424
f 1551/736/1426 1554/739/1429 1553/738/1428
f 1554/739/1429 1552/737/1427 1553/738/1428
f 1555/740/1430 1551/736/1426 1550/735/1425
f 1555/740/1430 1554/739/1429 1551/736/1426
f 1556/741/1431 1557/742/1432 1558/743/1433
f 1556/741/1431 1558/743/1433 1559/744/1434
f 1558/743/1433 1557/742/1432 1560/745/1435
f 1557/742/1432 1561/746/1436 1560/745/1435
f 1559/744/1434 1558/743/1433 1562/747/1437
f 1559/744/1434 1562/747/1437 1563/748/1438
f 1560/745/1435 1561/746/1436 1564/749/1439
f 1561/746/1436 1565/750/1440 1564/749/1439
f 1563/748/1438 1562/747/1437 1566/751/1441
f 1563/748/1438 1566/751/1441 1567/752/1442
f 1564/749/1439 1565/750/1440 1568/753/1443
f 1565/750/1440 1569/754/1444 1568/753/1443
f 1567/752/1442 1566/751/1441 1570/755/1445
f 1568/753/1443 1569/754/1444 1571/756/1446
f 1572/757/1447 1567/752/1442 1570/755/1445
f 1573/758/1448 1567/752/1442 1572/757/1447
f 1569/754/1444 1574/759/1449 1571/756/1446
f 1575/760/1450 1574/759/1449 1569/754/1444
f 1576/761/1451 1573/758/1448 1572/757/1447
f 1577/762/1452 1573/758/1448 1576/761/1451
f 1575/760/1450 1578/763/1453 1574/759/1449
f 1578/763/1453 1577/762/1452 1576/761/1451
f 1579/764/1454 1577/762/1452 1578/763/1453
f 1579/764/1454 1578/763/1453 1575/760/1450
f 1580/765/1455 1581/766/1456 1582/767/1457
f 1583/768/1458 1580/765/1455 1582/767/1457
f 1584/769/1459 1581/766/1456 1580/765/1455
f 1585/770/1460 1580/765/1455 1583/768/1458
f 1584/769/1459 1586/771/1461 1581/766/1456
f 1587/772/1462 1585/770/1460 1583/768/1458
f 1588/773/1463 1586/771/1461 1584/769/1459
f 1589/774/1464 1585/770/1460 1587/772/1462
f 1588/773/1463 1590/775/1465 1586/771/1461
f 1591/776/1466 1589/774/1464 1587/772/1462
f 1592/777/1467 1590/775/1465 1588/773/1463
f 1593/778/1468 1589/774/1464 1591/776/1466
f 1592/777/1467 1594/779/1469 1590/775/1465
f 1595/780/1470 1593/778/1468 1591/776/1466
f 1596/781/1471 1594/779/1469 1592/777/1467
f 1597/782/1472 1593/778/1468 1595/780/1470
f 1596/781/1471 1598/783/1473 1594/779/1469
f 1594/779/1469 1598/783/1473 1599/784/1474
f 1597/782/1472 1595/780/1470 1600/785/1475
f 1600/785/1475 1595/780/1470 1601/786/1476
f 1598/783/1473 1602/787/1477 1599/784/1474
f 1600/785/1475 1601/786/1476 1602/787/1477
f 1602/787/1477 1601/786/1476 1603/788/1478
f 1599/784/1474 1602/787/1477 1603/788/1478
f 1604/789/1479 1605/790/1480 1606/791/1480
f 1605/790/1480 1607/792/1481 1606/791/1480
f 1608/793/1482 1605/790/1480 1604/789/1479
f 1609/794/1483 1608/793/1482 1604/789/1479
f 1610/795/1484 1607/792/1481 1605/790/1480
f 1610/795/1484 1611/796/1485 1607/792/1481
f 1612/797/1486 1608/793/1482 1609/794/1483
f 1613/798/1487 1612/797/1486 1609/794/1483
f 1614/799/1488 1611/796/1485 1610/795/1484
f 1614/799/1488 1615/800/1489 1611/796/1485
f 1616/801/1490 1612/797/1486 1613/798/1487
f 1617/802/1491 1615/800/1489 1614/799/1488
f 1616/801/1490 1613/798/1487 1618/803/1492
f 1618/803/1492 1613/798/1487 1619/804/1493
f 1617/802/1491 1620/805/1494 1615/800/1489
f 1615/800/1489 1620/805/1494 1621/806/1495
f 1618/803/1492 1619/804/1493 1622/807/1496
f 1622/807/1496 1619/804/1493 1623/808/1497
f 1620/805/1494 1624/809/1498 1621/806/1495
f 1621/806/1495 1624/809/1498 1625/810/1499
f 1622/807/1496 1623/808/1497 1626/811/1500
f 1624/809/1498 1626/811/1500 1625/810/1499
f 1625/810/1499 1626/811/1500 1627/812/1501
f 1626/811/1500 1623/808/1497 1627/812/1501
f 1628/813/1502 1629/814/1503 1630/815/1504
f 1628/813/1502 1631/816/1505 1629/814/1503
f 1630/815/1504 1629/814/1503 1632/817/1506
f 1629/814/1503 1631/816/1505 1633/818/1507
f 1631/816/1505 1634/819/1508 1633/818/1507
f 1635/820/1509 1630/815/1504 1632/817/1506
f 1636/821/1509 1630/815/1504 1635/820/1509
f 1633/818/1507 1634/819/1508 1637/822/1508
f 1636/821/1509 1635/820/1509 1638/823/1510
f 1638/823/1510 1635/820/1509 1639/824/1511
f 1634/819/1508 1640/825/1512 1637/822/1508
f 1641/826/1513 1640/825/1512 1634/819/1508
f 1638/823/1510 1639/824/1511 1642/827/1514
f 1642/827/1514 1639/824/1511 1643/828/1514
f 1641/826/1513 1644/829/1515 1640/825/1512
f 1645/830/1516 1644/829/1515 1641/826/1513
f 1646/831/1517 1642/827/1514 1643/828/1514
f 1647/832/1518 1642/827/1514 1646/831/1517
f 1645/830/1516 1648/833/1519 1644/829/1515
f 1644/829/1515 1648/833/1519 1649/834/1519
f 1650/835/1520 1647/832/1518 1646/831/1517
f 1648/833/1519 1650/835/1520 1649/834/1519
f 1651/836/1520 1647/832/1518 1650/835/1520
f 1651/836/1520 1650/835/1520 1648/833/1519
f 1652/837/1521 1653/838/1522 1654/839/1523
f 1652/837/1521 1654/839/1523 1655/840/1524
f 1654/839/1523 1653/838/1522 1656/841/1525
f 1653/838/1522 1657/842/1526 1656/841/1525
f 1655/840/1524 1654/839/1523 1658/843/1527
f 1655/840/1524 1658/843/1527 1659/844/1528
f 1656/841/1525 1657/842/1526 1660/845/1529
f 1657/842/1526 1661/846/1530 1660/845/1529
f 1659/844/1528 1658/843/1527 1662/847/1531
f 1659/844/1528 1662/847/1531 1663/848/1532
f 1660/845/1529 1661/846/1530 1664/849/1533
f 1663/848/1532 1662/847/1531 1665/850/1534
f 1661/846/1530 1666/851/1535 1664/849/1533
f 1667/852/1536 1666/851/1535 1661/846/1530
f 1668/853/1537 1663/848/1532 1665/850/1534
f 1669/854/1538 1663/848/1532 1668/853/1537
f 1667/852/1536 1670/855/1539 1666/851/1535
f 1671/856/1540 1670/855/1539 1667/852/1536
f 1672/857/1541 1669/854/1538 1668/853/1537
f 1673/858/1542 1669/854/1538 1672/857/1541
f 1671/856/1540 1674/859/1543 1670/855/1539
f 1674/859/1543 1673/858/1542 1672/857/1541
f 1675/860/1543 1673/858/1542 1674/859/1543
f 1675/860/1543 1674/859/1543 1671/856/1540
f 1676/717/1544 1677/718/1545 1678/719/1546
f 1677/718/1545 1679/720/1547 1678/719/1546
f 1680/721/1548 1677/718/1545 1676/717/1544
f 1681/722/1549 1680/721/1548 1676/717/1544
f 1682/723/1550 1679/720/1547 1677/718/1545
f 1682/723/1550 1683/724/1551 1679/720/1547
f 1684/725/1552 1680/721/1548 1681/722/1549
f 1685/726/1553 1684/725/1552 1681/722/1549
f 1686/727/1554 1683/724/1551 1682/723/1550
f 1686/727/1554 1687/728/1555 1683/724/1551
f 1688/729/1556 1684/725/1552 1685/726/1553
f 1689/730/1557 1688/729/1556 1685/726/1553
f 1690/731/1558 1687/728/1555 1686/727/1554
f 1690/731/1558 1691/732/1559 1687/728/1555
f 1692/733/1560 1688/729/1556 1689/730/1557
f 1693/734/1561 1692/733/1560 1689/730/1557
f 1694/735/1562 1691/732/1559 1690/731/1558
f 1694/735/1562 1695/736/1563 1691/732/1559
f 1696/737/1564 1692/733/1560 1693/734/1561
f 1697/738/1565 1696/737/1564 1693/734/1561
f 1695/736/1563 1698/739/1566 1697/738/1565
f 1698/739/1566 1696/737/1564 1697/738/1565
f 1699/740/1567 1695/736/1563 1694/735/1562
f 1699/740/1567 1698/739/1566 1695/736/1563
f 1700/741/1568 1701/742/1569 1702/743/1570
f 1700/741/1568 1702/743/1570 1703/744/1571
f 1702/743/1570 1701/742/1569 1704/745/1572
f 1701/742/1569 1705/746/1573 1704/745/1572
f 1703/744/1571 1702/743/1570 1706/747/1574
f 1703/744/1571 1706/747/1574 1707/748/1575
f 1704/745/1572 1705/746/1573 1708/749/1576
f 1705/746/1573 1709/750/1577 1708/749/1576
f 1707/748/1575 1706/747/1574 1710/751/1578
f 1707/748/1575 1710/751/1578 1711/752/1579
f 1708/749/1576 1709/750/1577 1712/753/1580
f 1709/750/1577 1713/754/1581 1712/753/1580
f 1711/752/1579 1710/751/1578 1714/755/1582
f 1712/753/1580 1713/754/1581 1715/756/1583
f 1716/757/1584 1711/752/1579 1714/755/1582
f 1717/758/1585 1711/752/1579 1716/757/1584
f 1713/754/1581 1718/759/1586 1715/756/1583
f 1719/760/1587 1718/759/1586 1713/754/1581
f 1720/761/1588 1717/758/1585 1716/757/1584
f 1721/762/1589 1717/758/1585 1720/761/1588
f 1719/760/1587 1722/763/1590 1718/759/1586
f 1722/763/1590 1721/762/1589 1720/761/1588
f 1723/764/1591 1721/762/1589 1722/763/1590
f 1723/764/1591 1722/763/1590 1719/760/1587
f 1724/765/1592 1725/766/1593 1726/767/1594
f 1727/768/1595 1724/765/1592 1726/767/1594
f 1728/769/1596 1725/766/1593 1724/765/1592
f 1729/770/1597 1724/765/1592 1727/768/1595
f 1728/769/1596 1730/771/1598 1725/766/1593
f 1731/772/1599 1729/770/1597 1727/768/1595
f 1732/773/1600 1730/771/1598 1728/769/1596
f 1733/774/1601 1729/770/1597 1731/772/1599
f 1732/773/1600 1734/775/1602 1730/771/1598
f 1735/776/1603 1733/774/1601 1731/772/1599
f 1736/777/1604 1734/775/1602 1732/773/1600
f 1737/778/1605 1733/774/1601 1735/776/1603
f 1736/777/1604 1738/779/1606 1734/775/1602
f 1739/780/1607 1737/778/1605 1735/776/1603
f 1740/781/1608 1738/779/1606 1736/777/1604
f 1741/782/1609 1737/778/1605 1739/780/1607
f 1740/781/1608 1742/783/1610 1738/779/1606
f 1738/779/1606 1742/783/1610 1743/784/1611
f 1741/782/1609 1739/780/1607 1744/785/1612
f 1744/785/1612 1739/780/1607 1745/786/1613
f 1742/783/1610 1746/787/1614 1743/784/1611
f 1744/785/1612 1745/786/1613 1746/787/1614
f 1746/787/1614 1745/786/1613 1747/788/1615
f 1743/784/1611 1746/787/1614 1747/788/1615
f 1748/789/1616 1749/790/1617 1750/791/1617
f 1749/790/1617 1751/792/1618 1750/791/1617
f 1752/793/1619 1749/790/1617 1748/789/1616
f 1753/794/1620 1752/793/1619 1748/789/1616
f 1754/795/1621 1751/792/1618 1749/790/1617
f 1754/795/1621 1755/796/1622 1751/792/1618
f 1756/797/1623 1752/793/1619 1753/794/1620
f 1757/798/1624 1756/797/1623 1753/794/1620
f 1758/799/1625 1755/796/1622 1754/795/1621
f 1758/799/1625 1759/800/1626 1755/796/1622
f 1760/801/1627 1756/797/1623 1757/798/1624
f 1761/802/1628 1759/800/1626 1758/799/1625
f 1760/801/1627 1757/798/1624 1762/803/1629
f 1762/803/1629 1757/798/1624 1763/804/1630
f 1761/802/1628 1764/805/1631 1759/800/1626
f 1759/800/1626 1764/805/1631 1765/806/1632
f 1762/803/1629 1763/804/1630 1766/807/1633
f 1766/807/1633 1763/804/1630 1767/808/1634
f 1764/805/1631 1768/809/1635 1765/806/1632
f 1765/806/1632 1768/809/1635 1769/810/1636
f 1766/807/1633 1767/808/1634 1770/811/1637
f 1768/809/1635 1770/811/1637 1769/810/1636
f 1769/810/1636 1770/811/1637 1771/812/1637
f 1770/811/1637 1767/808/1634 1771/812/1637
f 1772/813/1638 1773/814/1639 1774/815/1640
f 1772/813/1638 1775/816/1641 1773/814/1639
f 1774/815/1640 1773/814/1639 1776/817/1642
f 1773/814/1639 1775/816/1641 1777/818/1643
f 1775/816/1641 1778/819/1644 1777/818/1643
f 1779/820/1645 1774/815/1640 1776/817/1642
f 1780/821/1645 1774/815/1640 1779/820/1645
f 1777/818/1643 1778/819/1644 1781/822/1644
f 1780/821/1645 1779/820/1645 1782/823/1646
f 1782/823/1646 1779/820/1645 1783/824/1647
f 1778/819/1644 1784/825/1648 1781/822/1644
f 1785/826/1649 1784/825/1648 1778/819/1644
f 1782/823/1646 1783/824/1647 1786/827/1650
f 1786/827/1650 1783/824/1647 1787/828/1650
f 1785/826/1649 1788/829/1651 1784/825/1648
f 1789/830/1652 1788/829/1651 1785/826/1649
f 1790/831/1653 1786/827/1650 1787/828/1650
f 1791/832/1654 1786/827/1650 1790/831/1653
f 1789/830/1652 1792/833/1655 1788/829/1651
f 1788/829/1651 1792/833/1655 1793/834/1655
f 1794/835/1656 1791/832/1654 1790/831/1653
f 1792/833/1655 1794/835/1656 1793/834/1655
f 1795/836/1656 1791/832/1654 1794/835/1656
f 1795/836/1656 1794/835/1656 1792/833/1655
f 1796/837/1657 1797/838/1658 1798/839/1659
f 1796/837/1657 1798/839/1659 1799/840/1660
f 1798/839/1659 1797/838/1658 1800/841/1661
f 1797/838/1658 1801/842/1662 1800/841/1661
f 1799/840/1660 1798/839/1659 1802/843/1663
f 1799/840/1660 1802/843/1663 1803/844/1664
f 1800/841/1661 1801/842/1662 1804/845/1665
f 1801/842/1662 1805/846/1666 1804/845/1665
f 1803/844/1664 1802/843/1663 1806/847/1667
f 1803/844/1664 1806/847/1667 1807/848/1668
f 1804/845/1665 1805/846/1666 1808/849/1669
f 1807/848/1668 1806/847/1667 1809/850/1670
f 1805/846/1666 1810/851/1671 1808/849/1669
f 1811/852/1672 1810/851/1671 1805/846/1666
f 1812/853/1673 1807/848/1668 1809/850/1670
f 1813/854/1674 1807/848/1668 1812/853/1673
f 1811/852/1672 1814/855/1675 1810/851/1671
f 1815/856/1676 1814/855/1675 1811/852/1672
f 1816/857/1677 1813/854/1674 1812/853/1673
f 1817/858/1678 1813/854/1674 1816/857/1677
f 1815/856/1676 1818/859/1679 1814/855/1675
f 1818/859/1679 1817/858/1678 1816/857/1677
f 1819/860/1679 1817/858/1678 1818/859/1679
f 1819/860/1679 1818/859/1679 1815/856/1676
f 1820/246/1680 1821/247/1681 1822/248/1682
f 1822/248/1682 1821/247/1681 1823/249/1683
f 1821/247/1681 1824/250/1684 1823/249/1683
f 1825/251/1685 1824/250/1684 1821/247/1681
f 1824/250/1684 1826/252/1686 1823/249/1683
f 1823/249/1683 1827/253/1687 1822/248/1682
f 1823/249/1683 1826/252/1686 1827/253/1687
f 1825/251/1685 1828/254/1688 1824/250/1684
f 1824/250/1684 1828/254/1688 1826/252/1686
f 1822/248/1682 1827/253/1687 1829/255/1689
f 1830/256/1690 1828/254/1688 1825/251/1685
f 1830/256/1690 1831/257/1691 1828/254/1688
f 1826/252/1686 1828/254/1688 1832/258/1692
f 1828/254/1688 1831/257/1691 1832/258/1692
f 1832/258/1692 1833/259/1693 1826/252/1686
f 1826/252/1686 1834/260/1694 1827/253/1687
f 1826/252/1686 1833/259/1693 1834/260/1694
f 1827/253/1687 1834/260/1694 1835/261/1695
f 1836/262/1696 1827/253/1687 1835/261/1695
f 1829/255/1689 1827/253/1687 1836/262/1696
f 1837/263/1697 1831/257/1691 1830/256/1690
f 1837/263/1697 1838/267/1698 1831/257/1691
f 1832/258/1692 1831/257/1691 1839/264/1699
f 1831/257/1691 1838/267/1698 1839/264/1699
f 1839/264/1699 1840/265/1700 1832/258/1692
f 1832/258/1692 1840/265/1700 1833/259/1693
f 1840/265/1700 1841/268/1701 1833/259/1693
f 1833/259/1693 1842/269/1702 1834/260/1694
f 1833/259/1693 1841/268/1701 1842/269/1702
f 1834/260/1694 1842/269/1702 1843/270/1703
f 1834/260/1694 1843/270/1703 1835/261/1695
f 1835/261/1695 1843/270/1703 157/155/148
f 1835/261/1695 157/155/148 1836/262/1696
f 1839/264/1699 1838/267/1698 1844/271/1704
f 1839/264/1699 1844/271/1704 1840/265/1700
f 1836/262/1696 157/155/148 160/158/151
f 1845/266/1705 1838/267/1698 1837/263/1697
f 1845/266/1705 162/160/153 1838/267/1698
f 1838/267/1698 164/162/155 1844/271/1704
f 1838/267/1698 162/160/153 164/162/155
f 1840/265/1700 169/167/160 1841/268/1701
f 167/165/158 169/167/160 1840/265/1700
f 1840/265/1700 1844/271/1704 167/165/158
f 1844/271/1704 164/162/155 166/164/157
f 1844/271/1704 166/164/157 167/165/158
f 169/167/160 171/169/162 1841/268/1701
f 1841/268/1701 176/174/167 1842/269/1702
f 1841/268/1701 171/169/162 176/174/167
f 1842/269/1702 176/174/167 178/176/169
f 1842/269/1702 178/176/169 1843/270/1703
f 1843/270/1703 178/176/169 158/156/149
f 1843/270/1703 158/156/149 157/155/148
f 1863/861/1706 1864/862/1707 1865/863/1708
f 1863/861/1706 1866/864/1709 1864/862/1707
f 1865/863/1708 1864/862/1707 1867/865/1710
f 1867/865/1710 1868/866/1711 1865/863/1708
f 1864/862/1707 1866/864/1709 1869/867/1712
f 1864/862/1707 1869/867/1712 1870/868/1713
f 1871/869/1714 1864/862/1707 1870/868/1713
f 1867/865/1710 1864/862/1707 1871/869/1714
f 1866/864/1709 1872/870/1715 1869/867/1712
f 1873/871/1716 1868/866/1711 1867/865/1710
f 1874/872/1717 1867/865/1710 1871/869/1714
f 1873/871/1716 1867/865/1710 1874/872/1717
f 1868/866/1711 1873/871/1716 1875/873/1718
f 1871/869/1714 1870/868/1713 1876/874/1719
f 1877/875/1720 1871/869/1714 1876/874/1719
f 1874/872/1717 1871/869/1714 1877/875/1720
f 1870/868/1713 1869/867/1712 1878/876/1721
f 1876/874/1719 1870/868/1713 1879/877/1722
f 1870/868/1713 1878/876/1721 1879/877/1722
f 1869/867/1712 1872/870/1715 1880/878/1723
f 1869/867/1712 1881/879/1724 1878/876/1721
f 1880/878/1723 1881/879/1724 1869/867/1712
f 1872/870/1715 1882/880/1725 1880/878/1723
f 1875/873/1718 1873/871/1716 1883/881/1726
f 1884/882/1727 1873/871/1716 1874/872/1717
f 1883/881/1726 1873/871/1716 1884/882/1727
f 1884/882/1727 1874/872/1717 1885/883/1728
f 1885/883/1728 1874/872/1717 1877/875/1720
f 1880/878/1723 1882/880/1725 1886/884/1729
f 1880/878/1723 1886/884/1729 1881/879/1724
f 1883/881/1726 1887/885/1730 1875/873/1718
f 1877/875/1720 1876/874/1719 1888/886/1731
f 1889/887/1732 1877/875/1720 1888/886/1731
f 1885/883/1728 1877/875/1720 1889/887/1732
f 1881/879/1724 1890/888/1733 1878/876/1721
f 1879/877/1722 1878/876/1721 1891/889/1734
f 1878/876/1721 1890/888/1733 1891/889/1734
f 1881/879/1724 1886/884/1729 1892/890/1735
f 1881/879/1724 1892/890/1735 1890/888/1733
f 1886/884/1729 1882/880/1725 1893/891/1736
f 1886/884/1729 1893/891/1736 1892/890/1735
f 1893/891/1736 1882/880/1725 1894/892/1737
f 1895/893/1738 1887/885/1730 1883/881/1726
f 1896/894/1739 1883/881/1726 1884/882/1727
f 1895/893/1738 1883/881/1726 1896/894/1739
f 1896/894/1739 1884/882/1727 1897/895/1740
f 1897/895/1740 1884/882/1727 1885/883/1728
f 1897/895/1740 1885/883/1728 1898/896/1741
f 1898/896/1741 1885/883/1728 1889/887/1732
f 1889/887/1732 1888/886/1731 1899/897/1742
f 1900/898/1743 1889/887/1732 1899/897/1742
f 1898/896/1741 1889/887/1732 1900/898/1743
f 1890/888/1733 1901/899/1744 1891/889/1734
f 1890/888/1733 1902/900/1745 1901/899/1744
f 1890/888/1733 1892/890/1735 1902/900/1745
f 1892/890/1735 1893/891/1736 1903/901/1746
f 1892/890/1735 1903/901/1746 1902/900/1745
f 1894/892/1737 1904/902/1747 1893/891/1736
f 1893/891/1736 1904/902/1747 1903/901/1746
f 1905/903/1748 1904/902/1747 1894/892/1737
f 1906/904/1749 1895/893/1738 1896/894/1739
f 1907/905/1750 1896/894/1739 1897/895/1740
f 1906/904/1749 1896/894/1739 1907/905/1750
f 1907/905/1750 1897/895/1740 1908/906/1751
f 1908/906/1751 1897/895/1740 1898/896/1741
f 1908/906/1751 1898/896/1741 1909/907/1752
f 1909/907/1752 1898/896/1741 1900/898/1743
f 1900/898/1743 1899/897/1742 1910/908/1753
f 1911/909/1754 1900/898/1743 1910/908/1753
f 1909/907/1752 1900/898/1743 1911/909/1754
f 1901/899/1744 1902/900/1745 1912/910/1755
f 1902/900/1745 1913/911/1756 1912/910/1755
f 1902/900/1745 1903/901/1746 1913/911/1756
f 1903/901/1746 1904/902/1747 1914/912/1757
f 1903/901/1746 1914/912/1757 1913/911/1756
f 1905/903/1748 1915/913/1758 1904/902/1747
f 1904/902/1747 1916/914/1759 1914/912/1757
f 1904/902/1747 1915/913/1758 1916/914/1759
f 1907/905/1750 1908/906/1751 1917/915/1760
f 1918/916/1761 1907/905/1750 1917/915/1760
f 1906/904/1749 1907/905/1750 1918/916/1761
f 1917/915/1760 1908/906/1751 1919/917/1762
f 1908/906/1751 1909/907/1752 1919/917/1762
f 1919/917/1762 1909/907/1752 1920/918/1763
f 1909/907/1752 1911/909/1754 1920/918/1763
f 1920/918/1763 1911/909/1754 1921/919/1764
f 1912/910/1755 1913/911/1756 1922/920/1765
f 1913/911/1756 1923/921/1766 1922/920/1765
f 1913/911/1756 1914/912/1757 1923/921/1766
f 1914/912/1757 1916/914/1759 1924/922/1767
f 1914/912/1757 1924/922/1767 1923/921/1766
f 1915/913/1758 1925/923/1768 1916/914/1759
f 1916/914/1759 1926/924/1769 1924/922/1767
f 1925/923/1768 1926/924/1769 1916/914/1759
f 1927/925/1770 1925/923/1768 1915/913/1758
f 1917/915/1760 1919/917/1762 1928/926/1771
f 1929/927/1772 1917/915/1760 1928/926/1771
f 1918/916/1761 1917/915/1760 1929/927/1772
f 1928/926/1771 1919/917/1762 1930/928/1773
f 1919/917/1762 1920/918/1763 1930/928/1773
f 1930/928/1773 1920/918/1763 1931/929/1774
f 1931/929/1774 1920/918/1763 1921/919/1764
f 1922/920/1765 1923/921/1766 1932/930/1775
f 1923/921/1766 1933/931/1776 1932/930/1775
f 1923/921/1766 1924/922/1767 1933/931/1776
f 1926/924/1769 1934/932/1777 1924/922/1767
f 1924/922/1767 1934/932/1777 1933/931/1776
f 1928/926/1771 1930/928/1773 1935/933/1778
f 1935/933/1778 1929/927/1772 1928/926/1771
f 1925/923/1768 1927/925/1770 1936/934/1779
f 1925/923/1768 1937/935/1780 1926/924/1769
f 1936/934/1779 1937/935/1780 1925/923/1768
f 1937/935/1780 1938/936/1781 1926/924/1769
f 1926/924/1769 1938/936/1781 1934/932/1777
f 1935/933/1778 1930/928/1773 1939/937/1782
f 1930/928/1773 1931/929/1774 1939/937/1782
f 1936/934/1779 1927/925/1770 1940/938/1783
f 1932/930/1775 1933/931/1776 1941/939/1784
f 1933/931/1776 1942/940/1785 1941/939/1784
f 1934/932/1777 1942/940/1785 1933/931/1776
f 1938/936/1781 1943/941/1786 1934/932/1777
f 1934/932/1777 1943/941/1786 1942/940/1785
f 1936/934/1779 1944/942/1787 1937/935/1780
f 1937/935/1780 1945/943/1788 1938/936/1781
f 1944/942/1787 1945/943/1788 1937/935/1780
f 1945/943/1788 1946/944/1789 1938/936/1781
f 1938/936/1781 1946/944/1789 1943/941/1786
f 1940/938/1783 1947/945/1790 1936/934/1779
f 1948/946/1791 1944/942/1787 1936/934/1779
f 1936/934/1779 1947/945/1790 1948/946/1791
f 1943/941/1786 1949/947/1792 1942/940/1785
f 1942/940/1785 1950/948/1793 1941/939/1784
f 1942/940/1785 1949/947/1792 1950/948/1793
f 1946/944/1789 1951/949/1794 1943/941/1786
f 1943/941/1786 1951/949/1794 1949/947/1792
f 1947/945/1790 1952/950/1795 1948/946/1791
f 1953/951/1796 1954/952/1797 1955/953/1798
f 1956/954/1799 1954/952/1797 1953/951/1796
f 1957/955/1800 1956/954/1799 1953/951/1796
f 1956/954/1799 1958/956/1801 1954/952/1797
f 1959/957/1802 1958/956/1801 1956/954/1799
f 1960/958/1803 1956/954/1799 1957/955/1800
f 1960/958/1803 1959/957/1802 1956/954/1799
f 1961/959/1804 1960/958/1803 1957/955/1800
f 1962/960/1805 1959/957/1802 1960/958/1803
f 1963/961/1806 1962/960/1805 1960/958/1803
f 1963/961/1806 1960/958/1803 1961/959/1804
f 1964/962/1807 1963/961/1806 1961/959/1804
f 1965/963/1808 1962/960/1805 1963/961/1806
f 1963/961/1806 1966/964/1809 1965/963/1808
f 1967/965/1810 1966/964/1809 1963/961/1806
f 1967/965/1810 1963/961/1806 1964/962/1807
f 1968/966/1811 1967/965/1810 1964/962/1807
f 1967/965/1810 1969/967/1812 1966/964/1809
f 1970/968/1813 1969/967/1812 1967/965/1810
f 1970/968/1813 1967/965/1810 1968/966/1811
f 1971/969/1814 1970/968/1813 1968/966/1811
f 1970/968/1813 1972/970/1815 1969/967/1812
f 1973/971/1816 1972/970/1815 1970/968/1813
f 1973/971/1816 1970/968/1813 1971/969/1814
f 1974/972/1817 1975/973/1818 1976/974/114
f 1977/975/1819 1974/972/1817 1976/974/114
f 1978/976/1820 1977/975/1819 1976/974/114
f 1979/977/1821 1978/976/1820 1976/974/114
f 1980/978/1822 1979/977/1821 1976/974/114
f 1981/979/1823 1980/978/1822 1976/974/114
f 1982/951/1824 1983/952/1825 1984/953/1826
f 1985/954/1827 1983/952/1825 1982/951/1824
f 1986/955/1828 1985/954/1827 1982/951/1824
f 1985/954/1827 1987/956/1829 1983/952/1825
f 1988/957/1830 1987/956/1829 1985/954/1827
f 1989/958/1831 1985/954/1827 1986/955/1828
f 1989/958/1831 1988/957/1830 1985/954/1827
f 1990/959/1832 1989/958/1831 1986/955/1828
f 1991/960/1833 1988/957/1830 1989/958/1831
f 1992/961/1834 1991/960/1833 1989/958/1831
f 1992/961/1834 1989/958/1831 1990/959/1832
f 1993/962/1835 1992/961/1834 1990/959/1832
f 1994/963/1836 1991/960/1833 1992/961/1834
f 1992/961/1834 1995/964/1837 1994/963/1836
f 1996/965/1838 1995/964/1837 1992/961/1834
f 1996/965/1838 1992/961/1834 1993/962/1835
f 1997/966/1839 1996/965/1838 1993/962/1835
f 1996/965/1838 1998/967/1840 1995/964/1837
f 1999/968/1841 1998/967/1840 1996/965/1838
f 1999/968/1841 1996/965/1838 1997/966/1839
f 2000/969/1842 1999/968/1841 1997/966/1839
f 1999/968/1841 2001/970/1843 1998/967/1840
f 2002/971/1844 2001/970/1843 1999/968/1841
f 2002/971/1844 1999/968/1841 2000/969/1842
f 2003/972/1845 2004/973/1846 2005/974/114
f 2006/975/1847 2003/972/1845 2005/974/114
f 2007/976/1848 2006/975/1847 2005/974/114
f 2008/977/1849 2007/976/1848 2005/974/114
f 2009/978/1850 2008/977/1849 2005/974/114
f 2010/979/1851 2009/978/1850 2005/974/114
f 2011/951/1852 2012/952/1853 2013/953/1854
f 2014/954/1855 2012/952/1853 2011/951/1852
f 2015/955/1856 2014/954/1855 2011/951/1852
f 2014/954/1855 2016/956/1857 2012/952/1853
f 2017/957/1858 2016/956/1857 2014/954/1855
f 2018/958/1859 2014/954/1855 2015/955/1856
f 2018/958/1859 2017/957/1858 2014/954/1855
f 2019/959/1860 2018/958/1859 2015/955/1856
f 2020/960/1861 2017/957/1858 2018/958/1859
f 2021/961/1862 2020/960/1861 2018/958/1859
f 2021/961/1862 2018/958/1859 2019/959/1860
f 2022/962/1863 2021/961/1862 2019/959/1860
f 2023/963/1864 2020/960/1861 2021/961/1862
f 2021/961/1862 2024/964/1865 2023/963/1864
f 2025/965/1866 2024/964/1865 2021/961/1862
f 2025/965/1866 2021/961/1862 2022/962/1863
f 2026/966/1867 2025/965/1866 2022/962/1863
f 2025/965/1866 2027/967/1868 2024/964/1865
f 2028/968/1869 2027/967/1868 2025/965/1866
f 2028/968/1869 2025/965/1866 2026/966/1867
f 2029/969/1870 2028/968/1869 2026/966/1867
f 2028/968/1869 2030/970/1871 2027/967/1868
f 2031/971/1872 2030/970/1871 2028/968/1869
f 2031/971/1872 2028/968/1869 2029/969/1870
f 2032/972/1873 2033/973/1874 2034/974/114
f 2035/975/1875 2032/972/1873 2034/974/114
f 2036/976/1876 2035/975/1875 2034/974/114
f 2037/977/1877 2036/976/1876 2034/974/114
f 2038/978/1878 2037/977/1877 2034/974/114
f 2039/979/1879 2038/978/1878 2034/974/114
f 2040/951/1880 2041/952/1881 2042/953/1882
f 2043/954/1883 2041/952/1881 2040/951/1880
f 2044/955/1884 2043/954/1883 2040/951/1880
f 2043/954/1883 2045/956/1885 2041/952/1881
f 2046/957/1886 2045/956/1885 2043/954/1883
f 2047/958/1887 2043/954/1883 2044/955/1884
f 2047/958/1887 2046/957/1886 2043/954/1883
f 2048/959/1888 2047/958/1887 2044/955/1884
f 2049/960/1889 2046/957/1886 2047/958/1887
f 2050/961/1890 2049/960/1889 2047/958/1887
f 2050/961/1890 2047/958/1887 2048/959/1888
f 2051/962/1891 2050/961/1890 2048/959/1888
f 2052/963/1892 2049/960/1889 2050/961/1890
f 2050/961/1890 2053/964/1893 2052/963/1892
f 2054/965/1894 2053/964/1893 2050/961/1890
f 2054/965/1894 2050/961/1890 2051/962/1891
f 2055/966/1895 2054/965/1894 2051/962/1891
f 2054/965/1894 2056/967/1896 2053/964/1893
f 2057/968/1897 2056/967/1896 2054/965/1894
f 2057/968/1897 2054/965/1894 2055/966/1895
f 2058/969/1898 2057/968/1897 2055/966/1895
f 2057/968/1897 2059/970/1899 2056/967/1896
f 2060/971/1900 2059/970/1899 2057/968/1897
f 2060/971/1900 2057/968/1897 2058/969/1898
f 2061/972/1901 2062/973/1902 2063/974/114
f 2064/975/1903 2061/972/1901 2063/974/114
f 2065/976/1904 2064/975/1903 2063/974/114
f 2066/977/1905 2065/976/1904 2063/974/114
f 2067/978/1906 2066/977/1905 2063/974/114
f 2068/979/1907 2067/978/1906 2063/974/114
f 1948/946/1791 1952/950/1795 1944/942/1787
f 1944/942/1787 1952/950/1795 2069/980/1908
f 1944/942/1787 2069/980/1908 1945/943/1788
f 1945/943/1788 2070/981/1909 1946/944/1789
f 1945/943/1788 2069/980/1908 2070/981/1909
f 1946/944/1789 2070/981/1909 2071/982/1910
f 1946/944/1789 2071/982/1910 1951/949/1794
f 2072/983/1911 1952/950/1795 1947/945/1790
f 1952/950/1795 2072/983/1911 2073/984/1912
f 1952/950/1795 2073/984/1912 2069/980/1908
f 2069/980/1908 2073/984/1912 2074/985/1913
f 2069/980/1908 2074/985/1913 2070/981/1909
f 1951/949/1794 2075/986/1914 1949/947/1792
f 1950/948/1793 1949/947/1792 2076/987/1915
f 1949/947/1792 2075/986/1914 2076/987/1915
f 1951/949/1794 2071/982/1910 2077/988/1916
f 1951/949/1794 2077/988/1916 2075/986/1914
f 2070/981/1909 2078/989/1917 2071/982/1910
f 2070/981/1909 2074/985/1913 2078/989/1917
f 2071/982/1910 2078/989/1917 2079/990/1918
f 2071/982/1910 2079/990/1918 2077/988/1916
f 2073/984/1912 2072/983/1911 2080/991/1919
f 2080/991/1919 2081/992/1920 2073/984/1912
f 2073/984/1912 2082/993/1921 2074/985/1913
f 2073/984/1912 2081/992/1920 2082/993/1921
f 2074/985/1913 2082/993/1921 2083/994/1922
f 2074/985/1913 2083/994/1922 2078/989/1917
f 2078/989/1917 2084/995/1923 2079/990/1918
f 2078/989/1917 2083/994/1922 2084/995/1923
f 2075/986/1914 2077/988/1916 2085/996/1924
f 2077/988/1916 2079/990/1918 2086/997/1925
f 2077/988/1916 2086/997/1925 2085/996/1924
f 2079/990/1918 2084/995/1923 2087/998/1926
f 2079/990/1918 2087/998/1926 2086/997/1925
f 2086/997/1925 2087/998/1926 2088/999/1927
f 2086/997/1925 2088/999/1927 2085/996/1924
f 2081/992/1920 2089/1000/1928 2082/993/1921
f 2082/993/1921 2089/1000/1928 2090/1001/1929
f 2082/993/1921 2091/1002/1930 2083/994/1922
f 2090/1001/1929 2091/1002/1930 2082/993/1921
f 2091/1002/1930 2092/1003/1931 2083/994/1922
f 2083/994/1922 2092/1003/1931 2084/995/1923
f 2092/1003/1931 2093/1004/1932 2084/995/1923
f 2084/995/1923 2093/1004/1932 2087/998/1926
f 2093/1004/1932 2094/1005/1933 2087/998/1926
f 2087/998/1926 2094/1005/1933 2088/999/1927
f 2088/999/1927 2094/1005/1933 2095/1006/1934
f 2085/996/1924 2088/999/1927 2095/1006/1934
f 2089/1000/1928 2096/1007/1935 2090/1001/1929
f 2090/1001/1929 2096/1007/1935 2091/1002/1930
f 2091/1002/1930 2096/1007/1935 2097/1008/1936
f 2091/1002/1930 2097/1008/1936 2092/1003/1931
f 2092/1003/1931 2098/1009/1937 2093/1004/1932
f 2092/1003/1931 2097/1008/1936 2098/1009/1937
f 2099/1010/1938 2096/1007/1935 2089/1000/1928
f 2093/1004/1932 2098/1009/1937 2100/1011/1939
f 2093/1004/1932 2101/1012/1940 2094/1005/1933
f 2100/1011/1939 2101/1012/1940 2093/1004/1932
f 2101/1012/1940 2102/1013/1941 2094/1005/1933
f 2094/1005/1933 2102/1013/1941 2095/1006/1934
f 2096/1007/1935 2099/1010/1938 2103/1014/1942
f 2096/1007/1935 2104/1015/1943 2097/1008/1936
f 2103/1014/1942 2104/1015/1943 2096/1007/1935
f 2104/1015/1943 2105/1016/1944 2097/1008/1936
f 2097/1008/1936 2105/1016/1944 2098/1009/1937
f 2105/1016/1944 2106/1017/1945 2098/1009/1937
f 2098/1009/1937 2106/1017/1945 2100/1011/1939
f 2106/1017/1945 2107/1018/1946 2100/1011/1939
f 2100/1011/1939 2107/1018/1946 2101/1012/1940
f 2101/1012/1940 2107/1018/1946 2102/1013/1941
f 2103/1014/1942 2099/1010/1938 2108/1019/1947
f 2107/1018/1946 2109/1020/1948 2102/1013/1941
f 2106/1017/1945 2110/1021/1949 2107/1018/1946
f 2110/1021/1949 2109/1020/1948 2107/1018/1946
f 2105/1016/1944 2111/1022/1950 2106/1017/1945
f 2111/1022/1950 2110/1021/1949 2106/1017/1945
f 2112/1023/1951 2111/1022/1950 2105/1016/1944
f 2104/1015/1943 2112/1023/1951 2105/1016/1944
f 2103/1014/1942 2113/1024/1952 2104/1015/1943
f 2113/1024/1952 2112/1023/1951 2104/1015/1943
f 2108/1019/1947 2114/1025/1953 2103/1014/1942
f 2115/1026/1954 2113/1024/1952 2103/1014/1942
f 2103/1014/1942 2114/1025/1953 2115/1026/1954
f 2111/1022/1950 2116/1027/1955 2110/1021/1949
f 2110/1021/1949 2117/1028/1956 2109/1020/1948
f 2110/1021/1949 2116/1027/1955 2117/1028/1956
f 2112/1023/1951 2118/1029/1957 2111/1022/1950
f 2111/1022/1950 2118/1029/1957 2116/1027/1955
f 2113/1024/1952 2119/1030/1958 2112/1023/1951
f 2112/1023/1951 2119/1030/1958 2118/1029/1957
f 2115/1026/1954 2120/1031/1959 2113/1024/1952
f 2113/1024/1952 2120/1031/1959 2119/1030/1958
f 2114/1025/1953 2120/1031/1959 2115/1026/1954
f 2109/1020/1948 2117/1028/1956 2121/1032/1960
f 2122/1033/1961 2120/1031/1959 2114/1025/1953
f 2118/1029/1957 2123/1034/1962 2116/1027/1955
f 2116/1027/1955 2124/1035/1963 2117/1028/1956
f 2116/1027/1955 2123/1034/1962 2124/1035/1963
f 2117/1028/1956 2124/1035/1963 2125/1036/1964
f 2117/1028/1956 2125/1036/1964 2121/1032/1960
f 2119/1030/1958 2126/1037/1965 2118/1029/1957
f 2118/1029/1957 2126/1037/1965 2123/1034/1962
f 2120/1031/1959 2127/1038/1966 2119/1030/1958
f 2119/1030/1958 2127/1038/1966 2126/1037/1965
f 2122/1033/1961 2128/1039/1967 2120/1031/1959
f 2120/1031/1959 2128/1039/1967 2127/1038/1966
f 2123/1034/1962 2129/1040/1968 2124/1035/1963
f 2123/1034/1962 2130/1041/1969 2129/1040/1968
f 2126/1037/1965 2130/1041/1969 2123/1034/1962
f 2124/1035/1963 2129/1040/1968 2131/1042/1970
f 2124/1035/1963 2131/1042/1970 2125/1036/1964
f 2125/1036/1964 2131/1042/1970 2132/1043/1971
f 2125/1036/1964 2132/1043/1971 2121/1032/1960
f 2127/1038/1966 2133/1044/1972 2126/1037/1965
f 2126/1037/1965 2133/1044/1972 2130/1041/1969
f 2121/1032/1960 2132/1043/1971 2134/1045/1973
f 2128/1039/1967 2135/1046/1974 2127/1038/1966
f 2127/1038/1966 2135/1046/1974 2133/1044/1972
f 2129/1040/1968 1935/933/1778 2131/1042/1970
f 2130/1041/1969 1935/933/1778 2129/1040/1968
f 2133/1044/1972 2136/1047/1975 2130/1041/1969
f 2136/1047/1975 1935/933/1778 2130/1041/1969
f 2131/1042/1970 1935/933/1778 1939/937/1782
f 2131/1042/1970 1939/937/1782 2132/1043/1971
f 2132/1043/1971 1939/937/1782 2137/1048/1976
f 2132/1043/1971 2137/1048/1976 2134/1045/1973
f 2133/1044/1972 2135/1046/1974 2138/1049/1977
f 2138/1049/1977 2136/1047/1975 2133/1044/1972
f 2137/1048/1976 1921/919/1764 2134/1045/1973
f 1939/937/1782 1931/929/1774 2137/1048/1976
f 1931/929/1774 1921/919/1764 2137/1048/1976
f 2138/1049/1977 2135/1046/1974 2139/1050/1978
f 2136/1047/1975 1929/927/1772 1935/933/1778
f 2138/1049/1977 2140/1051/1979 2136/1047/1975
f 2136/1047/1975 2140/1051/1979 1929/927/1772
f 2139/1050/1978 2141/1052/1980 2138/1049/1977
f 2138/1049/1977 2141/1052/1980 2140/1051/1979
f 2140/1051/1979 1918/916/1761 1929/927/1772
f 2141/1052/1980 2142/1053/1981 2140/1051/1979
f 2143/1054/1982 1918/916/1761 2140/1051/1979
f 2140/1051/1979 2142/1053/1981 2143/1054/1982
f 2143/1054/1982 1906/904/1749 1918/916/1761
f 2142/1053/1981 2144/1055/1983 2143/1054/1982
f 2144/1055/1983 1906/904/1749 2143/1054/1982
f 2145/1056/1984 2144/1055/1983 2142/1053/1981
f 2144/1055/1983 1895/893/1738 1906/904/1749
f 2145/1056/1984 1887/885/1730 2144/1055/1983
f 2144/1055/1983 1887/885/1730 1895/893/1738
f 1941/939/1784 2146/1057/1985 1932/930/1775
f 1941/939/1784 1950/948/1793 2146/1057/1985
f 1950/948/1793 2076/987/1915 2146/1057/1985
f 1932/930/1775 2146/1057/1985 2147/1058/1986
f 2147/1058/1986 2146/1057/1985 2148/1059/1987
f 2146/1057/1985 2076/987/1915 2148/1059/1987
f 1932/930/1775 2147/1058/1986 1922/920/1765
f 1922/920/1765 2147/1058/1986 2149/1060/1988
f 2150/1061/1989 2147/1058/1986 2148/1059/1987
f 2149/1060/1988 2147/1058/1986 2150/1061/1989
f 2151/1062/1990 1922/920/1765 2149/1060/1988
f 2151/1062/1990 2149/1060/1988 2150/1061/1989
f 1912/910/1755 1922/920/1765 2151/1062/1990
f 2152/1063/1991 2151/1062/1990 2150/1061/1989
f 2153/1064/1992 1912/910/1755 2151/1062/1990
f 2153/1064/1992 2151/1062/1990 2152/1063/1991
f 1901/899/1744 1912/910/1755 2153/1064/1992
f 1901/899/1744 2153/1064/1992 2154/1065/1993
f 2153/1064/1992 2152/1063/1991 2155/1066/1994
f 2154/1065/1993 2153/1064/1992 2155/1066/1994
f 2155/1066/1994 2152/1063/1991 2156/1067/1995
f 1891/889/1734 1901/899/1744 2154/1065/1993
f 1891/889/1734 2154/1065/1993 1879/877/1722
f 2154/1065/1993 2155/1066/1994 2157/1068/1996
f 1879/877/1722 2154/1065/1993 2157/1068/1996
f 2157/1068/1996 2155/1066/1994 2158/1069/1997
f 2158/1069/1997 2155/1066/1994 2156/1067/1995
f 1879/877/1722 2157/1068/1996 1876/874/1719
f 1876/874/1719 2157/1068/1996 2159/1070/1998
f 2157/1068/1996 2158/1069/1997 2159/1070/1998
f 2159/1070/1998 2158/1069/1997 2160/1071/1999
f 2158/1069/1997 2156/1067/1995 2160/1071/1999
f 2160/1071/1999 2156/1067/1995 2161/1072/2000
f 2162/1073/2001 2159/1070/1998 2160/1071/1999
f 2162/1073/2001 2160/1071/1999 2161/1072/2000
f 1888/886/1731 1876/874/1719 2159/1070/1998
f 1888/886/1731 2159/1070/1998 2162/1073/2001
f 1910/908/1753 2162/1073/2001 2161/1072/2000
f 1899/897/1742 1888/886/1731 2162/1073/2001
f 1899/897/1742 2162/1073/2001 1910/908/1753
f 2163/1074/2002 2164/1075/2003 2165/1076/2004
f 2166/1077/2005 2164/1075/2003 2163/1074/2002
f 2167/1078/2006 2164/1075/2003 2166/1077/2005
f 2168/1079/2007 2164/1075/2003 2167/1078/2006
f 2169/1080/2008 2164/1075/2003 2168/1079/2007
f 2170/1081/2009 2164/1075/2003 2169/1080/2008
f 2171/1082/2010 2172/1083/2011 2173/1084/2012
f 2174/1085/2013 2172/1083/2011 2171/1082/2010
f 2175/1086/2014 2174/1085/2013 2171/1082/2010
f 2176/1087/2015 2174/1085/2013 2175/1086/2014
f 2177/1088/1804 2176/1087/2015 2175/1086/2014
f 2178/1089/2016 2176/1087/2015 2177/1088/1804
f 2179/1090/2017 2178/1089/2016 2177/1088/1804
f 2180/1091/2018 2178/1089/2016 2179/1090/2017
f 2181/1092/2019 2180/1091/2018 2179/1090/2017
f 2182/1093/2020 2180/1091/2018 2181/1092/2019
f 2183/1094/2021 2182/1093/2020 2181/1092/2019
f 2184/1095/2022 2182/1093/2020 2183/1094/2021
f 2185/1096/1817 2186/1097/1818 2187/1098/114
f 2188/1099/1819 2185/1096/1817 2187/1098/114
f 2189/1100/2023 2188/1099/1819 2187/1098/114
f 2190/1101/1821 2189/1100/2023 2187/1098/114
f 2191/1102/1822 2190/1101/1821 2187/1098/114
f 2192/1103/2024 2191/1102/1822 2187/1098/114
f 2193/1074/2025 2194/1075/2026 2195/1076/2027
f 2196/1077/2028 2194/1075/2026 2193/1074/2025
f 2197/1078/2029 2194/1075/2026 2196/1077/2028
f 2198/1079/2030 2194/1075/2026 2197/1078/2029
f 2199/1080/2031 2194/1075/2026 2198/1079/2030
f 2200/1081/2032 2194/1075/2026 2199/1080/2031
f 2201/1082/1824 2202/1083/2033 2203/1084/2034
f 2204/1085/2035 2202/1083/2033 2201/1082/1824
f 2205/1086/2036 2204/1085/2035 2201/1082/1824
f 2206/1087/2037 2204/1085/2035 2205/1086/2036
f 2207/1088/1832 2206/1087/2037 2205/1086/2036
f 2208/1089/2038 2206/1087/2037 2207/1088/1832
f 2209/1090/2039 2208/1089/2038 2207/1088/1832
f 2210/1091/2040 2208/1089/2038 2209/1090/2039
f 2211/1092/1839 2210/1091/2040 2209/1090/2039
f 2212/1093/2041 2210/1091/2040 2211/1092/1839
f 2213/1094/2042 2212/1093/2041 2211/1092/1839
f 2214/1095/2043 2212/1093/2041 2213/1094/2042
f 2215/1096/2044 2216/1097/1846 2217/1098/114
f 2218/1099/1847 2215/1096/2044 2217/1098/114
f 2219/1100/1848 2218/1099/1847 2217/1098/114
f 2220/1101/1849 2219/1100/1848 2217/1098/114
f 2221/1102/1850 2220/1101/1849 2217/1098/114
f 2222/1103/1851 2221/1102/1850 2217/1098/114
f 2223/1074/2045 2224/1075/2046 2225/1076/2047
f 2226/1077/2048 2224/1075/2046 2223/1074/2045
f 2227/1078/2049 2224/1075/2046 2226/1077/2048
f 2228/1079/2050 2224/1075/2046 2227/1078/2049
f 2229/1080/2051 2224/1075/2046 2228/1079/2050
f 2230/1081/2052 2224/1075/2046 2229/1080/2051
f 2231/1082/1873 2232/1083/2053 2233/1084/2054
f 2234/1085/2055 2232/1083/2053 2231/1082/1873
f 2235/1086/2056 2234/1085/2055 2231/1082/1873
f 2236/1087/2057 2234/1085/2055 2235/1086/2056
f 2237/1088/1860 2236/1087/2057 2235/1086/2056
f 2238/1089/2058 2236/1087/2057 2237/1088/1860
f 2239/1090/2059 2238/1089/2058 2237/1088/1860
f 2240/1091/2060 2238/1089/2058 2239/1090/2059
f 2241/1092/1867 2240/1091/2060 2239/1090/2059
f 2242/1093/2061 2240/1091/2060 2241/1092/1867
f 2243/1094/2062 2242/1093/2061 2241/1092/1867
f 2244/1095/2063 2242/1093/2061 2243/1094/2062
f 2245/1096/1873 2246/1097/2064 2247/1098/114
f 2248/1099/1875 2245/1096/1873 2247/1098/114
f 2249/1100/1876 2248/1099/1875 2247/1098/114
f 2250/1101/1877 2249/1100/1876 2247/1098/114
f 2251/1102/2065 2250/1101/1877 2247/1098/114
f 2252/1103/2066 2251/1102/2065 2247/1098/114
f 2253/1074/2067 2254/1075/2068 2255/1076/2069
f 2256/1077/2070 2254/1075/2068 2253/1074/2067
f 2257/1078/2071 2254/1075/2068 2256/1077/2070
f 2258/1079/2072 2254/1075/2068 2257/1078/2071
f 2259/1080/2073 2254/1075/2068 2258/1079/2072
f 2260/1081/2074 2254/1075/2068 2259/1080/2073
f 2261/1082/2075 2262/1083/2076 2263/1084/2077
f 2264/1085/2078 2262/1083/2076 2261/1082/2075
f 2265/1086/2079 2264/1085/2078 2261/1082/2075
f 2266/1087/2080 2264/1085/2078 2265/1086/2079
f 2267/1088/1888 2266/1087/2080 2265/1086/2079
f 2268/1089/2081 2266/1087/2080 2267/1088/1888
f 2269/1090/2082 2268/1089/2081 2267/1088/1888
f 2270/1091/2083 2268/1089/2081 2269/1090/2082
f 2271/1092/1895 2270/1091/2083 2269/1090/2082
f 2272/1093/2084 2270/1091/2083 2271/1092/1895
f 2273/1094/2085 2272/1093/2084 2271/1092/1895
f 2274/1095/2086 2272/1093/2084 2273/1094/2085
f 2275/1096/2075 2276/1097/1902 2277/1098/114
f 2278/1099/1903 2275/1096/2075 2277/1098/114
f 2279/1100/1904 2278/1099/1903 2277/1098/114
f 2280/1101/2087 2279/1100/1904 2277/1098/114
f 2281/1102/2088 2280/1101/2087 2277/1098/114
f 2282/1103/1907 2281/1102/2088 2277/1098/114
f 2283/1104/2089 2284/1105/2090 2285/1106/2091
f 2285/1106/2091 2286/1107/2092 2287/1108/2093
f 2288/1109/2094 2285/1106/2091 2287/1108/2093
f 2283/1104/2089 2285/1106/2091 2288/1109/2094
f 2289/1110/2095 2290/1111/2096 2291/1112/2097
f 2289/1110/2095 2292/1113/2098 2290/1111/2096
f 2289/1110/2095 2293/1114/2099 2292/1113/2098
f 2293/1114/2099 2294/1115/2100 2295/1116/2101
f 2293/1114/2099 2295/1116/2101 2292/1113/2098
f 2296/1117/1737 2297/1118/2102 2294/1115/2100
f 2294/1115/2100 2297/1118/2102 2295/1116/2101
f 2298/1119/1748 2297/1118/2102 2296/1117/1737
f 2299/1120/2103 2300/1121/2104 2301/1122/2105
f 2302/1123/2106 2301/1122/2105 2303/1124/2107
f 2299/1120/2103 2301/1122/2105 2302/1123/2106
f 2302/1123/2106 2303/1124/2107 2304/1125/2108
f 2304/1125/2108 2303/1124/2107 2283/1104/2089
f 2304/1125/2108 2283/1104/2089 2305/1126/2109
f 2305/1126/2109 2283/1104/2089 2288/1109/2094
f 2288/1109/2094 2287/1108/2093 2306/1127/2110
f 2307/1128/2111 2288/1109/2094 2306/1127/2110
f 2305/1126/2109 2288/1109/2094 2307/1128/2111
f 2290/1111/2096 2292/1113/2098 2308/1129/2112
f 2292/1113/2098 2309/1130/2113 2308/1129/2112
f 2292/1113/2098 2295/1116/2101 2309/1130/2113
f 2295/1116/2101 2297/1118/2102 2310/1131/2114
f 2295/1116/2101 2310/1131/2114 2309/1130/2113
f 2298/1119/1748 2311/1132/2115 2297/1118/2102
f 2297/1118/2102 2312/1133/2116 2310/1131/2114
f 2297/1118/2102 2311/1132/2115 2312/1133/2116
f 2302/1123/2106 2304/1125/2108 2313/1134/2117
f 2314/1135/2118 2302/1123/2106 2313/1134/2117
f 2299/1120/2103 2302/1123/2106 2314/1135/2118
f 2313/1134/2117 2304/1125/2108 2315/1136/2119
f 2304/1125/2108 2305/1126/2109 2315/1136/2119
f 2315/1136/2119 2305/1126/2109 2316/1137/2120
f 2305/1126/2109 2307/1128/2111 2316/1137/2120
f 2316/1137/2120 2307/1128/2111 2317/1138/2121
f 2308/1129/2112 2309/1130/2113 2318/1139/2122
f 2309/1130/2113 2319/1140/2123 2318/1139/2122
f 2309/1130/2113 2310/1131/2114 2319/1140/2123
f 2310/1131/2114 2312/1133/2116 2320/1141/2124
f 2310/1131/2114 2320/1141/2124 2319/1140/2123
f 2311/1132/2115 2321/1142/2125 2312/1133/2116
f 2312/1133/2116 2322/1143/2126 2320/1141/2124
f 2321/1142/2125 2322/1143/2126 2312/1133/2116
f 2323/1144/1770 2321/1142/2125 2311/1132/2115
f 2313/1134/2117 2315/1136/2119 2324/1145/2127
f 2325/1146/2128 2313/1134/2117 2324/1145/2127
f 2314/1135/2118 2313/1134/2117 2325/1146/2128
f 2324/1145/2127 2315/1136/2119 2326/1147/2129
f 2315/1136/2119 2316/1137/2120 2326/1147/2129
f 2326/1147/2129 2316/1137/2120 2327/1148/2130
f 2327/1148/2130 2316/1137/2120 2317/1138/2121
f 2318/1139/2122 2319/1140/2123 2328/1149/2131
f 2319/1140/2123 2329/1150/2132 2328/1149/2131
f 2319/1140/2123 2320/1141/2124 2329/1150/2132
f 2322/1143/2126 2330/1151/2133 2320/1141/2124
f 2320/1141/2124 2330/1151/2133 2329/1150/2132
f 2324/1145/2127 2326/1147/2129 2331/1152/2134
f 2331/1152/2134 2325/1146/2128 2324/1145/2127
f 2321/1142/2125 2323/1144/1770 2332/1153/2135
f 2321/1142/2125 2333/1154/2136 2322/1143/2126
f 2332/1153/2135 2333/1154/2136 2321/1142/2125
f 2333/1154/2136 2334/1155/2137 2322/1143/2126
f 2322/1143/2126 2334/1155/2137 2330/1151/2133
f 2331/1152/2134 2326/1147/2129 2335/1156/2138
f 2326/1147/2129 2327/1148/2130 2335/1156/2138
f 2332/1153/2135 2323/1144/1770 2336/1157/2139
f 2328/1149/2131 2329/1150/2132 2337/1158/2140
f 2329/1150/2132 2338/1159/2141 2337/1158/2140
f 2330/1151/2133 2338/1159/2141 2329/1150/2132
f 2334/1155/2137 2339/1160/2142 2330/1151/2133
f 2330/1151/2133 2339/1160/2142 2338/1159/2141
f 2332/1153/2135 2340/1161/2143 2333/1154/2136
f 2333/1154/2136 2341/1162/2144 2334/1155/2137
f 2340/1161/2143 2341/1162/2144 2333/1154/2136
f 2341/1162/2144 2342/1163/2145 2334/1155/2137
f 2334/1155/2137 2342/1163/2145 2339/1160/2142
f 2336/1157/2139 2343/1164/1790 2332/1153/2135
f 2344/1165/2146 2340/1161/2143 2332/1153/2135
f 2332/1153/2135 2343/1164/1790 2344/1165/2146
f 2339/1160/2142 2345/1166/2147 2338/1159/2141
f 2338/1159/2141 2346/1167/2148 2337/1158/2140
f 2338/1159/2141 2345/1166/2147 2346/1167/2148
f 2342/1163/2145 2347/1168/2149 2339/1160/2142
f 2339/1160/2142 2347/1168/2149 2345/1166/2147
f 2343/1164/1790 2348/1169/2150 2344/1165/2146
f 2344/1165/2146 2348/1169/2150 2340/1161/2143
f 2340/1161/2143 2348/1169/2150 2349/1170/2151
f 2340/1161/2143 2349/1170/2151 2341/1162/2144
f 2341/1162/2144 2350/1171/2152 2342/1163/2145
f 2341/1162/2144 2349/1170/2151 2350/1171/2152
f 2342/1163/2145 2350/1171/2152 2351/1172/2153
f 2342/1163/2145 2351/1172/2153 2347/1168/2149
f 2352/1173/1911 2348/1169/2150 2343/1164/1790
f 2348/1169/2150 2352/1173/1911 2353/1174/2154
f 2348/1169/2150 2353/1174/2154 2349/1170/2151
f 2349/1170/2151 2353/1174/2154 2354/1175/2155
f 2349/1170/2151 2354/1175/2155 2350/1171/2152
f 2347/1168/2149 2355/1176/2156 2345/1166/2147
f 2346/1167/2148 2345/1166/2147 2356/1177/2157
f 2345/1166/2147 2355/1176/2156 2356/1177/2157
f 2347/1168/2149 2351/1172/2153 2357/1178/2158
f 2347/1168/2149 2357/1178/2158 2355/1176/2156
f 2350/1171/2152 2358/1179/2159 2351/1172/2153
f 2350/1171/2152 2354/1175/2155 2358/1179/2159
f 2351/1172/2153 2358/1179/2159 2359/1180/2160
f 2351/1172/2153 2359/1180/2160 2357/1178/2158
f 2353/1174/2154 2352/1173/1911 2360/1181/2161
f 2360/1181/2161 2361/1182/2162 2353/1174/2154
f 2353/1174/2154 2362/1183/2163 2354/1175/2155
f 2353/1174/2154 2361/1182/2162 2362/1183/2163
f 2354/1175/2155 2362/1183/2163 2363/1184/2164
f 2354/1175/2155 2363/1184/2164 2358/1179/2159
f 2358/1179/2159 2364/1185/2165 2359/1180/2160
f 2358/1179/2159 2363/1184/2164 2364/1185/2165
f 2355/1176/2156 2357/1178/2158 2365/1186/2166
f 2357/1178/2158 2359/1180/2160 2366/1187/2167
f 2357/1178/2158 2366/1187/2167 2365/1186/2166
f 2359/1180/2160 2364/1185/2165 2367/1188/2168
f 2359/1180/2160 2367/1188/2168 2366/1187/2167
f 2366/1187/2167 2367/1188/2168 2368/1189/2169
f 2366/1187/2167 2368/1189/2169 2365/1186/2166
f 2361/1182/2162 2369/1190/2170 2362/1183/2163
f 2362/1183/2163 2369/1190/2170 2370/1191/2171
f 2362/1183/2163 2371/1192/2172 2363/1184/2164
f 2370/1191/2171 2371/1192/2172 2362/1183/2163
f 2371/1192/2172 2372/1193/2173 2363/1184/2164
f 2363/1184/2164 2372/1193/2173 2364/1185/2165
f 2372/1193/2173 2373/1194/2174 2364/1185/2165
f 2364/1185/2165 2373/1194/2174 2367/1188/2168
f 2373/1194/2174 2374/1195/2175 2367/1188/2168
f 2367/1188/2168 2374/1195/2175 2368/1189/2169
f 2368/1189/2169 2374/1195/2175 2375/1196/2176
f 2365/1186/2166 2368/1189/2169 2375/1196/2176
f 2369/1190/2170 2376/1197/2177 2370/1191/2171
f 2370/1191/2171 2376/1197/2177 2371/1192/2172
f 2371/1192/2172 2376/1197/2177 2377/1198/2178
f 2371/1192/2172 2377/1198/2178 2372/1193/2173
f 2372/1193/2173 2378/1199/2179 2373/1194/2174
f 2372/1193/2173 2377/1198/2178 2378/1199/2179
f 2379/1200/2180 2376/1197/2177 2369/1190/2170
f 2373/1194/2174 2378/1199/2179 2380/1201/2181
f 2373/1194/2174 2381/1202/2182 2374/1195/2175
f 2380/1201/2181 2381/1202/2182 2373/1194/2174
f 2381/1202/2182 2382/1203/2183 2374/1195/2175
f 2374/1195/2175 2382/1203/2183 2375/1196/2176
f 2376/1197/2177 2379/1200/2180 2383/1204/2184
f 2376/1197/2177 2384/1205/2185 2377/1198/2178
f 2383/1204/2184 2384/1205/2185 2376/1197/2177
f 2384/1205/2185 2385/1206/2186 2377/1198/2178
f 2377/1198/2178 2385/1206/2186 2378/1199/2179
f 2385/1206/2186 2386/1207/2187 2378/1199/2179
f 2378/1199/2179 2386/1207/2187 2380/1201/2181
f 2386/1207/2187 2387/1208/2188 2380/1201/2181
f 2380/1201/2181 2387/1208/2188 2381/1202/2182
f 2381/1202/2182 2387/1208/2188 2382/1203/2183
f 2383/1204/2184 2379/1200/2180 2388/1209/2189
f 2387/1208/2188 2389/1210/2190 2382/1203/2183
f 2386/1207/2187 2390/1211/2191 2387/1208/2188
f 2390/1211/2191 2389/1210/2190 2387/1208/2188
f 2385/1206/2186 2391/1212/2192 2386/1207/2187
f 2391/1212/2192 2390/1211/2191 2386/1207/2187
f 2392/1213/2193 2391/1212/2192 2385/1206/2186
f 2384/1205/2185 2392/1213/2193 2385/1206/2186
f 2383/1204/2184 2393/1214/2194 2384/1205/2185
f 2393/1214/2194 2392/1213/2193 2384/1205/2185
f 2388/1209/2189 2394/1215/1953 2383/1204/2184
f 2395/1216/2195 2393/1214/2194 2383/1204/2184
f 2383/1204/2184 2394/1215/1953 2395/1216/2195
f 2396/1217/1984 2397/1218/2196 2398/1219/2197
f 2396/1217/1984 2398/1219/2197 2399/1220/1981
f 2398/1219/2197 2397/1218/2196 2300/1121/2104
f 2399/1220/1981 2398/1219/2197 2400/1221/2198
f 2398/1219/2197 2299/1120/2103 2400/1221/2198
f 2398/1219/2197 2300/1121/2104 2299/1120/2103
f 2401/1222/2199 2399/1220/1981 2400/1221/2198
f 2400/1221/2198 2314/1135/2118 2401/1222/2199
f 2400/1221/2198 2299/1120/2103 2314/1135/2118
f 2402/1223/2200 2399/1220/1981 2401/1222/2199
f 2401/1222/2199 2314/1135/2118 2325/1146/2128
f 2403/1224/2201 2402/1223/2200 2401/1222/2199
f 2404/1225/2202 2401/1222/2199 2325/1146/2128
f 2403/1224/2201 2401/1222/2199 2404/1225/2202
f 2405/1226/2203 2402/1223/2200 2403/1224/2201
f 2404/1225/2202 2325/1146/2128 2331/1152/2134
f 2403/1224/2201 2406/1227/2204 2405/1226/2203
f 2407/1228/2205 2406/1227/2204 2403/1224/2201
f 2403/1224/2201 2404/1225/2202 2407/1228/2205
f 2407/1228/2205 2404/1225/2202 2408/1229/2206
f 2404/1225/2202 2331/1152/2134 2408/1229/2206
f 2409/1230/2207 2406/1227/2204 2407/1228/2205
f 2410/1231/2208 2407/1228/2205 2408/1229/2206
f 2409/1230/2207 2407/1228/2205 2410/1231/2208
f 2411/1232/1967 2406/1227/2204 2409/1230/2207
f 2408/1229/2206 2331/1152/2134 2412/1233/2209
f 2413/1234/2210 2408/1229/2206 2412/1233/2209
f 2410/1231/2208 2408/1229/2206 2413/1234/2210
f 2414/1235/2211 2411/1232/1967 2409/1230/2207
f 2415/1236/2212 2409/1230/2207 2410/1231/2208
f 2414/1235/2211 2409/1230/2207 2415/1236/2212
f 2415/1236/2212 2410/1231/2208 2416/1237/2213
f 2416/1237/2213 2410/1231/2208 2413/1234/2210
f 2412/1233/2209 2331/1152/2134 2417/1238/2214
f 2417/1238/2214 2331/1152/2134 2335/1156/2138
f 2413/1234/2210 2412/1233/2209 2418/1239/2215
f 2418/1239/2215 2412/1233/2209 2417/1238/2214
f 2416/1237/2213 2413/1234/2210 2419/1240/2216
f 2419/1240/2216 2413/1234/2210 2418/1239/2215
f 2420/1241/2217 2411/1232/1967 2414/1235/2211
f 2421/1242/2194 2414/1235/2211 2415/1236/2212
f 2422/1243/2218 2415/1236/2212 2416/1237/2213
f 2421/1242/2194 2415/1236/2212 2422/1243/2218
f 2422/1243/2218 2416/1237/2213 2423/1244/2192
f 2423/1244/2192 2416/1237/2213 2419/1240/2216
f 2420/1241/2217 2414/1235/2211 2424/1245/1953
f 2425/1246/2195 2414/1235/2211 2421/1242/2194
f 2424/1245/1953 2414/1235/2211 2425/1246/2195
f 2417/1238/2214 2335/1156/2138 2426/1247/2219
f 2427/1248/2220 2417/1238/2214 2426/1247/2219
f 2418/1239/2215 2417/1238/2214 2427/1248/2220
f 2419/1240/2216 2418/1239/2215 2428/1249/2221
f 2428/1249/2221 2418/1239/2215 2427/1248/2220
f 2423/1244/2192 2419/1240/2216 2429/1250/2222
f 2429/1250/2222 2419/1240/2216 2428/1249/2221
f 2427/1248/2220 2426/1247/2219 2430/1251/2223
f 2428/1249/2221 2427/1248/2220 2430/1251/2223
f 2429/1250/2222 2428/1249/2221 2431/1252/2190
f 2431/1252/2190 2428/1249/2221 2430/1251/2223
f 2430/1251/2223 2426/1247/2219 2432/1253/2224
f 2426/1247/2219 2433/1254/2225 2432/1253/2224
f 2426/1247/2219 2335/1156/2138 2433/1254/2225
f 2433/1254/2225 2317/1138/2121 2432/1253/2224
f 2335/1156/2138 2327/1148/2130 2433/1254/2225
f 2327/1148/2130 2317/1138/2121 2433/1254/2225
f 2337/1158/2140 2434/1255/2226 2328/1149/2131
f 2337/1158/2140 2346/1167/2148 2434/1255/2226
f 2346/1167/2148 2356/1177/2157 2434/1255/2226
f 2328/1149/2131 2434/1255/2226 2435/1256/2227
f 2435/1256/2227 2434/1255/2226 2436/1257/2228
f 2434/1255/2226 2356/1177/2157 2436/1257/2228
f 2328/1149/2131 2435/1256/2227 2318/1139/2122
f 2318/1139/2122 2435/1256/2227 2437/1258/2229
f 2438/1259/2230 2435/1256/2227 2436/1257/2228
f 2437/1258/2229 2435/1256/2227 2438/1259/2230
f 2439/1260/2231 2318/1139/2122 2437/1258/2229
f 2439/1260/2231 2437/1258/2229 2438/1259/2230
f 2308/1129/2112 2318/1139/2122 2439/1260/2231
f 2440/1261/2232 2439/1260/2231 2438/1259/2230
f 2441/1262/2233 2308/1129/2112 2439/1260/2231
f 2441/1262/2233 2439/1260/2231 2440/1261/2232
f 2290/1111/2096 2308/1129/2112 2441/1262/2233
f 2290/1111/2096 2441/1262/2233 2442/1263/2234
f 2441/1262/2233 2440/1261/2232 2443/1264/2235
f 2442/1263/2234 2441/1262/2233 2443/1264/2235
f 2444/1265/2236 2445/1266/2237 2446/1267/2238
f 2444/1265/2236 2447/1268/1709 2445/1266/2237
f 2446/1267/2238 2445/1266/2237 2448/1269/2239
f 2448/1269/2239 2449/1270/1711 2446/1267/2238
f 2445/1266/2237 2447/1268/1709 2450/1271/2240
f 2445/1266/2237 2450/1271/2240 2451/1272/2241
f 2452/1273/2242 2445/1266/2237 2451/1272/2241
f 2448/1269/2239 2445/1266/2237 2452/1273/2242
f 2447/1268/1709 2453/1274/2243 2450/1271/2240
f 2454/1275/2244 2449/1270/1711 2448/1269/2239
f 2455/1276/2245 2448/1269/2239 2452/1273/2242
f 2454/1275/2244 2448/1269/2239 2455/1276/2245
f 2449/1270/1711 2454/1275/2244 2456/1277/1718
f 2452/1273/2242 2451/1272/2241 2457/1278/2246
f 2458/1279/2247 2452/1273/2242 2457/1278/2246
f 2455/1276/2245 2452/1273/2242 2458/1279/2247
f 2451/1272/2241 2450/1271/2240 2459/1280/2248
f 2457/1278/2246 2451/1272/2241 2460/1281/2249
f 2451/1272/2241 2459/1280/2248 2460/1281/2249
f 2450/1271/2240 2453/1274/2243 2461/1282/2250
f 2450/1271/2240 2462/1283/2251 2459/1280/2248
f 2461/1282/2250 2462/1283/2251 2450/1271/2240
f 2453/1274/2243 2463/1284/1725 2461/1282/2250
f 2456/1277/1718 2454/1275/2244 2464/1285/2252
f 2465/1286/2253 2454/1275/2244 2455/1276/2245
f 2464/1285/2252 2454/1275/2244 2465/1286/2253
f 2465/1286/2253 2455/1276/2245 2284/1105/2090
f 2284/1105/2090 2455/1276/2245 2458/1279/2247
f 2461/1282/2250 2463/1284/1725 2466/1287/2254
f 2461/1282/2250 2466/1287/2254 2462/1283/2251
f 2464/1285/2252 2397/1218/2196 2456/1277/1718
f 2458/1279/2247 2457/1278/2246 2286/1107/2092
f 2285/1106/2091 2458/1279/2247 2286/1107/2092
f 2284/1105/2090 2458/1279/2247 2285/1106/2091
f 2462/1283/2251 2289/1110/2095 2459/1280/2248
f 2460/1281/2249 2459/1280/2248 2291/1112/2097
f 2459/1280/2248 2289/1110/2095 2291/1112/2097
f 2462/1283/2251 2466/1287/2254 2293/1114/2099
f 2462/1283/2251 2293/1114/2099 2289/1110/2095
f 2466/1287/2254 2463/1284/1725 2294/1115/2100
f 2466/1287/2254 2294/1115/2100 2293/1114/2099
f 2294/1115/2100 2463/1284/1725 2296/1117/1737
f 2300/1121/2104 2397/1218/2196 2464/1285/2252
f 2301/1122/2105 2464/1285/2252 2465/1286/2253
f 2300/1121/2104 2464/1285/2252 2301/1122/2105
f 2301/1122/2105 2465/1286/2253 2303/1124/2107
f 2303/1124/2107 2465/1286/2253 2284/1105/2090
f 2303/1124/2107 2284/1105/2090 2283/1104/2089
f 2443/1264/2235 2440/1261/2232 2467/1288/2255
f 2291/1112/2097 2290/1111/2096 2442/1263/2234
f 2291/1112/2097 2442/1263/2234 2460/1281/2249
f 2442/1263/2234 2443/1264/2235 2468/1289/2256
f 2460/1281/2249 2442/1263/2234 2468/1289/2256
f 2468/1289/2256 2443/1264/2235 2469/1290/2257
f 2469/1290/2257 2443/1264/2235 2467/1288/2255
f 2460/1281/2249 2468/1289/2256 2457/1278/2246
f 2457/1278/2246 2468/1289/2256 2470/1291/2258
f 2468/1289/2256 2469/1290/2257 2470/1291/2258
f 2470/1291/2258 2469/1290/2257 2471/1292/2259
f 2469/1290/2257 2467/1288/2255 2471/1292/2259
f 2471/1292/2259 2467/1288/2255 2472/1293/2260
f 2473/1294/2261 2470/1291/2258 2471/1292/2259
f 2473/1294/2261 2471/1292/2259 2472/1293/2260
f 2286/1107/2092 2457/1278/2246 2470/1291/2258
f 2286/1107/2092 2470/1291/2258 2473/1294/2261
f 2306/1127/2110 2473/1294/2261 2472/1293/2260
f 2287/1108/2093 2286/1107/2092 2473/1294/2261
f 2287/1108/2093 2473/1294/2261 2306/1127/2110
l 1847 1846
l 1846 1848
l 1848 1849
l 1849 1850
l 1850 1851
l 1851 1852
l 1852 1853
l 1853 1854
l 1854 1855
l 1855 1856
l 1856 1857
l 1857 1858
l 1858 1859
l 1859 1860
l 1860 1861
l 1861 1862
o rotate
v -0.046417 0.348633 -0.044434
v -0.024185 0.580566 -0.058838
v -0.024185 0.348633 -0.058838
v -0.046417 0.581055 -0.044434
v -0.059845 0.580566 -0.024384
v -0.059845 0.348633 -0.024384
v -0.064941 0.348633 0.001060
v -0.064941 0.580566 0.001060
v -0.060425 0.348633 0.027252
v -0.060425 0.580566 0.027252
v -0.045044 0.348633 0.049286
v -0.045044 0.580566 0.049286
v -0.023926 0.348633 0.062927
v -0.023926 0.580566 0.062927
v 0.000349 0.348633 0.067261
v 0.000349 0.580566 0.067261
v 0.024414 0.348633 0.061951
v 0.024414 0.580566 0.061951
v 0.045502 0.348633 0.046997
v 0.045502 0.580566 0.046997
v 0.058868 0.348633 0.025467
v 0.058868 0.580566 0.025467
v 0.063110 0.348633 0.001060
v 0.063110 0.580566 0.001061
v 0.057922 0.580566 -0.023865
v 0.057922 0.348389 -0.023865
v 0.043121 0.348633 -0.045746
v 0.043121 0.580566 -0.045746
v 0.022614 0.348633 -0.058746
v 0.022614 0.580566 -0.058746
v -0.000423 0.348633 -0.063538
v -0.000423 0.580566 -0.063538
v -0.024185 0.348633 -0.058838
v -0.024185 0.580566 -0.058838
v -0.106934 0.796387 -0.106079
v -0.055145 1.336914 -0.139648
v -0.055145 0.796387 -0.139648
v -0.106934 1.337891 -0.106079
v -0.138306 1.336914 -0.059326
v -0.138306 0.796387 -0.059326
v -0.150269 0.796387 -0.000012
v -0.150269 1.336914 -0.000012
v -0.139648 0.796387 0.061035
v -0.139648 1.336914 0.061035
v -0.103821 0.796387 0.112427
v -0.103821 1.336914 0.112427
v -0.054535 0.796387 0.144165
v -0.054535 1.336914 0.144165
v 0.002062 0.796387 0.154297
v 0.002062 1.336914 0.154297
v 0.058167 0.796387 0.141968
v 0.058167 1.336914 0.141968
v 0.107361 0.796387 0.107056
v 0.107361 1.336914 0.107056
v 0.138428 0.796387 0.056885
v 0.138428 1.336914 0.056885
v 0.148315 0.796387 -0.000009
v 0.148315 1.336914 -0.000009
v 0.136230 1.336914 -0.058105
v 0.136230 0.795898 -0.058105
v 0.101807 0.796387 -0.109131
v 0.101807 1.336914 -0.109131
v 0.053955 0.796387 -0.139526
v 0.053955 1.336914 -0.139526
v 0.000262 0.796387 -0.150635
v 0.000262 1.336914 -0.150635
v -0.055145 0.796387 -0.139648
v -0.055145 1.336914 -0.139648
v -0.070496 1.541992 -0.177978
v -0.134155 1.524414 -0.139770
v -0.131104 1.541992 -0.136841
v -0.072144 1.524414 -0.181885
v 0.000151 1.541992 -0.192627
v -0.068848 1.484375 -0.174072
v -0.132568 1.484375 -0.131958
v 0.000733 1.484375 -0.186768
v 0.000757 1.524414 -0.196655
v -0.056396 1.452148 -0.141724
v 0.070801 1.541992 -0.178711
v -0.108521 1.452148 -0.107605
v 0.002962 1.453125 -0.152100
v 0.066772 1.484375 -0.173218
v 0.072327 1.524414 -0.182617
v 0.130981 1.541016 -0.139160
v -0.107971 1.424805 -0.107544
v -0.055756 1.424805 -0.140747
v 0.000396 1.424805 -0.151733
v 0.055786 1.452148 -0.140747
v 0.054169 1.424805 -0.142700
v 0.126221 1.484375 -0.134399
v 0.133911 1.523438 -0.142212
v 0.103699 1.452148 -0.109619
v 0.103149 1.424805 -0.110474
v 0.169312 1.484375 -0.071533
v 0.179077 1.524414 -0.075256
v 0.175293 1.541992 -0.073669
v 0.138794 1.453125 -0.059112
v 0.138550 1.424805 -0.059845
v 0.183594 1.484375 -0.000068
v 0.192993 1.524414 -0.000113
v 0.188843 1.541992 -0.000113
v 0.150513 1.452148 -0.000068
v 0.151123 1.424805 -0.000381
v 0.180908 1.523438 0.068176
v 0.177124 1.541016 0.066589
v 0.140503 1.452148 0.055176
v 0.172119 1.484375 0.068726
v 0.140015 1.424805 0.055359
v 0.109497 1.452148 0.107422
v 0.141968 1.524414 0.134033
v 0.138916 1.541992 0.131104
v 0.134766 1.484375 0.132690
v 0.109009 1.424805 0.107178
v 0.060150 1.452148 0.144043
v 0.073303 1.524414 0.181274
v 0.071716 1.541992 0.177368
v 0.071533 1.484375 0.177368
v 0.058533 1.424805 0.144653
v 0.002287 1.452148 0.156738
v 0.000150 1.524414 0.195679
v 0.000150 1.541992 0.191406
v 0.000057 1.484375 0.192871
v -0.069946 1.524414 0.181885
v 0.000396 1.424805 0.156738
v -0.058624 1.452148 0.146118
v -0.070679 1.484375 0.179565
v -0.068359 1.541992 0.177979
v -0.132324 1.522461 0.141357
v -0.129150 1.541016 0.138794
v -0.127686 1.483398 0.135742
v -0.057922 1.424805 0.145630
v -0.107117 1.452148 0.111511
v -0.107239 1.424805 0.111755
v -0.171143 1.484375 0.073914
v -0.172119 1.541992 0.073914
v -0.177002 1.524414 0.075867
v -0.191040 1.524414 -0.000113
v -0.140991 1.452148 0.061188
v -0.140137 1.424805 0.060913
v -0.150513 1.452148 -0.000068
v -0.187988 1.484375 -0.000068
v -0.186890 1.541992 -0.000113
v -0.172363 1.484375 -0.072205
v -0.175171 1.524414 -0.077698
v -0.150635 1.424805 -0.000381
v -0.140625 1.453125 -0.059601
v -0.132568 1.484375 -0.131958
v -0.171265 1.541992 -0.076111
v -0.134155 1.524414 -0.139770
v -0.131104 1.541992 -0.136841
v -0.138428 1.424805 -0.059845
v -0.108521 1.452148 -0.107605
v -0.107971 1.424805 -0.107544
v 0.175293 1.541992 -0.073669
v 0.130981 1.541016 -0.139160
v 0.000038 1.541992 -0.000069
v 0.188843 1.541992 -0.000113
v 0.175293 1.541992 -0.073669
v 0.000038 1.541992 -0.000069
v 0.177124 1.541016 0.066589
v 0.188843 1.541992 -0.000113
v 0.000038 1.541992 -0.000069
v 0.138916 1.541992 0.131104
v 0.177124 1.541016 0.066589
v 0.000038 1.541992 -0.000069
v 0.071716 1.541992 0.177368
v 0.138916 1.541992 0.131104
v 0.000038 1.541992 -0.000069
v 0.000150 1.541992 0.191406
v 0.071716 1.541992 0.177368
v 0.000038 1.541992 -0.000069
v -0.068359 1.541992 0.177979
v 0.000150 1.541992 0.191406
v 0.000038 1.541992 -0.000069
v -0.172119 1.541992 0.073914
v -0.129150 1.541016 0.138794
v 0.000038 1.541992 -0.000069
v -0.171265 1.541992 -0.076111
v -0.186890 1.541992 -0.000113
v 0.000038 1.541992 -0.000069
v -0.131104 1.541992 -0.136841
v -0.171265 1.541992 -0.076111
v 0.000038 1.541992 -0.000069
v -0.070496 1.541992 -0.177978
v -0.131104 1.541992 -0.136841
v 0.000038 1.541992 -0.000069
v 0.000151 1.541992 -0.192627
v -0.070496 1.541992 -0.177978
v 0.000038 1.541992 -0.000069
v 0.070801 1.541992 -0.178711
v 0.000151 1.541992 -0.192627
v 0.000038 1.541992 -0.000069
v 0.130981 1.541016 -0.139160
v 0.070801 1.541992 -0.178711
v 0.000038 1.541992 -0.000069
v -0.186890 1.541992 -0.000113
v -0.172119 1.541992 0.073914
v 0.000038 1.541992 -0.000069
v -0.129150 1.541016 0.138794
v -0.068359 1.541992 0.177979
v 0.000038 1.541992 -0.000069
v -0.038849 0.564453 -0.037170
v -0.028473 0.575684 -0.071533
v -0.019928 0.564453 -0.049164
v -0.055634 0.575684 -0.054108
v -0.038116 0.598633 -0.096741
v -0.072083 0.575684 -0.028046
v -0.050140 0.564453 -0.019073
v -0.096741 0.598145 -0.038116
v -0.074524 0.598633 -0.073120
v -0.045441 0.627930 -0.116150
v -0.077942 0.575684 0.002035
v -0.054321 0.564453 0.001970
v -0.115601 0.627930 -0.045990
v -0.088989 0.628418 -0.087891
v -0.124939 0.627930 0.002182
v -0.104553 0.598145 0.002131
v -0.129028 0.662109 -0.051361
v -0.050659 0.662109 -0.129761
v -0.099182 0.662598 -0.098206
v -0.071533 0.575684 0.033478
v -0.049805 0.564453 0.023972
v -0.095947 0.598145 0.044128
v -0.139282 0.662109 0.002239
v -0.114624 0.627930 0.052460
v -0.147217 0.703125 0.002262
v -0.136230 0.703125 -0.054382
v -0.127808 0.662109 0.058197
v -0.053467 0.703125 -0.137329
v -0.104797 0.703125 -0.103882
v -0.053802 0.575684 0.059204
v -0.037476 0.564453 0.041840
v -0.072266 0.598145 0.078674
v -0.086304 0.627930 0.093811
v -0.135010 0.703125 0.061401
v -0.096252 0.662109 0.104370
v -0.028412 0.575684 0.075501
v -0.019882 0.564453 0.053070
v -0.038055 0.598633 0.100708
v -0.045380 0.627930 0.120117
v -0.101685 0.703125 0.110168
v -0.050598 0.662109 0.133789
v 0.000592 0.575684 0.080627
v 0.000103 0.564453 0.056580
v 0.001137 0.598633 0.107666
v 0.001549 0.627930 0.128540
v -0.053436 0.703125 0.141357
v 0.001842 0.662109 0.143189
v 0.039978 0.598633 0.099121
v 0.029327 0.575684 0.074341
v 0.048065 0.627930 0.118286
v 0.053833 0.662109 0.131714
v 0.019867 0.564453 0.052307
v 0.002001 0.703125 0.151245
v 0.056946 0.703125 0.139038
v 0.089294 0.627930 0.088928
v 0.074463 0.598145 0.074585
v 0.055023 0.575684 0.056152
v 0.099792 0.662109 0.098938
v 0.105530 0.703125 0.104431
v 0.037720 0.564453 0.039734
v 0.128784 0.662109 0.051300
v 0.115234 0.627930 0.046204
v 0.096130 0.598145 0.038910
v 0.071167 0.575684 0.029480
v 0.136108 0.703125 0.054108
v 0.048950 0.564453 0.021103
v 0.145264 0.703125 0.000085
v 0.137451 0.662109 0.000181
v 0.123047 0.627930 0.000434
v 0.102661 0.598145 0.000671
v 0.075989 0.575684 0.000985
v 0.052246 0.564453 0.001233
v 0.134766 0.702637 -0.057037
v 0.127441 0.661621 -0.053864
v 0.114136 0.627441 -0.048157
v 0.095154 0.598145 -0.039917
v 0.070496 0.575195 -0.029373
v 0.048615 0.564453 -0.019989
v 0.094666 0.662109 -0.100891
v 0.084595 0.627930 -0.090332
v 0.070557 0.598145 -0.075195
v 0.052032 0.575684 -0.055634
v 0.035645 0.564453 -0.038177
v 0.100098 0.703125 -0.106689
v 0.049469 0.662109 -0.130005
v 0.044128 0.627930 -0.116333
v 0.036713 0.598633 -0.096863
v 0.026855 0.575684 -0.071655
v 0.018127 0.564453 -0.049225
v 0.052338 0.703125 -0.137451
v 0.001842 0.662109 -0.139404
v 0.001629 0.627930 -0.124756
v 0.001204 0.598633 -0.103943
v 0.000791 0.575684 -0.076843
v 0.000389 0.564453 -0.052765
v 0.002001 0.703125 -0.147461
v -0.053467 0.703125 -0.137329
v -0.050659 0.662109 -0.129761
v -0.045441 0.627930 -0.116150
v -0.038116 0.598633 -0.096741
v -0.028473 0.575684 -0.071533
v -0.019928 0.564453 -0.049164
v -0.050385 0.348633 -0.048492
v -0.026230 0.581543 -0.064148
v -0.026230 0.348633 -0.064148
v -0.050385 0.581543 -0.048492
v -0.065002 0.581543 -0.026688
v -0.065002 0.348633 -0.026688
v -0.070618 0.348633 0.000989
v -0.070618 0.581543 0.000989
v -0.065613 0.348633 0.029480
v -0.065613 0.581543 0.029480
v -0.048920 0.348633 0.053467
v -0.048920 0.581543 0.053467
v -0.025940 0.348633 0.068298
v -0.025940 0.581543 0.068298
v 0.000462 0.348633 0.072998
v 0.000462 0.581543 0.072998
v 0.026642 0.348633 0.067200
v 0.026642 0.581543 0.067200
v 0.049591 0.348633 0.050934
v 0.049591 0.581543 0.050934
v 0.064087 0.348633 0.027542
v 0.064087 0.581543 0.027542
v 0.068726 0.348633 0.000990
v 0.068726 0.581543 0.000990
v 0.063110 0.581543 -0.026123
v 0.063110 0.348389 -0.026123
v 0.046997 0.348633 -0.049927
v 0.046997 0.581543 -0.049927
v 0.024673 0.348633 -0.064087
v 0.024673 0.581543 -0.064087
v -0.000378 0.348633 -0.069275
v -0.000378 0.581543 -0.069275
v -0.026230 0.348633 -0.064148
v -0.026230 0.581543 -0.064148
v -0.049500 0.564453 -0.048187
v -0.033630 0.575684 -0.085327
v -0.025253 0.563965 -0.063538
v -0.065857 0.575684 -0.064636
v -0.042603 0.598633 -0.108582
v -0.085388 0.575684 -0.033661
v -0.063965 0.563965 -0.024963
v -0.108276 0.598633 -0.042908
v -0.083374 0.598633 -0.082153
v -0.049927 0.628418 -0.128052
v -0.092407 0.575684 0.002066
v -0.069336 0.563965 0.001989
v -0.127197 0.628418 -0.050812
v -0.097839 0.628906 -0.096985
v -0.137451 0.628418 0.002214
v -0.117004 0.598633 0.002163
v -0.140503 0.663086 -0.056122
v -0.055084 0.663086 -0.141602
v -0.107971 0.663574 -0.107117
v -0.084778 0.575684 0.039398
v -0.063538 0.563965 0.030182
v -0.107361 0.598633 0.049225
v -0.151733 0.663086 0.002274
v -0.126099 0.628418 0.057556
v -0.159546 0.704102 0.002295
v -0.147827 0.704102 -0.059174
v -0.139160 0.663086 0.063232
v -0.057953 0.704102 -0.149170
v -0.113586 0.704590 -0.112854
v -0.063721 0.575684 0.069946
v -0.047729 0.563965 0.053101
v -0.080811 0.598633 0.087952
v -0.094910 0.628418 0.103088
v -0.146484 0.704102 0.066467
v -0.104797 0.663086 0.113525
v -0.033569 0.575684 0.089294
v -0.025192 0.563965 0.067444
v -0.042542 0.598633 0.112610
v -0.049866 0.628418 0.132080
v -0.110291 0.704102 0.119385
v -0.055054 0.663086 0.145630
v 0.000885 0.575684 0.095398
v 0.000416 0.564453 0.071960
v 0.001387 0.598633 0.120422
v 0.001800 0.628418 0.141235
v -0.057892 0.704102 0.153198
v 0.002090 0.663086 0.155762
v 0.044922 0.598633 0.110840
v 0.035004 0.575684 0.087952
v 0.053009 0.628418 0.130005
v 0.058746 0.663086 0.143311
v 0.025742 0.563965 0.066467
v 0.002251 0.704102 0.163940
v 0.061890 0.704102 0.150757
v 0.098389 0.628418 0.097717
v 0.083496 0.598633 0.083374
v 0.065491 0.575684 0.066345
v 0.108826 0.663086 0.107605
v 0.114624 0.704102 0.113159
v 0.048645 0.563965 0.050354
v 0.140381 0.663086 0.055725
v 0.126953 0.628418 0.050690
v 0.107849 0.598633 0.043365
v 0.084717 0.575684 0.034668
v 0.147827 0.704102 0.058563
v 0.063049 0.563965 0.026505
v 0.157715 0.704102 -0.000066
v 0.149780 0.663086 0.000030
v 0.135498 0.628418 0.000290
v 0.115112 0.598633 0.000527
v 0.090393 0.575684 0.000818
v 0.067261 0.563965 0.001046
v 0.146362 0.703613 -0.062042
v 0.138916 0.662598 -0.058838
v 0.125732 0.627930 -0.053192
v 0.106750 0.598145 -0.044952
v 0.083923 0.575195 -0.035248
v 0.062561 0.563965 -0.026138
v 0.061981 0.575684 -0.066406
v 0.079163 0.598633 -0.084473
v 0.093262 0.628418 -0.099670
v 0.103210 0.663086 -0.110046
v 0.108704 0.704102 -0.115906
v 0.045990 0.563965 -0.049469
v 0.032074 0.575684 -0.085449
v 0.023529 0.564453 -0.063599
v 0.041229 0.598633 -0.108765
v 0.048645 0.628418 -0.128174
v 0.053986 0.663086 -0.141724
v 0.056854 0.704102 -0.149292
v 0.001121 0.575684 -0.091614
v 0.000782 0.564453 -0.068115
v 0.001463 0.598633 -0.116638
v 0.001888 0.628418 -0.137573
v 0.002090 0.663086 -0.152100
v 0.002251 0.704102 -0.160156
v -0.042603 0.598633 -0.108582
v -0.033630 0.575684 -0.085327
v -0.049927 0.628418 -0.128052
v -0.055084 0.663086 -0.141602
v -0.057953 0.704102 -0.149170
v -0.025253 0.563965 -0.063538
v -0.087036 1.648438 -0.218872
v -0.165283 1.626953 -0.171997
v -0.161621 1.648438 -0.168335
v -0.088989 1.626953 -0.223755
v -0.000036 1.648438 -0.236938
v -0.076111 1.487305 -0.192139
v -0.146484 1.487305 -0.145630
v 0.000710 1.487305 -0.206055
v 0.000710 1.626953 -0.241943
v 0.086914 1.648438 -0.219849
v -0.118591 1.452148 -0.117676
v -0.061096 1.452148 -0.155273
v 0.000710 1.453125 -0.166260
v 0.073547 1.487305 -0.191162
v 0.088806 1.626953 -0.224731
v 0.161011 1.647461 -0.171265
v 0.164551 1.625977 -0.174927
v -0.118591 1.424805 -0.117676
v -0.061096 1.424805 -0.155273
v 0.000710 1.424805 -0.166260
v 0.059021 1.452148 -0.154175
v 0.139160 1.487305 -0.148315
v 0.186768 1.487305 -0.078857
v 0.220215 1.626953 -0.092529
v 0.215454 1.648438 -0.090576
v 0.059021 1.424805 -0.154175
v 0.111877 1.452148 -0.119873
v 0.150635 1.453125 -0.064148
v 0.202515 1.487305 -0.000023
v 0.237305 1.626953 -0.000023
v 0.232178 1.648438 -0.000023
v 0.111877 1.424805 -0.119873
v 0.150635 1.424805 -0.064148
v 0.163574 1.452148 -0.000023
v 0.222534 1.625000 0.084045
v 0.217773 1.646484 0.082092
v 0.153809 1.452148 0.060944
v 0.189941 1.487305 0.075867
v 0.163574 1.424805 -0.000023
v 0.174438 1.626953 0.165161
v 0.170776 1.648438 0.161377
v 0.120789 1.452148 0.118591
v 0.153809 1.424805 0.060944
v 0.148560 1.487305 0.146484
v 0.090027 1.626953 0.223267
v 0.147217 1.450195 0.058044
v 0.185669 1.489258 0.073914
v 0.114990 1.450195 0.112976
v 0.149536 1.425781 0.059021
v 0.170898 1.626953 0.161743
v 0.218018 1.625977 0.082275
v 0.166870 1.643555 0.157593
v 0.212646 1.642578 0.080139
v 0.145264 1.489258 0.142822
v 0.116455 1.425781 0.114258
v 0.062164 1.450195 0.151489
v 0.088257 1.626953 0.218628
v 0.085999 1.643555 0.213257
v 0.077209 1.489258 0.190918
v 0.062561 1.425781 0.154297
v 0.001211 1.450195 0.164917
v 0.000174 1.489258 0.207642
v 0.000006 1.627930 0.236084
v -0.000005 1.643555 0.230225
v -0.084595 1.627930 0.219360
v 0.000431 1.425781 0.167236
v -0.060974 1.450195 0.153687
v -0.076172 1.489258 0.193237
v -0.082397 1.643555 0.213989
v -0.158936 1.625000 0.170166
v -0.155518 1.642578 0.166870
v -0.137695 1.488281 0.146118
v -0.061890 1.425781 0.155273
v -0.112061 1.449219 0.117310
v -0.184448 1.489258 0.079529
v -0.211060 1.627930 0.090637
v -0.207153 1.643555 0.088928
v -0.114563 1.425781 0.119141
v -0.147827 1.450195 0.064331
v -0.202515 1.489258 -0.000195
v -0.158569 1.450195 -0.000132
v -0.149658 1.425781 0.064880
v -0.224854 1.643555 -0.000024
v -0.230713 1.626953 -0.000027
v -0.185669 1.489258 -0.078003
v -0.211426 1.627930 -0.093567
v -0.147339 1.450195 -0.063721
v -0.160889 1.425781 -0.000497
v -0.142822 1.489258 -0.142456
v -0.206055 1.643555 -0.091370
v -0.161987 1.626953 -0.168457
v -0.157837 1.643555 -0.164307
v -0.147949 1.425781 -0.063904
v -0.113525 1.450195 -0.114319
v -0.115295 1.425781 -0.114929
v -0.157837 1.643555 -0.164307
v -0.206055 1.643555 -0.091370
v -0.000008 1.644531 -0.000033
v -0.224854 1.643555 -0.000024
v -0.207153 1.643555 0.088928
v -0.155518 1.642578 0.166870
v -0.082397 1.643555 0.213989
v -0.000005 1.643555 0.230225
v 0.085999 1.643555 0.213257
v 0.166870 1.643555 0.157593
v 0.212646 1.642578 0.080139
v 0.226807 1.643555 -0.000018
v 0.210449 1.643555 -0.088440
v 0.157227 1.642578 -0.167236
v 0.084900 1.643555 -0.214600
v -0.000013 1.643555 -0.231445
v -0.084961 1.643555 -0.213745
v -0.157837 1.643555 -0.164307
v -0.116272 0.795898 -0.115540
v -0.059875 1.338867 -0.152100
v -0.059875 0.795410 -0.152100
v -0.116272 1.338867 -0.115539
v -0.150391 1.338867 -0.064697
v -0.150391 0.795410 -0.064697
v -0.163330 0.795410 -0.000176
v -0.163330 1.338867 -0.000176
v -0.151733 0.795410 0.066223
v -0.151733 1.338867 0.066223
v -0.112854 0.795410 0.122131
v -0.112854 1.338867 0.122131
v -0.059235 0.795410 0.156738
v -0.059235 1.338867 0.156738
v 0.002325 0.795410 0.167725
v 0.002325 1.338867 0.167725
v 0.063354 0.795410 0.154175
v 0.063354 1.338867 0.154175
v 0.116882 0.795410 0.116272
v 0.116882 1.338867 0.116272
v 0.150757 0.795410 0.061707
v 0.150757 1.338867 0.061707
v 0.161499 0.795410 -0.000173
v 0.161499 1.338867 -0.000173
v 0.148315 1.338867 -0.063354
v 0.148315 0.795410 -0.063354
v 0.110840 0.795410 -0.118896
v 0.110840 1.338867 -0.118896
v 0.058777 0.795410 -0.151855
v 0.058777 1.338867 -0.151855
v 0.000367 0.795410 -0.163940
v 0.000367 1.338867 -0.163940
v -0.059875 0.795410 -0.152100
v -0.059875 1.338867 -0.152100
v 0.088074 1.648438 0.218506
v 0.063843 1.452148 0.159058
v 0.120789 1.424805 0.118591
v 0.078796 1.487305 0.195801
v -0.000036 1.648438 0.235718
v -0.000036 1.487305 0.212891
v -0.000036 1.626953 0.240967
v -0.000036 1.452148 0.172974
v 0.063843 1.424805 0.159058
v -0.086304 1.626953 0.223999
v -0.084412 1.648438 0.219238
v -0.063538 1.452148 0.161255
v -0.078125 1.487305 0.198242
v -0.000036 1.424805 0.172974
v -0.163086 1.625000 0.174439
v -0.159180 1.647461 0.170899
v -0.140991 1.486328 0.149780
v -0.117065 1.452148 0.123108
v -0.063538 1.424805 0.161255
v -0.212158 1.648438 0.091065
v -0.217285 1.626953 0.091980
v -0.188965 1.487305 0.081604
v -0.154541 1.452148 0.067566
v -0.117065 1.423828 0.123108
v -0.154541 1.424805 0.067566
v -0.168701 1.452148 -0.000023
v -0.207642 1.487305 -0.000023
v -0.230347 1.648438 -0.000023
v -0.235474 1.626953 -0.000023
v -0.190308 1.487305 -0.079651
v -0.215820 1.626953 -0.095520
v -0.168701 1.424805 -0.000023
v -0.154175 1.453125 -0.064697
v -0.154175 1.424805 -0.064697
v -0.146484 1.487305 -0.145630
v -0.118591 1.452148 -0.117676
v -0.211060 1.648438 -0.093567
v -0.165283 1.626953 -0.171997
v -0.161621 1.648438 -0.168335
v -0.118591 1.424805 -0.117676
v -0.161621 1.648438 -0.168335
v -0.211060 1.648438 -0.093567
v 0.000038 1.648438 -0.000058
v -0.230347 1.648438 -0.000023
v -0.212158 1.648438 0.091065
v -0.159180 1.647461 0.170899
v -0.084412 1.648438 0.219238
v -0.000036 1.648438 0.235718
v 0.088074 1.648438 0.218506
v 0.170776 1.648438 0.161377
v 0.217773 1.646484 0.082092
v 0.232178 1.648438 -0.000023
v 0.215454 1.648438 -0.090576
v 0.161011 1.647461 -0.171265
v 0.086914 1.648438 -0.219849
v -0.000036 1.648438 -0.236938
v -0.087036 1.648438 -0.218872
v -0.161621 1.648438 -0.168335
v -0.084961 1.643555 -0.213745
v -0.161987 1.626953 -0.168457
v -0.157837 1.643555 -0.164307
v -0.087158 1.626953 -0.219116
v -0.000013 1.643555 -0.231445
v -0.074158 1.489258 -0.187744
v -0.142822 1.489258 -0.142456
v 0.000885 1.489258 -0.201416
v 0.000716 1.627930 -0.237060
v 0.084900 1.643555 -0.214600
v 0.087036 1.626953 -0.220093
v -0.113525 1.450195 -0.114319
v -0.058594 1.450195 -0.151123
v 0.001891 1.450195 -0.158813
v 0.072083 1.489258 -0.186890
v 0.157227 1.642578 -0.167236
v 0.161255 1.626953 -0.171387
v -0.059540 1.425781 -0.150391
v 0.000394 1.425781 -0.162109
v -0.115295 1.425781 -0.114929
v 0.057556 1.450195 -0.150146
v 0.057831 1.425781 -0.152344
v 0.136108 1.489258 -0.145019
v 0.182617 1.489258 -0.077270
v 0.215820 1.627930 -0.090637
v 0.210449 1.643555 -0.088440
v 0.108032 1.450195 -0.116394
v 0.110168 1.425781 -0.117981
v 0.145020 1.450195 -0.063232
v 0.232544 1.626953 -0.000057
v 0.226807 1.643555 -0.000018
v 0.158813 1.450195 -0.000145
v 0.197998 1.489258 -0.000237
v 0.147949 1.425781 -0.063965
v 0.161377 1.425781 -0.000488
v 0.032776 0.573242 -0.082642
v 0.062622 0.580566 -0.062622
v 0.062683 0.573242 -0.062683
v 0.032745 0.580566 -0.082520
v -0.002352 0.573242 -0.088318
v 0.053589 0.580078 -0.054169
v -0.002352 0.580566 -0.088196
v 0.027740 0.580078 -0.071411
v -0.037323 0.573242 -0.081299
v -0.037262 0.580566 -0.081177
v -0.002621 0.580078 -0.076050
v -0.065369 0.573242 -0.062988
v -0.032410 0.580078 -0.069580
v -0.065308 0.580566 -0.062866
v -0.056366 0.580078 -0.053986
v -0.084961 0.573730 -0.035309
v -0.084839 0.581055 -0.035248
v -0.073181 0.580566 -0.030502
v -0.091797 0.580566 -0.000023
v -0.091919 0.573242 -0.000023
v -0.079224 0.580078 -0.000023
v -0.084534 0.573242 0.034576
v -0.084412 0.580566 0.034515
v -0.073242 0.580078 0.030319
v -0.064758 0.573242 0.065063
v -0.064697 0.580566 0.065002
v -0.053986 0.580078 0.055389
v -0.036743 0.573242 0.084106
v -0.036713 0.580566 0.083984
v -0.032440 0.580078 0.072998
v -0.001966 0.573242 0.092163
v -0.001966 0.580566 0.092041
v -0.001966 0.580078 0.079590
v 0.032623 0.573242 0.085815
v 0.032562 0.581055 0.085693
v 0.027832 0.580566 0.074219
v 0.062164 0.581055 0.066711
v 0.053375 0.580566 0.057922
v 0.062256 0.573242 0.066772
v 0.081238 0.580566 0.036652
v 0.069702 0.580078 0.031982
v 0.081299 0.573242 0.036713
v 0.077393 0.580078 -0.000023
v 0.089905 0.573242 -0.000023
v 0.089783 0.580566 -0.000023
v 0.082947 0.573242 -0.033691
v 0.082825 0.580566 -0.033630
v 0.071350 0.580078 -0.028778
v 0.062683 0.573242 -0.062683
v 0.062622 0.580566 -0.062622
v 0.053589 0.580078 -0.054169
v 0.189941 1.012695 -0.196411
v 0.113647 1.017578 -0.123474
v 0.182739 1.009766 -0.202270
v 0.120667 1.019531 -0.117248
v 0.195557 1.019531 -0.192505
v 0.125610 1.026367 -0.112976
v 0.198120 1.028320 -0.191650
v 0.127441 1.036133 -0.111145
v 0.196899 1.038086 -0.194214
v 0.125610 1.044922 -0.112610
v 0.192261 1.044922 -0.199341
v 0.120483 1.051758 -0.116943
v 0.185425 1.046875 -0.205688
v 0.113403 1.054688 -0.122986
v 0.106384 1.052734 -0.129150
v 0.178223 1.044922 -0.211670
v 0.101135 1.045898 -0.133789
v 0.172485 1.038086 -0.215576
v 0.099121 1.036133 -0.135620
v 0.169922 1.028320 -0.216309
v 0.100952 1.026367 -0.134033
v 0.171143 1.019531 -0.213745
v 0.106628 1.019531 -0.129517
v 0.175781 1.012695 -0.208618
v 0.113647 1.017578 -0.123474
v 0.182739 1.009766 -0.202270
v 0.193359 1.048828 -0.183227
v 0.188599 1.028320 -0.178711
v 0.194092 1.051758 -0.178589
v 0.188721 1.027344 -0.173462
v 0.195312 1.008789 -0.186279
v 0.205444 1.050781 -0.167969
v 0.196411 1.005859 -0.182007
v 0.200073 1.027344 -0.162842
v 0.211060 1.047852 -0.168579
v 0.212402 0.998535 -0.199219
v 0.207642 1.005859 -0.171387
v 0.206665 1.028320 -0.164307
v 0.209473 1.001953 -0.201538
v 0.227539 1.009766 -0.214966
v 0.223755 0.998535 -0.188477
v 0.212891 1.009766 -0.171387
v 0.222900 1.012695 -0.215454
v 0.232788 1.033203 -0.220093
v 0.238770 1.009766 -0.204224
v 0.226074 1.003906 -0.185547
v 0.227539 1.033203 -0.219971
v 0.238647 1.013672 -0.198608
v 0.244141 1.033203 -0.209351
v 0.220825 1.052734 -0.212402
v 0.225220 1.055664 -0.211548
v 0.243042 1.033203 -0.202759
v 0.236572 1.054688 -0.200806
v 0.206665 1.059570 -0.197266
v 0.209229 1.062500 -0.194336
v 0.236694 1.050781 -0.195679
v 0.220459 1.062500 -0.183716
v 0.193359 1.048828 -0.183227
v 0.194092 1.051758 -0.178589
v 0.223511 1.056641 -0.181519
v 0.205444 1.050781 -0.167969
v 0.224854 1.030273 -0.183594
v 0.238647 1.013672 -0.198608
v 0.223511 1.056641 -0.181519
v 0.211060 1.047852 -0.168579
v 0.226074 1.003906 -0.185547
v 0.211060 1.047852 -0.168579
v 0.206665 1.028320 -0.164307
v 0.212891 1.009766 -0.171387
v 0.144043 1.048828 -0.226685
v 0.139771 1.028320 -0.222046
v 0.145264 1.051758 -0.221069
v 0.140259 1.028320 -0.215698
v 0.145874 1.009766 -0.229736
v 0.157227 1.050781 -0.211060
v 0.147339 1.005859 -0.224609
v 0.152222 1.027344 -0.205688
v 0.158691 1.002930 -0.245239
v 0.161743 1.047852 -0.212036
v 0.162354 0.998535 -0.242676
v 0.159302 1.005859 -0.214600
v 0.157471 1.028320 -0.207397
v 0.170898 1.012695 -0.259521
v 0.176514 1.009766 -0.259277
v 0.174316 0.998535 -0.232666
v 0.163452 1.009766 -0.215088
v 0.175171 1.033203 -0.264160
v 0.181519 1.033203 -0.264648
v 0.188477 1.009766 -0.249268
v 0.188354 1.012695 -0.244507
v 0.176270 1.002930 -0.230347
v 0.169189 1.051758 -0.256348
v 0.174438 1.055664 -0.255615
v 0.193481 1.033203 -0.254639
v 0.192627 1.033203 -0.249145
v 0.156250 1.058594 -0.240845
v 0.159424 1.062500 -0.237671
v 0.186401 1.055664 -0.245727
v 0.186646 1.051758 -0.241455
v 0.171387 1.062500 -0.227661
v 0.144043 1.048828 -0.226685
v 0.145264 1.051758 -0.221069
v 0.173828 1.057617 -0.226196
v 0.157227 1.050781 -0.211060
v 0.161743 1.047852 -0.212036
v 0.163452 1.009766 -0.215088
v 0.195312 1.008789 -0.186279
v 0.157471 1.028320 -0.207397
v 0.188599 1.028320 -0.178711
v 0.161743 1.047852 -0.212036
v 0.193359 1.048828 -0.183227
v 0.173828 1.057617 -0.226196
v 0.206665 1.059570 -0.197266
v 0.186646 1.051758 -0.241455
v 0.220825 1.052734 -0.212402
v 0.227539 1.033203 -0.219971
v 0.192627 1.033203 -0.249145
v 0.222900 1.012695 -0.215454
v 0.188354 1.012695 -0.244507
v 0.209473 1.001953 -0.201538
v 0.176270 1.002930 -0.230347
v 0.195312 1.008789 -0.186279
v 0.163452 1.009766 -0.215088
v 0.202759 1.024414 -0.227417
v 0.271729 1.118164 -0.304687
v 0.209473 1.027344 -0.217285
v 0.288574 1.124023 -0.279297
v 0.272949 1.129883 -0.305176
v 0.283936 1.139648 -0.253418
v 0.207642 1.033203 -0.206787
v 0.287109 1.134766 -0.283935
v 0.283203 1.148438 -0.261719
v 0.260742 1.156250 -0.241821
v 0.263428 1.163086 -0.252197
v 0.198242 1.040039 -0.202148
v 0.274658 1.154297 -0.290283
v 0.272949 1.160156 -0.280762
v 0.264648 1.166016 -0.276611
v 0.268555 1.152344 -0.299316
v 0.239624 1.169922 -0.260254
v 0.232422 1.164062 -0.251709
v 0.186890 1.042969 -0.206055
v 0.282471 1.180664 -0.314209
v 0.288574 1.182617 -0.304932
v 0.286865 1.188477 -0.295410
v 0.278320 1.194336 -0.291016
v 0.254150 1.168945 -0.280029
v 0.268066 1.197266 -0.294678
v 0.225342 1.164062 -0.281738
v 0.215698 1.158203 -0.276855
v 0.180176 1.041016 -0.216309
v 0.248169 1.166992 -0.289307
v 0.261719 1.195312 -0.303955
v 0.220337 1.142578 -0.302734
v 0.229248 1.151367 -0.303711
v 0.182007 1.034180 -0.226685
v 0.249878 1.161133 -0.298828
v 0.263428 1.189453 -0.313477
v 0.191406 1.028320 -0.231323
v 0.243530 1.125977 -0.314453
v 0.248901 1.136719 -0.313477
v 0.258301 1.155273 -0.302978
v 0.271973 1.183594 -0.317627
v 0.268555 1.152344 -0.299316
v 0.202759 1.024414 -0.227417
v 0.271729 1.118164 -0.304687
v 0.272949 1.129883 -0.305176
v 0.282471 1.180664 -0.314209
v -0.182007 1.376953 0.080261
v -0.136230 1.376953 0.146973
v -0.193970 1.384766 0.085510
v -0.145752 1.384766 0.157349
v -0.071777 1.376953 0.188599
v -0.206177 1.417969 0.091370
v -0.076782 1.384766 0.201904
v -0.154785 1.417969 0.167358
v 0.062683 0.573242 -0.062683
v 0.067200 0.573242 -0.067200
v 0.032776 0.573242 -0.082642
v 0.082947 0.573242 -0.033691
v 0.088867 0.573242 -0.036133
v 0.089905 0.573242 -0.000023
v 0.035187 0.573242 -0.088562
v 0.067200 0.563477 -0.067200
v 0.035187 0.563477 -0.088562
v 0.096313 0.573242 -0.000023
v 0.088867 0.563477 -0.036133
v -0.002352 0.573242 -0.094666
v -0.002352 0.563477 -0.094666
v -0.002352 0.573242 -0.088318
v 0.028625 0.543945 -0.072449
v 0.054932 0.543945 -0.054901
v 0.072754 0.543945 -0.029449
v 0.087280 0.573242 0.039124
v 0.096313 0.563477 -0.000023
v 0.078918 0.543945 -0.000023
v -0.039764 0.573242 -0.087158
v -0.039764 0.563477 -0.087158
v -0.002352 0.543945 -0.077270
v 0.048126 0.543945 -0.019073
v 0.036865 0.543945 -0.037170
v 0.017929 0.543945 -0.049164
v 0.087280 0.563477 0.039124
v 0.071106 0.543945 0.032562
v 0.052338 0.543945 0.001970
v -0.069946 0.563477 -0.067505
v -0.033081 0.543945 -0.071106
v -0.057587 0.543945 -0.055176
v -0.020142 0.543945 -0.049225
v -0.002392 0.543945 -0.052765
v -0.037659 0.543945 -0.038177
v 0.054352 0.544434 0.058960
v 0.047821 0.543945 0.023972
v 0.002035 1.376953 0.201782
v 0.002035 1.384766 0.216065
v -0.081482 1.417969 0.214600
v -0.078186 1.425781 0.205933
v -0.148438 1.425781 0.160645
v 0.002102 1.417969 0.229614
v -0.197632 1.425781 0.087891
v 0.081055 1.384766 0.198731
v 0.086243 1.417969 0.211182
v 0.002102 1.425781 0.220337
v 0.075745 1.376953 0.185547
v 0.000396 1.424805 0.156738
v -0.057922 1.424805 0.145630
v -0.107239 1.424805 0.111755
v 0.082703 1.425781 0.202637
v 0.159302 1.417969 0.159302
v 0.150024 1.384766 0.149780
v -0.140137 1.424805 0.060913
v 0.140015 1.376953 0.140015
v 0.058533 1.424805 0.144653
v 0.152588 1.425781 0.152954
v 0.205566 1.417969 0.084717
v 0.193604 1.384766 0.079529
v 0.180786 1.376953 0.074341
v 0.109009 1.424805 0.107178
v 0.197021 1.425781 0.081360
v 0.220337 1.417969 0.002319
v 0.207397 1.384766 0.002340
v 0.193726 1.376953 0.002340
v 0.140015 1.424805 0.055359
v 0.211060 1.425781 0.002319
v 0.203979 1.417969 -0.083801
v 0.195435 1.425781 -0.080322
v 0.151123 1.424805 -0.000381
v 0.179443 1.376953 -0.073730
v 0.192139 1.383789 -0.078918
v 0.146362 1.425781 -0.153076
v 0.138550 1.424805 -0.059845
v 0.143921 1.384766 -0.150879
v 0.152710 1.417969 -0.160034
v 0.134399 1.376953 -0.140869
v 0.079163 1.425781 -0.197021
v 0.103149 1.424805 -0.110474
v 0.072876 1.376953 -0.181030
v 0.077820 1.384766 -0.193970
v 0.082520 1.417969 -0.205933
v 0.002102 1.425781 -0.214355
v 0.054169 1.424805 -0.142700
v 0.002035 1.376953 -0.197143
v 0.002035 1.384766 -0.211060
v 0.002102 1.417969 -0.223877
v -0.076721 1.425781 -0.200073
v 0.000396 1.424805 -0.151733
v -0.070312 1.376953 -0.184082
v -0.075562 1.384766 -0.196899
v -0.080322 1.417969 -0.208862
v -0.055756 1.424805 -0.140747
v -0.153320 1.426758 -0.150391
v -0.107971 1.424805 -0.107544
v -0.140625 1.377930 -0.138672
v -0.150635 1.384766 -0.148193
v -0.160034 1.418945 -0.156982
v -0.195435 1.384766 -0.077454
v -0.207642 1.417969 -0.081909
v -0.198975 1.425781 -0.078430
v -0.138428 1.424805 -0.059845
v -0.182617 1.376953 -0.072571
v -0.197021 1.376953 0.001679
v -0.210815 1.384766 0.001679
v -0.223755 1.417969 0.001658
v -0.214600 1.425781 0.002319
v -0.150635 1.424805 -0.000381
v -0.182007 1.376953 0.080261
v -0.193970 1.384766 0.085510
v -0.206177 1.417969 0.091370
v -0.197632 1.425781 0.087891
v -0.140137 1.424805 0.060913
v -0.176514 0.744141 0.079041
v -0.132812 0.744141 0.143311
v -0.188965 0.750977 0.084106
v -0.141968 0.750977 0.153320
v -0.069946 0.744141 0.183716
v -0.197510 0.788086 0.087585
v -0.074829 0.750977 0.196655
v -0.148193 0.788086 0.160278
v 0.001937 0.744141 0.196655
v 0.001937 0.750977 0.210449
v -0.078064 0.788086 0.205566
v -0.074890 0.795410 0.197266
v -0.142090 0.795410 0.153809
v 0.001937 0.788086 0.219971
v -0.189331 0.795410 0.084229
v 0.078918 0.750977 0.193604
v 0.082458 0.788086 0.202271
v 0.001937 0.795410 0.211060
v -0.054535 0.796387 0.144165
v -0.103821 0.796387 0.112427
v 0.073730 0.744141 0.180786
v -0.139648 0.796387 0.061035
v 0.146484 0.750977 0.145386
v 0.152954 0.788086 0.152100
v 0.079102 0.795410 0.194092
v 0.002062 0.796387 0.154297
v 0.136841 0.744141 0.135864
v 0.189087 0.750977 0.075806
v 0.197388 0.788086 0.079529
v 0.146484 0.795410 0.145996
v 0.058167 0.796387 0.141968
v 0.176636 0.744141 0.070740
v 0.201904 0.750977 0.001830
v 0.210815 0.788086 0.001830
v 0.189087 0.795410 0.076355
v 0.107361 0.796387 0.107056
v 0.188599 0.744141 0.001267
v 0.202026 0.795410 0.001830
v 0.138428 0.796387 0.056885
v 0.194946 0.787598 -0.080872
v 0.186646 0.794922 -0.077515
v 0.174683 0.743652 -0.071777
v 0.186890 0.750977 -0.077576
v 0.148315 0.796387 -0.000009
v 0.140015 0.795410 -0.146484
v 0.136230 0.795898 -0.058105
v 0.140015 0.750977 -0.146851
v 0.146118 0.788086 -0.153076
v 0.130859 0.744141 -0.137085
v 0.073730 0.795410 -0.189575
v 0.101807 0.796387 -0.109131
v 0.076904 0.788086 -0.198120
v 0.068176 0.744141 -0.177002
v 0.072815 0.750977 -0.190430
v 0.053955 0.796387 -0.139526
v 0.001937 0.795410 -0.205078
v 0.000262 0.796387 -0.150635
v 0.001937 0.788086 -0.214233
v -0.073547 0.795410 -0.191406
v 0.001937 0.744141 -0.192017
v 0.001937 0.750977 -0.205566
v -0.055145 0.796387 -0.139648
v -0.073669 0.750977 -0.191772
v -0.076965 0.788086 -0.199829
v -0.068542 0.744141 -0.179199
v -0.146851 0.795898 -0.143921
v -0.106934 0.796387 -0.106079
v -0.136963 0.744629 -0.135010
v -0.146729 0.751465 -0.144287
v -0.153198 0.788574 -0.150146
v -0.190430 0.750977 -0.075378
v -0.198853 0.788086 -0.078247
v -0.190552 0.795410 -0.074951
v -0.138306 0.796387 -0.059326
v -0.177856 0.744141 -0.070618
v -0.191895 0.744141 0.002342
v -0.205322 0.750977 0.002342
v -0.214355 0.788086 0.002342
v -0.188965 0.750977 0.084106
v -0.205444 0.795410 0.002342
v -0.150269 0.796387 -0.000012
v -0.197510 0.788086 0.087585
v -0.176514 0.744141 0.079041
v -0.189331 0.795410 0.084229
v -0.139648 0.796387 0.061035
v 0.065430 1.454102 0.186890
v 0.056671 1.453125 0.189453
v 0.059814 1.509766 0.233643
v 0.054749 1.449219 0.197510
v 0.061584 1.446289 0.203125
v 0.070312 1.447266 0.200562
v 0.072205 1.451172 0.192383
v 0.065430 1.454102 0.186890
v 0.068054 1.423828 0.162842
v 0.067444 1.441406 0.169312
v 0.084717 1.423828 0.177612
v -0.073486 0.544434 -0.031143
v -0.050598 0.544434 -0.019989
v 0.035461 0.543945 0.041840
v -0.090881 0.563965 -0.037720
v -0.079651 0.543945 -0.000023
v -0.054260 0.543945 0.001233
v 0.028381 0.544434 0.075684
v 0.017883 0.543945 0.053070
v 0.035065 0.563965 0.091736
v 0.066772 0.563965 0.071289
v -0.001966 0.563477 0.098572
v -0.001966 0.543945 0.081177
v -0.002106 0.543945 0.056580
v 0.035065 0.573242 0.091736
v -0.001966 0.573242 0.098572
v 0.066772 0.573242 0.071289
v -0.039185 0.573242 0.090027
v -0.039185 0.563477 0.090027
v -0.032593 0.543945 0.073914
v -0.021866 0.543945 0.052307
v 0.062256 0.573242 0.066772
v 0.032623 0.573242 0.085815
v -0.001966 0.573242 0.092163
v -0.036743 0.573242 0.084106
v -0.069275 0.573242 0.069580
v -0.069275 0.563477 0.069580
v -0.056976 0.543945 0.057282
v -0.039734 0.543945 0.039734
v 0.081299 0.573242 0.036713
v -0.064758 0.573242 0.065063
v -0.090393 0.573242 0.037018
v -0.090393 0.563477 0.037018
v -0.073059 0.543945 0.030334
v -0.050964 0.543945 0.021103
v -0.084534 0.573242 0.034576
v -0.091919 0.573242 -0.000023
v -0.098328 0.573242 -0.000023
v -0.098328 0.563477 -0.000023
v -0.084961 0.573730 -0.035309
v -0.090881 0.573730 -0.037720
v -0.069946 0.573242 -0.067505
v -0.065369 0.573242 -0.062988
v -0.037323 0.573242 -0.081299
v 0.081726 1.438477 0.181519
v 0.066772 1.456055 0.180664
v 0.080261 1.421875 0.199463
v 0.078552 1.452148 0.190308
v 0.077820 1.434570 0.199585
v 0.065430 1.454102 0.186890
v 0.059082 1.421875 0.206543
v 0.075256 1.445312 0.204346
v 0.072205 1.451172 0.192383
v 0.059631 1.433594 0.205444
v 0.060181 1.443359 0.208740
v 0.070312 1.447266 0.200562
v 0.048431 1.448242 0.199219
v 0.045349 1.436523 0.193115
v 0.042389 1.422852 0.191650
v 0.061584 1.446289 0.203125
v 0.054749 1.449219 0.197510
v 0.051727 1.454102 0.185181
v 0.056671 1.453125 0.189453
v 0.049225 1.440430 0.175049
v 0.046844 1.423828 0.169922
v 0.066772 1.456055 0.180664
v 0.065430 1.454102 0.186890
v 0.067444 1.441406 0.169312
v 0.068054 1.423828 0.162842
v -0.062225 1.453125 -0.183350
v -0.053497 1.452148 -0.185913
v -0.056610 1.508789 -0.230102
v -0.051575 1.448242 -0.193970
v -0.058380 1.445312 -0.199585
v -0.067139 1.446289 -0.197021
v -0.069031 1.450195 -0.188843
v -0.062225 1.453125 -0.183350
v -0.064880 1.422852 -0.159302
v -0.064270 1.440430 -0.165771
v -0.081543 1.421875 -0.174072
v -0.078552 1.437500 -0.177978
v -0.063599 1.455078 -0.177124
v -0.077087 1.420898 -0.195923
v -0.075378 1.450195 -0.186768
v -0.074646 1.433594 -0.196045
v -0.062225 1.453125 -0.183350
v -0.055908 1.420898 -0.203003
v -0.072083 1.444336 -0.200806
v -0.069031 1.450195 -0.188843
v -0.056458 1.432617 -0.201782
v -0.057007 1.442383 -0.205200
v -0.067139 1.446289 -0.197021
v -0.045258 1.446289 -0.195679
v -0.042145 1.434570 -0.189575
v -0.039215 1.420898 -0.188110
v -0.058380 1.445312 -0.199585
v -0.051575 1.448242 -0.193970
v -0.048553 1.453125 -0.181641
v -0.053497 1.452148 -0.185913
v -0.046051 1.438477 -0.171509
v -0.043671 1.422852 -0.166260
v -0.063599 1.455078 -0.177124
v -0.062225 1.453125 -0.183350
v -0.064270 1.440430 -0.165771
v -0.064880 1.422852 -0.159302
v 0.139771 1.028320 -0.222046
v 0.144043 1.048828 -0.226685
v 0.157471 1.031250 -0.243042
v 0.145874 1.009766 -0.229736
v 0.156250 1.058594 -0.240845
v 0.158691 1.002930 -0.245239
v 0.169189 1.051758 -0.256348
v 0.170898 1.012695 -0.259521
v 0.175171 1.033203 -0.264160
v 0.108948 1.037109 -0.120239
v 0.091614 1.077148 -0.132446
v 0.076294 1.060547 -0.141357
v 0.110596 1.083984 -0.118591
v 0.071045 1.038086 -0.144897
v 0.123352 1.078125 -0.100342
v 0.075745 1.014648 -0.141846
v 0.132446 1.061523 -0.086121
v 0.090576 0.998047 -0.132080
v 0.135986 1.039062 -0.080383
v 0.132446 1.015625 -0.086365
v 0.110535 0.990723 -0.118530
v 0.123169 0.997559 -0.100037
v 0.132446 1.061523 -0.086121
v 0.141113 1.054688 -0.106873
v 0.123352 1.078125 -0.100342
v 0.135986 1.039062 -0.080383
v 0.131348 1.068359 -0.115967
v 0.118958 1.034180 -0.129028
v 0.144775 1.036133 -0.103516
v 0.110596 1.083984 -0.118591
v 0.117859 1.073242 -0.128418
v 0.132446 1.015625 -0.086365
v 0.141113 1.017578 -0.106873
v 0.091614 1.077148 -0.132446
v 0.104370 1.068359 -0.140869
v 0.094543 1.054688 -0.149902
v 0.123169 0.997559 -0.100037
v 0.131348 1.004883 -0.115967
v 0.076294 1.060547 -0.141357
v 0.090942 1.036133 -0.153198
v 0.071045 1.038086 -0.144897
v 0.110535 0.990723 -0.118530
v 0.075745 1.014648 -0.141846
v 0.117859 0.999512 -0.128418
v 0.094543 1.017578 -0.149902
v 0.104370 1.004883 -0.140869
v 0.090576 0.998047 -0.132080
v 0.054138 1.480469 0.231690
v 0.066040 1.480469 0.233276
v 0.048645 1.487305 0.245483
v 0.062012 1.483398 0.217529
v 0.067871 1.487305 0.247925
v 0.075378 1.484375 0.227051
v 0.083008 1.494141 0.237915
v 0.047577 1.501953 0.253662
v 0.066833 1.501953 0.256104
v 0.035492 1.508789 0.240112
v 0.051392 1.517578 0.252930
v 0.043915 1.521484 0.244629
v 0.036530 1.494141 0.231934
v 0.054138 1.480469 0.231690
v 0.081970 1.508789 0.246094
v 0.063293 1.517578 0.254639
v 0.058624 1.529297 0.243897
v 0.045258 1.527344 0.234375
v 0.037628 1.517578 0.223389
v 0.072632 1.521484 0.248291
v 0.046661 1.484375 0.223267
v 0.038666 1.503906 0.215332
v 0.054596 1.532227 0.228149
v 0.052734 1.524414 0.213379
v 0.062012 1.483398 0.217529
v 0.047974 1.490234 0.213013
v 0.073975 1.527344 0.238037
v 0.066467 1.532227 0.229614
v 0.084106 1.517578 0.229370
v 0.072021 1.524414 0.215820
v 0.053802 1.510742 0.205200
v 0.047974 1.490234 0.213013
v 0.073059 1.510742 0.207642
v 0.057312 1.494141 0.206787
v 0.062012 1.483398 0.217529
v 0.069214 1.494141 0.208374
v 0.085144 1.503906 0.221191
v 0.069214 1.494141 0.208374
v 0.076721 1.490234 0.216675
v 0.062012 1.483398 0.217529
v 0.075378 1.484375 0.227051
v -0.050659 1.478516 -0.227173
v -0.062622 1.477539 -0.227539
v -0.047028 1.485352 -0.241699
v -0.057251 1.481445 -0.212402
v -0.066406 1.484375 -0.242187
v -0.071533 1.481445 -0.220459
v -0.080811 1.490234 -0.230957
v -0.047699 1.499023 -0.250488
v -0.067078 1.498047 -0.250977
v -0.034790 1.506836 -0.238525
v -0.052460 1.514648 -0.250000
v -0.044495 1.519531 -0.242676
v -0.034088 1.493164 -0.229736
v -0.050659 1.478516 -0.227173
v -0.081543 1.503906 -0.239624
v -0.064453 1.514648 -0.250244
v -0.059479 1.526367 -0.240601
v -0.045166 1.526367 -0.232422
v -0.035889 1.517578 -0.222046
v -0.073364 1.518555 -0.243408
v -0.042664 1.483398 -0.219727
v -0.035187 1.503906 -0.213257
v -0.054077 1.530273 -0.225464
v -0.050323 1.523438 -0.210693
v -0.191895 0.744141 0.002342
v -0.182129 0.736328 0.081299
v -0.176514 0.744141 0.079041
v -0.197998 0.736328 0.002342
v -0.177856 0.744141 -0.070618
v -0.183594 0.736328 -0.073120
v -0.177246 0.703125 0.002342
v -0.162720 0.703125 0.073669
v -0.136963 0.744629 -0.135010
v -0.141357 0.736816 -0.139526
v -0.164185 0.703125 -0.065979
v -0.135010 0.703125 0.061401
v -0.147217 0.703125 0.002262
v -0.136353 0.703125 -0.054382
v -0.068542 0.744141 -0.179199
v -0.070984 0.736328 -0.185181
v -0.126221 0.703125 -0.125610
v -0.104797 0.703125 -0.103882
v 0.001937 0.736328 -0.198486
v -0.064270 0.703125 -0.166016
v -0.053467 0.703125 -0.137329
v 0.001937 0.744141 -0.192017
v 0.002605 0.703125 -0.178223
v 0.002001 0.703125 -0.147461
v 0.068176 0.744141 -0.177002
v 0.071350 0.736816 -0.182617
v 0.063293 0.703125 -0.166138
v 0.052338 0.703125 -0.137451
v 0.120911 0.703125 -0.129028
v 0.130859 0.744141 -0.137085
v 0.135132 0.736328 -0.141846
v 0.100098 0.703125 -0.106689
v 0.162720 0.702637 -0.069153
v 0.180542 0.735840 -0.074158
v 0.174683 0.743652 -0.071777
v 0.134766 0.702637 -0.057037
v 0.175415 0.703125 -0.000282
v 0.194824 0.736328 0.001267
v 0.188599 0.744141 0.001267
v 0.145264 0.703125 0.000085
v 0.164307 0.703125 0.064880
v 0.136108 0.703125 0.054108
v 0.176636 0.744141 0.070740
v 0.182373 0.736328 0.072815
v 0.127441 0.703125 0.125610
v 0.105530 0.703125 0.104431
v 0.141357 0.736328 0.139893
v 0.136841 0.744141 0.135864
v 0.068909 0.703125 0.167358
v 0.056946 0.703125 0.139038
v -0.057251 1.481445 -0.212402
v -0.043335 1.490234 -0.209595
v -0.074036 1.524414 -0.233154
v -0.066040 1.529297 -0.225830
v -0.082581 1.514648 -0.223144
v -0.069702 1.522461 -0.211182
v -0.049652 1.509766 -0.202026
v -0.043335 1.490234 -0.209595
v -0.068970 1.508789 -0.202515
v -0.052277 1.494141 -0.202637
v -0.057251 1.481445 -0.212402
v -0.064270 1.493164 -0.202881
v -0.081909 1.500977 -0.214477
v -0.064270 1.493164 -0.202881
v -0.072205 1.488281 -0.210327
v -0.057251 1.481445 -0.212402
v -0.071533 1.481445 -0.220459
v -0.220825 1.026367 -0.143555
v -0.225464 1.045898 -0.147827
v -0.241821 1.028320 -0.161255
v -0.228516 1.006836 -0.149658
v -0.239746 1.055664 -0.160034
v -0.244019 1.000977 -0.162598
v -0.255127 1.049805 -0.172974
v -0.258301 1.010742 -0.174683
v -0.262939 1.031250 -0.179077
v -0.374756 1.133789 -0.298096
v -0.374512 1.123047 -0.286377
v -0.357666 1.122070 -0.301758
v -0.391357 1.138672 -0.285400
v -0.352539 1.108398 -0.291260
v -0.339844 1.114258 -0.314453
v -0.347656 1.126953 -0.320068
v -0.423340 1.055664 -0.368408
v -0.395508 1.129883 -0.270752
v -0.436768 1.060547 -0.360107
v -0.450439 1.069336 -0.355469
v -0.410645 1.149414 -0.280273
v -0.403320 1.154297 -0.292725
v -0.331787 1.123047 -0.333740
v -0.411865 1.054688 -0.380371
v -0.319824 1.110352 -0.331787
v -0.402588 1.056641 -0.394043
v -0.320312 1.126953 -0.353271
v -0.462891 1.080078 -0.355713
v -0.420166 1.166992 -0.291016
v -0.431885 1.166016 -0.277832
v -0.473389 1.091797 -0.359863
v -0.332275 1.136719 -0.350586
v -0.434814 1.183594 -0.298096
v -0.397705 1.063477 -0.408447
v -0.422363 1.181641 -0.307129
v -0.323730 1.142578 -0.369141
v -0.396240 1.072266 -0.422363
v -0.309570 1.134766 -0.376709
v -0.480469 1.104492 -0.368652
v -0.322998 1.155273 -0.388916
v -0.433105 1.197266 -0.316406
v -0.448242 1.204102 -0.309814
v -0.483643 1.115234 -0.380127
v -0.334229 1.159180 -0.378906
v -0.437500 1.211914 -0.333252
v -0.399658 1.083984 -0.433838
v -0.424561 1.203125 -0.334717
v -0.482422 1.125000 -0.394043
v -0.336670 1.172852 -0.394287
v -0.406494 1.095703 -0.442627
v -0.325928 1.172852 -0.408691
v -0.347412 1.188477 -0.406250
v -0.425049 1.216797 -0.351807
v -0.437988 1.228516 -0.354736
v -0.477295 1.130859 -0.408447
v -0.418701 1.224609 -0.372559
v -0.353516 1.185547 -0.392334
v -0.416992 1.108398 -0.446777
v -0.409668 1.213867 -0.365967
v -0.468506 1.133789 -0.422363
v -0.365479 1.201172 -0.399902
v -0.429688 1.119141 -0.447021
v -0.362549 1.208984 -0.415771
v -0.383545 1.214844 -0.399902
v -0.399170 1.217773 -0.383545
v -0.405273 1.230469 -0.395019
v -0.456543 1.132812 -0.434082
v -0.382080 1.206055 -0.387451
v -0.443359 1.126953 -0.442383
v -0.399170 1.217773 -0.383545
v -0.456543 1.132812 -0.434082
v -0.405273 1.230469 -0.395019
v -0.501465 1.022461 -0.459717
v -0.522949 0.996582 -0.460205
v -0.528320 1.003906 -0.464111
v -0.514648 0.991211 -0.463135
v -0.527832 1.009766 -0.472412
v -0.508301 0.991699 -0.471191
v -0.507812 0.997559 -0.479492
v -0.521484 1.010742 -0.480469
v -0.513184 1.004883 -0.483398
v 0.073730 0.744141 0.180786
v 0.075989 0.736328 0.186401
v 0.002605 0.703125 0.182007
v 0.002001 0.703125 0.151245
v 0.001937 0.744141 0.196655
v 0.001937 0.736328 0.202637
v -0.064270 0.703125 0.170044
v -0.053436 0.703125 0.141357
v -0.069946 0.744141 0.183716
v -0.072144 0.736328 0.189331
v -0.122437 0.703125 0.132446
v -0.101685 0.703125 0.110168
v -0.132812 0.744141 0.143311
v -0.136963 0.736328 0.147583
v -0.162720 0.703125 0.073669
v -0.135010 0.703125 0.061401
v -0.176514 0.744141 0.079041
v -0.182129 0.736328 0.081299
v -0.197021 1.376953 0.001679
v -0.187744 1.369141 0.082642
v -0.182007 1.376953 0.080261
v -0.203369 1.369141 0.001016
v -0.182617 1.376953 -0.072571
v -0.164795 1.338867 0.071777
v -0.188477 1.369141 -0.076843
v -0.177246 1.338867 -0.000352
v -0.140625 1.377930 -0.138672
v -0.139648 1.336914 0.061035
v -0.145142 1.370117 -0.143310
v -0.163208 1.338867 -0.070435
v -0.150269 1.336914 -0.000012
v -0.138306 1.336914 -0.059326
v -0.070312 1.376953 -0.184082
v -0.126221 1.338867 -0.125610
v -0.106934 1.337891 -0.106079
v -0.072876 1.369141 -0.190185
v -0.064941 1.338867 -0.165283
v -0.055145 1.336914 -0.139648
v 0.002035 1.369141 -0.203857
v 0.000479 1.338867 -0.178223
v 0.000262 1.336914 -0.150635
v 0.002035 1.376953 -0.197143
v 0.063904 1.338867 -0.165161
v 0.075195 1.369141 -0.187378
v 0.053955 1.336914 -0.139526
v 0.120422 1.338867 -0.129272
v 0.072876 1.376953 -0.181030
v 0.138794 1.369141 -0.145752
v 0.101807 1.336914 -0.109131
v 0.161133 1.337891 -0.068970
v 0.134399 1.376953 -0.140869
v 0.185425 1.369141 -0.076172
v 0.136230 1.336914 -0.058105
v 0.175415 1.338867 -0.000348
v 0.179443 1.376953 -0.073730
v 0.200073 1.369141 0.002340
v 0.148315 1.336914 -0.000009
v 0.163696 1.338867 0.066834
v 0.138428 1.336914 0.056885
v 0.193726 1.376953 0.002340
v 0.186646 1.369141 0.076416
v 0.126953 1.338867 0.126099
v 0.107361 1.336914 0.107056
v 0.180786 1.376953 0.074341
v 0.144653 1.369141 0.144165
v 0.068909 1.338867 0.167358
v 0.058167 1.336914 0.141968
v 0.140015 1.376953 0.140015
v 0.075745 1.376953 0.185547
v 0.078064 1.369141 0.191406
v 0.002605 1.338867 0.182007
v 0.002062 1.336914 0.154297
v 0.002035 1.376953 0.201782
v 0.002035 1.369141 0.208008
v -0.064270 1.338867 0.170044
v -0.054535 1.336914 0.144165
v -0.071777 1.376953 0.188599
v -0.074036 1.369141 0.194458
v -0.140625 1.369141 0.151489
v -0.122437 1.338867 0.132446
v -0.136230 1.376953 0.146973
v -0.103821 1.336914 0.112427
v -0.182007 1.376953 0.080261
v -0.187744 1.369141 0.082642
v -0.164795 1.338867 0.071777
v -0.139648 1.336914 0.061035
v -0.195190 1.009766 -0.193726
v -0.122314 1.014648 -0.117493
v -0.201050 1.007812 -0.186523
v -0.116089 1.017578 -0.124451
v -0.191284 1.016602 -0.199341
v -0.111755 1.024414 -0.129394
v -0.190430 1.026367 -0.201904
v -0.109924 1.033203 -0.131348
v -0.192993 1.036133 -0.200684
v -0.111389 1.042969 -0.129394
v -0.198120 1.041992 -0.196045
v -0.115723 1.049805 -0.124268
v -0.204468 1.044922 -0.189209
v -0.121765 1.052734 -0.117248
v -0.127930 1.049805 -0.110168
v -0.210449 1.041992 -0.182007
v -0.132568 1.042969 -0.104980
v -0.214355 1.035156 -0.176269
v -0.134399 1.033203 -0.102905
v -0.215088 1.026367 -0.173706
v -0.132812 1.024414 -0.104736
v -0.212646 1.016602 -0.174927
v -0.128296 1.017578 -0.110413
v -0.207397 1.009766 -0.179565
v -0.122314 1.014648 -0.117493
v -0.201050 1.007812 -0.186523
v -0.182007 1.046875 -0.197144
v -0.177490 1.025391 -0.192383
v -0.177368 1.048828 -0.197876
v -0.172241 1.025391 -0.192627
v -0.185059 1.006836 -0.199097
v -0.166748 1.048828 -0.209228
v -0.180786 1.003906 -0.200195
v -0.161621 1.025391 -0.203857
v -0.167358 1.044922 -0.214844
v -0.197998 0.996094 -0.216186
v -0.170166 1.002930 -0.211426
v -0.163086 1.025391 -0.210449
v -0.200317 1.000000 -0.213257
v -0.213745 1.007812 -0.231323
v -0.187256 0.996094 -0.227539
v -0.170166 1.007812 -0.216675
v -0.214233 1.009766 -0.226685
v -0.218872 1.031250 -0.236572
v -0.203003 1.007812 -0.242554
v -0.184326 1.001953 -0.229858
v -0.218750 1.031250 -0.231445
v -0.197388 1.010742 -0.242432
v -0.208130 1.031250 -0.247925
v -0.211182 1.049805 -0.224731
v -0.210327 1.052734 -0.229004
v -0.201538 1.030273 -0.246826
v -0.199585 1.052734 -0.240356
v -0.196045 1.056641 -0.210449
v -0.193115 1.060547 -0.213013
v -0.194580 1.048828 -0.240478
v -0.182495 1.060547 -0.224365
v -0.182007 1.046875 -0.197144
v -0.177368 1.048828 -0.197876
v -0.180298 1.054688 -0.227295
v -0.166748 1.048828 -0.209228
v -0.182373 1.028320 -0.228638
v -0.197388 1.010742 -0.242432
v -0.180298 1.054688 -0.227295
v -0.167358 1.044922 -0.214844
v -0.184326 1.001953 -0.229858
v -0.167358 1.044922 -0.214844
v -0.163086 1.025391 -0.210449
v -0.170166 1.007812 -0.216675
v -0.225464 1.045898 -0.147827
v -0.220825 1.026367 -0.143555
v -0.219849 1.048828 -0.149048
v -0.214478 1.025391 -0.144043
v -0.228516 1.006836 -0.149658
v -0.209839 1.048828 -0.161011
v -0.223389 1.003906 -0.151123
v -0.204468 1.025391 -0.156006
v -0.244019 1.000977 -0.162598
v -0.210815 1.045898 -0.165527
v -0.241455 0.996582 -0.166138
v -0.213379 1.003906 -0.163086
v -0.206177 1.025391 -0.161255
v -0.258301 1.010742 -0.174683
v -0.258057 1.007812 -0.180298
v -0.231445 0.996094 -0.178101
v -0.213867 1.006836 -0.167358
v -0.262939 1.031250 -0.179077
v -0.263428 1.031250 -0.185425
v -0.248047 1.007812 -0.192261
v -0.243286 1.010742 -0.192139
v -0.229126 1.000977 -0.180054
v -0.119019 1.035156 -0.112793
v -0.131226 1.075195 -0.095398
v -0.140137 1.058594 -0.080078
v -0.117371 1.081055 -0.114441
v -0.143677 1.035156 -0.074829
v -0.099121 1.076172 -0.127197
v -0.140625 1.011719 -0.079590
v -0.084900 1.059570 -0.136230
v -0.130859 0.995605 -0.094360
v -0.079163 1.036133 -0.139770
v -0.085144 1.012695 -0.136230
v -0.117310 0.988281 -0.114319
v -0.098816 0.995117 -0.126953
v -0.084900 1.059570 -0.136230
v -0.105652 1.052734 -0.145019
v -0.099121 1.076172 -0.127197
v -0.079163 1.036133 -0.139770
v -0.114746 1.065430 -0.135132
v -0.127808 1.032227 -0.122742
v -0.102295 1.034180 -0.148560
v -0.117371 1.081055 -0.114441
v -0.127197 1.070312 -0.121643
v -0.085144 1.012695 -0.136230
v -0.105652 1.015625 -0.145019
v -0.131226 1.075195 -0.095398
v -0.139648 1.065430 -0.108154
v -0.148682 1.052734 -0.098328
v -0.098816 0.995117 -0.126953
v -0.114746 1.001953 -0.135132
v -0.140137 1.058594 -0.080078
v -0.151978 1.034180 -0.094727
v -0.143677 1.035156 -0.074829
v -0.117310 0.988281 -0.114319
v -0.140625 1.011719 -0.079590
v -0.127197 0.997559 -0.121643
v -0.148682 1.015625 -0.098328
v -0.139648 1.001953 -0.108154
v -0.130859 0.995605 -0.094360
v -0.142700 1.024414 0.225464
v -0.146973 1.044922 0.230103
v -0.160400 1.027344 0.246460
v -0.148682 1.005859 0.233032
v -0.159180 1.054688 0.244263
v -0.161621 1.000000 0.248535
v -0.171997 1.048828 0.259766
v -0.173828 1.009766 0.262939
v -0.178101 1.029297 0.267578
v -0.111877 1.033203 0.123657
v -0.094482 1.074219 0.135864
v -0.079163 1.057617 0.144775
v -0.113525 1.080078 0.122009
v -0.073975 1.034180 0.148315
v -0.126221 1.074219 0.103699
v -0.078674 1.010742 0.145264
v -0.135254 1.058594 0.089478
v -0.093445 0.994629 0.135376
v -0.138794 1.035156 0.083740
v -0.135376 1.011719 0.089783
v -0.113403 0.987305 0.121948
v -0.125977 0.994141 0.103455
v -0.135254 1.058594 0.089478
v -0.144043 1.050781 0.110230
v -0.126221 1.074219 0.103699
v -0.138794 1.035156 0.083740
v -0.134155 1.064453 0.119324
v -0.121826 1.031250 0.132446
v -0.147705 1.033203 0.106934
v -0.113525 1.080078 0.122009
v -0.120728 1.069336 0.131714
v -0.135376 1.011719 0.089783
v -0.144043 1.014648 0.110230
v -0.094482 1.074219 0.135864
v -0.107239 1.064453 0.144165
v -0.097412 1.050781 0.153320
v -0.125977 0.994141 0.103455
v -0.134155 1.000977 0.119324
v -0.079163 1.057617 0.144775
v -0.093811 1.033203 0.156616
v -0.073975 1.034180 0.148315
v -0.113403 0.987305 0.121948
v -0.078674 1.010742 0.145264
v -0.120728 0.996094 0.131714
v -0.097412 1.014648 0.153320
v -0.107239 1.000977 0.144165
v -0.093445 0.994629 0.135376
v 0.220215 1.022461 0.145508
v 0.224854 1.041992 0.149780
v 0.241211 1.024414 0.163208
v 0.227905 1.002930 0.151611
v 0.239136 1.051758 0.161987
v 0.243408 0.997070 0.164429
v 0.254639 1.045898 0.174927
v 0.257568 1.006836 0.176636
v 0.262207 1.027344 0.180908
v 0.374268 1.129883 0.299805
v 0.373779 1.119141 0.288330
v 0.356934 1.118164 0.303711
v 0.390869 1.134766 0.287354
v 0.352051 1.104492 0.293213
v 0.339355 1.110352 0.316162
v 0.347168 1.123047 0.321777
v 0.422852 1.051758 0.370361
v 0.394775 1.125977 0.272705
v 0.436035 1.056641 0.362061
v 0.449707 1.065430 0.357422
v 0.409912 1.145508 0.282227
v 0.402832 1.150391 0.294678
v 0.331299 1.119141 0.335693
v 0.411133 1.050781 0.382324
v 0.319336 1.106445 0.333740
v 0.402100 1.052734 0.395996
v 0.319824 1.123047 0.355225
v 0.462402 1.076172 0.357666
v 0.419678 1.163086 0.292969
v 0.431396 1.162109 0.279541
v 0.472900 1.087891 0.361816
v 0.331787 1.132812 0.352539
v 0.434082 1.179688 0.300049
v 0.396973 1.059570 0.410400
v 0.421875 1.177734 0.309082
v 0.323242 1.138672 0.371094
v 0.395752 1.068359 0.424316
v 0.309082 1.130859 0.378662
v 0.479736 1.100586 0.370606
v 0.322510 1.151367 0.390869
v 0.432617 1.193359 0.318359
v 0.447754 1.200195 0.311768
v 0.483154 1.111328 0.382080
v 0.333740 1.155273 0.380859
v 0.437012 1.208008 0.335205
v 0.399170 1.080078 0.435791
v 0.424072 1.199219 0.336670
v 0.481934 1.121094 0.395996
v 0.336182 1.168945 0.396240
v 0.406006 1.091797 0.444580
v 0.325439 1.168945 0.410645
v 0.346680 1.184570 0.407959
v 0.424561 1.212891 0.353516
v 0.437500 1.224609 0.356445
v -0.255127 1.049805 -0.172974
v -0.254395 1.052734 -0.178345
v -0.253418 1.031250 -0.197266
v -0.247925 1.030273 -0.196411
v -0.239746 1.055664 -0.160034
v -0.236450 1.060547 -0.163208
v -0.244507 1.052734 -0.190186
v -0.240234 1.048828 -0.190430
v -0.226440 1.060547 -0.175171
v -0.225464 1.045898 -0.147827
v -0.219849 1.048828 -0.149048
v -0.224976 1.055664 -0.177612
v -0.209839 1.048828 -0.161011
v -0.210815 1.045898 -0.165527
v -0.213867 1.006836 -0.167358
v -0.185059 1.006836 -0.199097
v -0.206177 1.025391 -0.161255
v -0.177490 1.025391 -0.192383
v -0.210815 1.045898 -0.165527
v -0.182007 1.046875 -0.197144
v -0.224976 1.055664 -0.177612
v -0.196045 1.056641 -0.210449
v -0.240234 1.048828 -0.190430
v -0.211182 1.049805 -0.224731
v -0.218750 1.031250 -0.231445
v -0.247925 1.030273 -0.196411
v -0.214233 1.009766 -0.226685
v -0.243286 1.010742 -0.192139
v -0.200317 1.000000 -0.213257
v -0.229126 1.000977 -0.180054
v -0.185059 1.006836 -0.199097
v -0.213867 1.006836 -0.167358
v -0.508301 0.991699 -0.471191
v -0.507812 0.997559 -0.479492
v -0.500000 0.983398 -0.470459
v -0.498779 0.994629 -0.486572
v -0.513184 1.004883 -0.483398
v -0.509277 1.008789 -0.493896
v -0.521484 1.010742 -0.480469
v -0.524902 1.019531 -0.488281
v -0.527832 1.009766 -0.472412
v -0.536621 1.018555 -0.472900
v -0.538086 1.007812 -0.457031
v -0.528320 1.003906 -0.464111
v -0.527832 0.993164 -0.449707
v -0.522949 0.996582 -0.460205
v -0.512207 0.982910 -0.455322
v -0.514648 0.991211 -0.463135
v -0.500000 0.983398 -0.470459
v -0.508301 0.991699 -0.471191
v -0.500000 0.983398 -0.470459
v -0.498779 0.994629 -0.486572
v -0.483643 0.997559 -0.458984
v -0.482178 1.009766 -0.477051
v -0.509277 1.008789 -0.493896
v -0.483887 1.000977 -0.457520
v -0.493652 1.026367 -0.485596
v -0.482666 1.012695 -0.473877
v -0.524902 1.019531 -0.488281
v -0.511719 1.038086 -0.479248
v -0.492920 1.027344 -0.481445
v -0.406006 1.072266 -0.412842
v -0.411865 1.064453 -0.394043
v -0.417969 1.099609 -0.436035
v -0.408203 1.084961 -0.427490
v -0.508789 1.038086 -0.475830
v -0.432129 1.113281 -0.437988
v -0.524902 1.037109 -0.461914
v -0.520996 1.037109 -0.460205
v -0.536621 1.018555 -0.472900
v -0.448242 1.122070 -0.430908
v -0.463135 1.125977 -0.418457
v -0.526367 1.024414 -0.443603
v -0.522461 1.026367 -0.443848
v -0.475098 1.111328 -0.384766
v -0.471924 1.121094 -0.401611
v -0.538086 1.007812 -0.457031
v -0.515137 1.007812 -0.435303
v -0.512207 1.010742 -0.436279
v -0.469727 1.096680 -0.372070
v -0.527832 0.993164 -0.449707
v -0.497070 0.996582 -0.441650
v -0.496094 1.000977 -0.442139
v -0.442383 1.070312 -0.367432
v -0.458496 1.082031 -0.365234
v -0.512207 0.982910 -0.455322
v -0.500000 0.983398 -0.470459
v -0.483643 0.997559 -0.458984
v -0.425049 1.063477 -0.377441
v -0.411865 1.064453 -0.394043
v -0.483887 1.000977 -0.457520
v -0.324951 1.138672 -0.331543
v -0.328613 1.172852 -0.333496
v -0.334717 1.166016 -0.318115
v -0.320557 1.150391 -0.351807
v -0.342773 1.123047 -0.345459
v -0.329834 1.184570 -0.346680
v -0.339600 1.132812 -0.365478
v -0.339844 1.147461 -0.381348
v -0.322021 1.164062 -0.369629
v -0.332031 1.182617 -0.381592
v -0.337891 1.198242 -0.354004
v -0.350830 1.164062 -0.393799
v -0.362793 1.180664 -0.397705
v -0.346436 1.200195 -0.387451
v -0.350830 1.210938 -0.353760
v -0.364990 1.213867 -0.384033
v -0.383057 1.194336 -0.395019
v -0.365234 1.218750 -0.345947
v -0.397705 1.203125 -0.385254
v -0.383789 1.223633 -0.374023
v -0.414307 1.204102 -0.370605
v -0.401123 1.226562 -0.356201
v -0.376953 1.218750 -0.332519
v -0.424561 1.201172 -0.351318
v -0.412354 1.221680 -0.337646
v -0.383057 1.211914 -0.317139
v -0.417236 1.211914 -0.317383
v -0.430176 1.190430 -0.333496
v -0.381836 1.200195 -0.303955
v -0.427246 1.176758 -0.315430
v -0.415527 1.196289 -0.299316
v -0.405762 1.178711 -0.287353
v -0.373535 1.185547 -0.296387
v -0.418213 1.158203 -0.304443
v -0.391113 1.161133 -0.281738
v -0.360596 1.173828 -0.296631
v -0.404541 1.144531 -0.298828
v -0.371582 1.146484 -0.285644
v -0.385498 1.127930 -0.303955
v -0.353516 1.136719 -0.295166
v -0.346436 1.166016 -0.304687
v -0.369385 1.122070 -0.311279
v -0.335938 1.135742 -0.313477
v -0.334717 1.166016 -0.318115
v -0.352295 1.119141 -0.331787
v -0.324951 1.138672 -0.331543
v -0.342773 1.123047 -0.345459
v -0.456543 1.132812 -0.434082
v -0.443359 1.126953 -0.442383
v -0.448242 1.122070 -0.430908
v -0.432129 1.113281 -0.437988
v -0.429688 1.119141 -0.447021
v -0.416992 1.108398 -0.446777
v -0.417969 1.099609 -0.436035
v -0.406494 1.095703 -0.442627
v -0.408203 1.084961 -0.427490
v -0.399658 1.083984 -0.433838
v -0.396240 1.072266 -0.422363
v -0.406006 1.072266 -0.412842
v -0.397705 1.063477 -0.408447
v -0.411865 1.064453 -0.394043
v -0.402588 1.056641 -0.394043
v -0.411865 1.054688 -0.380371
v -0.425049 1.063477 -0.377441
v -0.423340 1.055664 -0.368408
v -0.436768 1.060547 -0.360107
v -0.442383 1.070312 -0.367432
v -0.450439 1.069336 -0.355469
v -0.458496 1.082031 -0.365234
v -0.462891 1.080078 -0.355713
v -0.473389 1.091797 -0.359863
v -0.469727 1.096680 -0.372070
v -0.480469 1.104492 -0.368652
v -0.475098 1.111328 -0.384766
v -0.483643 1.115234 -0.380127
v -0.482422 1.125000 -0.394043
v -0.471924 1.121094 -0.401611
v -0.477295 1.130859 -0.408447
v -0.463135 1.125977 -0.418457
v -0.468506 1.133789 -0.422363
v -0.456543 1.132812 -0.434082
v -0.448242 1.122070 -0.430908
v -0.370605 1.195312 -0.404541
v -0.387207 1.199219 -0.391113
v -0.383057 1.194336 -0.395019
v -0.382080 1.206055 -0.387451
v -0.404541 1.211914 -0.388184
v -0.397705 1.203125 -0.385254
v -0.414307 1.204102 -0.370605
v -0.414795 1.208008 -0.370361
v -0.409668 1.213867 -0.365967
v -0.399170 1.217773 -0.383545
v -0.365479 1.201172 -0.399902
v -0.358643 1.179688 -0.396728
v -0.362793 1.180664 -0.397705
v -0.425049 1.216797 -0.351807
v -0.353516 1.185547 -0.392334
v -0.430176 1.209961 -0.356201
v -0.424561 1.201172 -0.351318
v -0.424561 1.203125 -0.334717
v -0.429688 1.197266 -0.339355
v -0.341797 1.166016 -0.398926
v -0.350830 1.164062 -0.393799
v -0.336670 1.172852 -0.394287
v -0.430176 1.190430 -0.333496
v -0.433105 1.197266 -0.316406
v -0.438232 1.191406 -0.320801
v -0.334229 1.159180 -0.378906
v -0.339600 1.152344 -0.382812
v -0.427246 1.176758 -0.315430
v -0.422363 1.181641 -0.307129
v -0.427490 1.174805 -0.311768
v -0.323730 1.142578 -0.369141
v -0.418213 1.158203 -0.304443
v -0.420166 1.166992 -0.291016
v -0.425293 1.161133 -0.295654
v -0.408447 1.148438 -0.297607
v -0.328857 1.136719 -0.373535
v -0.339844 1.147461 -0.381348
v -0.403320 1.154297 -0.292725
v -0.337402 1.129883 -0.355225
v -0.332275 1.136719 -0.350586
v -0.339600 1.132812 -0.365478
v -0.391357 1.138672 -0.285400
v -0.396484 1.132812 -0.290039
v -0.404541 1.144531 -0.298828
v -0.374756 1.133789 -0.298096
v -0.336914 1.117188 -0.338135
v -0.342773 1.123047 -0.345459
v -0.331787 1.123047 -0.333740
v -0.352783 1.121094 -0.324463
v -0.352295 1.119141 -0.331787
v -0.380127 1.127930 -0.302490
v 0.476807 1.126953 0.410400
v 0.417969 1.220703 0.374512
v 0.353027 1.181641 0.394287
v 0.416504 1.104492 0.448731
v 0.409180 1.209961 0.367676
v 0.468018 1.129883 0.424316
v 0.364990 1.197266 0.401856
v 0.428955 1.115234 0.448975
v 0.362061 1.205078 0.417725
v 0.382812 1.210938 0.401856
v 0.398682 1.213867 0.385498
v 0.404785 1.226562 0.396973
v 0.456055 1.128906 0.436035
v 0.381348 1.202148 0.389404
v 0.442627 1.123047 0.444336
v 0.398682 1.213867 0.385498
v 0.456055 1.128906 0.436035
v 0.404785 1.226562 0.396973
v 0.500977 1.018555 0.461426
v 0.522461 0.992676 0.462158
v 0.527832 1.000000 0.465820
v 0.514160 0.987305 0.465088
v 0.527344 1.005859 0.474365
v 0.507812 0.987793 0.473145
v 0.507324 0.993652 0.481445
v 0.520996 1.006836 0.482422
v 0.512695 1.000977 0.485352
v 0.118469 1.031250 0.114685
v 0.130615 1.071289 0.097290
v 0.139648 1.054688 0.082031
v 0.116821 1.077148 0.116333
v 0.143066 1.031250 0.076782
v 0.098511 1.072266 0.129028
v 0.140015 1.007812 0.081482
v 0.084290 1.055664 0.138184
v 0.130249 0.991699 0.096314
v 0.078613 1.032227 0.141724
v 0.084595 1.008789 0.138184
v 0.116760 0.984375 0.116211
v 0.098267 0.991211 0.128906
v 0.084290 1.055664 0.138184
v 0.105042 1.048828 0.146851
v 0.098511 1.072266 0.129028
v 0.078613 1.032227 0.141724
v 0.114136 1.061523 0.137085
v 0.127197 1.028320 0.124695
v 0.101746 1.030273 0.150513
v 0.116821 1.077148 0.116333
v 0.126587 1.066406 0.123535
v 0.084595 1.008789 0.138184
v 0.105042 1.011719 0.146851
v 0.130615 1.071289 0.097290
v 0.139038 1.061523 0.110107
v 0.148071 1.048828 0.100220
v 0.098267 0.991211 0.128906
v 0.114136 0.998535 0.137085
v 0.139648 1.054688 0.082031
v 0.151489 1.030273 0.096619
v 0.143066 1.031250 0.076782
v 0.116760 0.984375 0.116211
v 0.140015 1.007812 0.081482
v 0.126587 0.993652 0.123535
v 0.148071 1.011719 0.100220
v 0.139038 0.998535 0.110107
v 0.130249 0.991699 0.096314
v -0.385498 1.127930 -0.303955
v -0.357666 1.122070 -0.301758
v -0.347656 1.126953 -0.320068
v -0.362793 1.116211 -0.306396
v -0.369385 1.122070 -0.311279
v -0.362793 1.180664 -0.397705
v -0.370605 1.195312 -0.404541
v -0.383057 1.194336 -0.395019
v -0.350830 1.164062 -0.393799
v -0.358643 1.179688 -0.396728
v -0.339600 1.152344 -0.382812
v -0.339844 1.147461 -0.381348
v -0.328857 1.136719 -0.373535
v -0.339600 1.132812 -0.365478
v -0.337402 1.129883 -0.355225
v -0.342773 1.123047 -0.345459
v -0.369385 1.122070 -0.311279
v -0.352783 1.121094 -0.324463
v -0.352295 1.119141 -0.331787
v -0.380127 1.127930 -0.302490
v -0.385498 1.127930 -0.303955
v -0.396484 1.132812 -0.290039
v -0.404541 1.144531 -0.298828
v -0.418213 1.158203 -0.304443
v -0.408447 1.148438 -0.297607
v -0.414795 1.208008 -0.370361
v -0.424561 1.201172 -0.351318
v -0.414307 1.204102 -0.370605
v -0.226196 1.022461 -0.206543
v -0.303467 1.115234 -0.275635
v -0.216064 1.024414 -0.213257
v -0.278076 1.121094 -0.292480
v -0.303955 1.127930 -0.276611
v -0.252197 1.137695 -0.287842
v -0.205566 1.031250 -0.211426
v -0.282715 1.132812 -0.291016
v -0.260498 1.146484 -0.287109
v -0.240601 1.154297 -0.264648
v -0.250977 1.161133 -0.267334
v -0.200928 1.038086 -0.202026
v -0.289062 1.152344 -0.278564
v -0.279541 1.158203 -0.276855
v -0.275391 1.164062 -0.268310
v -0.298096 1.149414 -0.272461
v -0.259033 1.166992 -0.243408
v -0.250488 1.162109 -0.236206
v -0.204834 1.041016 -0.190674
v -0.312988 1.177734 -0.286133
v -0.303711 1.179688 -0.292480
v -0.294189 1.186523 -0.290771
v -0.289795 1.192383 -0.282227
v -0.278809 1.166992 -0.258057
v -0.293457 1.195312 -0.271728
v -0.280518 1.162109 -0.229126
v -0.275635 1.156250 -0.219482
v -0.215088 1.039062 -0.183960
v -0.288086 1.164062 -0.251953
v -0.302734 1.192383 -0.265625
v -0.301514 1.139648 -0.224121
v -0.302490 1.148438 -0.233032
v -0.225464 1.032227 -0.185791
v -0.297607 1.158203 -0.253662
v -0.312256 1.186523 -0.267334
v -0.230103 1.025391 -0.195190
v -0.313232 1.123047 -0.247314
v -0.312256 1.134766 -0.252685
v -0.301758 1.152344 -0.262207
v -0.316406 1.180664 -0.275879
v -0.298096 1.149414 -0.272461
v -0.226196 1.022461 -0.206543
v -0.303467 1.115234 -0.275635
v -0.303955 1.127930 -0.276611
v -0.312988 1.177734 -0.286133
v -0.192749 1.008789 0.199707
v -0.116577 1.013672 0.126953
v -0.185547 1.006836 0.205689
v -0.123535 1.016602 0.120667
v -0.198486 1.015625 0.195923
v -0.128418 1.022461 0.116333
v -0.201050 1.025391 0.195068
v -0.130371 1.032227 0.114563
v -0.199829 1.034180 0.197632
v -0.128540 1.041992 0.116028
v -0.195190 1.041016 0.202759
v -0.123352 1.048828 0.120361
v -0.188232 1.043945 0.209106
v -0.116333 1.050781 0.126343
v -0.109253 1.048828 0.132568
v -0.181030 1.041016 0.215088
v -0.104065 1.041992 0.137207
v -0.175415 1.034180 0.218872
v -0.101990 1.032227 0.138916
v -0.172852 1.025391 0.219727
v -0.103821 1.022461 0.137451
v -0.174072 1.015625 0.217163
v -0.109497 1.016602 0.132935
v -0.178711 1.008789 0.212036
v -0.116577 1.013672 0.126953
v -0.185547 1.006836 0.205689
v -0.196167 1.045898 0.186646
v -0.191528 1.024414 0.182129
v -0.197021 1.047852 0.182007
v -0.191650 1.024414 0.176880
v -0.198242 1.004883 0.189697
v -0.208252 1.047852 0.171387
v -0.199219 1.002930 0.185425
v -0.203003 1.024414 0.166260
v -0.213867 1.043945 0.171997
v -0.215332 0.995117 0.202637
v -0.210571 1.001953 0.174805
v -0.209473 1.024414 0.167725
v -0.212402 0.999023 0.204834
v -0.230347 1.006836 0.218384
v -0.226562 0.994629 0.191895
v -0.215820 1.006836 0.174805
v -0.225708 1.008789 0.218872
v -0.235718 1.030273 0.223389
v -0.241699 1.005859 0.207642
v -0.229004 1.000000 0.188965
v -0.230469 1.029297 0.223389
v -0.241455 1.009766 0.201904
v -0.247070 1.029297 0.212769
v -0.223755 1.048828 0.215820
v -0.228149 1.051758 0.214966
v -0.245850 1.029297 0.206177
v -0.239502 1.051758 0.204224
v -0.209595 1.055664 0.200562
v -0.212036 1.059570 0.197754
v -0.239624 1.046875 0.199097
v -0.223389 1.058594 0.187134
v -0.196167 1.045898 0.186646
v -0.197021 1.047852 0.182007
v -0.226318 1.053711 0.184937
v -0.208252 1.047852 0.171387
v -0.227661 1.026367 0.187012
v -0.241455 1.009766 0.201904
v -0.226318 1.053711 0.184937
v -0.213867 1.043945 0.171997
v -0.229004 1.000000 0.188965
v -0.213867 1.043945 0.171997
v -0.209473 1.024414 0.167725
v -0.215820 1.006836 0.174805
v -0.146973 1.044922 0.230103
v -0.142700 1.024414 0.225464
v -0.148193 1.047852 0.224487
v -0.143188 1.024414 0.219116
v -0.148682 1.005859 0.233032
v -0.160034 1.047852 0.214478
v -0.150269 1.002930 0.228027
v -0.155029 1.024414 0.209106
v -0.161621 1.000000 0.248535
v -0.164673 1.044922 0.215454
v -0.165283 0.995117 0.246094
v -0.162109 1.001953 0.218018
v -0.160400 1.024414 0.210815
v -0.173828 1.009766 0.262939
v -0.179443 1.006836 0.262695
v -0.177124 0.995117 0.236084
v -0.166382 1.005859 0.218384
v -0.178101 1.029297 0.267578
v -0.184448 1.030273 0.268066
v -0.191284 1.006836 0.252686
v -0.191284 1.009766 0.247925
v -0.179199 0.999512 0.233765
v -0.171997 1.048828 0.259766
v -0.177368 1.051758 0.259033
v -0.196411 1.030273 0.258057
v -0.195557 1.029297 0.252441
v -0.159180 1.054688 0.244263
v -0.162354 1.059570 0.241089
v -0.189331 1.051758 0.249146
v -0.189453 1.047852 0.244873
v -0.174316 1.058594 0.231079
v -0.146973 1.044922 0.230103
v -0.148193 1.047852 0.224487
v -0.176758 1.053711 0.229492
v -0.160034 1.047852 0.214478
v -0.164673 1.044922 0.215454
v -0.166382 1.005859 0.218384
v -0.198242 1.004883 0.189697
v -0.160400 1.024414 0.210815
v -0.191528 1.024414 0.182129
v -0.164673 1.044922 0.215454
v -0.196167 1.045898 0.186646
v -0.176758 1.053711 0.229492
v -0.209595 1.055664 0.200562
v -0.189453 1.047852 0.244873
v -0.223755 1.048828 0.215820
v -0.230469 1.029297 0.223389
v -0.195557 1.029297 0.252441
v -0.225708 1.008789 0.218872
v -0.191284 1.009766 0.247925
v -0.212402 0.999023 0.204834
v -0.179199 0.999512 0.233765
v -0.198242 1.004883 0.189697
v -0.166382 1.005859 0.218384
v -0.205566 1.021484 0.230835
v -0.274658 1.114258 0.308106
v -0.212402 1.023438 0.220703
v -0.291504 1.120117 0.282715
v -0.275879 1.126953 0.308594
v -0.286865 1.136719 0.256836
v -0.210571 1.030273 0.210205
v -0.290039 1.131836 0.287354
v -0.286133 1.145508 0.265137
v -0.263672 1.153320 0.245239
v -0.266357 1.159180 0.255371
v -0.201172 1.037109 0.205566
v -0.277588 1.150391 0.293701
v -0.275879 1.156250 0.284180
v -0.267334 1.163086 0.280029
v -0.271484 1.148438 0.302734
v -0.242432 1.166016 0.263672
v -0.235352 1.161133 0.254883
v -0.189819 1.040039 0.209473
v -0.285400 1.176758 0.317627
v -0.291504 1.178711 0.308350
v -0.289795 1.184570 0.298828
v -0.281250 1.191406 0.294434
v -0.257080 1.165039 0.283447
v -0.270752 1.193359 0.298096
v -0.228271 1.161133 0.285156
v -0.218628 1.155273 0.280273
v -0.183105 1.037109 0.219605
v -0.250977 1.163086 0.292725
v -0.264648 1.191406 0.307373
v -0.223145 1.138672 0.306152
v -0.232178 1.147461 0.307129
v -0.184937 1.031250 0.230103
v -0.252686 1.157227 0.302002
v -0.266357 1.185547 0.316895
v -0.194214 1.024414 0.234741
v -0.246460 1.122070 0.317871
v -0.251953 1.132812 0.316895
v -0.261230 1.151367 0.306397
v -0.274902 1.179688 0.321045
v -0.271484 1.148438 0.302734
v -0.205566 1.021484 0.230835
v -0.274658 1.114258 0.308106
v -0.275879 1.126953 0.308594
v -0.285400 1.176758 0.317627
v 0.194580 1.005859 0.195679
v 0.121704 1.010742 0.119385
v 0.200562 1.003906 0.188355
v 0.115479 1.013672 0.126343
v 0.190674 1.012695 0.201294
v 0.111206 1.020508 0.131348
v 0.189941 1.022461 0.203857
v 0.109375 1.029297 0.133179
v 0.192383 1.032227 0.202637
v 0.110840 1.039062 0.131348
v 0.197510 1.038086 0.197998
v 0.115173 1.045898 0.126221
v 0.203979 1.041016 0.191162
v 0.121216 1.048828 0.119141
v 0.127441 1.045898 0.112061
v 0.209839 1.038086 0.183838
v 0.131958 1.039062 0.106873
v 0.213745 1.031250 0.178223
v 0.133789 1.029297 0.104797
v 0.214478 1.022461 0.175659
v 0.132324 1.020508 0.106689
v 0.212036 1.012695 0.176880
v 0.127808 1.013672 0.112305
v 0.206909 1.005859 0.181519
v 0.121704 1.010742 0.119385
v 0.200562 1.003906 0.188355
v 0.181519 1.042969 0.198975
v 0.177002 1.021484 0.194336
v 0.176880 1.044922 0.199829
v 0.171753 1.021484 0.194458
v 0.184570 1.002930 0.201050
v 0.166138 1.044922 0.211182
v 0.180298 0.999512 0.202026
v 0.161011 1.021484 0.205811
v 0.166748 1.041016 0.216797
v 0.197388 0.992188 0.218140
v 0.169556 0.999512 0.213379
v 0.162598 1.021484 0.212402
v 0.199707 0.996094 0.215210
v 0.213135 1.003906 0.233276
v 0.186768 0.992188 0.229370
v 0.169556 1.003906 0.218628
v 0.213623 1.005859 0.228638
v 0.218262 1.027344 0.238525
v 0.202515 1.003906 0.244507
v 0.183716 0.997559 0.231812
v 0.218140 1.027344 0.233276
v 0.196777 1.006836 0.244263
v 0.207642 1.027344 0.249878
v 0.210571 1.045898 0.226563
v 0.209717 1.048828 0.230957
v 0.201050 1.026367 0.248657
v 0.199097 1.048828 0.242310
v 0.195435 1.052734 0.212402
v 0.192627 1.056641 0.214966
v 0.193970 1.044922 0.242432
v 0.181885 1.056641 0.226196
v 0.181519 1.042969 0.198975
v 0.176880 1.044922 0.199829
v 0.179810 1.050781 0.229248
v 0.166138 1.044922 0.211182
v 0.181763 1.024414 0.230469
v 0.196777 1.006836 0.244263
v 0.179810 1.050781 0.229248
v 0.166748 1.041016 0.216797
v 0.183716 0.997559 0.231812
v 0.166748 1.041016 0.216797
v 0.162598 1.021484 0.212402
v 0.169556 1.003906 0.218628
v 0.224854 1.041992 0.149780
v 0.220215 1.022461 0.145508
v 0.219238 1.044922 0.151001
v 0.213867 1.021484 0.145996
v 0.227905 1.002930 0.151611
v 0.209229 1.044922 0.162964
v 0.222778 1.000000 0.153076
v 0.203857 1.021484 0.157837
v 0.243408 0.997070 0.164429
v 0.210205 1.041992 0.167481
v 0.240845 0.992676 0.168091
v 0.212769 0.999512 0.164917
v 0.205688 1.021484 0.163208
v 0.257568 1.006836 0.176636
v 0.257568 1.003906 0.182251
v 0.230835 0.992188 0.180054
v 0.213257 1.002930 0.169189
v 0.262207 1.027344 0.180908
v 0.262939 1.027344 0.187256
v 0.247437 1.003906 0.194214
v 0.242798 1.006836 0.194092
v 0.228638 0.997070 0.182007
v 0.254639 1.045898 0.174927
v 0.253906 1.048828 0.180176
v 0.252930 1.027344 0.199219
v 0.247314 1.026367 0.198364
v 0.239136 1.051758 0.161987
v 0.235840 1.056641 0.165161
v 0.243896 1.048828 0.192139
v 0.239746 1.044922 0.192383
v 0.225830 1.056641 0.177124
v 0.224854 1.041992 0.149780
v 0.219238 1.044922 0.151001
v 0.224365 1.051758 0.179565
v 0.209229 1.044922 0.162964
v 0.210205 1.041992 0.167481
v 0.213257 1.002930 0.169189
v 0.184570 1.002930 0.201050
v 0.205688 1.021484 0.163208
v 0.177002 1.021484 0.194336
v 0.210205 1.041992 0.167481
v 0.181519 1.042969 0.198975
v 0.224365 1.051758 0.179565
v 0.195435 1.052734 0.212402
v 0.239746 1.044922 0.192383
v 0.210571 1.045898 0.226563
v 0.218140 1.027344 0.233276
v 0.247314 1.026367 0.198364
v 0.213623 1.005859 0.228638
v 0.242798 1.006836 0.194092
v 0.199707 0.996094 0.215210
v 0.228638 0.997070 0.182007
v 0.184570 1.002930 0.201050
v 0.213257 1.002930 0.169189
v 0.507812 0.987793 0.473145
v 0.507324 0.993652 0.481445
v 0.499512 0.979492 0.472412
v 0.498291 0.990723 0.488281
v 0.512695 1.000977 0.485352
v 0.508301 1.004883 0.495850
v 0.520996 1.006836 0.482422
v 0.523926 1.015625 0.490234
v 0.527344 1.005859 0.474365
v 0.536133 1.014648 0.474854
v 0.537109 1.003906 0.458984
v 0.527832 1.000000 0.465820
v 0.527344 0.989258 0.451660
v 0.522461 0.992676 0.462158
v 0.511719 0.979004 0.457031
v 0.514160 0.987305 0.465088
v 0.499512 0.979492 0.472412
v 0.507812 0.987793 0.473145
v 0.499512 0.979492 0.472412
v 0.498291 0.990723 0.488281
v 0.482910 0.993652 0.460938
v 0.481445 1.005859 0.479004
v 0.508301 1.004883 0.495850
v 0.483154 0.997559 0.459473
v 0.493164 1.022461 0.487305
v 0.481934 1.008789 0.475830
v 0.523926 1.015625 0.490234
v 0.510742 1.034180 0.480957
v 0.492432 1.023438 0.483398
v 0.405518 1.068359 0.414795
v 0.411377 1.060547 0.395996
v 0.417236 1.095703 0.437988
v 0.407471 1.081055 0.429443
v 0.508301 1.034180 0.477783
v 0.431396 1.109375 0.439941
v 0.524414 1.033203 0.463623
v 0.520508 1.033203 0.462158
v 0.536133 1.014648 0.474854
v 0.447754 1.118164 0.432861
v 0.462402 1.122070 0.420410
v 0.525879 1.020508 0.445557
v 0.521973 1.022461 0.445801
v 0.474609 1.107422 0.386719
v 0.471436 1.117188 0.403320
v 0.537109 1.003906 0.458984
v 0.514160 1.003906 0.437256
v 0.511230 1.006836 0.438232
v 0.468994 1.092773 0.374023
v 0.527344 0.989258 0.451660
v 0.496582 0.992676 0.443604
v 0.495361 0.997070 0.443848
v 0.441650 1.066406 0.369141
v 0.458008 1.078125 0.367188
v 0.511719 0.979004 0.457031
v 0.499512 0.979492 0.472412
v 0.482910 0.993652 0.460938
v 0.424561 1.059570 0.379395
v 0.411377 1.060547 0.395996
v 0.483154 0.997559 0.459473
v 0.324463 1.134766 0.333496
v 0.328125 1.168945 0.335449
v 0.334229 1.162109 0.320068
v 0.320068 1.146484 0.353760
v 0.342041 1.119141 0.347412
v 0.329346 1.180664 0.348633
v 0.338867 1.128906 0.367432
v 0.339355 1.143555 0.383301
v 0.321533 1.160156 0.371582
v 0.331543 1.178711 0.383545
v 0.337402 1.194336 0.355957
v 0.350098 1.160156 0.395752
v 0.362061 1.176758 0.399658
v 0.345947 1.196289 0.389160
v 0.350342 1.207031 0.355713
v 0.364502 1.209961 0.385986
v 0.382324 1.190430 0.396973
v 0.364502 1.214844 0.347900
v 0.397217 1.199219 0.387207
v 0.383301 1.219727 0.375977
v 0.413818 1.200195 0.372559
v 0.400635 1.222656 0.358154
v 0.376221 1.214844 0.334229
v 0.423828 1.197266 0.353027
v -0.354980 1.250977 -0.345215
v -0.374023 1.251953 -0.323242
v -0.342285 1.268555 -0.336182
v -0.317139 1.255859 -0.350098
v -0.362793 1.269531 -0.312500
v -0.377686 1.229492 -0.330566
v -0.363037 1.229492 -0.347168
v -0.331787 1.239258 -0.357910
v -0.385254 1.220703 -0.311279
v -0.383789 1.241211 -0.298340
v -0.294434 1.234375 -0.350586
v -0.373535 1.257812 -0.285400
v -0.383057 1.211914 -0.317139
v -0.376953 1.218750 -0.332519
v -0.345459 1.219727 -0.357178
v -0.365234 1.218750 -0.345947
v -0.310791 1.219727 -0.358398
v -0.383789 1.206055 -0.294922
v -0.381836 1.200195 -0.303955
v -0.381836 1.221680 -0.276855
v -0.280029 1.209961 -0.337402
v -0.371338 1.236328 -0.262207
v -0.329346 1.205078 -0.357422
v -0.350830 1.210938 -0.353760
v -0.297607 1.196289 -0.346435
v -0.373535 1.188477 -0.285644
v -0.373535 1.185547 -0.296387
v -0.368408 1.198242 -0.264648
v -0.278076 1.188477 -0.314209
v -0.356934 1.211914 -0.249145
v -0.319092 1.187500 -0.348144
v -0.337891 1.198242 -0.354004
v -0.295410 1.176758 -0.324951
v -0.357422 1.173828 -0.286133
v -0.360596 1.173828 -0.296631
v -0.347412 1.178711 -0.265137
v -0.288574 1.176758 -0.287353
v -0.334229 1.190430 -0.249634
v -0.317627 1.172852 -0.331787
v -0.329834 1.184570 -0.346680
v -0.305420 1.166016 -0.300049
v -0.339844 1.164062 -0.295898
v -0.346436 1.166016 -0.304687
v -0.324463 1.166992 -0.278076
v -0.325195 1.164062 -0.312744
v -0.309326 1.177734 -0.263672
v -0.334717 1.166016 -0.318115
v -0.328613 1.172852 -0.333496
v -0.342285 1.268555 -0.336182
v -0.362793 1.269531 -0.312500
v -0.327148 1.280273 -0.321533
v -0.303955 1.267578 -0.334473
v -0.317139 1.255859 -0.350098
v -0.346191 1.280273 -0.299805
v -0.373535 1.257812 -0.285400
v -0.311768 1.282227 -0.303711
v -0.293945 1.273438 -0.313721
v -0.282959 1.248047 -0.334961
v -0.277832 1.257812 -0.313965
v -0.294434 1.234375 -0.350586
v -0.355957 1.269531 -0.274658
v -0.326172 1.282227 -0.287109
v -0.371338 1.236328 -0.262207
v -0.298584 1.275391 -0.285400
v -0.288818 1.270508 -0.290771
v -0.280273 1.262695 -0.290771
v -0.269775 1.225586 -0.322754
v -0.267822 1.240234 -0.304687
v -0.274658 1.252930 -0.285889
v -0.289307 1.260742 -0.269043
v -0.306396 1.275391 -0.276367
v -0.333740 1.274414 -0.267822
v -0.354004 1.250000 -0.253418
v -0.356934 1.211914 -0.249145
v -0.273926 1.245117 -0.277100
v -0.266357 1.225586 -0.288330
v -0.310547 1.271484 -0.265869
v -0.332275 1.259766 -0.251465
v -0.340820 1.227539 -0.241211
v -0.278076 1.240234 -0.266602
v -0.309570 1.262695 -0.257080
v -0.322266 1.242188 -0.242310
v -0.334229 1.190430 -0.249634
v -0.319580 1.207031 -0.241699
v -0.306152 1.226562 -0.242554
v -0.304199 1.253906 -0.251953
v -0.273926 1.216797 -0.269287
v -0.285889 1.240234 -0.257568
v -0.295410 1.245117 -0.252197
v -0.309326 1.177734 -0.263672
v -0.296631 1.195312 -0.254639
v -0.288330 1.217773 -0.252441
v -0.277588 1.195312 -0.276367
v -0.288574 1.176758 -0.287353
v -0.267822 1.206055 -0.301514
v -0.278076 1.188477 -0.314209
v -0.280029 1.209961 -0.337402
v 0.411865 1.217773 0.339600
v 0.382324 1.208008 0.318848
v 0.416748 1.208008 0.319336
v 0.429443 1.186523 0.335449
v 0.381104 1.196289 0.305664
v 0.426758 1.172852 0.317383
v 0.414795 1.192383 0.301270
v 0.405273 1.174805 0.289307
v 0.373047 1.181641 0.298340
v 0.417725 1.154297 0.306397
v 0.390381 1.157227 0.283691
v 0.360107 1.169922 0.298584
v 0.403809 1.140625 0.300781
v 0.371094 1.142578 0.287354
v 0.385010 1.124023 0.305908
v 0.353027 1.132812 0.296875
v 0.345703 1.162109 0.306641
v 0.368896 1.118164 0.313232
v 0.335449 1.131836 0.315430
v 0.334229 1.162109 0.320068
v 0.351807 1.115234 0.333740
v 0.324463 1.134766 0.333496
v 0.342041 1.119141 0.347412
v 0.456055 1.128906 0.436035
v 0.442627 1.123047 0.444336
v 0.447754 1.118164 0.432861
v 0.431396 1.109375 0.439941
v 0.428955 1.115234 0.448975
v 0.416504 1.104492 0.448731
v 0.417236 1.095703 0.437988
v 0.406006 1.091797 0.444580
v 0.407471 1.081055 0.429443
v 0.399170 1.080078 0.435791
v 0.395752 1.068359 0.424316
v 0.405518 1.068359 0.414795
v 0.396973 1.059570 0.410400
v 0.411377 1.060547 0.395996
v 0.402100 1.052734 0.395996
v 0.411133 1.050781 0.382324
v 0.424561 1.059570 0.379395
v 0.422852 1.051758 0.370361
v 0.436035 1.056641 0.362061
v 0.441650 1.066406 0.369141
v 0.449707 1.065430 0.357422
v 0.458008 1.078125 0.367188
v 0.462402 1.076172 0.357666
v 0.472900 1.087891 0.361816
v 0.468994 1.092773 0.374023
v 0.479736 1.100586 0.370606
v 0.474609 1.107422 0.386719
v 0.483154 1.111328 0.382080
v 0.481934 1.121094 0.395996
v 0.471436 1.117188 0.403320
v 0.476807 1.126953 0.410400
v 0.462402 1.122070 0.420410
v 0.468018 1.129883 0.424316
v 0.456055 1.128906 0.436035
v 0.447754 1.118164 0.432861
v 0.370117 1.191406 0.406250
v 0.386475 1.195312 0.393066
v 0.382324 1.190430 0.396973
v 0.381348 1.202148 0.389404
v 0.403809 1.208008 0.390137
v 0.397217 1.199219 0.387207
v 0.413818 1.200195 0.372559
v 0.414307 1.204102 0.372315
v 0.409180 1.209961 0.367676
v 0.398682 1.213867 0.385498
v 0.364990 1.197266 0.401856
v 0.358154 1.175781 0.398682
v 0.362061 1.176758 0.399658
v 0.424561 1.212891 0.353516
v 0.353027 1.181641 0.394287
v 0.429688 1.206055 0.358154
v 0.423828 1.197266 0.353027
v 0.424072 1.199219 0.336670
v 0.429199 1.193359 0.341309
v 0.341309 1.162109 0.400879
v 0.350098 1.160156 0.395752
v 0.336182 1.168945 0.396240
v 0.429443 1.186523 0.335449
v 0.432617 1.193359 0.318359
v 0.437744 1.187500 0.322754
v 0.333740 1.155273 0.380859
v 0.339111 1.148438 0.384766
v 0.426758 1.172852 0.317383
v 0.421875 1.177734 0.309082
v 0.427002 1.170898 0.313477
v 0.323242 1.138672 0.371094
v 0.417725 1.154297 0.306397
v 0.419678 1.163086 0.292969
v 0.424805 1.157227 0.297363
v 0.407959 1.144531 0.299561
v 0.328369 1.132812 0.375488
v 0.339355 1.143555 0.383301
v 0.402832 1.150391 0.294678
v 0.336914 1.125977 0.356934
v 0.331787 1.132812 0.352539
v 0.338867 1.128906 0.367432
v 0.390869 1.134766 0.287354
v 0.395996 1.128906 0.291992
v 0.403809 1.140625 0.300781
v 0.374268 1.129883 0.299805
v 0.336426 1.113281 0.340088
v 0.342041 1.119141 0.347412
v 0.331299 1.119141 0.335693
v 0.352295 1.117188 0.326416
v 0.351807 1.115234 0.333740
v 0.379395 1.124023 0.304443
v 0.385010 1.124023 0.305908
v 0.356934 1.118164 0.303711
v 0.347168 1.123047 0.321777
v 0.362305 1.112305 0.308106
v 0.368896 1.118164 0.313232
v 0.362061 1.176758 0.399658
v 0.370117 1.191406 0.406250
v 0.382324 1.190430 0.396973
v 0.350098 1.160156 0.395752
v 0.358154 1.175781 0.398682
v 0.339111 1.148438 0.384766
v 0.339355 1.143555 0.383301
v 0.328369 1.132812 0.375488
v 0.338867 1.128906 0.367432
v 0.336914 1.125977 0.356934
v 0.342041 1.119141 0.347412
v 0.368896 1.118164 0.313232
v 0.352295 1.117188 0.326416
v 0.351807 1.115234 0.333740
v 0.379395 1.124023 0.304443
v 0.385010 1.124023 0.305908
v 0.395996 1.128906 0.291992
v 0.403809 1.140625 0.300781
v 0.417725 1.154297 0.306397
v 0.407959 1.144531 0.299561
v 0.414307 1.204102 0.372315
v 0.423828 1.197266 0.353027
v 0.413818 1.200195 0.372559
v 0.225708 1.018555 0.208496
v 0.302734 1.111328 0.277588
v 0.215454 1.020508 0.215210
v 0.277588 1.117188 0.294434
v 0.303467 1.124023 0.278565
v 0.251709 1.133789 0.289795
v 0.205078 1.027344 0.213379
v 0.281982 1.128906 0.292725
v 0.260010 1.142578 0.289063
v 0.240112 1.150391 0.266602
v 0.250244 1.157227 0.269287
v 0.200439 1.034180 0.203980
v 0.288330 1.148438 0.280273
v 0.279053 1.154297 0.278809
v 0.274658 1.160156 0.270264
v 0.297607 1.145508 0.274414
v 0.258545 1.163086 0.245239
v 0.249756 1.158203 0.238159
v 0.204346 1.037109 0.192627
v 0.312500 1.173828 0.288086
v 0.302979 1.175781 0.294434
v 0.293457 1.182617 0.292725
v 0.289307 1.188477 0.284180
v 0.278320 1.163086 0.260010
v 0.292969 1.191406 0.273682
v 0.280029 1.158203 0.231079
v 0.275146 1.152344 0.221436
v 0.214478 1.035156 0.185913
v 0.287598 1.160156 0.253906
v 0.302246 1.188477 0.267578
v 0.301025 1.135742 0.225952
v 0.302002 1.144531 0.234985
v 0.224976 1.028320 0.187744
v 0.296875 1.154297 0.255615
v 0.311768 1.182617 0.269287
v 0.229614 1.021484 0.197022
v 0.312500 1.119141 0.249268
v 0.311768 1.130859 0.254639
v 0.301025 1.148438 0.263916
v 0.315918 1.176758 0.277832
v 0.297607 1.145508 0.274414
v 0.225708 1.018555 0.208496
v 0.302734 1.111328 0.277588
v 0.303467 1.124023 0.278565
v 0.312500 1.173828 0.288086
v 0.354248 1.247070 0.346924
v 0.373291 1.248047 0.325195
v 0.341797 1.264648 0.338135
v 0.316650 1.251953 0.352051
v 0.362305 1.265625 0.314453
v 0.377197 1.225586 0.332520
v 0.362549 1.225586 0.349121
v 0.331299 1.235352 0.359863
v 0.384766 1.216797 0.313232
v 0.383301 1.237305 0.300293
v 0.293945 1.230469 0.352539
v 0.373047 1.253906 0.287354
v 0.382324 1.208008 0.318848
v 0.376221 1.214844 0.334229
v 0.344971 1.215820 0.359131
v 0.364502 1.214844 0.347900
v 0.310303 1.215820 0.360352
v 0.383057 1.202148 0.296875
v 0.381104 1.196289 0.305664
v 0.381348 1.217773 0.278809
v 0.279541 1.206055 0.339356
v 0.370850 1.232422 0.264160
v 0.328857 1.201172 0.359375
v 0.350342 1.207031 0.355713
v 0.296875 1.192383 0.348389
v 0.373047 1.184570 0.287598
v 0.373047 1.181641 0.298340
v 0.367920 1.194336 0.266602
v 0.277344 1.184570 0.316162
v 0.356445 1.208008 0.250977
v 0.318604 1.183594 0.350098
v 0.337402 1.194336 0.355957
v 0.294922 1.172852 0.326904
v 0.356934 1.169922 0.288086
v 0.360107 1.169922 0.298584
v 0.346924 1.174805 0.267090
v 0.288086 1.172852 0.289063
v 0.333740 1.186523 0.251465
v 0.317139 1.168945 0.333740
v 0.329346 1.180664 0.348633
v 0.304688 1.162109 0.302002
v 0.339111 1.160156 0.297852
v 0.345703 1.162109 0.306641
v 0.323730 1.163086 0.280029
v 0.324707 1.160156 0.314697
v 0.308594 1.173828 0.265625
v 0.334229 1.162109 0.320068
v 0.328125 1.168945 0.335449
v 0.341797 1.264648 0.338135
v 0.362305 1.265625 0.314453
v 0.326416 1.276367 0.323486
v 0.303467 1.263672 0.336426
v 0.316650 1.251953 0.352051
v 0.345459 1.276367 0.301758
v 0.373047 1.253906 0.287354
v 0.311035 1.278320 0.305664
v 0.293457 1.269531 0.315430
v 0.282471 1.244141 0.336914
v 0.277344 1.253906 0.315918
v 0.293945 1.230469 0.352539
v 0.355469 1.265625 0.276611
v 0.325684 1.278320 0.288818
v 0.370850 1.232422 0.264160
v 0.297852 1.271484 0.287354
v 0.288330 1.266602 0.292481
v 0.279541 1.258789 0.292725
v 0.269043 1.221680 0.324707
v 0.267334 1.236328 0.306641
v 0.274170 1.249023 0.287842
v 0.288818 1.256836 0.270996
v 0.305908 1.271484 0.278076
v 0.333252 1.270508 0.269775
v 0.353516 1.246094 0.255371
v 0.356445 1.208008 0.250977
v 0.273438 1.241211 0.278809
v 0.265625 1.221680 0.290283
v 0.309814 1.267578 0.267822
v 0.331787 1.255859 0.253418
v 0.340088 1.223633 0.243164
v 0.277344 1.236328 0.268555
v 0.309082 1.258789 0.259033
v 0.321533 1.238281 0.244141
v 0.333740 1.186523 0.251465
v 0.319092 1.203125 0.243652
v 0.305420 1.222656 0.244507
v 0.303467 1.250000 0.253906
v 0.273193 1.212891 0.271240
v 0.285400 1.236328 0.259522
v 0.294922 1.241211 0.254150
v 0.308594 1.173828 0.265625
v 0.295898 1.191406 0.256592
v 0.287842 1.213867 0.254395
v 0.277100 1.191406 0.278320
v 0.288086 1.172852 0.289063
v 0.267090 1.202148 0.303467
v 0.277344 1.184570 0.316162
v 0.279541 1.206055 0.339356
v -0.340498 1.154805 0.371421
v -0.346812 1.141496 0.376926
v -0.356883 1.150488 0.358943
v -0.327711 1.149222 0.387540
v -0.367486 1.136276 0.360930
v -0.372742 1.155255 0.342645
v -0.360855 1.165715 0.344393
v -0.420896 1.216012 0.428273
v -0.329999 1.134477 0.397112
v -0.410259 1.213357 0.440637
v -0.397962 1.214632 0.451543
v -0.311094 1.152363 0.402713
v -0.312509 1.162933 0.391814
v -0.372941 1.172872 0.328371
v -0.429482 1.223021 0.415798
v -0.387084 1.164605 0.322069
v -0.433516 1.233769 0.403744
v -0.378577 1.188576 0.312559
v -0.384931 1.220997 0.459300
v -0.295914 1.169221 0.403343
v -0.289537 1.160164 0.417106
v -0.371945 1.231103 0.463763
v -0.366536 1.191623 0.321120
v -0.279171 1.183871 0.409531
v -0.434146 1.247246 0.394091
v -0.287933 1.188018 0.397481
v -0.368414 1.207960 0.307206
v -0.429869 1.261868 0.386902
v -0.381686 1.209034 0.295310
v -0.361239 1.243997 0.464022
v -0.363255 1.229074 0.298242
v -0.272857 1.203642 0.399859
v -0.261411 1.203299 0.413118
v -0.354222 1.258383 0.461160
v -0.354447 1.223737 0.309593
v -0.263630 1.223986 0.395538
v -0.422851 1.276254 0.384041
v -0.275625 1.219750 0.386276
v -0.349945 1.273005 0.453972
v -0.346247 1.242152 0.304053
v -0.412146 1.289148 0.384300
v -0.353560 1.252169 0.291322
v -0.332003 1.259970 0.305715
v -0.269220 1.238501 0.379026
v -0.255123 1.247957 0.386028
v -0.350498 1.286255 0.444368
v -0.269424 1.257973 0.366026
v -0.328608 1.248216 0.315350
v -0.400050 1.299025 0.389093
v -0.279549 1.246712 0.362692
v -0.354621 1.297527 0.432439
v -0.313560 1.262380 0.319526
v -0.385988 1.305464 0.396793
v -0.312208 1.278086 0.310985
v -0.296286 1.270837 0.331501
v -0.284388 1.261114 0.348123
v -0.274798 1.276513 0.347118
v -0.363195 1.304240 0.419789
v -0.300773 1.256797 0.335645
v -0.373767 1.306965 0.407650
v -0.284388 1.261114 0.348123
v -0.363195 1.304240 0.419789
v -0.274798 1.276513 0.347118
v -0.458995 1.315300 0.492701
v -0.476870 1.316053 0.521557
v -0.469991 1.322957 0.523225
v -0.484897 1.315099 0.515155
v -0.467521 1.331750 0.518668
v -0.489121 1.320730 0.507695
v -0.486596 1.329891 0.503537
v -0.471744 1.337381 0.511208
v -0.479197 1.336683 0.505089
v -0.489121 1.320730 0.507695
v -0.486596 1.329891 0.503537
v -0.498222 1.315806 0.502859
v -0.493887 1.332851 0.494623
v -0.479197 1.336683 0.505089
v -0.480107 1.346063 0.497608
v -0.471744 1.337381 0.511208
v -0.465279 1.347685 0.509796
v -0.467521 1.331750 0.518668
v -0.457269 1.337187 0.524071
v -0.461734 1.320000 0.531859
v -0.469991 1.322957 0.523225
v -0.475959 1.306673 0.529038
v -0.476870 1.316053 0.521557
v -0.490787 1.305052 0.516851
v -0.484897 1.315099 0.515155
v -0.498222 1.315806 0.502859
v -0.489121 1.320730 0.507695
v -0.498222 1.315806 0.502859
v -0.493887 1.332851 0.494623
v -0.486651 1.303482 0.485066
v -0.481085 1.322869 0.475998
v -0.480107 1.346063 0.497608
v -0.482578 1.303409 0.484439
v -0.465584 1.338026 0.479198
v -0.477353 1.320683 0.475871
v -0.465279 1.347685 0.509796
v -0.449050 1.339836 0.493222
v -0.463585 1.334193 0.479032
v -0.424274 1.255871 0.397800
v -0.424891 1.238295 0.409907
v -0.403598 1.287438 0.394580
v -0.416723 1.273079 0.392563
v -0.448627 1.335956 0.491669
v -0.387903 1.296346 0.402620
v -0.439959 1.327726 0.509287
v -0.440463 1.325006 0.506042
v -0.457269 1.337187 0.524071
v -0.373309 1.296592 0.416107
v -0.362822 1.289982 0.431092
v -0.445383 1.308183 0.518628
v -0.445742 1.307363 0.514210
v -0.362330 1.258832 0.454073
v -0.359570 1.275831 0.444448
v -0.461734 1.320000 0.531859
v -0.461026 1.293181 0.515155
v -0.459445 1.293924 0.511273
v -0.372231 1.242285 0.456328
v -0.475959 1.306673 0.529038
v -0.477940 1.291328 0.501520
v -0.474925 1.292273 0.498753
v -0.403043 1.223549 0.441168
v -0.386424 1.229242 0.452347
v -0.490787 1.305052 0.516851
v -0.498222 1.315806 0.502859
v -0.486651 1.303482 0.485066
v -0.416973 1.226267 0.425755
v -0.424891 1.238295 0.409907
v -0.482578 1.303409 0.484439
v -0.359836 1.172519 0.317242
v -0.328330 1.183423 0.308642
v -0.328100 1.169321 0.319672
v -0.357586 1.192564 0.305475
v -0.373693 1.186933 0.336101
v -0.321469 1.198760 0.303135
v -0.371931 1.206876 0.325836
v -0.363504 1.225109 0.317897
v -0.349525 1.213190 0.298215
v -0.333631 1.231325 0.298766
v -0.309242 1.211331 0.304383
v -0.349425 1.243678 0.319635
v -0.332348 1.254972 0.324395
v -0.316505 1.244842 0.305201
v -0.294071 1.217617 0.312075
v -0.297137 1.250500 0.317984
v -0.314523 1.261048 0.339088
v -0.281547 1.216158 0.324576
v -0.298663 1.258833 0.351391
v -0.280082 1.248966 0.333976
v -0.288668 1.250068 0.369325
v -0.268158 1.238151 0.352794
v -0.273314 1.207333 0.337727
v -0.282544 1.234465 0.383635
v -0.262817 1.223056 0.368234
v -0.273149 1.193161 0.348532
v -0.264937 1.203152 0.380450
v -0.285301 1.216969 0.395806
v -0.280900 1.177595 0.354370
v -0.292798 1.196218 0.401614
v -0.273129 1.182385 0.387262
v -0.288003 1.164621 0.386828
v -0.293127 1.165023 0.353122
v -0.308661 1.179046 0.401813
v -0.306084 1.150804 0.380500
v -0.307408 1.158967 0.345099
v -0.323966 1.166653 0.395291
v -0.325865 1.145316 0.366720
v -0.344891 1.162210 0.382045
v -0.342572 1.146609 0.351500
v -0.320757 1.160268 0.333153
v -0.356827 1.162949 0.367741
v -0.354867 1.158259 0.332260
v -0.328100 1.169321 0.319672
v -0.370495 1.176323 0.348886
v -0.359836 1.172519 0.317242
v -0.373693 1.186933 0.336101
v -0.363195 1.304240 0.419789
v -0.373767 1.306965 0.407650
v -0.373309 1.296592 0.416107
v -0.387903 1.296346 0.402620
v -0.385988 1.305464 0.396793
v -0.400050 1.299025 0.389093
v -0.403598 1.287438 0.394580
v -0.412146 1.289148 0.384300
v -0.416723 1.273079 0.392563
v -0.422851 1.276254 0.384041
v -0.429869 1.261868 0.386902
v -0.424274 1.255871 0.397800
v -0.434146 1.247246 0.394091
v -0.424891 1.238295 0.409907
v -0.433516 1.233769 0.403744
v -0.429482 1.223021 0.415798
v -0.416973 1.226267 0.425755
v -0.420896 1.216012 0.428273
v -0.410259 1.213357 0.440637
v -0.403043 1.223549 0.441168
v -0.397962 1.214632 0.451543
v -0.386424 1.229242 0.452347
v -0.384931 1.220997 0.459300
v -0.371945 1.231103 0.463763
v -0.372231 1.242285 0.456328
v -0.361239 1.243997 0.464022
v -0.362330 1.258832 0.454073
v -0.354222 1.258383 0.461160
v -0.349945 1.273005 0.453972
v -0.359570 1.275831 0.444448
v -0.350498 1.286255 0.444368
v -0.362822 1.289982 0.431092
v -0.354621 1.297527 0.432439
v -0.363195 1.304240 0.419789
v -0.373309 1.296592 0.416107
v -0.318989 1.266795 0.325285
v -0.306862 1.260303 0.341882
v -0.314523 1.261048 0.339088
v -0.300773 1.256797 0.335645
v -0.289741 1.265303 0.353931
v -0.298663 1.258833 0.351391
v -0.288668 1.250068 0.369325
v -0.284902 1.250901 0.368500
v -0.279549 1.246712 0.362692
v -0.284388 1.261114 0.348123
v -0.313560 1.262380 0.319526
v -0.334927 1.252402 0.321440
v -0.332348 1.254972 0.324395
v -0.269220 1.238501 0.379026
v -0.328608 1.248216 0.315350
v -0.274573 1.242690 0.384834
v -0.282544 1.234465 0.383635
v -0.275625 1.219750 0.386276
v -0.280978 1.223939 0.392084
v -0.351600 1.246341 0.309861
v -0.349425 1.243678 0.319635
v -0.346247 1.242152 0.304053
v -0.285301 1.216969 0.395806
v -0.272857 1.203642 0.399859
v -0.279099 1.207602 0.405998
v -0.354447 1.223737 0.309593
v -0.359581 1.227544 0.315724
v -0.292798 1.196218 0.401614
v -0.287933 1.188018 0.397481
v -0.293362 1.192433 0.403240
v -0.368414 1.207960 0.307206
v -0.308661 1.179046 0.401813
v -0.295914 1.169221 0.403343
v -0.301343 1.173636 0.409102
v -0.318015 1.167575 0.397524
v -0.373767 1.212149 0.313015
v -0.363504 1.225109 0.317897
v -0.312509 1.162933 0.391814
v -0.371965 1.196038 0.326879
v -0.366536 1.191623 0.321120
v -0.371931 1.206876 0.325836
v -0.327711 1.149222 0.387540
v -0.333064 1.153411 0.393348
v -0.323966 1.166653 0.395291
v -0.340498 1.154805 0.371421
v -0.378370 1.177287 0.334130
v -0.373693 1.186933 0.336101
v -0.372941 1.172872 0.328371
v -0.367098 1.169674 0.350532
v -0.370495 1.176323 0.348886
v -0.345786 1.159065 0.377454
v -0.344891 1.162210 0.382045
v -0.356883 1.150488 0.358943
v -0.360855 1.165715 0.344393
v -0.363202 1.154674 0.365032
v -0.356827 1.162949 0.367741
v -0.332348 1.254972 0.324395
v -0.318989 1.266795 0.325285
v -0.314523 1.261048 0.339088
v -0.349425 1.243678 0.319635
v -0.334927 1.252402 0.321440
v -0.359581 1.227544 0.315724
v -0.363504 1.225109 0.317897
v -0.373767 1.212149 0.313015
v -0.371931 1.206876 0.325836
v -0.371965 1.196038 0.326879
v -0.373693 1.186933 0.336101
v -0.356827 1.162949 0.367741
v -0.367098 1.169674 0.350532
v -0.370495 1.176323 0.348886
v -0.345786 1.159065 0.377454
v -0.344891 1.162210 0.382045
v -0.333064 1.153411 0.393348
v -0.323966 1.166653 0.395291
v -0.308661 1.179046 0.401813
v -0.318015 1.167575 0.397524
v -0.284902 1.250901 0.368500
v -0.282544 1.234465 0.383635
v -0.288668 1.250068 0.369325
v -0.313244 1.136324 0.302144
v -0.315855 1.139751 0.291724
v -0.312518 1.136777 0.281335
v -0.304777 1.129180 0.276707
v -0.298723 1.120964 0.281531
v -0.296111 1.117537 0.291951
v -0.299448 1.120510 0.302340
v -0.306365 1.128266 0.306413
v -0.313244 1.136324 0.302144
v -0.253798 1.220300 0.304060
v -0.240928 1.205676 0.325667
v -0.238328 1.212364 0.288265
v -0.260972 1.214990 0.266643
v -0.224530 1.196579 0.311564
v -0.262718 1.208257 0.335158
v -0.272805 1.219402 0.318624
v -0.274724 1.222817 0.284099
v -0.262725 1.190725 0.348934
v -0.241178 1.182658 0.343637
v -0.286755 1.203804 0.252951
v -0.223830 1.171807 0.330875
v -0.273149 1.193161 0.348532
v -0.273314 1.207333 0.337727
v -0.288568 1.221293 0.303473
v -0.281547 1.216158 0.324576
v -0.299161 1.212357 0.271647
v -0.271324 1.171685 0.355850
v -0.280900 1.177595 0.354370
v -0.252745 1.157573 0.352793
v -0.308775 1.181884 0.250591
v -0.236705 1.144607 0.340813
v -0.307178 1.213171 0.293905
v -0.294071 1.217617 0.312075
v -0.319372 1.191858 0.269375
v -0.287160 1.155973 0.354250
v -0.293127 1.165023 0.353122
v -0.273032 1.137301 0.350472
v -0.321650 1.154684 0.260528
v -0.258726 1.122687 0.338453
v -0.322124 1.197688 0.291975
v -0.309242 1.211331 0.304383
v -0.330939 1.166774 0.278531
v -0.305769 1.147851 0.344682
v -0.307408 1.158967 0.345099
v -0.296580 1.127071 0.337689
v -0.320950 1.129912 0.279840
v -0.284508 1.111501 0.324761
v -0.331612 1.178419 0.299221
v -0.321469 1.198760 0.303135
v -0.330235 1.144056 0.296395
v -0.321532 1.149742 0.329531
v -0.320757 1.160268 0.333153
v -0.317365 1.129432 0.318002
v -0.330730 1.161116 0.312667
v -0.307087 1.114198 0.303363
v -0.328100 1.169321 0.319672
v -0.328330 1.183423 0.308642
v -0.238328 1.212364 0.288265
v -0.224530 1.196579 0.311564
v -0.227974 1.196904 0.273675
v -0.248900 1.199421 0.253715
v -0.260972 1.214990 0.266643
v -0.215180 1.182506 0.295233
v -0.223830 1.171807 0.330875
v -0.223806 1.176594 0.262147
v -0.240601 1.178411 0.247052
v -0.272448 1.189190 0.240932
v -0.258320 1.170518 0.237154
v -0.286755 1.203804 0.252951
v -0.214541 1.159717 0.312873
v -0.214750 1.165375 0.278737
v -0.236705 1.144607 0.340813
v -0.227862 1.154104 0.255818
v -0.236537 1.155175 0.247636
v -0.246900 1.150856 0.242709
v -0.292670 1.168989 0.238835
v -0.274091 1.154877 0.235779
v -0.254795 1.142405 0.241559
v -0.238555 1.133093 0.255729
v -0.222876 1.148063 0.265046
v -0.213868 1.148072 0.292182
v -0.226108 1.134633 0.322028
v -0.258726 1.122687 0.338453
v -0.260237 1.131975 0.245636
v -0.282690 1.135837 0.242694
v -0.222986 1.138312 0.272409
v -0.223280 1.128577 0.299478
v -0.246357 1.114247 0.319732
v -0.259457 1.122453 0.252668
v -0.227538 1.128111 0.276155
v -0.239154 1.112978 0.297854
v -0.284508 1.111501 0.324761
v -0.270794 1.103787 0.307280
v -0.256847 1.105269 0.288155
v -0.235444 1.119957 0.275180
v -0.282762 1.118234 0.256246
v -0.254471 1.116412 0.261896
v -0.245796 1.115341 0.270078
v -0.307087 1.114198 0.303363
v -0.291617 1.106261 0.287568
v -0.272675 1.107089 0.272779
v -0.304488 1.120886 0.265961
v -0.320950 1.129912 0.279840
v -0.304302 1.143833 0.247766
v -0.321650 1.154684 0.260528
v -0.308775 1.181884 0.250591
v 0.455683 1.101768 -0.562802
v 0.463701 1.107600 -0.560852
v 0.456846 1.090789 -0.558746
v 0.471987 1.102118 -0.554319
v 0.466073 1.117823 -0.562544
v 0.476447 1.120976 -0.557838
v 0.461669 1.125011 -0.567277
v 0.467880 1.135386 -0.567324
v 0.452845 1.126485 -0.572293
v 0.451349 1.137388 -0.577414
v 0.436276 1.125860 -0.581400
v 0.444802 1.120412 -0.574889
v 0.431772 1.107442 -0.577676
v 0.442387 1.110629 -0.572991
v 0.440339 1.093032 -0.568189
v 0.446902 1.102801 -0.568024
v 0.456846 1.090789 -0.558746
v 0.455683 1.101768 -0.562802
v 0.456846 1.090789 -0.558746
v 0.471987 1.102118 -0.554319
v 0.446605 1.094762 -0.536985
v 0.463783 1.107717 -0.532134
v 0.476447 1.120976 -0.557838
v 0.444976 1.098658 -0.535244
v 0.468907 1.128531 -0.536223
v 0.460324 1.110120 -0.531059
v 0.467880 1.135386 -0.567324
v 0.459140 1.145498 -0.546805
v 0.464982 1.129453 -0.534394
v 0.405085 1.124984 -0.430932
v 0.386755 1.116873 -0.438285
v 0.424151 1.157689 -0.432050
v 0.418341 1.139401 -0.428878
v 0.456106 1.144028 -0.544299
v 0.422629 1.176140 -0.439435
v 0.440239 1.147793 -0.558022
v 0.439094 1.145962 -0.554346
v 0.451349 1.137388 -0.577414
v 0.412964 1.188818 -0.450078
v 0.398035 1.196660 -0.460749
v 0.423259 1.135312 -0.562688
v 0.423780 1.134400 -0.558311
v 0.364453 1.183654 -0.474742
v 0.380639 1.193506 -0.469250
v 0.436276 1.125860 -0.581400
v 0.417927 1.114366 -0.558357
v 0.419276 1.115983 -0.554586
v 0.354130 1.167400 -0.474559
v 0.431772 1.107442 -0.577676
v 0.427695 1.097398 -0.547776
v 0.427964 1.100592 -0.545291
v 0.355526 1.130891 -0.460981
v 0.350242 1.148651 -0.469997
v 0.440339 1.093032 -0.568189
v 0.456846 1.090789 -0.558746
v 0.446605 1.094762 -0.536985
v 0.368403 1.119036 -0.449105
v 0.386755 1.116873 -0.438285
v 0.444976 1.098658 -0.535244
v 0.330271 1.139687 -0.323010
v 0.328650 1.172295 -0.312076
v 0.313243 1.166486 -0.319106
v 0.349824 1.151277 -0.315894
v 0.343079 1.135703 -0.346521
v 0.340356 1.186076 -0.308990
v 0.362242 1.145080 -0.341700
v 0.376471 1.161478 -0.336735
v 0.366138 1.167597 -0.312637
v 0.374991 1.189201 -0.315316
v 0.345491 1.202750 -0.311165
v 0.385844 1.181786 -0.341162
v 0.386807 1.202224 -0.345324
v 0.376975 1.211719 -0.321399
v 0.342419 1.218571 -0.317879
v 0.369735 1.232035 -0.331666
v 0.379900 1.222424 -0.357588
v 0.331786 1.230382 -0.326872
v 0.367702 1.235012 -0.366259
v 0.356482 1.246250 -0.344040
v 0.350871 1.240638 -0.379535
v 0.336486 1.253531 -0.356893
v 0.316922 1.233303 -0.336260
v 0.330363 1.240353 -0.387885
v 0.316739 1.251983 -0.367014
v 0.301515 1.227493 -0.343291
v 0.297032 1.241474 -0.374158
v 0.312963 1.230480 -0.395906
v 0.289722 1.214593 -0.345965
v 0.296763 1.214444 -0.397430
v 0.281112 1.224107 -0.377408
v 0.272192 1.202702 -0.375170
v 0.284861 1.197854 -0.343591
v 0.288913 1.191611 -0.396542
v 0.270001 1.180050 -0.368844
v 0.288020 1.181152 -0.337289
v 0.286721 1.172951 -0.389494
v 0.277857 1.159404 -0.357740
v 0.295801 1.151791 -0.379350
v 0.290528 1.145420 -0.345984
v 0.298292 1.170288 -0.328083
v 0.305860 1.140063 -0.368339
v 0.311434 1.139056 -0.332584
v 0.313243 1.166486 -0.319106
v 0.328712 1.133287 -0.355964
v 0.330271 1.139687 -0.323010
v 0.343079 1.135703 -0.346521
v 0.413751 1.202304 -0.453299
v 0.424195 1.193669 -0.444194
v 0.412964 1.188818 -0.450078
v 0.422629 1.176140 -0.439435
v 0.431683 1.180836 -0.435993
v 0.434153 1.165928 -0.429044
v 0.424151 1.157689 -0.432050
v 0.432312 1.150461 -0.424123
v 0.418341 1.139401 -0.428878
v 0.425957 1.135031 -0.422552
v 0.415913 1.121438 -0.423372
v 0.405085 1.124984 -0.430932
v 0.403007 1.112210 -0.427191
v 0.386755 1.116873 -0.438285
v 0.388645 1.106919 -0.432795
v 0.373897 1.106132 -0.441172
v 0.368403 1.119036 -0.449105
v 0.360665 1.110071 -0.450080
v 0.350100 1.119687 -0.458993
v 0.355526 1.130891 -0.460981
v 0.342940 1.131673 -0.467627
v 0.350242 1.148651 -0.469997
v 0.340263 1.146447 -0.474334
v 0.342017 1.162796 -0.478844
v 0.354130 1.167400 -0.474559
v 0.348424 1.177444 -0.481047
v 0.364453 1.183654 -0.474742
v 0.358502 1.190938 -0.480006
v 0.371375 1.200265 -0.476408
v 0.380639 1.193506 -0.469250
v 0.385924 1.206372 -0.470193
v 0.398035 1.196660 -0.460749
v 0.400605 1.207358 -0.462257
v 0.413751 1.202304 -0.453299
v 0.412964 1.188818 -0.450078
v 0.390926 1.219544 -0.346781
v 0.375193 1.228897 -0.358539
v 0.379900 1.222424 -0.357588
v 0.371527 1.231551 -0.351096
v 0.368624 1.246105 -0.368960
v 0.367702 1.235012 -0.366259
v 0.350871 1.240638 -0.379535
v 0.349975 1.244294 -0.378285
v 0.345827 1.246881 -0.370799
v 0.364423 1.249473 -0.360842
v 0.386779 1.222130 -0.339295
v 0.386505 1.199514 -0.341904
v 0.386807 1.202224 -0.345324
v 0.329473 1.253838 -0.382193
v 0.382116 1.202066 -0.334397
v 0.333621 1.251252 -0.389678
v 0.330363 1.240353 -0.387885
v 0.314054 1.239848 -0.385616
v 0.318201 1.237262 -0.393102
v 0.391889 1.181455 -0.332228
v 0.385844 1.181786 -0.341162
v 0.387741 1.184041 -0.324742
v 0.312963 1.230480 -0.395906
v 0.295179 1.234595 -0.394569
v 0.299567 1.232042 -0.402076
v 0.373883 1.168542 -0.326922
v 0.377515 1.165988 -0.334585
v 0.296763 1.214444 -0.397430
v 0.289144 1.214860 -0.390664
v 0.293291 1.212274 -0.398150
v 0.367091 1.148805 -0.323173
v 0.288913 1.191611 -0.396542
v 0.274770 1.199393 -0.393022
v 0.278917 1.196807 -0.400508
v 0.284389 1.177866 -0.391243
v 0.371567 1.145372 -0.331092
v 0.376471 1.161478 -0.336735
v 0.279913 1.181300 -0.383323
v 0.352605 1.141000 -0.339634
v 0.348457 1.143586 -0.332148
v 0.362242 1.145080 -0.341700
v 0.275819 1.160423 -0.378880
v 0.279967 1.157837 -0.386366
v 0.286721 1.172951 -0.389494
v 0.290830 1.150968 -0.367058
v 0.337186 1.127010 -0.343057
v 0.343079 1.135703 -0.346521
v 0.332797 1.129562 -0.335549
v 0.321005 1.134200 -0.354912
v 0.328712 1.133287 -0.355964
v 0.294944 1.148481 -0.374764
v 0.295801 1.151791 -0.379350
v 0.298088 1.133961 -0.356921
v 0.316858 1.136787 -0.347426
v 0.302236 1.131375 -0.364407
v 0.305860 1.140063 -0.368339
v 0.386807 1.202224 -0.345324
v 0.390926 1.219544 -0.346781
v 0.379900 1.222424 -0.357588
v 0.385844 1.181786 -0.341162
v 0.386505 1.199514 -0.341904
v 0.377515 1.165988 -0.334585
v 0.376471 1.161478 -0.336735
v 0.371567 1.145372 -0.331092
v 0.362242 1.145080 -0.341700
v 0.352605 1.141000 -0.339634
v 0.343079 1.135703 -0.346521
v 0.305860 1.140063 -0.368339
v 0.321005 1.134200 -0.354912
v 0.328712 1.133287 -0.355964
v 0.294944 1.148481 -0.374764
v 0.295801 1.151791 -0.379350
v 0.279967 1.157837 -0.386366
v 0.286721 1.172951 -0.389494
v 0.288913 1.191611 -0.396542
v 0.284389 1.177866 -0.391243
v 0.349975 1.244294 -0.378285
v 0.330363 1.240353 -0.387885
v 0.350871 1.240638 -0.379535
v 0.283810 1.164677 -0.291339
v 0.290938 1.163500 -0.282683
v 0.290047 1.164666 -0.271469
v 0.281704 1.166976 -0.264277
v 0.270823 1.169693 -0.265440
v 0.263453 1.170836 -0.274075
v 0.264345 1.169671 -0.285289
v 0.272721 1.167261 -0.292260
v 0.283810 1.164677 -0.291339
v 0.290830 1.150968 -0.367058
v 0.280414 1.140466 -0.369941
v 0.298088 1.133961 -0.356921
v 0.275819 1.160423 -0.378880
v 0.289658 1.118077 -0.357131
v 0.313441 1.122246 -0.344821
v 0.316858 1.136787 -0.347426
v 0.360665 1.110071 -0.450080
v 0.261372 1.152022 -0.384795
v 0.350100 1.119687 -0.458993
v 0.342940 1.131673 -0.467627
v 0.266813 1.178123 -0.390870
v 0.279913 1.181300 -0.383323
v 0.332797 1.129562 -0.335549
v 0.373897 1.106132 -0.441172
v 0.333741 1.112073 -0.330346
v 0.388645 1.106919 -0.432795
v 0.353388 1.130231 -0.325685
v 0.340263 1.146447 -0.474334
v 0.274770 1.199393 -0.393022
v 0.260079 1.200552 -0.403234
v 0.342017 1.162796 -0.478844
v 0.348457 1.143586 -0.332148
v 0.278339 1.220451 -0.400279
v 0.403007 1.112210 -0.427191
v 0.289144 1.214860 -0.390664
v 0.367091 1.148805 -0.323173
v 0.415913 1.121438 -0.423372
v 0.377209 1.137027 -0.314357
v 0.348424 1.177444 -0.481047
v 0.385897 1.161856 -0.319341
v 0.295179 1.234595 -0.394569
v 0.285976 1.246026 -0.404764
v 0.358502 1.190938 -0.480006
v 0.373883 1.168542 -0.326922
v 0.309885 1.251941 -0.393848
v 0.425957 1.135031 -0.422552
v 0.314054 1.239848 -0.385616
v 0.371375 1.200265 -0.476408
v 0.387741 1.184041 -0.324742
v 0.432312 1.150461 -0.424123
v 0.403194 1.181620 -0.316299
v 0.396339 1.205029 -0.328472
v 0.329473 1.253838 -0.382193
v 0.329532 1.270099 -0.389188
v 0.385924 1.206372 -0.470193
v 0.350279 1.262089 -0.374614
v 0.382116 1.202066 -0.334397
v 0.434153 1.165928 -0.429044
v 0.345827 1.246881 -0.370799
v 0.400605 1.207358 -0.462257
v 0.386779 1.222130 -0.339295
v 0.431683 1.180836 -0.435993
v 0.401901 1.230150 -0.334739
v 0.382978 1.242720 -0.349423
v 0.364423 1.249473 -0.360842
v 0.373855 1.264128 -0.362423
v 0.413751 1.202304 -0.453299
v 0.371527 1.231551 -0.351096
v 0.424195 1.193669 -0.444194
v 0.364423 1.249473 -0.360842
v 0.413751 1.202304 -0.453299
v 0.373855 1.264128 -0.362423
v 0.442682 1.124508 -0.542413
v 0.442387 1.110629 -0.572991
v 0.444802 1.120412 -0.574889
v 0.446902 1.102801 -0.568024
v 0.452845 1.126485 -0.572293
v 0.455683 1.101768 -0.562802
v 0.463701 1.107600 -0.560852
v 0.461669 1.125011 -0.567277
v 0.466073 1.117823 -0.562544
v 0.329526 1.256058 -0.303554
v 0.305220 1.260784 -0.318797
v 0.320806 1.265489 -0.283887
v 0.339138 1.245700 -0.267777
v 0.294612 1.270575 -0.300300
v 0.313938 1.243024 -0.332219
v 0.332579 1.239382 -0.320489
v 0.346625 1.236932 -0.289120
v 0.294803 1.236424 -0.340660
v 0.280263 1.251624 -0.329938
v 0.344669 1.217116 -0.256388
v 0.267439 1.260628 -0.312540
v 0.301515 1.227493 -0.343291
v 0.316922 1.233303 -0.336260
v 0.345423 1.225631 -0.309195
v 0.331786 1.230382 -0.326872
v 0.351746 1.210807 -0.278450
v 0.280174 1.220341 -0.344069
v 0.289722 1.214593 -0.345965
v 0.261079 1.230225 -0.334511
v 0.336156 1.186533 -0.252951
v 0.246931 1.238045 -0.317176
v 0.349522 1.205024 -0.301285
v 0.342419 1.218571 -0.317879
v 0.343526 1.183468 -0.274944
v 0.274004 1.199009 -0.341407
v 0.284861 1.197854 -0.343591
v 0.253133 1.202820 -0.330806
v 0.315373 1.164016 -0.257785
v 0.238090 1.208309 -0.313305
v 0.343352 1.183693 -0.298623
v 0.345491 1.202750 -0.311165
v 0.324375 1.161969 -0.279297
v 0.277863 1.178368 -0.333475
v 0.288020 1.181152 -0.337289
v 0.258342 1.175814 -0.320549
v 0.288234 1.153970 -0.269805
v 0.243708 1.178844 -0.302329
v 0.328723 1.167609 -0.302032
v 0.340356 1.186076 -0.308990
v 0.299384 1.152909 -0.290659
v 0.290948 1.164651 -0.322202
v 0.298292 1.170288 -0.328083
v 0.275320 1.157668 -0.305923
v 0.309435 1.160094 -0.310862
v 0.262006 1.159155 -0.286439
v 0.313243 1.166486 -0.319106
v 0.328650 1.172295 -0.312076
v 0.320806 1.265489 -0.283887
v 0.294612 1.270575 -0.300300
v 0.307734 1.267009 -0.264424
v 0.324504 1.248730 -0.249557
v 0.339138 1.245700 -0.267777
v 0.283341 1.272616 -0.279255
v 0.267439 1.260628 -0.312540
v 0.292106 1.260026 -0.248145
v 0.304984 1.246176 -0.236630
v 0.329713 1.221725 -0.239299
v 0.308842 1.225535 -0.228699
v 0.344669 1.217116 -0.256388
v 0.258471 1.262575 -0.290808
v 0.273411 1.264450 -0.259243
v 0.246931 1.238045 -0.317176
v 0.276234 1.245907 -0.237489
v 0.283316 1.238260 -0.231210
v 0.285433 1.227757 -0.226814
v 0.321733 1.194419 -0.235815
v 0.302792 1.205218 -0.225867
v 0.282021 1.215943 -0.225411
v 0.262838 1.227551 -0.233457
v 0.266157 1.248724 -0.243329
v 0.254364 1.256968 -0.268095
v 0.239287 1.241176 -0.295381
v 0.238090 1.208309 -0.313305
v 0.274148 1.207377 -0.227268
v 0.288009 1.188220 -0.229666
v 0.255903 1.244590 -0.248227
v 0.239614 1.240869 -0.271493
v 0.231187 1.213854 -0.291886
v 0.263894 1.203243 -0.232165
v 0.247823 1.235890 -0.249842
v 0.233444 1.219537 -0.268831
v 0.243708 1.178844 -0.302329
v 0.236342 1.187630 -0.280996
v 0.237389 1.199012 -0.261131
v 0.244618 1.224210 -0.248680
v 0.268908 1.181520 -0.237886
v 0.253576 1.206026 -0.237984
v 0.246648 1.213590 -0.244054
v 0.262006 1.159155 -0.286439
v 0.253199 1.169467 -0.266360
v 0.250388 1.185179 -0.249627
v 0.277592 1.163860 -0.251529
v 0.288234 1.153970 -0.269805
v 0.302549 1.173020 -0.240388
v 0.315373 1.164016 -0.257785
v 0.336156 1.186533 -0.252951
vn -0.6948 -0.0000 -0.7192
vn -0.3839 -0.0000 -0.9234
vn -0.3833 -0.0000 -0.9236
vn -0.9257 -0.0000 -0.3781
vn -0.9260 -0.0000 -0.3775
vn -0.9999 -0.0000 -0.0112
vn -0.9243 -0.0000 0.3816
vn -0.9244 -0.0000 0.3815
vn -0.6990 -0.0000 0.7151
vn -0.3678 -0.0000 0.9299
vn 0.0203 -0.0000 0.9998
vn 0.4097 -0.0000 0.9122
vn 0.4096 -0.0000 0.9122
vn 0.7271 -0.0000 0.6865
vn 0.7272 -0.0000 0.6865
vn 0.9339 -0.0000 0.3575
vn 0.9998 -0.0000 -0.0195
vn 0.9998 -0.0000 -0.0186
vn 0.9198 -0.0000 -0.3923
vn 0.9199 -0.0000 -0.3922
vn 0.7032 -0.0000 -0.7110
vn 0.7027 -0.0000 -0.7115
vn 0.3781 -0.0000 -0.9258
vn 0.0015 -0.0000 -1.0000
vn -0.3831 -0.0000 -0.9237
vn -0.3837 -0.0001 -0.9235
vn -0.9257 -0.0000 -0.3782
vn -0.9999 -0.0000 -0.0111
vn -0.9244 -0.0000 0.3814
vn -0.3680 -0.0000 0.9298
vn -0.3679 -0.0000 0.9299
vn 0.0202 -0.0000 0.9998
vn 0.0199 -0.0000 0.9998
vn 0.9339 -0.0000 0.3576
vn 0.9998 -0.0000 -0.0187
vn 0.3782 -0.0000 -0.9257
vn -0.3837 -0.0000 -0.9234
vn -0.0794 0.9792 -0.1866
vn -0.7001 -0.0478 -0.7125
vn -0.1442 0.9788 -0.1456
vn -0.3847 -0.0772 -0.9198
vn -0.0019 0.9796 -0.2011
vn -0.3313 -0.4869 -0.8082
vn -0.6292 -0.4635 -0.6239
vn 0.0006 -0.4939 -0.8695
vn 0.0003 -0.0931 -0.9957
vn -0.3135 -0.5468 -0.7764
vn 0.0799 0.9798 -0.1835
vn -0.5870 -0.5459 -0.5978
vn 0.0096 -0.5404 -0.8413
vn 0.3268 -0.4990 -0.8026
vn 0.3806 -0.1088 -0.9183
vn 0.1463 0.9781 -0.1479
vn -0.6973 -0.0348 -0.7159
vn -0.3726 -0.0231 -0.9277
vn -0.0147 -0.0036 -0.9999
vn 0.3315 -0.5253 -0.7837
vn 0.3708 0.0175 -0.9286
vn 0.6114 -0.4976 -0.6153
vn 0.7026 -0.1157 -0.7021
vn 0.6025 -0.5199 -0.6055
vn 0.6977 0.0134 -0.7163
vn 0.8041 -0.4877 -0.3400
vn 0.9176 -0.1043 -0.3836
vn 0.1862 0.9791 -0.0819
vn 0.7857 -0.5190 -0.3367
vn 0.9165 0.0084 -0.3999
vn 0.8736 -0.4864 -0.0165
vn 0.9956 -0.0927 -0.0166
vn 0.2021 0.9794 0.0061
vn 0.8544 -0.5194 -0.0150
vn 0.9999 0.0064 -0.0156
vn 0.9360 -0.0718 0.3447
vn 0.1954 0.9779 0.0741
vn 0.7901 -0.5361 0.2971
vn 0.8188 -0.4807 0.3139
vn 0.9321 -0.0090 0.3620
vn 0.6186 -0.5497 0.5615
vn 0.7324 -0.0311 0.6802
vn 0.1534 0.9786 0.1370
vn 0.6441 -0.4583 0.6124
vn 0.7397 -0.0181 0.6727
vn 0.3519 -0.5518 0.7561
vn 0.4019 -0.0003 0.9157
vn 0.0816 0.9789 0.1874
vn 0.3616 -0.4429 0.8204
vn 0.4087 -0.0098 0.9126
vn 0.0188 -0.5527 0.8332
vn 0.0082 0.0185 0.9998
vn 0.0016 0.9793 0.2026
vn 0.0081 -0.4419 0.8970
vn -0.3850 0.0115 0.9228
vn 0.0043 -0.0032 1.0000
vn -0.3270 -0.5484 0.7697
vn -0.3521 -0.4372 0.8276
vn -0.0821 0.9789 0.1872
vn -0.7113 -0.0210 0.7025
vn -0.1518 0.9766 0.1521
vn -0.6422 -0.4422 0.6261
vn -0.3804 -0.0070 0.9248
vn -0.6186 -0.5174 0.5913
vn -0.7172 -0.0113 0.6967
vn -0.8251 -0.4445 0.3486
vn -0.1896 0.9782 0.0843
vn -0.9208 -0.0154 0.3898
vn -1.0000 0.0053 -0.0044
vn -0.7839 -0.5357 0.3140
vn -0.9325 -0.0149 0.3608
vn -0.8350 -0.5502 -0.0021
vn -0.8971 -0.4419 -0.0008
vn -0.2072 0.9783 0.0001
vn -0.8322 -0.4422 -0.3345
vn -0.9214 -0.0064 -0.3887
vn -0.9996 -0.0261 -0.0099
vn -0.7721 -0.5557 -0.3084
vn -0.6293 -0.4635 -0.6238
vn -0.1889 0.9790 -0.0771
vn -0.7002 -0.0478 -0.7123
vn -0.1443 0.9788 -0.1455
vn -0.9278 -0.0390 -0.3711
vn -0.5871 -0.5459 -0.5977
vn -0.6974 -0.0348 -0.7158
vn 0.1861 0.9791 -0.0818
vn 0.1462 0.9782 -0.1478
vn 0.0006 1.0000 0.0003
vn 0.2019 0.9794 0.0062
vn 0.0004 1.0000 0.0002
vn 0.1952 0.9780 0.0740
vn 0.1533 0.9787 0.1369
vn 0.0815 0.9789 0.1873
vn 0.0007 1.0000 0.0003
vn 0.0016 0.9793 0.2024
vn -0.0821 0.9789 0.1870
vn -0.1894 0.9783 0.0842
vn -0.1517 0.9767 0.1520
vn -0.1887 0.9790 -0.0771
vn -0.2070 0.9783 -0.0000
vn -0.1441 0.9788 -0.1454
vn -0.0793 0.9792 -0.1865
vn -0.0019 0.9796 -0.2009
vn -0.0793 0.9793 -0.1865
vn 0.0798 0.9798 -0.1834
vn 0.0799 0.9798 -0.1833
vn -0.2070 0.9783 0.0001
vn -0.2959 -0.9073 -0.2986
vn -0.2192 -0.8139 -0.5380
vn -0.1563 -0.9087 -0.3872
vn -0.4129 -0.8111 -0.4143
vn -0.2862 -0.6547 -0.6996
vn -0.5436 -0.8102 -0.2194
vn -0.3922 -0.9060 -0.1594
vn -0.7054 -0.6498 -0.2831
vn -0.5362 -0.6519 -0.5362
vn -0.3334 -0.4724 -0.8159
vn -0.5869 -0.8096 0.0054
vn -0.4237 -0.9058 0.0034
vn -0.8203 -0.4675 -0.3294
vn -0.6240 -0.4697 -0.6245
vn -0.8844 -0.4667 0.0089
vn -0.7612 -0.6484 0.0075
vn -0.8920 -0.2773 -0.3569
vn -0.3633 -0.2805 -0.8885
vn -0.6796 -0.2785 -0.6786
vn -0.5400 -0.8100 0.2285
vn -0.3890 -0.9063 0.1654
vn -0.7007 -0.6494 0.2954
vn -0.9609 -0.2766 0.0101
vn -0.8144 -0.4675 0.3437
vn -0.9818 -0.1894 0.0103
vn -0.9113 -0.1898 -0.3653
vn -0.8853 -0.2771 0.3733
vn -0.3715 -0.1925 -0.9083
vn -0.6943 -0.1918 -0.6937
vn -0.4070 -0.8121 0.4182
vn -0.2917 -0.9076 0.3020
vn -0.5298 -0.6523 0.5420
vn -0.6167 -0.4702 0.6313
vn -0.9046 -0.1900 0.3815
vn -0.6714 -0.2791 0.6865
vn -0.2125 -0.8140 0.5406
vn -0.1516 -0.9088 0.3887
vn -0.2777 -0.6549 0.7028
vn -0.3236 -0.4728 0.8196
vn -0.6862 -0.1915 0.7018
vn -0.3530 -0.2807 0.8925
vn 0.0114 -0.8149 0.5795
vn 0.0079 -0.9093 0.4160
vn 0.0151 -0.6560 0.7546
vn 0.0178 -0.4737 0.8805
vn -0.3604 -0.1929 0.9126
vn 0.0195 -0.2815 0.9594
vn 0.3108 -0.6548 0.6890
vn 0.2380 -0.8138 0.5302
vn 0.3622 -0.4723 0.8035
vn 0.3950 -0.2805 0.8748
vn 0.1698 -0.9088 0.3811
vn 0.0200 -0.1933 0.9809
vn 0.4035 -0.1926 0.8945
vn 0.6455 -0.4700 0.6020
vn 0.5542 -0.6523 0.5171
vn 0.4263 -0.8121 0.3985
vn 0.7025 -0.2790 0.6547
vn 0.7178 -0.1913 0.6694
vn 0.3057 -0.9079 0.2869
vn 0.8978 -0.2773 0.3420
vn 0.8258 -0.4679 0.3150
vn 0.7099 -0.6503 0.2705
vn 0.5468 -0.8110 0.2081
vn 0.9174 -0.1899 0.3496
vn 0.3941 -0.9068 0.1497
vn 0.9818 -0.1894 -0.0110
vn 0.9609 -0.2768 -0.0109
vn 0.8842 -0.4670 -0.0090
vn 0.7603 -0.6495 -0.0068
vn 0.5855 -0.8107 -0.0036
vn 0.4230 -0.9061 -0.0006
vn 0.9038 -0.1916 -0.3828
vn 0.8842 -0.2798 -0.3740
vn 0.8121 -0.4713 -0.3440
vn 0.6973 -0.6533 -0.2949
vn 0.5356 -0.8134 -0.2269
vn 0.3833 -0.9092 -0.1627
vn 0.6698 -0.2797 -0.6879
vn 0.6141 -0.4711 -0.6332
vn 0.5263 -0.6537 -0.5438
vn 0.4023 -0.8133 -0.4203
vn 0.2864 -0.9083 -0.3048
vn 0.6844 -0.1918 -0.7034
vn 0.3682 -0.2812 -0.8862
vn 0.3373 -0.4735 -0.8137
vn 0.2891 -0.6559 -0.6973
vn 0.2213 -0.8152 -0.5353
vn 0.1581 -0.9095 -0.3845
vn 0.3762 -0.1930 -0.9062
vn -0.0016 -0.2820 -0.9594
vn -0.0013 -0.4742 -0.8804
vn -0.0015 -0.6563 -0.7545
vn -0.0008 -0.8155 -0.5787
vn -0.0002 -0.9097 -0.4153
vn -0.0013 -0.1933 -0.9811
vn -0.3713 -0.1925 -0.9083
vn -0.3631 -0.2805 -0.8885
vn -0.3332 -0.4724 -0.8160
vn -0.2860 -0.6547 -0.6997
vn -0.2191 -0.8139 -0.5381
vn -0.1562 -0.9087 -0.3872
vn -0.3834 0.0001 -0.9236
vn -0.9246 -0.0000 0.3811
vn -0.6989 -0.0000 0.7152
vn -0.3679 -0.0000 0.9298
vn 0.0204 -0.0000 0.9998
vn 0.0209 -0.0000 0.9998
vn 0.7270 -0.0000 0.6866
vn 0.7272 -0.0000 0.6864
vn 0.9339 -0.0000 0.3574
vn 0.9998 -0.0000 -0.0194
vn 0.9199 -0.0000 -0.3923
vn 0.3780 -0.0000 -0.9258
vn 0.0016 -0.0000 -1.0000
vn -0.3837 -0.0000 -0.9235
vn -0.3132 -0.8955 -0.3162
vn -0.2284 -0.7954 -0.5614
vn -0.1654 -0.8970 -0.4099
vn -0.4306 -0.7924 -0.4321
vn -0.2911 -0.6392 -0.7119
vn -0.5669 -0.7915 -0.2285
vn -0.4150 -0.8940 -0.1686
vn -0.7179 -0.6339 -0.2879
vn -0.5455 -0.6363 -0.5455
vn -0.3344 -0.4683 -0.8179
vn -0.6118 -0.7910 0.0056
vn -0.4482 -0.8939 0.0035
vn -0.8223 -0.4635 -0.3301
vn -0.6258 -0.4655 -0.6258
vn -0.8866 -0.4624 0.0089
vn -0.7741 -0.6330 0.0076
vn -0.8926 -0.2749 -0.3572
vn -0.3636 -0.2783 -0.8890
vn -0.6801 -0.2763 -0.6791
vn -0.5629 -0.7914 0.2383
vn -0.4116 -0.8944 0.1750
vn -0.7126 -0.6340 0.3006
vn -0.9616 -0.2744 0.0101
vn -0.8164 -0.4634 0.3447
vn -0.9819 -0.1891 0.0103
vn -0.9115 -0.1895 -0.3651
vn -0.8860 -0.2748 0.3734
vn -0.3715 -0.1922 -0.9083
vn -0.6943 -0.1914 -0.6938
vn -0.4243 -0.7935 0.4363
vn -0.3088 -0.8958 0.3195
vn -0.5391 -0.6368 0.5513
vn -0.6182 -0.4661 0.6329
vn -0.9047 -0.1897 0.3816
vn -0.6719 -0.2769 0.6870
vn -0.2217 -0.7955 0.5640
vn -0.1604 -0.8973 0.4113
vn -0.2825 -0.6392 0.7153
vn -0.3244 -0.4687 0.8216
vn -0.6860 -0.1913 0.7020
vn -0.3533 -0.2786 0.8931
vn 0.0119 -0.7962 0.6049
vn 0.0086 -0.8978 0.4404
vn 0.0154 -0.6402 0.7681
vn 0.0178 -0.4695 0.8828
vn -0.3608 -0.1925 0.9126
vn 0.0195 -0.2791 0.9601
vn 0.3161 -0.6391 0.7011
vn 0.2482 -0.7953 0.5531
vn 0.3630 -0.4682 0.8056
vn 0.3952 -0.2783 0.8754
vn 0.1798 -0.8971 0.4036
vn 0.0199 -0.1930 0.9810
vn 0.4035 -0.1924 0.8945
vn 0.6470 -0.4661 0.6035
vn 0.5640 -0.6367 0.5259
vn 0.4446 -0.7935 0.4156
vn 0.7030 -0.2766 0.6552
vn 0.7179 -0.1912 0.6693
vn 0.3238 -0.8960 0.3038
vn 0.8984 -0.2752 0.3423
vn 0.8278 -0.4637 0.3157
vn 0.7221 -0.6347 0.2751
vn 0.5698 -0.7926 0.2170
vn 0.9175 -0.1896 0.3496
vn 0.4170 -0.8950 0.1584
vn 0.9819 -0.1891 -0.0111
vn 0.9615 -0.2747 -0.0110
vn 0.8863 -0.4630 -0.0091
vn 0.7735 -0.6338 -0.0070
vn 0.6104 -0.7921 -0.0039
vn 0.4478 -0.8941 -0.0009
vn 0.9038 -0.1913 -0.3828
vn 0.8848 -0.2776 -0.3743
vn 0.8143 -0.4670 -0.3447
vn 0.7094 -0.6377 -0.3000
vn 0.5591 -0.7945 -0.2368
vn 0.4062 -0.8974 -0.1722
vn 0.4198 -0.7947 -0.4384
vn 0.5356 -0.6381 -0.5532
vn 0.6156 -0.4670 -0.6347
vn 0.6703 -0.2773 -0.6884
vn 0.6844 -0.1916 -0.7035
vn 0.3035 -0.8966 -0.3226
vn 0.2307 -0.7968 -0.5585
vn 0.1672 -0.8980 -0.4070
vn 0.2942 -0.6402 -0.7096
vn 0.3381 -0.4694 -0.8157
vn 0.3684 -0.2791 -0.8868
vn 0.3762 -0.1926 -0.9063
vn -0.0008 -0.7971 -0.6038
vn -0.0002 -0.8983 -0.4394
vn -0.0016 -0.6408 -0.7677
vn -0.0014 -0.4701 -0.8826
vn -0.0016 -0.2796 -0.9601
vn -0.0013 -0.1928 -0.9812
vn -0.2909 -0.6392 -0.7119
vn -0.2281 -0.7954 -0.5615
vn -0.3341 -0.4683 -0.8180
vn -0.3633 -0.2783 -0.8891
vn -0.3713 -0.1922 -0.9084
vn -0.1652 -0.8970 -0.4100
vn -0.0790 0.9794 -0.1858
vn -0.6948 -0.1638 -0.7003
vn -0.1435 0.9790 -0.1449
vn -0.3786 -0.1764 -0.9086
vn -0.0019 0.9798 -0.2002
vn -0.3573 -0.3614 -0.8612
vn -0.6635 -0.3502 -0.6612
vn 0.0014 -0.3649 -0.9311
vn 0.0002 -0.1823 -0.9832
vn 0.0796 0.9799 -0.1827
vn -0.5782 -0.5630 -0.5905
vn -0.3102 -0.5657 -0.7640
vn 0.0075 -0.5668 -0.8238
vn 0.3528 -0.3709 -0.8591
vn 0.3740 -0.1880 -0.9082
vn 0.1457 0.9783 -0.1474
vn 0.6940 -0.1902 -0.6944
vn -0.6977 -0.0000 -0.7164
vn -0.3771 -0.0000 -0.9262
vn 0.0093 -0.0000 -1.0000
vn 0.3174 -0.5643 -0.7622
vn 0.6562 -0.3709 -0.6572
vn 0.8578 -0.3654 -0.3615
vn 0.9064 -0.1845 -0.3799
vn 0.1855 0.9793 -0.0816
vn 0.3854 -0.0000 -0.9227
vn 0.5822 -0.5615 -0.5880
vn 0.7603 -0.5609 -0.3277
vn 0.9316 -0.3629 -0.0177
vn 0.9836 -0.1797 -0.0172
vn 0.2013 0.9795 0.0062
vn 0.7007 -0.0000 -0.7134
vn 0.9183 -0.0000 -0.3959
vn 0.8306 -0.5565 -0.0216
vn 0.9229 -0.1727 0.3440
vn 0.1946 0.9781 0.0737
vn 0.7810 -0.5576 0.2813
vn 0.8744 -0.3565 0.3290
vn 0.9997 -0.0000 -0.0248
vn 0.7202 -0.1574 0.6757
vn 0.1528 0.9788 0.1364
vn 0.6090 -0.5644 0.5573
vn 0.9408 -0.0000 0.3390
vn 0.6820 -0.3441 0.6454
vn 0.3977 -0.1467 0.9057
vn 0.7807 -0.5501 0.2964
vn 0.8730 -0.3588 0.3303
vn 0.6100 -0.5644 0.5563
vn 0.9274 0.0933 0.3621
vn 0.7198 -0.1604 0.6754
vn 0.9225 -0.1749 0.3440
vn 0.1231 0.9865 0.1081
vn 0.1565 0.9859 0.0592
vn 0.6812 -0.3488 0.6436
vn 0.7362 0.0892 0.6708
vn 0.3440 -0.5648 0.7501
vn 0.3975 -0.1500 0.9053
vn 0.0649 0.9867 0.1489
vn 0.3799 -0.3412 0.8598
vn 0.4097 0.0947 0.9073
vn 0.0156 -0.5662 0.8241
vn 0.0096 -0.3402 0.9403
vn 0.0085 -0.1444 0.9895
vn 0.0013 0.9870 0.1608
vn -0.3846 -0.1471 0.9113
vn 0.0087 0.0923 0.9957
vn -0.3248 -0.5610 0.7614
vn -0.3709 -0.3371 0.8653
vn -0.0670 0.9866 0.1485
vn -0.7077 -0.1581 0.6886
vn -0.1238 0.9849 0.1212
vn -0.6770 -0.3382 0.6536
vn -0.3845 0.0928 0.9184
vn -0.6110 -0.5327 0.5856
vn -0.8666 -0.3341 0.3706
vn -0.9086 -0.1536 0.3884
vn -0.1508 0.9862 0.0687
vn -0.7151 0.1010 0.6917
vn -0.7748 -0.5481 0.3151
vn -0.9420 -0.3357 0.0037
vn -0.8262 -0.5634 -0.0012
vn -0.9278 0.0943 0.3611
vn -0.1653 0.9862 0.0022
vn -0.9893 -0.1461 0.0042
vn -0.8710 -0.3388 -0.3557
vn -0.9126 -0.1490 -0.3806
vn -0.7636 -0.5662 -0.3103
vn -0.9973 0.0728 -0.0102
vn -0.6645 -0.3487 -0.6609
vn -0.1497 0.9869 -0.0610
vn -0.6949 -0.1664 -0.6996
vn -0.1144 0.9866 -0.1161
vn -0.9280 0.0542 -0.3686
vn -0.5816 -0.5571 -0.5928
vn -0.7035 0.0376 -0.7097
vn -0.1141 0.9867 -0.1160
vn -0.1495 0.9869 -0.0610
vn 0.0005 1.0000 0.0002
vn -0.1651 0.9863 0.0021
vn -0.1506 0.9862 0.0686
vn -0.1237 0.9849 0.1209
vn -0.0670 0.9867 0.1483
vn 0.0012 0.9870 0.1607
vn 0.0648 0.9867 0.1488
vn 0.1230 0.9865 0.1080
vn 0.1564 0.9859 0.0592
vn 0.1609 0.9869 0.0068
vn 0.1478 0.9868 -0.0660
vn 0.1169 0.9860 -0.1186
vn 0.0645 0.9872 -0.1458
vn -0.0017 0.9871 -0.1599
vn -0.0631 0.9869 -0.1483
vn -0.3834 -0.0000 -0.9236
vn -0.9999 -0.0000 -0.0113
vn -0.9244 -0.0000 0.3813
vn 0.0206 -0.0000 0.9998
vn 0.7270 -0.0000 0.6867
vn 0.0014 -0.0000 -1.0000
vn 0.0812 0.9791 0.1866
vn 0.3391 -0.5653 0.7520
vn 0.7370 -0.0000 0.6759
vn 0.3803 -0.3362 0.8616
vn 0.0016 0.9795 0.2015
vn 0.0099 -0.3330 0.9429
vn 0.0085 -0.1404 0.9901
vn 0.0148 -0.5668 0.8238
vn 0.4109 -0.0000 0.9117
vn -0.3823 -0.1426 0.9130
vn -0.0814 0.9792 0.1861
vn -0.3277 -0.5600 0.7609
vn -0.3706 -0.3305 0.8680
vn 0.0179 -0.0000 0.9998
vn -0.7066 -0.1543 0.6905
vn -0.1526 0.9767 0.1511
vn -0.6764 -0.3361 0.6554
vn -0.6108 -0.5331 0.5854
vn -0.3930 -0.0000 0.9195
vn -0.1883 0.9784 0.0850
vn -0.9110 -0.1499 0.3842
vn -0.8676 -0.3312 0.3710
vn -0.7749 -0.5399 0.3286
vn -0.7177 -0.0000 0.6964
vn -0.9220 -0.0000 0.3872
vn -0.8315 -0.5555 -0.0006
vn -0.9446 -0.3282 -0.0003
vn -0.2060 0.9786 0.0005
vn -0.9898 -0.1422 -0.0017
vn -0.8721 -0.3332 -0.3584
vn -0.9130 -0.1460 -0.3808
vn -1.0000 -0.0000 -0.0028
vn -0.7633 -0.5590 -0.3240
vn -0.9203 -0.0000 -0.3913
vn -0.6636 -0.3502 -0.6610
vn -0.5783 -0.5630 -0.5904
vn -0.1879 0.9792 -0.0767
vn -0.6949 -0.1638 -0.7001
vn -0.1436 0.9790 -0.1448
vn -0.6979 -0.0000 -0.7162
vn -0.1433 0.9790 -0.1447
vn -0.1877 0.9792 -0.0766
vn 0.0009 1.0000 0.0004
vn -0.2057 0.9786 0.0005
vn -0.1881 0.9785 0.0848
vn -0.1524 0.9767 0.1509
vn -0.0813 0.9792 0.1858
vn 0.0016 0.9795 0.2013
vn 0.0811 0.9791 0.1863
vn 0.1526 0.9789 0.1362
vn 0.1944 0.9782 0.0737
vn 0.2010 0.9796 0.0062
vn 0.1853 0.9793 -0.0815
vn 0.1455 0.9784 -0.1471
vn 0.0795 0.9800 -0.1825
vn -0.0019 0.9798 -0.1999
vn -0.0789 0.9795 -0.1855
vn -0.0632 0.9869 -0.1485
vn -0.6947 -0.1664 -0.6998
vn -0.1143 0.9866 -0.1162
vn -0.3784 -0.1787 -0.9082
vn -0.0017 0.9871 -0.1600
vn -0.3562 -0.3598 -0.8624
vn -0.6643 -0.3487 -0.6611
vn 0.0013 -0.3632 -0.9317
vn 0.0002 -0.1842 -0.9829
vn 0.0645 0.9872 -0.1459
vn 0.3738 -0.1896 -0.9079
vn -0.5815 -0.5571 -0.5929
vn -0.3015 -0.5623 -0.7700
vn 0.0064 -0.5493 -0.8356
vn 0.3525 -0.3669 -0.8609
vn 0.1170 0.9860 -0.1187
vn 0.6938 -0.1915 -0.6943
vn -0.3741 0.0422 -0.9264
vn -0.0099 0.0808 -0.9967
vn -0.7033 0.0376 -0.7099
vn 0.3151 -0.5446 -0.7772
vn 0.3668 0.0999 -0.9249
vn 0.6578 -0.3661 -0.6583
vn 0.8589 -0.3620 -0.3623
vn 0.9062 -0.1860 -0.3798
vn 0.1479 0.9868 -0.0661
vn 0.5949 -0.5357 -0.5993
vn 0.7002 0.1024 -0.7066
vn 0.7741 -0.5347 -0.3389
vn 0.9833 -0.1812 -0.0174
vn 0.1611 0.9869 0.0068
vn 0.8430 -0.5376 -0.0165
vn 0.9322 -0.3615 -0.0175
vn 0.9116 0.1127 -0.3953
vn 0.9942 0.1066 -0.0174
vn 0.2553 0.7169 -0.6488
vn 0.3979 0.8217 -0.4081
vn 0.4923 0.7095 -0.5042
vn 0.2131 0.8128 -0.5421
vn -0.0137 0.7071 -0.7069
vn -0.0255 0.9993 0.0263
vn -0.0112 0.8178 -0.5753
vn -0.0133 0.9993 0.0345
vn -0.2624 0.7106 -0.6528
vn -0.2132 0.8202 -0.5309
vn 0.0011 0.9993 0.0371
vn -0.4841 0.7116 -0.5093
vn 0.0137 0.9993 0.0337
vn -0.3917 0.8216 -0.4141
vn 0.0290 0.9994 0.0197
vn -0.6410 0.7178 -0.2719
vn -0.5187 0.8271 -0.2165
vn 0.0317 0.9993 0.0179
vn -0.5714 0.8206 0.0094
vn -0.6917 0.7221 0.0098
vn 0.0273 0.9996 0.0070
vn -0.6479 0.7116 0.2717
vn -0.5123 0.8324 0.2113
vn 0.0289 0.9994 -0.0170
vn -0.5048 0.7130 0.4865
vn -0.4005 0.8310 0.3861
vn 0.0248 0.9994 -0.0241
vn -0.2793 0.7091 0.6474
vn -0.2252 0.8223 0.5227
vn 0.0149 0.9994 -0.0326
vn -0.0194 0.7146 0.6993
vn -0.0168 0.8161 0.5777
vn -0.0023 0.9993 -0.0360
vn 0.2566 0.7110 0.6547
vn 0.2077 0.8212 0.5314
vn -0.0162 0.9993 -0.0335
vn 0.4111 0.8169 0.4045
vn -0.0238 0.9993 -0.0282
vn 0.4963 0.7174 0.4890
vn 0.5235 0.8245 0.2147
vn -0.0323 0.9993 -0.0164
vn 0.6566 0.7042 0.2700
vn -0.0362 0.9993 -0.0010
vn 0.6963 0.7176 0.0160
vn 0.5762 0.8172 0.0133
vn 0.6423 0.7138 -0.2790
vn 0.5249 0.8201 -0.2279
vn -0.0334 0.9993 0.0146
vn 0.4923 0.7095 -0.5043
vn 0.3981 0.8217 -0.4079
vn -0.0254 0.9993 0.0263
vn 0.3426 -0.8600 0.3782
vn -0.0435 -0.9976 0.0531
vn -0.0432 -0.9976 0.0533
vn 0.3440 -0.8589 0.3794
vn 0.6333 -0.4893 0.5996
vn 0.6343 -0.4873 0.6002
vn 0.7520 0.0060 0.6592
vn 0.7522 0.0101 0.6589
vn 0.6717 0.5035 0.5434
vn 0.6704 0.5067 0.5420
vn 0.4132 0.8651 0.2844
vn 0.4117 0.8663 0.2828
vn 0.0471 0.9977 -0.0485
vn 0.0469 0.9977 -0.0488
vn -0.3295 0.8700 -0.3669
vn -0.3311 0.8687 -0.3684
vn -0.6225 0.5127 -0.5913
vn -0.6240 0.5093 -0.5927
vn -0.7504 0.0204 -0.6606
vn -0.7510 0.0159 -0.6601
vn -0.6747 -0.4942 -0.5483
vn -0.6723 -0.5006 -0.5454
vn -0.4130 -0.8656 -0.2832
vn -0.4098 -0.8680 -0.2802
vn -0.0437 -0.9976 0.0529
vn -0.0434 -0.9976 0.0531
vn -0.5898 0.6486 0.4811
vn -0.7456 -0.0828 0.6613
vn -0.6251 0.6363 0.4522
vn -0.7889 -0.0852 0.6086
vn -0.5053 -0.7671 0.3954
vn -0.3484 0.6226 0.7007
vn -0.5562 -0.7553 0.3465
vn -0.5097 -0.0898 0.8557
vn 0.5579 0.1600 0.8143
vn -0.0636 -0.9816 -0.1802
vn -0.2799 -0.7520 0.5968
vn 0.5127 -0.0392 0.8577
vn -0.0164 -0.9878 -0.1546
vn 0.4007 -0.6318 -0.6636
vn 0.2067 -0.9754 0.0763
vn 0.5771 -0.2243 0.7853
vn 0.4252 -0.6255 -0.6542
vn 0.5648 0.0898 -0.8203
vn 0.6652 -0.6295 -0.4015
vn 0.7130 -0.2868 0.6398
vn 0.5671 0.0933 -0.8184
vn 0.8412 -0.1902 0.5062
vn 0.8267 0.0830 -0.5565
vn 0.3358 0.7563 -0.5614
vn 0.3322 0.7603 -0.5583
vn 0.8863 0.0092 0.4629
vn 0.5968 0.7451 -0.2977
vn -0.1395 0.9898 -0.0283
vn -0.1609 0.9865 -0.0313
vn 0.8222 0.1942 0.5351
vn 0.1101 0.9686 0.2229
vn -0.5899 0.6485 0.4812
vn -0.6250 0.6363 0.4522
vn 0.6861 0.2568 0.6807
vn 0.7272 -0.0160 0.6863
vn 0.8411 -0.1900 0.5064
vn 0.6861 0.2565 0.6807
vn 0.5580 0.1600 0.8143
vn 0.7131 -0.2865 0.6399
vn 0.5581 0.1599 0.8142
vn 0.5129 -0.0392 0.8575
vn 0.5773 -0.2241 0.7852
vn -0.8834 0.2282 -0.4092
vn -0.9354 -0.0148 -0.3532
vn -0.6163 0.6337 0.4675
vn -0.7697 -0.0844 0.6328
vn -0.8623 -0.2405 -0.4457
vn -0.3277 0.6266 0.7071
vn -0.5534 -0.7515 0.3593
vn -0.4816 -0.0897 0.8718
vn -0.7070 -0.3167 -0.6323
vn -0.4217 0.6402 0.6421
vn -0.0941 -0.9767 -0.1929
vn -0.2662 -0.7554 0.5988
vn -0.5689 -0.0959 0.8168
vn -0.5601 -0.1987 -0.8043
vn 0.3394 -0.6282 -0.7001
vn 0.1921 -0.9802 0.0478
vn -0.3290 -0.7710 0.5453
vn -0.5084 0.0442 -0.8600
vn 0.4930 0.0900 -0.8653
vn 0.6251 -0.6322 -0.4578
vn 0.5826 -0.6359 -0.5061
vn 0.1476 -0.9890 -0.0029
vn -0.5814 0.2699 -0.7675
vn 0.2767 0.7572 -0.5917
vn 0.7785 0.0841 -0.6220
vn 0.7294 0.0807 -0.6793
vn -0.7370 0.3460 -0.5807
vn -0.1827 0.9824 -0.0398
vn 0.5636 0.7490 -0.3485
vn 0.5029 0.7543 -0.4221
vn 0.1053 0.9737 0.2019
vn -0.6162 0.6338 0.4675
vn 0.0261 0.9919 0.1245
vn -0.3291 -0.7708 0.5454
vn -0.5054 -0.7670 0.3954
vn -0.7456 -0.0828 0.6612
vn -0.4218 0.6402 0.6421
vn -0.5899 0.6485 0.4810
vn 0.0260 0.9919 0.1244
vn -0.1395 0.9898 -0.0282
vn 0.5027 0.7543 -0.4222
vn 0.3357 0.7563 -0.5615
vn 0.5670 0.0933 -0.8184
vn 0.4251 -0.6255 -0.6543
vn -0.0165 -0.9878 -0.1547
vn 0.1476 -0.9890 -0.0028
vn -0.5053 -0.7672 0.3952
vn -0.3291 -0.7710 0.5453
vn 0.3877 -0.7411 -0.5482
vn 0.4295 -0.6949 -0.5767
vn 0.7944 -0.6030 0.0725
vn 0.8300 -0.5564 0.0380
vn 0.6149 0.1003 -0.7822
vn 0.7346 -0.1520 0.6612
vn 0.6911 -0.1913 0.6970
vn 0.9251 0.2198 -0.3095
vn 0.8344 0.5263 0.1633
vn 0.1862 0.2943 0.9374
vn 0.4092 0.8365 0.3643
vn 0.1382 0.2522 0.9578
vn 0.9651 0.0501 -0.2570
vn 0.8685 0.4035 0.2878
vn 0.3797 0.7671 0.5171
vn 0.6055 -0.0792 -0.7919
vn -0.1036 0.9769 0.1870
vn -0.5034 0.5183 0.6913
vn -0.5369 0.4664 0.7029
vn 0.4903 -0.5820 -0.6487
vn 0.8933 -0.4491 -0.0150
vn 0.7768 -0.0590 0.6269
vn 0.2100 0.3632 0.9077
vn -0.2075 0.9292 0.3059
vn -0.4827 0.5733 0.6621
vn -0.4165 0.8686 -0.2685
vn -0.9242 0.3781 0.0545
vn -0.9405 0.3289 0.0858
vn -0.5571 0.8016 -0.2170
vn -0.8954 0.4445 0.0272
vn -0.8120 -0.0432 -0.5821
vn -0.3448 0.5675 -0.7477
vn -0.8403 -0.0802 -0.5361
vn -0.4710 0.4578 -0.7540
vn -0.7798 0.0501 -0.6240
vn -0.2905 -0.5245 -0.8003
vn -0.2458 -0.4874 -0.8379
vn 0.0831 0.2458 -0.9658
vn 0.0074 0.0923 -0.9957
vn -0.2034 -0.3762 -0.9040
vn 0.6053 -0.0792 -0.7920
vn 0.3875 -0.7410 -0.5483
vn 0.6147 0.1003 -0.7824
vn 0.4901 -0.5820 -0.6489
vn -0.4427 -0.8775 0.1842
vn -0.3314 -0.8825 0.3338
vn -0.7879 -0.5215 0.3274
vn -0.5981 -0.5280 0.6030
vn -0.1707 -0.8873 0.4285
vn -0.9165 -0.1103 0.3846
vn -0.3122 -0.5343 0.7855
vn -0.6974 -0.1134 0.7076
vn 0.4924 0.7093 -0.5044
vn 0.6064 0.4972 -0.6205
vn 0.2554 0.7167 -0.6490
vn 0.6426 0.7136 -0.2790
vn 0.7978 0.4942 -0.3454
vn 0.6965 0.7174 0.0160
vn 0.3195 0.4926 -0.8095
vn 0.6098 -0.4888 -0.6239
vn 0.3201 -0.4894 -0.8112
vn 0.8705 0.4918 0.0185
vn 0.8004 -0.4889 -0.3470
vn -0.0159 0.4991 -0.8664
vn -0.0160 -0.4889 -0.8722
vn -0.0137 0.7070 -0.7071
vn 0.1884 -0.8564 -0.4806
vn 0.3539 -0.8622 -0.3625
vn 0.4622 -0.8638 -0.2007
vn 0.8002 0.5006 0.3303
vn 0.8717 -0.4897 0.0192
vn 0.5072 -0.8617 0.0127
vn -0.3245 0.4965 -0.8051
vn -0.3256 -0.4886 -0.8095
vn -0.0109 -0.8529 -0.5219
vn -0.0011 -1.0000 0.0024
vn 0.0012 -1.0000 0.0001
vn 0.0012 -1.0000 -0.0029
vn 0.8044 -0.4907 0.3350
vn 0.4656 -0.8629 0.1966
vn -0.0046 -1.0000 -0.0001
vn -0.6095 -0.4949 -0.6193
vn -0.1934 -0.8550 -0.4812
vn -0.3558 -0.8644 -0.3553
vn -0.0018 -1.0000 -0.0028
vn 0.0004 -1.0000 -0.0034
vn -0.0071 -1.0000 0.0039
vn 0.3662 -0.8555 0.3660
vn -0.0017 -1.0000 0.0031
vn 0.0103 -0.8877 0.4603
vn 0.0173 -0.5349 0.8448
vn -0.3655 -0.1135 0.9239
vn -0.0512 0.9904 0.1286
vn -0.0992 0.9900 0.1000
vn 0.0193 -0.1136 0.9933
vn -0.1300 0.9900 0.0545
vn 0.3462 -0.5319 0.7729
vn 0.4043 -0.1125 0.9077
vn 0.0031 0.9904 0.1384
vn 0.1902 -0.8867 0.4214
vn -0.0001 0.9999 -0.0111
vn 0.0042 0.9999 -0.0102
vn 0.0080 0.9999 -0.0077
vn 0.0573 0.9902 0.1271
vn 0.7217 -0.1088 0.6836
vn 0.6181 -0.5280 0.5824
vn 0.0102 0.9999 -0.0041
vn 0.3394 -0.8849 0.3189
vn -0.0046 0.9999 -0.0101
vn 0.1017 0.9902 0.0957
vn 0.9267 -0.1019 0.3618
vn 0.7947 -0.5230 0.3082
vn 0.4378 -0.8829 0.1697
vn -0.0082 0.9999 -0.0075
vn 0.1312 0.9900 0.0509
vn 0.9953 -0.0961 -0.0085
vn 0.8549 -0.5187 -0.0065
vn 0.4728 -0.8812 -0.0016
vn -0.0106 0.9999 -0.0040
vn 0.1437 0.9896 -0.0037
vn 0.9190 -0.0976 -0.3821
vn 0.1388 0.9886 -0.0579
vn -0.0097 1.0000 -0.0020
vn 0.4354 -0.8820 -0.1804
vn 0.7903 -0.5176 -0.3280
vn 0.1056 0.9892 -0.1013
vn -0.0062 1.0000 0.0029
vn 0.6065 -0.5159 -0.6050
vn 0.7050 -0.0927 -0.7031
vn 0.3333 -0.8819 -0.3333
vn 0.0560 0.9899 -0.1304
vn -0.0055 0.9999 0.0085
vn 0.1852 -0.8829 -0.4315
vn 0.3342 -0.5192 -0.7866
vn 0.3877 -0.0895 -0.9174
vn 0.0031 0.9898 -0.1426
vn -0.0044 0.9999 0.0107
vn 0.0104 -0.8844 -0.4666
vn 0.0162 -0.5198 -0.8541
vn 0.0176 -0.0919 -0.9956
vn -0.0524 0.9899 -0.1314
vn -0.0000 0.9999 0.0114
vn -0.1792 -0.8837 -0.4324
vn -0.3266 -0.5191 -0.7899
vn -0.3799 -0.0927 -0.9204
vn 0.0062 0.9999 0.0110
vn -0.1013 0.9897 -0.1016
vn 0.0103 0.9999 0.0105
vn -0.3303 -0.8831 -0.3332
vn -0.6035 -0.5172 -0.6069
vn -0.7037 -0.0947 -0.7042
vn -0.7916 -0.5207 -0.3199
vn -0.9237 -0.0974 -0.3706
vn -0.1292 0.9903 -0.0503
vn 0.0109 0.9999 0.0062
vn -0.4358 -0.8823 -0.1779
vn -0.4761 -0.8794 0.0030
vn -0.8544 -0.5196 0.0070
vn -0.9946 -0.1032 0.0068
vn -0.1377 0.9905 0.0021
vn 0.0110 0.9999 0.0001
vn -0.4428 -0.8776 0.1840
vn -0.7880 -0.5215 0.3272
vn -0.9165 -0.1104 0.3844
vn -0.1300 0.9900 0.0544
vn -0.4321 -0.8833 0.1820
vn -0.3273 -0.8851 0.3308
vn -0.8345 -0.4257 0.3500
vn -0.6347 -0.4301 0.6420
vn -0.9223 -0.0205 0.3860
vn -0.3322 -0.4361 0.8363
vn -0.7010 -0.0240 0.7127
vn 0.0103 -0.8878 0.4602
vn 0.0184 -0.4369 0.8993
vn -0.3682 -0.0265 0.9294
vn -0.0608 0.9864 0.1527
vn -0.1170 0.9861 0.1182
vn 0.0195 -0.0264 0.9995
vn -0.1546 0.9858 0.0649
vn 0.3696 -0.4338 0.8217
vn 0.4088 -0.0257 0.9123
vn 0.0036 0.9864 0.1646
vn -0.0045 0.9999 0.0114
vn -0.0087 0.9999 0.0088
vn 0.1912 -0.8867 0.4209
vn -0.0116 0.9999 0.0048
vn 0.6601 -0.4296 0.6162
vn 0.7288 -0.0227 0.6844
vn 0.0690 0.9859 0.1524
vn 0.0003 0.9999 0.0123
vn 0.3407 -0.8851 0.3171
vn 0.8447 -0.4254 0.3249
vn 0.9324 -0.0167 0.3610
vn 0.1239 0.9855 0.1157
vn 0.0052 0.9999 0.0114
vn 0.4379 -0.8833 0.1676
vn 0.9076 -0.4196 -0.0119
vn 0.9998 -0.0114 -0.0144
vn 0.1572 0.9857 0.0605
vn 0.0092 0.9999 0.0086
vn 0.4739 -0.8805 -0.0061
vn 0.1679 0.9858 -0.0057
vn 0.0120 0.9999 0.0046
vn 0.9229 -0.0124 -0.3848
vn 0.1607 0.9847 -0.0672
vn 0.4361 -0.8820 -0.1785
vn 0.8378 -0.4186 -0.3505
vn 0.0129 0.9999 -0.0036
vn 0.1238 0.9851 -0.1197
vn 0.0137 0.9999 -0.0057
vn 0.6376 -0.4215 -0.6449
vn 0.7036 -0.0089 -0.7105
vn 0.3235 -0.8871 -0.3293
vn 0.0665 0.9856 -0.1556
vn 0.0111 0.9999 -0.0069
vn 0.3921 -0.0043 -0.9199
vn 0.1797 -0.8916 -0.4157
vn 0.3497 -0.4251 -0.8349
vn 0.0050 0.9999 -0.0120
vn 0.0021 0.9857 -0.1682
vn 0.0001 0.9999 -0.0128
vn 0.0094 -0.0037 -0.9999
vn -0.0628 0.9854 -0.1585
vn 0.0065 -0.8890 -0.4579
vn 0.0092 -0.4223 -0.9064
vn -0.0028 0.9999 -0.0128
vn -0.3464 -0.4199 -0.8389
vn -0.3816 -0.0072 -0.9243
vn -0.1792 -0.8837 -0.4323
vn -0.1221 0.9849 -0.1225
vn -0.0076 0.9999 -0.0082
vn -0.6407 -0.4179 -0.6441
vn -0.7066 -0.0096 -0.7076
vn -0.8409 -0.4225 -0.3382
vn -0.9286 -0.0136 -0.3708
vn -0.1576 0.9856 -0.0606
vn -0.0127 0.9999 -0.0026
vn -0.4360 -0.8823 -0.1771
vn -0.4701 -0.8826 0.0045
vn -0.9054 -0.4246 0.0077
vn -0.9998 -0.0175 0.0082
vn -0.8345 -0.4257 0.3498
vn -0.1666 0.9860 0.0013
vn -0.0127 0.9999 -0.0001
vn -0.9223 -0.0205 0.3859
vn -0.1547 0.9858 0.0648
vn 0.1858 0.8331 -0.5210
vn -0.6262 0.6914 -0.3603
vn -0.0234 0.8739 0.4855
vn -0.8995 0.2114 0.3825
vn -0.1904 -0.1233 0.9739
vn 0.7113 0.1034 0.6952
vn 0.8141 0.5781 -0.0562
vn 0.1719 0.3619 -0.9162
vn 0.1751 0.4715 -0.8643
vn 0.8910 0.2751 -0.3612
vn -0.4626 -0.8658 -0.1909
vn -0.0058 -1.0000 -0.0018
vn 0.0062 -1.0000 0.0078
vn -0.7984 -0.5043 -0.3291
vn -0.5024 -0.8646 -0.0017
vn 0.0016 -1.0000 -0.0066
vn 0.1936 -0.8544 0.4821
vn 0.0084 -0.9999 0.0071
vn 0.3221 -0.4893 0.8105
vn 0.6174 -0.4907 0.6149
vn -0.0185 -0.4899 0.8716
vn -0.0121 -0.8514 0.5243
vn 0.0023 -1.0000 0.0044
vn 0.3200 0.4968 0.8067
vn -0.0188 0.4933 0.8697
vn 0.6171 0.4922 0.6139
vn -0.3427 0.4977 0.7968
vn -0.3445 -0.4885 0.8017
vn -0.2066 -0.8554 0.4750
vn -0.0013 -1.0000 0.0009
vn 0.4964 0.7172 0.4891
vn 0.2566 0.7108 0.6549
vn -0.0195 0.7144 0.6995
vn -0.2794 0.7089 0.6476
vn -0.6249 0.4948 0.6039
vn -0.6280 -0.4942 0.6011
vn -0.3762 -0.8559 0.3547
vn 0.0002 -1.0000 -0.0014
vn 0.6569 0.7040 0.2700
vn -0.5050 0.7128 0.4866
vn -0.8001 0.4984 0.3337
vn -0.7979 -0.5067 0.3267
vn -0.4684 -0.8626 0.1909
vn 0.0025 -1.0000 -0.0013
vn -0.6481 0.7114 0.2718
vn -0.6919 0.7220 0.0097
vn -0.8700 0.4930 0.0081
vn -0.8562 -0.5166 0.0017
vn -0.6412 0.7176 -0.2720
vn -0.8002 0.4964 -0.3366
vn -0.6025 0.4945 -0.6264
vn -0.4843 0.7114 -0.5094
vn -0.2625 0.7104 -0.6530
vn 0.8844 0.3289 -0.3313
vn 0.1729 0.7218 -0.6701
vn 0.7731 0.1309 0.6207
vn 0.8506 0.5036 -0.1511
vn 0.7919 0.0461 0.6089
vn -0.2150 0.0801 0.9733
vn 0.7022 0.0862 0.7067
vn 0.8140 0.5781 -0.0561
vn -0.2301 -0.0791 0.9699
vn -0.1986 -0.0621 0.9781
vn 0.7113 0.1037 0.6952
vn -0.8910 0.2478 0.3804
vn -0.9578 0.1550 0.2419
vn -0.9520 0.1768 0.2500
vn -0.1903 -0.1230 0.9740
vn -0.8993 0.2117 0.3826
vn -0.6465 0.6237 -0.4394
vn -0.6262 0.6915 -0.3601
vn -0.6708 0.4040 -0.6220
vn -0.6787 0.3178 -0.6621
vn 0.1858 0.8330 -0.5212
vn 0.1751 0.4714 -0.8643
vn -0.1858 0.8331 0.5210
vn 0.6262 0.6914 0.3603
vn 0.0234 0.8739 -0.4855
vn 0.8994 0.2114 -0.3825
vn 0.1904 -0.1232 -0.9739
vn -0.7113 0.1034 -0.6952
vn -0.8141 0.5780 0.0562
vn -0.1719 0.3619 0.9162
vn -0.1751 0.4715 0.8643
vn -0.8910 0.2751 0.3613
vn -0.8843 0.3289 0.3313
vn -0.1729 0.7219 0.6701
vn -0.7731 0.1309 -0.6207
vn -0.8506 0.5036 0.1511
vn -0.7919 0.0461 -0.6089
vn -0.1858 0.8330 0.5212
vn 0.2150 0.0801 -0.9733
vn -0.7022 0.0862 -0.7067
vn -0.8140 0.5781 0.0561
vn 0.2301 -0.0791 -0.9699
vn 0.1986 -0.0622 -0.9781
vn -0.7112 0.1036 -0.6953
vn 0.8910 0.2478 -0.3804
vn 0.9578 0.1550 -0.2419
vn 0.9520 0.1768 -0.2500
vn 0.1903 -0.1230 -0.9740
vn 0.8994 0.2116 -0.3826
vn 0.6465 0.6237 0.4394
vn 0.6261 0.6915 0.3602
vn 0.6708 0.4040 0.6220
vn 0.6787 0.3179 0.6621
vn -0.1859 0.8330 0.5211
vn -0.1750 0.4715 0.8643
vn -0.9354 -0.0148 -0.3533
vn -0.8834 0.2281 -0.4093
vn -0.7656 0.0156 -0.6431
vn -0.8622 -0.2403 -0.4459
vn -0.7370 0.3459 -0.5807
vn -0.7071 -0.3165 -0.6323
vn -0.5816 0.2697 -0.7675
vn -0.5602 -0.1987 -0.8042
vn -0.5085 0.0442 -0.8599
vn -0.6992 0.0039 0.7149
vn -0.6616 0.6754 0.3258
vn -0.8966 0.4308 0.1031
vn -0.4524 0.7707 0.4488
vn -0.9999 0.0144 -0.0079
vn -0.2614 0.7119 0.6518
vn -0.9126 -0.3984 0.0916
vn -0.0047 0.4567 0.8896
vn -0.6890 -0.6241 0.3685
vn 0.0886 0.0135 0.9960
vn -0.0341 -0.4100 0.9114
vn -0.4679 -0.7407 0.4820
vn -0.2956 -0.6510 0.6992
vn -0.0045 0.4568 0.8896
vn 0.9453 0.2998 -0.1283
vn -0.2613 0.7119 0.6518
vn 0.0888 0.0136 0.9960
vn 0.8048 0.4703 -0.3621
vn 0.6783 -0.0011 -0.7348
vn 0.9998 -0.0100 -0.0192
vn -0.4525 0.7706 0.4488
vn 0.5858 0.5107 -0.6293
vn -0.0340 -0.4101 0.9114
vn 0.9402 -0.3306 -0.0824
vn -0.6616 0.6753 0.3259
vn 0.3267 0.4624 -0.8243
vn 0.1089 0.2890 -0.9511
vn 0.7985 -0.5206 -0.3023
vn -0.8966 0.4307 0.1029
vn 0.0141 -0.0002 -0.9999
vn -0.9999 0.0144 -0.0081
vn -0.4679 -0.7407 0.4821
vn -0.9126 -0.3985 0.0914
vn 0.5478 -0.5835 -0.5996
vn 0.0817 -0.3172 -0.9449
vn 0.2768 -0.5239 -0.8056
vn -0.3083 -0.9284 0.2073
vn 0.2463 -0.9284 0.2782
vn -0.4496 -0.6644 0.5970
vn 0.0635 -0.8671 -0.4941
vn 0.2850 -0.6642 0.6911
vn 0.6819 -0.7314 -0.0114
vn 0.8619 -0.4034 0.3072
vn -0.4821 -0.2266 0.8463
vn 0.2530 -0.2267 0.9405
vn -0.9435 0.0341 0.3296
vn -0.3948 0.2558 0.8824
vn -0.7435 0.4527 0.4922
vn -0.9115 -0.4035 0.0801
vn -0.3085 -0.9284 0.2072
vn 0.8300 0.0344 0.5566
vn 0.1581 0.2557 0.9537
vn -0.0634 0.8670 0.4943
vn -0.6819 0.7313 0.0116
vn -0.8619 0.4034 -0.3072
vn 0.5952 0.4531 0.6637
vn -0.6567 -0.7316 -0.1831
vn -0.8301 -0.0343 -0.5566
vn -0.2464 0.9284 -0.2782
vn -0.2850 0.6642 -0.6911
vn 0.0633 -0.8670 -0.4942
vn -0.5953 -0.4531 -0.6636
vn 0.6568 0.7315 0.1830
vn 0.3084 0.9284 -0.2072
vn 0.9115 0.4035 -0.0801
vn 0.4496 0.6644 -0.5970
vn -0.2532 0.2267 -0.9405
vn -0.5952 -0.4529 -0.6638
vn 0.4816 0.2267 -0.8465
vn -0.1596 -0.2560 -0.9534
vn 0.0633 -0.8669 -0.4944
vn 0.3947 -0.2557 -0.8825
vn 0.9435 -0.0341 -0.3296
vn 0.3950 -0.2558 -0.8824
vn 0.7435 -0.4527 -0.4922
vn 0.0636 -0.8670 -0.4943
vn 0.6820 -0.7313 -0.0116
vn 0.3451 -0.9162 -0.2038
vn -0.2126 -0.9526 -0.2176
vn 0.4300 -0.6607 -0.6153
vn 0.0418 -0.8474 0.5293
vn -0.3089 -0.7091 -0.6339
vn -0.6288 -0.7701 0.1073
vn -0.8606 -0.4671 -0.2031
vn 0.4087 -0.2332 -0.8824
vn -0.3299 -0.2815 -0.9010
vn 0.9019 0.0769 -0.4251
vn 0.2878 0.2414 -0.9268
vn 0.6601 0.4755 -0.5816
vn 0.9230 -0.3509 -0.1579
vn 0.3454 -0.9161 -0.2037
vn -0.8817 -0.0395 -0.4701
vn -0.2697 0.2050 -0.9409
vn -0.0419 0.8473 -0.5294
vn 0.6288 0.7701 -0.1075
vn 0.8605 0.4672 0.2031
vn -0.6860 0.3876 -0.6158
vn 0.7173 -0.6823 0.1416
vn 0.8817 0.0394 0.4702
vn 0.2126 0.9526 0.2178
vn 0.3089 0.7091 0.6339
vn -0.7809 0.6246 0.0076
vn -0.8695 -0.3337 0.3642
vn -0.7227 0.6206 0.3043
vn -0.9429 -0.3329 0.0091
vn -0.7219 0.6305 -0.2852
vn -0.8770 -0.3288 -0.3504
vn -0.6200 -0.7846 0.0065
vn -0.5716 -0.7841 0.2417
vn -0.5418 0.6414 -0.5432
vn -0.6705 -0.3195 -0.6696
vn -0.5738 -0.7854 -0.2322
vn -0.0000 -1.0000 -0.0000
vn 0.0006 -1.0000 -0.0024
vn -0.2884 0.6456 -0.7071
vn -0.3587 -0.3166 -0.8781
vn -0.4414 -0.7794 -0.4446
vn -0.0016 -1.0000 -0.0017
vn 0.0071 -0.3055 -0.9522
vn -0.2389 -0.7832 -0.5741
vn -0.0025 -1.0000 0.0006
vn 0.0133 0.6460 -0.7632
vn 0.0076 -0.7805 -0.6251
vn 0.2935 0.6450 -0.7056
vn 0.3768 -0.2814 -0.8825
vn 0.2443 -0.7722 -0.5866
vn 0.4435 -0.7705 -0.4579
vn 0.5421 0.6437 -0.5402
vn 0.6744 -0.2814 -0.6827
vn -0.0023 -1.0000 -0.0027
vn 0.5859 -0.7705 -0.2512
vn 0.8848 -0.2906 -0.3643
vn 0.7134 0.6344 -0.2976
vn -0.0021 -1.0000 0.0009
vn 0.6297 -0.7768 -0.0082
vn 0.9545 -0.2981 -0.0065
vn 0.7769 0.6295 -0.0122
vn 0.0004 -1.0000 0.0036
vn 0.5869 -0.7784 0.2228
vn 0.7279 0.6253 0.2814
vn 0.8869 -0.3097 0.3428
vn 0.4596 -0.7789 0.4267
vn 0.6914 -0.3165 0.6494
vn 0.5714 0.6217 0.5357
vn 0.2583 -0.7823 0.5669
vn 0.0420 -0.8474 0.5294
vn 0.6861 -0.3876 0.6157
vn -0.7173 0.6823 -0.1416
vn -0.3452 0.9162 0.2037
vn -0.9230 0.3509 0.1579
vn -0.4300 0.6607 0.6153
vn 0.3301 0.2815 0.9010
vn 0.6860 -0.3874 0.6159
vn -0.4087 0.2331 0.8824
vn 0.2697 -0.2050 0.9409
vn 0.0419 -0.8473 0.5295
vn -0.2877 -0.2412 0.9268
vn -0.9019 -0.0769 0.4251
vn -0.2880 -0.2413 0.9267
vn -0.6601 -0.4755 0.5816
vn 0.0417 -0.8473 0.5294
vn -0.6289 -0.7700 0.1075
vn -0.3533 -0.0147 0.9354
vn -0.4093 0.2281 0.8834
vn -0.6431 0.0156 0.7656
vn -0.4459 -0.2402 0.8622
vn -0.5807 0.3459 0.7370
vn -0.6323 -0.3165 0.7071
vn -0.7675 0.2697 0.5816
vn -0.8042 -0.1986 0.5602
vn -0.8599 0.0442 0.5085
vn 0.4615 0.8861 0.0434
vn 0.0306 -0.6662 0.7452
vn 0.4623 0.8311 0.3090
vn 0.5991 0.7631 0.2423
vn 0.2346 -0.7973 0.5561
vn 0.5140 -0.7715 0.3749
vn 0.2294 0.9453 0.2319
vn 0.1807 -0.8586 0.4798
vn -0.2784 -0.5558 0.7833
vn -0.0676 -0.7590 0.6476
vn -0.3247 -0.6250 0.7099
vn -0.4743 -0.3183 0.8208
vn 0.7057 0.7085 0.0065
vn 0.3593 0.8247 0.4368
vn 0.4058 -0.8672 0.2886
vn 0.6367 -0.7657 0.0911
vn 0.5694 -0.8218 0.0217
vn 0.7914 -0.5934 -0.1470
vn -0.5562 -0.4170 0.7188
vn 0.7123 0.6504 0.2638
vn -0.7080 -0.1366 0.6929
vn -0.7529 -0.2106 0.6235
vn 0.0980 0.8637 0.4944
vn -0.8058 0.1411 0.5751
vn 0.6817 -0.6963 -0.2245
vn 0.8690 0.4797 0.1215
vn 0.3293 0.7506 0.5728
vn 0.6924 -0.5342 -0.4851
vn 0.7695 -0.4709 -0.4314
vn -0.8773 0.0279 0.4792
vn 0.7552 -0.2036 -0.6231
vn 0.7648 0.5295 0.3671
vn -0.8972 0.3031 0.3213
vn -0.9405 0.2261 0.2537
vn 0.1318 0.6779 0.7233
vn -0.8392 0.5344 0.1003
vn 0.6479 -0.3112 -0.6952
vn 0.8878 0.2883 0.3587
vn -0.9120 0.4098 0.0193
vn 0.3826 0.6234 0.6819
vn 0.5010 -0.0889 -0.8609
vn 0.5709 -0.0120 -0.8209
vn 0.4260 0.2575 -0.8673
vn 0.7372 0.4512 0.5029
vn -0.7842 0.5952 -0.1755
vn -0.8266 0.5102 -0.2374
vn -0.5645 0.7084 -0.4237
vn 0.2793 0.4448 0.8510
vn 0.3217 0.1432 -0.9359
vn 0.7510 0.2304 0.6187
vn -0.6469 0.5819 -0.4929
vn 0.4984 0.5139 0.6982
vn 0.0791 0.3191 -0.9444
vn 0.1333 0.4075 -0.9034
vn -0.0777 0.6062 -0.7915
vn 0.6206 0.4487 0.6431
vn -0.3654 0.6400 -0.6759
vn -0.4073 0.5484 -0.7303
vn 0.5245 0.2722 0.8067
vn -0.1747 0.4851 -0.8569
vn 0.6207 0.4486 0.6430
vn -0.4071 0.5483 -0.7305
vn -0.3656 0.6401 -0.6757
vn -0.5751 -0.6806 -0.4538
vn -0.3856 -0.4513 -0.8048
vn -0.2034 -0.6894 -0.6952
vn -0.6363 -0.2934 -0.7134
vn -0.1997 -0.8852 -0.4202
vn -0.8341 -0.2905 -0.4689
vn -0.8692 -0.4579 -0.1869
vn -0.4054 -0.9044 -0.1333
vn -0.6951 -0.7181 -0.0347
vn 0.3238 0.6202 0.7145
vn 0.3852 -0.3238 0.8642
vn 0.0144 -0.7863 0.6177
vn 0.0169 0.6207 0.7838
vn 0.0159 -0.3312 0.9434
vn -0.2267 -0.7873 0.5733
vn -0.2896 0.6196 0.7295
vn -0.3474 -0.3358 0.8755
vn -0.4338 -0.7853 0.4418
vn -0.0003 -1.0000 0.0003
vn -0.5509 0.6187 0.5601
vn -0.6596 -0.3350 0.6728
vn -0.5716 -0.7841 0.2418
vn -0.7226 0.6206 0.3046
vn -0.7773 0.6290 0.0086
vn -0.8251 -0.4467 0.3459
vn -0.7246 0.6191 0.3028
vn -0.8954 -0.4452 0.0002
vn -0.7103 0.6503 -0.2692
vn -0.5350 -0.8158 0.2194
vn -0.8356 -0.4356 -0.3348
vn -0.5734 -0.8192 -0.0037
vn -0.5321 0.6542 -0.5375
vn -0.0494 -0.9986 0.0203
vn -0.6339 -0.4251 -0.6461
vn -0.5307 -0.8174 -0.2240
vn -0.0539 -0.9985 -0.0006
vn -0.0486 -0.9986 -0.0224
vn -0.4044 -0.8134 -0.4181
vn -0.0383 -0.9985 -0.0397
vn -0.3406 -0.4343 -0.8339
vn -0.2246 -0.8175 -0.5303
vn -0.0229 -0.9986 -0.0481
vn 0.0140 -0.4305 -0.9025
vn 0.0039 -0.8167 -0.5770
vn 0.0001 -0.9986 -0.0528
vn 0.0168 0.6495 -0.7602
vn 0.2202 -0.8146 -0.5366
vn 0.3537 -0.4189 -0.8363
vn 0.0202 -0.9986 -0.0491
vn 0.4102 -0.8103 -0.4185
vn 0.3010 0.6464 -0.7011
vn 0.6431 -0.4189 -0.6411
vn 0.0350 -0.9986 -0.0402
vn 0.5360 -0.8121 -0.2304
vn 0.5479 0.6412 -0.5372
vn 0.8380 -0.4237 -0.3438
vn 0.0471 -0.9987 -0.0199
vn 0.5829 -0.8125 -0.0100
vn 0.7143 0.6343 -0.2956
vn 0.9053 -0.4248 -0.0032
vn 0.0540 -0.9985 0.0024
vn 0.5435 -0.8130 0.2089
vn 0.0502 -0.9986 0.0191
vn 0.7770 0.6295 -0.0085
vn 0.8422 -0.4282 0.3276
vn 0.4239 -0.8136 0.3980
vn 0.0388 -0.9986 0.0366
vn 0.7265 0.6254 0.2849
vn 0.6538 -0.4330 0.6206
vn 0.2379 -0.8169 0.5254
vn 0.0218 -0.9986 0.0483
vn 0.5688 0.6216 0.5386
vn 0.3222 0.6202 0.7152
vn 0.3638 -0.4412 0.8204
vn 0.0133 -0.8199 0.5723
vn 0.0011 -0.9986 0.0528
vn 0.0169 0.6205 0.7840
vn 0.0151 -0.4481 0.8938
vn -0.2101 -0.8208 0.5312
vn -0.0196 -0.9986 0.0492
vn -0.2896 0.6197 0.7295
vn -0.3289 -0.4521 0.8291
vn -0.6249 -0.4498 0.6381
vn -0.4011 -0.8197 0.4089
vn -0.5507 0.6186 0.5605
vn -0.0374 -0.9986 0.0381
vn -0.7245 0.6191 0.3031
vn -0.5350 -0.8158 0.2196
vn 0.3784 -0.8600 -0.3425
vn 0.0531 -0.9976 0.0435
vn 0.0533 -0.9976 0.0432
vn 0.3794 -0.8589 -0.3440
vn 0.5996 -0.4893 -0.6333
vn 0.6001 -0.4873 -0.6343
vn 0.6592 0.0061 -0.7519
vn 0.6589 0.0102 -0.7522
vn 0.5434 0.5034 -0.6718
vn 0.5420 0.5068 -0.6704
vn 0.2844 0.8651 -0.4132
vn 0.2828 0.8664 -0.4117
vn -0.0485 0.9977 -0.0472
vn -0.0488 0.9977 -0.0469
vn -0.3669 0.8699 0.3295
vn -0.3684 0.8687 0.3311
vn -0.5913 0.5127 0.6225
vn -0.5928 0.5091 0.6240
vn -0.6606 0.0205 0.7505
vn -0.6598 0.0154 0.7512
vn -0.5479 -0.4942 0.6749
vn -0.5454 -0.5005 0.6724
vn -0.2832 -0.8656 0.4130
vn -0.2802 -0.8680 0.4099
vn 0.0529 -0.9976 0.0437
vn 0.0531 -0.9976 0.0434
vn 0.4811 0.6486 0.5898
vn 0.6613 -0.0828 0.7456
vn 0.4522 0.6363 0.6251
vn 0.6086 -0.0852 0.7889
vn 0.3954 -0.7671 0.5053
vn 0.7007 0.6225 0.3484
vn 0.3466 -0.7553 0.5562
vn 0.8557 -0.0898 0.5097
vn 0.8143 0.1600 -0.5579
vn -0.1802 -0.9816 0.0635
vn 0.5968 -0.7520 0.2799
vn 0.8577 -0.0391 -0.5127
vn -0.1546 -0.9878 0.0164
vn -0.6636 -0.6317 -0.4007
vn 0.0763 -0.9754 -0.2068
vn 0.7853 -0.2244 -0.5771
vn -0.6542 -0.6255 -0.4251
vn -0.8203 0.0898 -0.5648
vn -0.4015 -0.6295 -0.6652
vn 0.6398 -0.2868 -0.7130
vn -0.8184 0.0933 -0.5671
vn 0.5062 -0.1901 -0.8412
vn -0.5565 0.0831 -0.8267
vn -0.5614 0.7563 -0.3358
vn -0.5582 0.7603 -0.3322
vn 0.4629 0.0092 -0.8864
vn -0.2977 0.7451 -0.5968
vn -0.0281 0.9898 0.1395
vn -0.0313 0.9865 0.1609
vn 0.5351 0.1942 -0.8222
vn 0.2229 0.9686 -0.1101
vn 0.4811 0.6485 0.5899
vn 0.4521 0.6364 0.6250
vn 0.6807 0.2568 -0.6861
vn 0.7007 0.6226 0.3484
vn 0.6861 -0.0157 -0.7273
vn 0.5064 -0.1900 -0.8411
vn 0.6807 0.2565 -0.6861
vn 0.8143 0.1601 -0.5579
vn 0.6398 -0.2865 -0.7131
vn 0.8142 0.1599 -0.5581
vn 0.8575 -0.0392 -0.5129
vn 0.7852 -0.2241 -0.5773
vn -0.4092 0.2282 0.8834
vn -0.3532 -0.0148 0.9354
vn 0.4675 0.6337 0.6163
vn 0.6327 -0.0844 0.7697
vn -0.4458 -0.2403 0.8623
vn 0.7072 0.6265 0.3277
vn 0.3593 -0.7515 0.5534
vn 0.8718 -0.0897 0.4816
vn -0.6323 -0.3167 0.7070
vn 0.6422 0.6401 0.4217
vn -0.1929 -0.9767 0.0941
vn 0.5987 -0.7554 0.2662
vn 0.8168 -0.0960 0.5688
vn -0.8043 -0.1987 0.5601
vn -0.7001 -0.6282 -0.3394
vn 0.0477 -0.9802 -0.1921
vn 0.5453 -0.7709 0.3292
vn -0.8600 0.0442 0.5084
vn -0.8653 0.0900 -0.4931
vn -0.4578 -0.6322 -0.6250
vn -0.5061 -0.6359 -0.5826
vn -0.0028 -0.9890 -0.1477
vn 0.7149 0.0039 0.6993
vn 0.3258 0.6754 0.6616
vn 0.1031 0.4307 0.8966
vn 0.4487 0.7707 0.4524
vn -0.0079 0.0144 0.9999
vn 0.6518 0.7119 0.2614
vn 0.0916 -0.3984 0.9126
vn 0.8896 0.4568 0.0047
vn 0.3686 -0.6241 0.6890
vn 0.9960 0.0135 -0.0887
vn 0.9114 -0.4100 0.0341
vn 0.4820 -0.7407 0.4679
vn 0.6992 -0.6510 0.2956
vn 0.8896 0.4567 0.0046
vn -0.1283 0.2998 -0.9453
vn 0.9960 0.0135 -0.0888
vn -0.3621 0.4703 -0.8048
vn -0.7349 -0.0010 -0.6782
vn -0.0192 -0.0100 -0.9998
vn 0.4488 0.7706 0.4525
vn -0.6293 0.5107 -0.5858
vn 0.9114 -0.4101 0.0340
vn -0.0824 -0.3306 -0.9402
vn 0.3259 0.6753 0.6616
vn -0.8243 0.4624 -0.3267
vn -0.9511 0.2890 -0.1089
vn -0.3023 -0.5206 -0.7985
vn 0.1030 0.4307 0.8966
vn -0.9999 -0.0002 -0.0141
vn -0.0081 0.0144 0.9999
vn 0.4821 -0.7407 0.4680
vn 0.0914 -0.3985 0.9126
vn -0.5996 -0.5834 -0.5478
vn -0.9449 -0.3171 -0.0817
vn -0.8056 -0.5239 -0.2768
vn 0.3685 -0.6241 0.6890
vn 0.9354 -0.0147 0.3533
vn 0.8834 0.2281 0.4093
vn 0.7656 0.0156 0.6431
vn 0.8623 -0.2402 0.4459
vn 0.7370 0.3459 0.5807
vn 0.7071 -0.3165 0.6324
vn 0.5816 0.2696 0.7675
vn 0.5602 -0.1987 0.8042
vn 0.5085 0.0442 0.8599
vn 0.6992 0.0039 -0.7149
vn 0.6616 0.6754 -0.3258
vn 0.8966 0.4307 -0.1031
vn 0.4524 0.7707 -0.4487
vn 0.9999 0.0144 0.0080
vn 0.2614 0.7119 -0.6518
vn 0.9126 -0.3984 -0.0916
vn 0.0047 0.4567 -0.8896
vn 0.6889 -0.6241 -0.3686
vn -0.0886 0.0135 -0.9960
vn 0.0341 -0.4101 -0.9114
vn 0.4679 -0.7407 -0.4821
vn 0.2956 -0.6510 -0.6992
vn 0.0046 0.4568 -0.8896
vn -0.9453 0.2998 0.1283
vn 0.2613 0.7119 -0.6518
vn -0.0888 0.0136 -0.9960
vn -0.8048 0.4703 0.3621
vn -0.6784 -0.0012 0.7347
vn -0.9998 -0.0100 0.0192
vn 0.4525 0.7706 -0.4488
vn -0.5858 0.5106 0.6293
vn 0.0340 -0.4102 -0.9114
vn -0.9402 -0.3306 0.0824
vn 0.6616 0.6753 -0.3259
vn -0.3267 0.4624 0.8243
vn -0.1089 0.2890 0.9511
vn 0.2955 -0.6510 -0.6992
vn -0.7985 -0.5206 0.3023
vn 0.8966 0.4308 -0.1030
vn -0.0141 -0.0002 0.9999
vn 0.9999 0.0144 0.0081
vn 0.9126 -0.3985 -0.0915
vn -0.5478 -0.5834 0.5996
vn -0.0817 -0.3171 0.9449
vn -0.2768 -0.5239 0.8056
vn 0.6890 -0.6241 -0.3685
vn 0.3533 -0.0147 -0.9354
vn 0.4093 0.2281 -0.8834
vn 0.6432 0.0155 -0.7655
vn 0.4459 -0.2403 -0.8622
vn 0.5807 0.3459 -0.7370
vn 0.6324 -0.3165 -0.7071
vn 0.7675 0.2697 -0.5816
vn 0.8042 -0.1986 -0.5602
vn 0.8599 0.0442 -0.5085
vn -0.4616 0.8860 -0.0434
vn -0.0306 -0.6662 -0.7452
vn -0.4623 0.8311 -0.3090
vn -0.5991 0.7631 -0.2423
vn -0.2346 -0.7973 -0.5561
vn -0.5141 -0.7715 -0.3749
vn -0.2294 0.9453 -0.2319
vn -0.1807 -0.8586 -0.4798
vn 0.2784 -0.5558 -0.7833
vn 0.0677 -0.7590 -0.6476
vn 0.3247 -0.6250 -0.7099
vn 0.4743 -0.3183 -0.8208
vn -0.7056 0.7085 -0.0064
vn -0.3593 0.8247 -0.4368
vn -0.4058 -0.8672 -0.2886
vn -0.6367 -0.7657 -0.0911
vn -0.5694 -0.8218 -0.0217
vn -0.7914 -0.5934 0.1470
vn 0.5562 -0.4170 -0.7188
vn -0.7123 0.6504 -0.2638
vn 0.7081 -0.1366 -0.6928
vn 0.7529 -0.2106 -0.6235
vn -0.0980 0.8637 -0.4944
vn 0.8058 0.1412 -0.5751
vn -0.6817 -0.6963 0.2245
vn -0.8690 0.4796 -0.1216
vn -0.3293 0.7506 -0.5728
vn -0.6924 -0.5342 0.4851
vn -0.7695 -0.4709 0.4314
vn 0.8773 0.0280 -0.4792
vn -0.7552 -0.2036 0.6231
vn -0.7648 0.5295 -0.3671
vn 0.8972 0.3031 -0.3213
vn 0.9405 0.2261 -0.2537
vn -0.1318 0.6779 -0.7233
vn 0.8393 0.5344 -0.1003
vn -0.6479 -0.3112 0.6952
vn -0.8878 0.2883 -0.3587
vn 0.9120 0.4098 -0.0193
vn -0.3826 0.6234 -0.6819
vn -0.5010 -0.0889 0.8609
vn -0.5709 -0.0120 0.8209
vn -0.4259 0.2575 0.8673
vn -0.7372 0.4513 -0.5029
vn 0.7842 0.5952 0.1755
vn -0.7675 0.2698 0.5815
vn -0.5918 0.7571 -0.2767
vn -0.6218 0.0841 -0.7787
vn -0.6792 0.0807 -0.7295
vn -0.5806 0.3462 0.7370
vn -0.0398 0.9824 0.1827
vn -0.3485 0.7489 -0.5636
vn -0.4220 0.7544 -0.5028
vn 0.2019 0.9737 -0.1054
vn 0.4674 0.6339 0.6162
vn 0.1245 0.9919 -0.0261
vn 0.7071 0.6266 0.3277
vn 0.6421 0.6402 0.4217
vn 0.5454 -0.7708 0.3291
vn 0.3953 -0.7670 0.5054
vn 0.8168 -0.0959 0.5689
vn 0.6612 -0.0828 0.7456
vn 0.6421 0.6402 0.4218
vn 0.4810 0.6485 0.5899
vn 0.1244 0.9919 -0.0260
vn -0.0282 0.9898 0.1395
vn -0.4222 0.7543 -0.5028
vn -0.5615 0.7563 -0.3357
vn -0.8184 0.0933 -0.5670
vn -0.6793 0.0807 -0.7294
vn -0.6543 -0.6255 -0.4251
vn -0.5061 -0.6360 -0.5826
vn -0.1546 -0.9878 0.0165
vn -0.0029 -0.9890 -0.1476
vn 0.3952 -0.7671 0.5053
vn 0.5452 -0.7710 0.3291
vn -0.8341 -0.2904 -0.4689
vn -0.8692 -0.4577 -0.1868
vn -0.5858 -0.6488 -0.4857
vn -0.6952 -0.7180 -0.0346
vn -0.4054 -0.9044 -0.1331
vn -0.5855 -0.6490 -0.4859
vn -0.1996 -0.8853 -0.4201
vn -0.2032 -0.6895 -0.6952
vn -0.5855 -0.6490 -0.4858
vn -0.6363 -0.2934 -0.7135
vn 0.6406 -0.7679 -0.0070
vn 0.6802 -0.3555 -0.6411
vn 0.7119 -0.7012 0.0386
vn 0.7481 -0.2806 -0.6014
vn 0.2719 0.2112 -0.9389
vn 0.6777 -0.7348 -0.0268
vn 0.3344 0.2894 -0.8969
vn 0.7135 -0.2913 -0.6372
vn -0.3443 0.5976 -0.7241
vn -0.2838 0.6762 -0.6799
vn 0.3106 0.2525 -0.9164
vn 0.6617 -0.6532 -0.3681
vn 0.4475 -0.8883 0.1036
vn 0.4278 -0.0435 -0.9028
vn 0.6108 -0.3744 -0.6977
vn -0.2821 0.6152 -0.7361
vn -0.0147 0.3109 -0.9503
vn -0.7490 0.6579 -0.0786
vn -0.7696 0.6055 -0.2025
vn -0.8068 0.5778 -0.1236
vn -0.3440 0.5248 -0.7786
vn -0.6714 0.5246 -0.5234
vn -0.7914 0.2426 0.5611
vn -0.8610 0.1570 0.4838
vn -0.9569 0.2226 0.1867
vn -0.9144 0.4036 -0.0307
vn -0.8444 0.1630 0.5103
vn -0.3801 -0.3302 0.8640
vn -0.3909 -0.4705 0.7911
vn -0.8047 -0.1502 0.5743
vn -0.4350 -0.4023 0.8056
vn 0.2442 -0.7222 0.6472
vn 0.2372 -0.8016 0.5488
vn -0.1884 -0.7300 0.6569
vn -0.6522 -0.3933 0.6480
vn 0.1791 -0.7867 0.5908
vn 0.6404 -0.7680 -0.0068
vn 0.7120 -0.7012 0.0386
vn 0.1639 -0.8678 0.4691
vn 0.4473 -0.8883 0.1038
vn 0.6777 -0.7348 -0.0270
vn 0.8842 -0.4317 0.1781
vn 0.9922 -0.1117 0.0551
vn 0.8517 -0.2858 0.4393
vn 0.9691 -0.2363 -0.0710
vn 0.7578 -0.6514 0.0382
vn 0.9546 0.1541 -0.2550
vn 0.8339 -0.4669 -0.2945
vn 0.7647 -0.2744 -0.5830
vn 0.9314 -0.0018 -0.3639
vn 0.7797 0.2274 -0.5834
vn 0.7330 0.4928 -0.4689
vn 0.6622 0.0894 -0.7439
vn 0.3430 0.3198 -0.8832
vn 0.5181 0.5254 -0.6749
vn 0.4170 0.8008 -0.4300
vn 0.2907 0.7621 -0.5785
vn 0.0545 0.5400 -0.8399
vn 0.0648 0.9680 -0.2423
vn -0.2475 0.7319 -0.6349
vn -0.0486 0.8827 -0.4674
vn -0.4482 0.8321 -0.3268
vn -0.3138 0.9293 -0.1946
vn -0.1991 0.9708 0.1340
vn -0.6964 0.7172 -0.0262
vn -0.4450 0.8865 0.1270
vn -0.2989 0.8223 0.4842
vn -0.5234 0.7235 0.4501
vn -0.8153 0.5066 0.2804
vn -0.2607 0.5690 0.7799
vn -0.7131 0.3241 0.6216
vn -0.5015 0.4690 0.7270
vn -0.4109 0.1828 0.8932
vn -0.0742 0.2187 0.9730
vn -0.5836 0.0018 0.8120
vn -0.1557 -0.1364 0.9783
vn 0.2535 -0.0599 0.9655
vn -0.3709 -0.3641 0.8543
vn 0.1516 -0.2712 0.9505
vn 0.0162 -0.4798 0.8772
vn 0.4698 -0.4419 0.7642
vn 0.5771 -0.2337 0.7825
vn 0.3203 -0.6956 0.6431
vn 0.6698 -0.5214 0.5287
vn 0.5815 -0.7013 0.4125
vn 0.8841 -0.4319 0.1783
vn 0.7577 -0.6514 0.0384
vn -0.5805 -0.6294 -0.5166
vn -0.5664 -0.6349 -0.5255
vn -0.3442 0.5247 -0.7786
vn -0.0149 0.3107 -0.9504
vn -0.5571 -0.6416 -0.5273
vn -0.5478 -0.6483 -0.5288
vn 0.4277 -0.0437 -0.9029
vn -0.5367 -0.6622 -0.5230
vn 0.6107 -0.3746 -0.6977
vn -0.5327 -0.6704 -0.5166
vn -0.5294 -0.6784 -0.5094
vn 0.6615 -0.6534 -0.3682
vn -0.5376 -0.6861 -0.4902
vn 0.4472 -0.8884 0.1037
vn -0.5443 -0.6849 -0.4843
vn -0.5504 -0.6837 -0.4791
vn 0.1637 -0.8679 0.4690
vn -0.5538 -0.6876 -0.4696
vn -0.5565 -0.6893 -0.4638
vn -0.1886 -0.7301 0.6568
vn -0.5777 -0.6813 -0.4495
vn -0.6524 -0.3933 0.6478
vn -0.5849 -0.6733 -0.4523
vn -0.5918 -0.6655 -0.4548
vn -0.8048 -0.1504 0.5742
vn -0.6001 -0.6517 -0.4638
vn -0.9569 0.2224 0.1865
vn -0.6010 -0.6444 -0.4728
vn -0.6017 -0.6369 -0.4820
vn -0.9145 0.4034 -0.0307
vn -0.5961 -0.6303 -0.4973
vn -0.6715 0.5244 -0.5235
vn -0.5884 -0.6300 -0.5069
vn -0.5806 -0.6294 -0.5166
vn 0.0450 -0.1699 0.9844
vn 0.1367 -0.5452 0.8271
vn 0.0545 0.5401 -0.8398
vn 0.5094 -0.3625 0.7804
vn -0.2475 0.7320 -0.6348
vn -0.4481 0.8321 -0.3269
vn 0.7729 -0.1869 0.6064
vn 0.7511 0.2302 0.6187
vn 0.6207 0.4485 0.6431
vn 0.4983 0.5137 0.6984
vn -0.2189 -0.0699 0.9732
vn 0.3429 0.3198 -0.8833
vn 0.7373 0.4511 0.5029
vn 0.2792 0.4448 0.8510
vn 0.8901 -0.3224 0.3220
vn -0.6963 0.7173 -0.0262
vn 0.9703 -0.2081 0.1231
vn -0.4257 0.1655 0.8896
vn 0.6623 0.0895 -0.7439
vn 0.3825 0.6234 0.6820
vn -0.8152 0.5067 0.2805
vn 0.7649 0.5294 0.3670
vn 0.9906 -0.0290 -0.1340
vn -0.5323 0.4115 0.7398
vn -0.7130 0.3243 0.6217
vn 0.9559 0.2438 -0.1638
vn 0.3292 0.7506 0.5729
vn -0.5836 0.0019 0.8121
vn 0.7124 0.6504 0.2636
vn 0.8145 0.3065 -0.4926
vn 0.6212 0.5454 -0.5627
vn -0.5958 0.6059 0.5273
vn 0.7647 -0.2744 -0.5831
vn 0.7056 0.7086 0.0064
vn -0.6461 0.7345 0.2073
vn 0.0978 0.8637 0.4943
vn 0.8339 -0.4668 -0.2944
vn 0.5991 0.7632 0.2421
vn 0.4275 0.7363 -0.5245
vn -0.3708 -0.3640 0.8544
vn 0.4616 0.8860 0.0434
vn -0.4802 0.8771 -0.0109
vn 0.7578 -0.6514 0.0384
vn 0.3591 0.8248 0.4368
vn -0.2173 0.9666 -0.1360
vn 0.5815 -0.7011 0.4127
vn 0.2140 0.8468 -0.4870
vn 0.8266 0.5103 0.2374
vn 0.5645 0.7084 0.4237
vn -0.2792 0.4448 -0.8510
vn -0.3218 0.1432 0.9359
vn -0.7511 0.2303 -0.6187
vn 0.6469 0.5819 0.4928
vn -0.4984 0.5138 -0.6982
vn -0.0791 0.3191 0.9444
vn -0.1333 0.4075 0.9034
vn 0.0777 0.6063 0.7914
vn -0.6206 0.4487 -0.6431
vn 0.3655 0.6400 0.6759
vn 0.4073 0.5483 0.7304
vn -0.5245 0.2723 -0.8067
vn 0.1746 0.4851 0.8568
vn -0.6207 0.4486 -0.6430
vn 0.4071 0.5483 0.7305
vn 0.3656 0.6400 0.6758
vn 0.5751 -0.6806 0.4538
vn 0.3856 -0.4513 0.8047
vn 0.2034 -0.6894 0.6952
vn 0.6364 -0.2933 0.7134
vn 0.1997 -0.8852 0.4202
vn 0.8341 -0.2905 0.4689
vn 0.8692 -0.4579 0.1869
vn 0.4054 -0.9044 0.1333
vn 0.6951 -0.7181 0.0347
vn -0.7149 0.0039 -0.6992
vn -0.3258 0.6754 -0.6616
vn -0.1031 0.4307 -0.8966
vn -0.4487 0.7707 -0.4524
vn 0.0079 0.0144 -0.9999
vn -0.6518 0.7119 -0.2614
vn -0.0916 -0.3984 -0.9126
vn -0.8896 0.4568 -0.0047
vn -0.3686 -0.6241 -0.6890
vn -0.9960 0.0135 0.0887
vn -0.9114 -0.4100 -0.0341
vn -0.4821 -0.7407 -0.4679
vn -0.6992 -0.6510 -0.2956
vn -0.8896 0.4568 -0.0046
vn 0.1283 0.2998 0.9453
vn -0.9960 0.0135 0.0888
vn 0.3622 0.4703 0.8048
vn 0.7348 -0.0010 0.6782
vn 0.0192 -0.0100 0.9998
vn -0.4488 0.7706 -0.4525
vn 0.6293 0.5107 0.5858
vn -0.9114 -0.4101 -0.0340
vn 0.0824 -0.3306 0.9402
vn -0.3259 0.6753 -0.6616
vn 0.8243 0.4624 0.3267
vn 0.9511 0.2890 0.1089
vn -0.6992 -0.6510 -0.2955
vn 0.3023 -0.5206 0.7985
vn -0.1029 0.4308 -0.8966
vn 0.9999 -0.0002 0.0141
vn 0.0081 0.0144 -0.9999
vn -0.0914 -0.3984 -0.9126
vn 0.5996 -0.5834 0.5478
vn 0.9449 -0.3171 0.0817
vn 0.8056 -0.5239 0.2768
vn 0.0164 -0.4797 0.8773
vn 0.4622 0.8312 0.3089
vn -0.1142 0.9104 -0.3977
vn 0.3204 -0.6954 0.6432
vn 0.0452 -0.1699 0.9844
vn 0.6623 0.0896 -0.7439
vn -0.2188 -0.0697 0.9733
vn 0.3429 0.3197 -0.8833
vn -0.5322 0.4115 0.7398
vn -0.5957 0.6058 0.5273
vn 0.7647 -0.2743 -0.5831
vn 0.8339 -0.4668 -0.2945
vn -0.6460 0.7346 0.2074
vn 0.7578 -0.6513 0.0384
vn 0.3203 -0.6955 0.6432
vn -0.2172 0.9666 -0.1360
vn 0.5815 -0.7011 0.4126
vn 0.2140 0.8469 -0.4868
vn 0.0163 -0.4797 0.8773
vn 0.4274 0.7363 -0.5245
vn 0.0163 -0.4796 0.8773
vn -0.3709 -0.3640 0.8544
vn -0.5835 0.0018 0.8121
vn 0.6213 0.5454 -0.5626
vn 0.7730 -0.1866 0.6063
vn -0.6963 0.7173 -0.0261
vn -0.4481 0.8322 -0.3266
vn -0.5481 -0.7411 -0.3877
vn -0.5767 -0.6949 -0.4295
vn 0.0724 -0.6031 -0.7944
vn 0.0380 -0.5564 -0.8300
vn -0.7822 0.1003 -0.6149
vn 0.6612 -0.1520 -0.7346
vn 0.6970 -0.1913 -0.6911
vn -0.3095 0.2198 -0.9251
vn 0.1633 0.5263 -0.8344
vn 0.9374 0.2939 -0.1870
vn 0.3643 0.8365 -0.4092
vn 0.9577 0.2523 -0.1382
vn -0.2570 0.0501 -0.9651
vn 0.2878 0.4035 -0.8685
vn 0.5171 0.7671 -0.3797
vn -0.7919 -0.0792 -0.6055
vn 0.1870 0.9769 0.1036
vn 0.6895 0.5183 0.5059
vn 0.7029 0.4664 0.5369
vn -0.6488 -0.5820 -0.4903
vn -0.0150 -0.4491 -0.8933
vn 0.6270 -0.0589 -0.7768
vn 0.9077 0.3633 -0.2100
vn 0.3059 0.9292 0.2075
vn 0.6621 0.5733 0.4827
vn -0.2685 0.8686 0.4165
vn 0.0545 0.3780 0.9242
vn 0.0858 0.3289 0.9405
vn -0.2170 0.8016 0.5570
vn 0.0272 0.4445 0.8954
vn -0.5821 -0.0431 0.8120
vn -0.7477 0.5675 0.3448
vn -0.5362 -0.0803 0.8403
vn -0.7540 0.4578 0.4710
vn -0.6240 0.0501 0.7798
vn -0.8003 -0.5246 0.2905
vn -0.8379 -0.4873 0.2458
vn -0.9658 0.2458 -0.0831
vn -0.9957 0.0923 -0.0074
vn -0.9039 -0.3763 0.2034
vn -0.7920 -0.0792 -0.6053
vn -0.5483 -0.7411 -0.3875
vn -0.7824 0.1003 -0.6147
vn -0.6489 -0.5820 -0.4901
vn -0.3428 -0.8600 -0.3780
vn 0.0435 -0.9976 -0.0531
vn 0.0432 -0.9976 -0.0533
vn -0.3440 -0.8589 -0.3794
vn -0.6333 -0.4892 -0.5996
vn -0.6343 -0.4874 -0.6001
vn -0.7520 0.0061 -0.6592
vn -0.7522 0.0101 -0.6589
vn -0.6718 0.5034 -0.5434
vn -0.6704 0.5068 -0.5420
vn -0.4133 0.8651 -0.2844
vn -0.4117 0.8664 -0.2827
vn -0.0472 0.9977 0.0485
vn -0.0469 0.9977 0.0488
vn 0.3295 0.8700 0.3669
vn 0.3311 0.8687 0.3684
vn 0.6225 0.5128 0.5913
vn 0.6240 0.5092 0.5927
vn 0.7504 0.0205 0.6606
vn 0.7508 0.0161 0.6603
vn 0.6750 -0.4942 0.5478
vn 0.6724 -0.5005 0.5454
vn 0.4130 -0.8656 0.2831
vn 0.4098 -0.8680 0.2802
vn 0.0437 -0.9976 -0.0529
vn 0.0434 -0.9976 -0.0531
vn 0.5898 0.6486 -0.4811
vn 0.7456 -0.0828 -0.6613
vn 0.6251 0.6363 -0.4522
vn 0.7889 -0.0852 -0.6086
vn 0.5053 -0.7671 -0.3953
vn 0.3484 0.6226 -0.7007
vn 0.5563 -0.7553 -0.3466
vn 0.5097 -0.0898 -0.8557
vn -0.5579 0.1600 -0.8143
vn 0.0635 -0.9816 0.1802
vn 0.2799 -0.7520 -0.5968
vn -0.5127 -0.0391 -0.8577
vn 0.0164 -0.9879 0.1545
vn -0.4007 -0.6317 0.6636
vn -0.2068 -0.9754 -0.0763
vn -0.5771 -0.2244 -0.7853
vn -0.4250 -0.6255 0.6543
vn -0.5647 0.0898 0.8204
vn -0.6652 -0.6295 0.4016
vn -0.7130 -0.2869 -0.6398
vn -0.5670 0.0933 0.8184
vn -0.8412 -0.1902 -0.5062
vn -0.8267 0.0831 0.5565
vn -0.3358 0.7563 0.5614
vn -0.3322 0.7603 0.5583
vn -0.8863 0.0092 -0.4629
vn -0.5968 0.7451 0.2977
vn 0.1394 0.9898 0.0282
vn 0.1609 0.9865 0.0313
vn -0.8222 0.1942 -0.5351
vn -0.1101 0.9686 -0.2229
vn 0.5899 0.6485 -0.4811
vn 0.6250 0.6364 -0.4521
vn -0.6861 0.2567 -0.6807
vn -0.7270 -0.0156 -0.6865
vn -0.8411 -0.1899 -0.5064
vn -0.6861 0.2565 -0.6807
vn -0.5579 0.1601 -0.8143
vn -0.7131 -0.2865 -0.6399
vn -0.5581 0.1599 -0.8142
vn -0.5129 -0.0392 -0.8576
vn -0.5773 -0.2241 -0.7852
vn 0.8834 0.2282 0.4092
vn 0.9354 -0.0148 0.3532
vn 0.6163 0.6337 -0.4675
vn 0.7697 -0.0844 -0.6328
vn 0.8623 -0.2403 0.4458
vn 0.3277 0.6266 -0.7071
vn 0.5534 -0.7515 -0.3593
vn 0.4816 -0.0897 -0.8718
vn 0.7070 -0.3168 0.6323
vn 0.4217 0.6402 -0.6422
vn 0.0941 -0.9767 0.1929
vn 0.2662 -0.7554 -0.5988
vn 0.5688 -0.0959 -0.8168
vn 0.5601 -0.1988 0.8043
vn -0.3394 -0.6282 0.7001
vn -0.1921 -0.9802 -0.0478
vn 0.3291 -0.7710 -0.5453
vn 0.5084 0.0443 0.8600
vn -0.4931 0.0900 0.8653
vn -0.6250 -0.6322 0.4578
vn -0.5826 -0.6359 0.5061
vn -0.1476 -0.9890 0.0029
vn 0.5815 0.2698 0.7675
vn -0.2767 0.7571 0.5918
vn -0.7785 0.0841 0.6220
vn -0.7295 0.0807 0.6792
vn 0.7370 0.3461 0.5806
vn 0.1828 0.9824 0.0398
vn -0.5636 0.7490 0.3485
vn -0.5029 0.7543 0.4221
vn -0.1053 0.9737 -0.2019
vn 0.6162 0.6338 -0.4675
vn -0.0261 0.9919 -0.1245
vn 0.3277 0.6266 -0.7072
vn 0.4217 0.6402 -0.6421
vn 0.3291 -0.7709 -0.5454
vn 0.5054 -0.7670 -0.3953
vn 0.5689 -0.0959 -0.8168
vn 0.7456 -0.0828 -0.6612
vn 0.4218 0.6402 -0.6420
vn 0.5899 0.6485 -0.4810
vn -0.0260 0.9919 -0.1244
vn 0.1395 0.9898 0.0282
vn -0.5028 0.7543 0.4221
vn -0.3357 0.7563 0.5615
vn -0.7294 0.0807 0.6793
vn -0.4251 -0.6255 0.6543
vn 0.0165 -0.9878 0.1547
vn 0.5053 -0.7672 -0.3952
vn 0.3290 -0.7710 -0.5453
vn -0.3877 -0.7411 0.5481
vn -0.4295 -0.6949 0.5767
vn -0.7944 -0.6030 -0.0725
vn -0.8300 -0.5564 -0.0379
vn -0.6149 0.1003 0.7822
vn -0.7354 -0.1529 -0.6601
vn -0.6911 -0.1913 -0.6970
vn -0.9251 0.2198 0.3095
vn -0.8344 0.5264 -0.1633
vn -0.1862 0.2943 -0.9374
vn -0.4092 0.8365 -0.3643
vn -0.1382 0.2523 -0.9577
vn -0.9651 0.0501 0.2570
vn -0.8685 0.4035 -0.2878
vn -0.3797 0.7671 -0.5171
vn -0.6055 -0.0792 0.7919
vn 0.1036 0.9769 -0.1870
vn 0.5059 0.5183 -0.6895
vn 0.5370 0.4664 -0.7029
vn -0.4903 -0.5820 0.6487
vn -0.8933 -0.4491 0.0150
vn -0.7768 -0.0590 -0.6269
vn -0.2100 0.3633 -0.9077
vn 0.2075 0.9292 -0.3059
vn 0.4827 0.5733 -0.6621
vn 0.4165 0.8686 0.2685
vn 0.9242 0.3780 -0.0545
vn 0.9405 0.3289 -0.0858
vn 0.5571 0.8016 0.2170
vn 0.8953 0.4447 -0.0272
vn 0.8120 -0.0432 0.5821
vn 0.3448 0.5675 0.7477
vn 0.8403 -0.0802 0.5361
vn 0.4710 0.4578 0.7540
vn 0.7798 0.0501 0.6240
vn 0.2906 -0.5245 0.8003
vn 0.2458 -0.4874 0.8379
vn -0.0831 0.2458 0.9657
vn -0.0074 0.0924 0.9957
vn 0.2034 -0.3762 0.9040
vn -0.6053 -0.0792 0.7920
vn -0.3875 -0.7411 0.5483
vn -0.6147 0.1003 0.7824
vn -0.4901 -0.5820 0.6489
vn -0.3783 -0.8600 0.3425
vn -0.0531 -0.9976 -0.0435
vn -0.0533 -0.9976 -0.0432
vn -0.3794 -0.8589 0.3440
vn -0.5996 -0.4893 0.6333
vn -0.6001 -0.4873 0.6343
vn -0.6592 0.0060 0.7520
vn -0.6589 0.0101 0.7522
vn -0.5434 0.5034 0.6718
vn -0.5420 0.5068 0.6704
vn -0.2844 0.8651 0.4133
vn -0.2828 0.8664 0.4117
vn 0.0485 0.9977 0.0472
vn 0.0487 0.9977 0.0469
vn 0.3669 0.8700 -0.3295
vn 0.3684 0.8687 -0.3311
vn 0.5913 0.5127 -0.6225
vn 0.5927 0.5092 -0.6240
vn 0.6606 0.0204 -0.7505
vn 0.6601 0.0152 -0.7510
vn 0.5479 -0.4943 -0.6749
vn 0.5454 -0.5005 -0.6724
vn 0.2832 -0.8656 -0.4130
vn 0.2802 -0.8680 -0.4098
vn -0.0529 -0.9976 -0.0437
vn -0.0531 -0.9976 -0.0434
vn -0.4811 0.6486 -0.5898
vn -0.6613 -0.0828 -0.7456
vn -0.4522 0.6363 -0.6251
vn -0.6085 -0.0852 -0.7889
vn -0.3954 -0.7671 -0.5053
vn -0.7008 0.6225 -0.3484
vn -0.3466 -0.7553 -0.5562
vn -0.8556 -0.0899 -0.5097
vn -0.8143 0.1600 0.5579
vn 0.1802 -0.9816 -0.0636
vn -0.5968 -0.7520 -0.2799
vn -0.8577 -0.0392 0.5127
vn 0.1545 -0.9879 -0.0164
vn 0.6636 -0.6317 0.4007
vn -0.0763 -0.9754 0.2067
vn -0.7853 -0.2243 0.5771
vn 0.6543 -0.6255 0.4250
vn 0.8204 0.0898 0.5648
vn 0.4015 -0.6295 0.6653
vn -0.6398 -0.2868 0.7130
vn 0.8184 0.0933 0.5671
vn -0.5062 -0.1901 0.8412
vn 0.5565 0.0831 0.8267
vn 0.5614 0.7563 0.3358
vn 0.5583 0.7603 0.3322
vn -0.4629 0.0092 0.8863
vn 0.2977 0.7451 0.5968
vn 0.0281 0.9898 -0.1394
vn 0.0313 0.9865 -0.1609
vn -0.5351 0.1942 0.8222
vn -0.2229 0.9686 0.1101
vn -0.4811 0.6485 -0.5899
vn -0.4521 0.6364 -0.6250
vn -0.6807 0.2568 0.6861
vn -0.7007 0.6226 -0.3484
vn -0.6865 -0.0156 0.7270
vn -0.5064 -0.1899 0.8411
vn -0.6807 0.2565 0.6862
vn -0.8143 0.1601 0.5579
vn -0.6398 -0.2866 0.7131
vn -0.8142 0.1599 0.5581
vn -0.8575 -0.0392 0.5129
vn -0.7852 -0.2241 0.5773
vn 0.4092 0.2282 -0.8834
vn 0.3532 -0.0148 -0.9354
vn -0.4675 0.6337 -0.6163
vn -0.6328 -0.0844 -0.7697
vn 0.4458 -0.2403 -0.8623
vn -0.7072 0.6265 -0.3277
vn -0.3593 -0.7515 -0.5533
vn -0.8718 -0.0897 -0.4816
vn 0.6323 -0.3167 -0.7070
vn -0.6421 0.6402 -0.4217
vn 0.1929 -0.9767 -0.0941
vn -0.5988 -0.7554 -0.2663
vn -0.8168 -0.0959 -0.5688
vn 0.8042 -0.1987 -0.5601
vn 0.7001 -0.6282 0.3394
vn -0.0478 -0.9802 0.1921
vn -0.5453 -0.7709 -0.3291
vn 0.8600 0.0442 -0.5084
vn 0.8654 0.0900 0.4930
vn 0.4578 -0.6322 0.6251
vn 0.5061 -0.6360 0.5826
vn 0.0028 -0.9890 0.1477
vn 0.7675 0.2698 -0.5815
vn 0.5918 0.7571 0.2767
vn 0.6220 0.0841 0.7785
vn 0.6792 0.0807 0.7295
vn 0.5806 0.3462 -0.7369
vn 0.0398 0.9824 -0.1827
vn 0.3485 0.7490 0.5636
vn 0.4220 0.7544 0.5028
vn -0.2019 0.9737 0.1053
vn -0.4674 0.6339 -0.6162
vn -0.1245 0.9919 0.0261
vn -0.7071 0.6266 -0.3277
vn -0.5454 -0.7708 -0.3291
vn -0.3954 -0.7670 -0.5054
vn -0.8168 -0.0959 -0.5689
vn -0.6612 -0.0828 -0.7456
vn -0.6421 0.6402 -0.4218
vn -0.1244 0.9919 0.0260
vn 0.0282 0.9898 -0.1395
vn 0.4222 0.7543 0.5028
vn 0.5615 0.7563 0.3357
vn 0.8184 0.0933 0.5670
vn 0.6793 0.0807 0.7294
vn 0.6543 -0.6255 0.4251
vn 0.1546 -0.9878 -0.0165
vn 0.0029 -0.9890 0.1476
vn -0.3952 -0.7671 -0.5053
vn -0.5453 -0.7710 -0.3291
vn 0.8341 -0.2904 0.4689
vn 0.8692 -0.4577 0.1868
vn 0.5858 -0.6488 0.4857
vn 0.6952 -0.7180 0.0346
vn 0.4054 -0.9044 0.1332
vn 0.5855 -0.6489 0.4859
vn 0.1996 -0.8853 0.4201
vn 0.5855 -0.6490 0.4859
vn 0.2032 -0.6895 0.6952
vn 0.3855 -0.4513 0.8048
vn 0.5858 -0.6487 0.4857
vn 0.6363 -0.2934 0.7135
vn -0.6406 -0.7679 0.0070
vn -0.6802 -0.3555 0.6411
vn -0.7120 -0.7012 -0.0386
vn -0.7481 -0.2806 0.6014
vn -0.2719 0.2112 0.9389
vn -0.6777 -0.7348 0.0269
vn -0.3343 0.2894 0.8969
vn -0.7135 -0.2912 0.6372
vn 0.3442 0.5976 0.7241
vn 0.2837 0.6762 0.6799
vn -0.3102 0.2530 0.9164
vn -0.6617 -0.6532 0.3681
vn -0.4474 -0.8883 -0.1036
vn -0.4278 -0.0435 0.9028
vn -0.6109 -0.3744 0.6976
vn 0.2821 0.6152 0.7362
vn 0.0147 0.3109 0.9503
vn 0.7490 0.6579 0.0786
vn 0.7696 0.6055 0.2025
vn 0.8068 0.5778 0.1236
vn 0.3441 0.5248 0.7786
vn 0.6714 0.5246 0.5234
vn 0.7914 0.2426 -0.5611
vn 0.8610 0.1570 -0.4838
vn 0.9569 0.2226 -0.1867
vn 0.9144 0.4037 0.0307
vn 0.8443 0.1630 -0.5104
vn 0.3801 -0.3302 -0.8640
vn 0.3909 -0.4705 -0.7911
vn 0.8047 -0.1502 -0.5743
vn 0.4350 -0.4023 -0.8056
vn -0.2443 -0.7222 -0.6472
vn -0.2372 -0.8016 -0.5487
vn 0.1885 -0.7300 -0.6569
vn 0.6522 -0.3933 -0.6480
vn -0.1791 -0.7866 -0.5909
vn -0.6405 -0.7680 0.0068
vn -0.7119 -0.7012 -0.0386
vn -0.1638 -0.8678 -0.4691
vn -0.4473 -0.8883 -0.1039
vn -0.6777 -0.7348 0.0270
vn -0.8843 -0.4317 -0.1781
vn -0.9922 -0.1117 -0.0551
vn -0.8517 -0.2858 -0.4393
vn -0.9691 -0.2363 0.0710
vn -0.7578 -0.6514 -0.0382
vn -0.9546 0.1541 0.2550
vn -0.8339 -0.4669 0.2945
vn -0.7647 -0.2744 0.5831
vn -0.9314 -0.0018 0.3639
vn -0.7797 0.2274 0.5834
vn -0.7330 0.4928 0.4689
vn -0.6622 0.0894 0.7439
vn -0.3430 0.3198 0.8832
vn -0.5181 0.5255 0.6749
vn -0.4170 0.8007 0.4300
vn -0.2907 0.7621 0.5785
vn -0.0545 0.5400 0.8399
vn -0.0648 0.9680 0.2423
vn 0.2475 0.7319 0.6349
vn 0.0486 0.8827 0.4674
vn 0.4482 0.8321 0.3268
vn 0.3138 0.9293 0.1946
vn 0.1991 0.9708 -0.1339
vn 0.6964 0.7172 0.0262
vn -0.4678 0.4842 -0.7394
vn -0.7854 0.4928 -0.3746
vn -0.2723 0.7537 -0.5982
vn 0.1403 0.5425 -0.8283
vn -0.6122 0.7629 -0.2078
vn -0.8500 0.2326 -0.4727
vn -0.5796 0.2252 -0.7832
vn -0.0821 0.2866 -0.9545
vn -0.9901 0.0772 -0.1172
vn -0.9497 0.3103 0.0422
vn 0.5155 0.1857 -0.8365
vn -0.7880 0.5677 0.2382
vn -0.2512 0.0570 -0.9663
vn 0.0647 0.9680 -0.2424
vn 0.2686 -0.0466 -0.9621
vn -0.9619 -0.1992 0.1870
vn -0.9166 -0.0142 0.3995
vn 0.7524 -0.2207 -0.6207
vn -0.7525 0.2205 0.6205
vn 0.0475 -0.2269 -0.9728
vn 0.4170 0.8007 -0.4300
vn 0.4900 -0.4265 -0.7603
vn -0.7734 -0.5225 0.3589
vn -0.6953 -0.3940 0.6011
vn 0.7879 -0.5679 -0.2383
vn -0.5157 -0.1859 0.8363
vn 0.2361 -0.5503 -0.8009
vn 0.7330 0.4928 -0.4690
vn 0.5230 -0.7510 -0.4031
vn -0.4746 -0.8066 0.3523
vn -0.3445 -0.7271 0.5938
vn 0.6120 -0.7631 0.2076
vn -0.1405 -0.5426 0.8281
vn 0.2642 -0.8268 -0.4966
vn 0.9546 0.1541 -0.2551
vn 0.3587 -0.9333 0.0138
vn -0.1461 -0.9747 0.1692
vn 0.0412 -0.9247 0.3786
vn 0.1243 -0.9821 -0.1416
vn 0.2721 -0.7539 0.5980
vn 0.9922 -0.1117 0.0550
vn -0.2721 0.7539 -0.5980
vn -0.6121 0.7631 -0.2076
vn -0.0412 0.9246 -0.3786
vn 0.3445 0.7271 -0.5938
vn 0.1405 0.5426 -0.8281
vn -0.3587 0.9333 -0.0137
vn -0.7879 0.5679 0.2383
vn 0.1931 0.9747 -0.1122
vn 0.5025 0.8164 -0.2846
vn 0.6953 0.3940 -0.6011
vn 0.7833 0.5494 -0.2908
vn 0.5157 0.1859 -0.8364
vn -0.5230 0.7510 0.4031
vn -0.0614 0.9817 0.1802
vn -0.7524 0.2207 0.6207
vn 0.3906 0.9081 0.1510
vn 0.5918 0.8052 0.0388
vn 0.7742 0.6320 0.0346
vn 0.9166 0.0142 -0.3995
vn 0.9609 0.2449 -0.1290
vn 0.8905 0.4328 0.1401
vn 0.5996 0.6191 0.5072
vn 0.2249 0.9126 0.3413
vn -0.1931 0.8354 0.5146
vn -0.4900 0.4265 0.7603
vn -0.5155 -0.1857 0.8365
vn 0.9077 0.2637 0.3264
vn 0.9874 -0.0153 0.1574
vn 0.1392 0.8174 0.5591
vn -0.1666 0.5752 0.8008
vn -0.2686 0.0466 0.9621
vn 0.8219 0.1685 0.5441
vn 0.1564 0.6481 0.7453
vn 0.0109 0.2708 0.9626
vn -0.1403 -0.5424 0.8283
vn 0.0821 -0.2866 0.9545
vn 0.2920 0.0037 0.9564
vn 0.2720 0.4500 0.8506
vn 0.8558 -0.1615 0.4914
vn 0.6563 0.1730 0.7344
vn 0.4551 0.2759 0.8466
vn 0.2723 -0.7537 0.5981
vn 0.4679 -0.4842 0.7394
vn 0.6010 -0.1545 0.7841
vn 0.7854 -0.4928 0.3746
vn 0.6123 -0.7629 0.2078
vn 0.9497 -0.3103 -0.0423
vn 0.7881 -0.5677 -0.2382
vn 0.7525 -0.2205 -0.6206
vn 0.4450 0.8865 -0.1270
vn 0.2990 0.8223 -0.4842
vn 0.5233 0.7235 -0.4501
vn 0.8153 0.5066 -0.2804
vn 0.2607 0.5690 -0.7799
vn 0.7131 0.3242 -0.6216
vn 0.5015 0.4690 -0.7270
vn 0.4109 0.1828 -0.8932
vn 0.0742 0.2187 -0.9730
vn 0.5836 0.0017 -0.8120
vn 0.1557 -0.1364 -0.9783
vn -0.2535 -0.0599 -0.9655
vn 0.3709 -0.3641 -0.8543
vn -0.1516 -0.2712 -0.9505
vn -0.0162 -0.4798 -0.8772
vn -0.4698 -0.4419 -0.7642
vn -0.5771 -0.2337 -0.7825
vn -0.3203 -0.6956 -0.6431
vn -0.6698 -0.5214 -0.5287
vn -0.5815 -0.7012 -0.4125
vn -0.8841 -0.4319 -0.1783
vn -0.7577 -0.6514 -0.0385
vn 0.5806 -0.6294 0.5166
vn 0.5665 -0.6349 0.5254
vn 0.3442 0.5246 0.7786
vn 0.0149 0.3108 0.9504
vn 0.5571 -0.6415 0.5273
vn 0.5478 -0.6484 0.5288
vn -0.4277 -0.0437 0.9029
vn 0.5367 -0.6622 0.5230
vn -0.6107 -0.3746 0.6977
vn 0.5327 -0.6704 0.5166
vn 0.5294 -0.6784 0.5094
vn -0.6615 -0.6533 0.3682
vn 0.5376 -0.6860 0.4902
vn -0.4472 -0.8884 -0.1037
vn 0.5444 -0.6849 0.4843
vn 0.5504 -0.6837 0.4791
vn -0.1636 -0.8679 -0.4690
vn 0.5538 -0.6876 0.4696
vn 0.5565 -0.6893 0.4638
vn 0.1887 -0.7301 -0.6567
vn 0.5777 -0.6813 0.4495
vn 0.6524 -0.3934 -0.6478
vn 0.5849 -0.6733 0.4523
vn 0.5918 -0.6655 0.4548
vn 0.8048 -0.1504 -0.5742
vn 0.6001 -0.6518 0.4638
vn 0.9569 0.2224 -0.1865
vn 0.6009 -0.6444 0.4728
vn 0.6017 -0.6369 0.4820
vn 0.9145 0.4034 0.0307
vn 0.5961 -0.6303 0.4973
vn 0.6715 0.5244 0.5236
vn 0.5884 -0.6300 0.5069
vn 0.5805 -0.6294 0.5166
vn 0.3442 0.5247 0.7786
vn -0.0450 -0.1699 -0.9844
vn -0.1367 -0.5453 -0.8271
vn -0.0546 0.5401 0.8398
vn -0.5245 0.2722 -0.8067
vn -0.5094 -0.3625 -0.7804
vn 0.2474 0.7320 0.6348
vn 0.4480 0.8321 0.3269
vn -0.7729 -0.1869 -0.6064
vn -0.7511 0.2302 -0.6188
vn -0.6207 0.4485 -0.6431
vn -0.4983 0.5137 -0.6984
vn 0.2189 -0.0699 -0.9732
vn -0.3429 0.3199 0.8832
vn -0.7373 0.4511 -0.5030
vn -0.8902 -0.3224 -0.3218
vn 0.6963 0.7172 0.0262
vn -0.8878 0.2883 -0.3586
vn -0.9703 -0.2081 -0.1231
vn 0.4257 0.1655 -0.8896
vn -0.6623 0.0895 0.7439
vn -0.3825 0.6234 -0.6820
vn 0.8153 0.5067 -0.2804
vn -0.7649 0.5294 -0.3670
vn -0.9906 -0.0290 0.1339
vn 0.5323 0.4115 -0.7398
vn 0.7130 0.3243 -0.6217
vn -0.8690 0.4797 -0.1216
vn -0.9559 0.2436 0.1639
vn -0.3291 0.7506 -0.5729
vn 0.5835 0.0020 -0.8121
vn -0.7124 0.6504 -0.2636
vn -0.8145 0.3065 0.4926
vn -0.6212 0.5454 0.5627
vn 0.5958 0.6059 -0.5273
vn -0.7056 0.7086 -0.0064
vn 0.6461 0.7345 -0.2073
vn -0.0978 0.8638 -0.4943
vn -0.8339 -0.4667 0.2944
vn -0.5991 0.7632 -0.2421
vn -0.4275 0.7363 0.5245
vn 0.3708 -0.3640 -0.8544
vn -0.4616 0.8860 -0.0435
vn 0.4802 0.8771 0.0109
vn -0.7577 -0.6514 -0.0383
vn -0.3591 0.8248 -0.4368
vn 0.2173 0.9666 0.1360
vn -0.5815 -0.7011 -0.4127
vn -0.2140 0.8468 0.4870
vn -0.0164 -0.4797 -0.8773
vn -0.4622 0.8312 -0.3089
vn 0.1142 0.9104 0.3977
vn -0.3204 -0.6954 -0.6432
vn -0.0452 -0.1699 -0.9844
vn -0.0546 0.5400 0.8399
vn 0.2188 -0.0697 -0.9733
vn 0.5322 0.4115 -0.7398
vn -0.6623 0.0894 0.7439
vn 0.5958 0.6058 -0.5273
vn -0.7646 -0.2745 0.5831
vn -0.8339 -0.4668 0.2944
vn 0.6460 0.7346 -0.2074
vn -0.7578 -0.6514 -0.0384
vn -0.3203 -0.6955 -0.6432
vn 0.2172 0.9666 0.1360
vn -0.5815 -0.7011 -0.4126
vn -0.2140 0.8469 0.4869
vn -0.0163 -0.4797 -0.8773
vn -0.4274 0.7363 0.5245
vn -0.0162 -0.4796 -0.8773
vn 0.3708 -0.3639 -0.8544
vn 0.5836 0.0018 -0.8120
vn -0.6213 0.5454 0.5627
vn 0.3709 -0.3640 -0.8544
vn -0.7730 -0.1867 -0.6063
vn 0.6963 0.7173 0.0261
vn 0.4482 0.8321 0.3267
vn 0.5482 -0.7411 0.3877
vn 0.5768 -0.6949 0.4295
vn -0.0724 -0.6030 0.7944
vn -0.0415 -0.5549 0.8309
vn 0.7822 0.1003 0.6149
vn -0.6612 -0.1520 0.7346
vn -0.6970 -0.1913 0.6911
vn 0.3095 0.2198 0.9251
vn -0.1633 0.5264 0.8344
vn -0.9373 0.2934 0.1882
vn -0.3643 0.8365 0.4092
vn -0.9577 0.2523 0.1382
vn 0.2570 0.0501 0.9651
vn -0.2878 0.4035 0.8685
vn -0.5171 0.7671 0.3797
vn 0.7919 -0.0792 0.6055
vn -0.1870 0.9769 -0.1036
vn -0.6895 0.5183 -0.5059
vn -0.7029 0.4664 -0.5370
vn 0.6488 -0.5820 0.4903
vn 0.0150 -0.4491 0.8933
vn -0.6269 -0.0590 0.7768
vn -0.9077 0.3634 0.2098
vn -0.3059 0.9292 -0.2075
vn -0.6621 0.5733 -0.4827
vn 0.2685 0.8686 -0.4165
vn -0.0545 0.3780 -0.9242
vn -0.0858 0.3289 -0.9405
vn 0.2170 0.8016 -0.5571
vn -0.0272 0.4445 -0.8954
vn 0.5821 -0.0432 -0.8120
vn 0.7477 0.5675 -0.3448
vn 0.5365 -0.0809 -0.8400
vn 0.7540 0.4578 -0.4710
vn 0.6240 0.0501 -0.7798
vn 0.8003 -0.5244 -0.2906
vn 0.8379 -0.4874 -0.2458
vn 0.9657 0.2458 0.0831
vn 0.9957 0.0924 0.0074
vn 0.9040 -0.3761 -0.2034
vn 0.7920 -0.0792 0.6053
vn 0.5483 -0.7411 0.3875
vn 0.7824 0.1003 0.6147
vn 0.6489 -0.5820 0.4901
vn 0.4679 0.4842 0.7394
vn 0.7854 0.4928 0.3746
vn 0.2723 0.7537 0.5982
vn -0.1403 0.5425 0.8283
vn 0.6122 0.7629 0.2078
vn 0.8501 0.2325 0.4724
vn 0.5796 0.2252 0.7832
vn 0.0821 0.2866 0.9545
vn 0.9901 0.0772 0.1172
vn 0.9497 0.3103 -0.0423
vn -0.5155 0.1857 0.8365
vn 0.7880 0.5677 -0.2382
vn 0.2512 0.0570 0.9662
vn -0.0647 0.9680 0.2424
vn -0.2686 -0.0466 0.9621
vn 0.9619 -0.1992 -0.1870
vn 0.9166 -0.0142 -0.3995
vn -0.7524 -0.2207 0.6207
vn 0.7525 0.2205 -0.6205
vn -0.0475 -0.2268 0.9728
vn -0.4170 0.8008 0.4300
vn -0.4900 -0.4265 0.7603
vn 0.7734 -0.5225 -0.3589
vn 0.6953 -0.3940 -0.6011
vn -0.7879 -0.5679 0.2383
vn 0.5157 -0.1859 -0.8363
vn -0.2361 -0.5503 0.8009
vn -0.7330 0.4928 0.4690
vn -0.5230 -0.7510 0.4031
vn 0.4746 -0.8066 -0.3523
vn 0.3445 -0.7271 -0.5938
vn -0.6120 -0.7631 -0.2077
vn 0.1405 -0.5426 -0.8281
vn -0.2642 -0.8268 0.4967
vn -0.9546 0.1541 0.2551
vn -0.3587 -0.9333 -0.0137
vn 0.1461 -0.9747 -0.1692
vn -0.5771 -0.2337 -0.7826
vn -0.0412 -0.9247 -0.3786
vn -0.1243 -0.9821 0.1416
vn -0.2721 -0.7539 -0.5980
vn -0.9922 -0.1117 -0.0550
vn 0.2721 0.7539 0.5980
vn 0.6121 0.7631 0.2076
vn 0.0412 0.9246 0.3786
vn -0.3445 0.7271 0.5938
vn -0.1405 0.5426 0.8281
vn 0.3587 0.9333 0.0137
vn 0.7879 0.5679 -0.2383
vn -0.1932 0.9747 0.1122
vn -0.5024 0.8164 0.2847
vn -0.6953 0.3940 0.6011
vn -0.7833 0.5494 0.2908
vn -0.5157 0.1859 0.8363
vn 0.5230 0.7510 -0.4031
vn 0.0614 0.9817 -0.1801
vn 0.7524 0.2207 -0.6207
vn -0.3906 0.9081 -0.1510
vn -0.5918 0.8052 -0.0388
vn -0.7748 0.6313 -0.0348
vn -0.9166 0.0142 0.3995
vn -0.9609 0.2449 0.1290
vn -0.8905 0.4328 -0.1402
vn -0.5995 0.6191 -0.5072
vn -0.2249 0.9126 -0.3413
vn 0.1931 0.8354 -0.5146
vn 0.4900 0.4265 -0.7603
vn 0.5155 -0.1857 -0.8365
vn -0.9077 0.2637 -0.3264
vn -0.9874 -0.0153 -0.1574
vn -0.1392 0.8174 -0.5591
vn 0.1666 0.5752 -0.8008
vn 0.2686 0.0466 -0.9621
vn -0.8219 0.1685 -0.5441
vn -0.1565 0.6481 -0.7453
vn -0.0109 0.2708 -0.9626
vn 0.1403 -0.5425 -0.8283
vn -0.0821 -0.2866 -0.9545
vn -0.2920 0.0037 -0.9564
vn -0.2720 0.4500 -0.8506
vn -0.8558 -0.1615 -0.4914
vn -0.6563 0.1730 -0.7344
vn -0.4551 0.2759 -0.8466
vn -0.2723 -0.7537 -0.5981
vn -0.4679 -0.4842 -0.7394
vn -0.6010 -0.1545 -0.7841
vn -0.7854 -0.4928 -0.3746
vn -0.6122 -0.7629 -0.2078
vn -0.9497 -0.3103 0.0423
vn -0.7880 -0.5677 0.2382
vn -0.7525 -0.2205 0.6206
vn 0.6979 0.0338 -0.7154
vn -0.3811 -0.8566 0.3479
vn 0.7311 -0.2257 -0.6439
vn 0.6117 -0.2195 -0.7600
vn -0.6144 -0.7712 0.1666
vn -0.7223 -0.6782 -0.1355
vn 0.8730 -0.0597 -0.4840
vn -0.6797 -0.6992 0.2215
vn -0.1861 -0.7764 0.6021
vn -0.4700 -0.7594 0.4499
vn -0.2599 -0.7111 0.6533
vn 0.0943 -0.6985 0.7094
vn 0.4595 -0.0444 -0.8871
vn 0.7928 -0.3159 -0.5212
vn -0.8077 -0.5892 -0.0211
vn -0.8388 -0.4493 -0.3076
vn -0.8938 -0.3785 -0.2407
vn -0.7979 -0.2327 -0.5561
vn -0.0059 -0.6033 0.7975
vn 0.4856 -0.2988 -0.8216
vn 0.2820 -0.4692 0.8368
vn 0.2048 -0.4093 0.8891
vn 0.9162 -0.2841 -0.2826
vn 0.5241 -0.2664 0.8089
vn -0.8868 -0.1532 -0.4361
vn 0.2435 -0.2524 -0.9365
vn 0.7761 -0.4507 -0.4411
vn -0.8237 0.1235 -0.5534
vn -0.7698 0.0662 -0.6349
vn 0.4099 -0.1832 0.8935
vn -0.5827 0.3109 -0.7509
vn 0.3940 -0.4382 -0.8079
vn 0.6163 0.0336 0.7868
vn 0.5365 0.0908 0.8390
vn 0.8097 -0.5500 -0.2046
vn 0.7422 0.2761 0.6107
vn -0.6748 0.3837 -0.6304
vn 0.1387 -0.5228 -0.8411
vn 0.6226 0.3431 0.7033
vn 0.6803 -0.5969 -0.4252
vn -0.4850 0.6322 -0.6042
vn -0.4211 0.5930 -0.6864
vn -0.1515 0.7414 -0.6537
vn 0.3726 -0.5745 -0.7287
vn 0.6963 0.5302 0.4838
vn 0.6107 0.5801 0.5390
vn 0.6628 0.7234 0.1935
vn 0.5981 -0.7660 -0.2354
vn -0.2494 0.8084 -0.5331
vn 0.2040 -0.7379 -0.6433
vn 0.5479 0.7817 0.2980
vn 0.5547 -0.6717 -0.4911
vn -0.0270 0.9281 -0.3714
vn 0.0520 0.8951 -0.4429
vn 0.3244 0.8992 -0.2936
vn 0.4454 -0.6713 -0.5924
vn 0.4682 0.8835 -0.0173
vn 0.3788 0.9245 0.0412
vn 0.3617 -0.8367 -0.4113
vn 0.2193 0.9595 -0.1767
vn 0.4454 -0.6713 -0.5925
vn 0.3786 0.9246 0.0410
vn 0.4684 0.8834 -0.0170
vn -0.6094 0.4281 0.6674
vn -0.5612 0.7525 0.3447
vn -0.7924 0.5421 0.2799
vn -0.3218 0.7777 0.5401
vn -0.8853 0.2399 0.3984
vn -0.1896 0.6089 0.7702
vn -0.2442 0.3182 0.9160
vn -0.7578 0.0290 0.6518
vn -0.4799 0.0653 0.8749
vn -0.1894 0.6089 0.7703
vn -0.2440 0.3182 0.9161
vn -0.5876 0.4683 0.6599
vn -0.4797 0.0653 0.8750
vn -0.7578 0.0288 0.6519
vn -0.5879 0.4682 0.6597
vn -0.8854 0.2397 0.3983
vn -0.5879 0.4683 0.6597
vn -0.7925 0.5419 0.2798
vn -0.5613 0.7525 0.3446
vn -0.5876 0.4682 0.6599
vn -0.3218 0.7778 0.5399
vn -0.5875 0.4683 0.6599
vn -0.1895 0.6089 0.7703
vn -0.8727 -0.3598 -0.3302
vn -0.7066 0.3137 -0.6342
vn -0.8166 -0.4072 -0.4091
vn -0.6440 0.2747 -0.7140
vn -0.1751 0.8416 -0.5109
vn -0.8587 -0.3444 -0.3795
vn -0.1072 0.8029 -0.5864
vn -0.6558 0.3155 -0.6859
vn 0.4089 0.9120 -0.0322
vn 0.4782 0.8719 -0.1055
vn -0.1387 0.8201 -0.5551
vn -0.8872 -0.0041 -0.4613
vn -0.8961 -0.4347 -0.0896
vn -0.4373 0.7031 -0.5608
vn -0.7231 0.3819 -0.5756
vn 0.4044 0.9094 -0.0976
vn -0.0113 0.9588 -0.2837
vn 0.7745 0.4449 0.4497
vn 0.6933 0.5535 0.4614
vn 0.7027 0.4846 0.5209
vn 0.3254 0.9454 -0.0187
vn 0.4926 0.8037 0.3337
vn 0.6084 -0.2338 0.7584
vn 0.5245 -0.1619 0.8359
vn 0.5166 0.1568 0.8417
vn 0.6019 0.3888 0.6975
vn 0.5339 -0.1900 0.8239
vn 0.0719 -0.7687 0.6355
vn -0.0759 -0.7309 0.6782
vn 0.2582 -0.3344 0.9064
vn 0.0025 -0.7155 0.6986
vn -0.5198 -0.8409 0.1506
vn -0.6212 -0.7663 0.1641
vn -0.4085 -0.7262 0.5530
vn 0.0191 -0.5042 0.8634
vn -0.5789 -0.7849 0.2210
vn -0.8726 -0.3600 -0.3300
vn -0.8166 -0.4073 -0.4091
vn -0.6870 -0.6866 0.2379
vn -0.8960 -0.4349 -0.0894
vn -0.8587 -0.3443 -0.3797
vn -0.5731 -0.5233 -0.6306
vn -0.3490 -0.3654 -0.8629
vn -0.3495 -0.7219 -0.5973
vn -0.4960 -0.2710 -0.8250
vn -0.7836 -0.4084 -0.4682
vn -0.1941 -0.0044 -0.9810
vn -0.7403 -0.0786 -0.6677
vn -0.6371 0.2544 -0.7276
vn -0.3643 0.0667 -0.9289
vn -0.1840 0.3682 -0.9114
vn 0.1063 0.3379 -0.9352
vn -0.3288 0.5189 -0.7891
vn -0.0776 0.7949 -0.6018
vn 0.1286 0.5990 -0.7903
vn 0.4833 0.4659 -0.7412
vn 0.4351 0.6313 -0.6420
vn 0.2137 0.8901 -0.4025
vn 0.7887 0.4333 -0.4362
vn 0.5334 0.8328 -0.1485
vn 0.6704 0.6551 -0.3485
vn 0.7750 0.6287 0.0643
vn 0.8693 0.4899 -0.0656
vn 0.9797 0.1616 -0.1187
vn 0.8309 0.3950 0.3919
vn 0.9663 0.2196 0.1345
vn 0.9811 -0.1692 0.0941
vn 0.9402 -0.0957 0.3269
vn 0.7670 0.0957 0.6344
vn 0.8328 -0.5144 0.2044
vn 0.6808 -0.2934 0.6711
vn 0.7894 -0.4187 0.4489
vn 0.5567 -0.6663 0.4961
vn 0.5247 -0.8297 0.1906
vn 0.4123 -0.5834 0.6998
vn 0.2246 -0.8944 0.3868
vn 0.1811 -0.9833 -0.0178
vn 0.0355 -0.7703 0.6367
vn 0.0111 -0.9895 0.1444
vn -0.1659 -0.9312 0.3247
vn -0.2878 -0.9491 -0.1278
vn -0.1210 -0.9484 -0.2932
vn -0.5171 -0.8530 0.0710
vn -0.4875 -0.8074 -0.3323
vn -0.3494 -0.7220 -0.5972
vn -0.6644 -0.7162 -0.2137
vn -0.5732 -0.5236 -0.6303
vn -0.7835 -0.4086 -0.4680
vn -0.5810 0.4999 0.6423
vn -0.5925 0.5028 0.6294
vn 0.3253 0.9454 -0.0186
vn -0.0115 0.9590 -0.2833
vn -0.6017 0.5002 0.6227
vn -0.6108 0.4972 0.6162
vn -0.4375 0.7031 -0.5605
vn -0.6246 0.4854 0.6118
vn -0.7234 0.3819 -0.5752
vn -0.6311 0.4764 0.6122
vn -0.6370 0.4669 0.6134
vn -0.8874 -0.0040 -0.4610
vn -0.6358 0.4497 0.6273
vn -0.8961 -0.4347 -0.0893
vn -0.6311 0.4464 0.6344
vn -0.6268 0.4436 0.6406
vn -0.6871 -0.6864 0.2382
vn -0.6264 0.4348 0.6469
vn -0.6254 0.4299 0.6512
vn -0.4087 -0.7259 0.5532
vn -0.6079 0.4247 0.6708
vn 0.0190 -0.5039 0.8636
vn -0.5996 0.4313 0.6741
vn -0.5915 0.4374 0.6773
vn 0.2579 -0.3343 0.9065
vn -0.5796 0.4514 0.6784
vn 0.5163 0.1571 0.8418
vn -0.5755 0.4617 0.6750
vn -0.5713 0.4723 0.6713
vn 0.6017 0.3888 0.6977
vn -0.5716 0.4863 0.6609
vn 0.4923 0.8038 0.3339
vn -0.5763 0.4931 0.6517
vn 0.3253 0.9454 -0.0185
vn 0.1424 -0.9662 0.2149
vn -0.2734 -0.9350 0.2259
vn -0.2209 -0.9570 -0.1879
vn 0.5335 0.8326 -0.1486
vn 0.7750 0.6288 0.0639
vn -0.1859 -0.8308 -0.5246
vn 0.2039 -0.7380 -0.6433
vn 0.4452 -0.6715 -0.5924
vn 0.5546 -0.6718 -0.4910
vn 0.3005 -0.8557 0.4213
vn -0.0775 0.7948 -0.6018
vn 0.3725 -0.5746 -0.7288
vn 0.5982 -0.7660 -0.2354
vn -0.4299 -0.6329 -0.6439
vn 0.8310 0.3950 0.3917
vn -0.4096 -0.4448 -0.7965
vn 0.5438 -0.6628 0.5148
vn -0.3288 0.5187 -0.7892
vn 0.6804 -0.5970 -0.4251
vn 0.7671 0.0956 0.6343
vn 0.3938 -0.4382 -0.8080
vn -0.3325 -0.1701 -0.9276
vn 0.7493 -0.4350 0.4993
vn 0.6809 -0.2935 0.6710
vn -0.0842 -0.0683 -0.9941
vn 0.7762 -0.4506 -0.4409
vn 0.4124 -0.5834 0.6997
vn 0.4855 -0.2986 -0.8217
vn -0.0927 0.2925 -0.9518
vn 0.1545 0.4698 -0.8691
vn 0.8765 -0.1738 0.4489
vn 0.4595 -0.0445 -0.8871
vn 0.9067 0.1678 0.3870
vn -0.7402 -0.0786 -0.6678
vn 0.6118 -0.2192 -0.7601
vn 0.3921 0.5354 -0.7480
vn 0.0356 -0.7704 0.6365
vn 0.9238 0.3555 0.1422
vn -0.7835 -0.4086 -0.4682
vn 0.7930 -0.3157 -0.5211
vn 0.8959 0.4163 -0.1549
vn -0.6643 -0.7163 -0.2138
vn 0.5615 0.5885 -0.5817
vn -0.1658 -0.9313 0.3244
vn 0.7312 -0.2255 -0.6439
vn 0.8731 -0.0595 -0.4839
vn 0.7350 0.6159 -0.2836
vn -0.5170 -0.8530 0.0709
vn -0.0775 0.7949 -0.6018
vn 0.1423 -0.9662 0.2149
vn -0.3287 0.5188 -0.7892
vn 0.3006 -0.8557 0.4211
vn 0.7493 -0.4351 0.4992
vn -0.3288 0.5188 -0.7891
vn 0.8765 -0.1739 0.4490
vn -0.6370 0.2544 -0.7276
vn 0.9068 0.1677 0.3868
vn -0.5170 -0.8531 0.0709
vn 0.8960 0.4161 -0.1552
vn 0.5616 0.5885 -0.5816
vn -0.1657 -0.9312 0.3245
vn 0.3922 0.5355 -0.7479
vn -0.1657 -0.9312 0.3246
vn 0.0356 -0.7704 0.6366
vn 0.4124 -0.5835 0.6996
vn 0.1547 0.4697 -0.8692
vn 0.0356 -0.7705 0.6364
vn -0.1856 -0.8307 -0.5248
vn 0.8310 0.3949 0.3918
vn 0.7751 0.6286 0.0641
vn 0.3336 0.9354 0.1168
vn 0.5407 0.6913 0.4793
vn 0.5714 0.8110 -0.1257
vn 0.1966 0.8551 -0.4798
vn 0.7930 0.5497 0.2625
vn 0.2901 0.7397 0.6072
vn 0.1137 0.9477 0.2983
vn -0.0169 0.9766 -0.2143
vn 0.2975 0.4144 0.8601
vn 0.5492 0.3094 0.7763
vn -0.2311 0.6699 -0.7055
vn 0.8022 0.1412 0.5801
vn -0.1846 0.9827 0.0165
vn 0.7887 0.4334 -0.4361
vn -0.4163 0.8036 -0.4254
vn 0.1337 0.0590 0.9893
vn 0.8329 -0.5144 0.2044
vn 0.3570 -0.1078 0.9279
vn -0.5967 0.3055 -0.7420
vn 0.5965 -0.3053 0.7423
vn -0.5250 0.8353 -0.1632
vn 0.4834 0.4659 -0.7412
vn -0.7581 0.4628 -0.4594
vn -0.1571 -0.2311 0.9602
vn 0.0152 -0.4483 0.8938
vn -0.8024 -0.1411 -0.5799
vn 0.2309 -0.6697 0.7058
vn -0.8160 0.5451 -0.1924
vn 0.1062 0.3380 -0.9351
vn -0.9504 0.0457 -0.3078
vn -0.4977 -0.3785 0.7804
vn 0.1811 -0.9833 -0.0176
vn -0.3841 -0.6216 0.6827
vn -0.7933 -0.5495 -0.2622
vn -0.1968 -0.8549 0.4801
vn -0.9798 0.1898 -0.0632
vn -0.1943 -0.0043 -0.9809
vn -0.9417 -0.3362 -0.0109
vn -0.7960 -0.3435 0.4984
vn -0.7345 -0.5803 0.3517
vn -0.9725 -0.1354 0.1896
vn -0.5716 -0.8108 0.1260
vn -0.3494 -0.7219 -0.5973
vn -0.3490 -0.3654 -0.8630
vn 0.5716 0.8108 -0.1259
vn 0.7933 0.5495 0.2622
vn 0.7345 0.5804 -0.3516
vn 0.3841 0.6216 -0.6827
vn 0.1968 0.8549 -0.4801
vn 0.9417 0.3361 0.0109
vn 0.8024 0.1410 0.5799
vn 0.8014 0.2770 -0.5302
vn 0.5205 0.3099 -0.7956
vn -0.0152 0.4483 -0.8938
vn 0.2004 0.1714 -0.9646
vn -0.2308 0.6698 -0.7058
vn 0.9504 -0.0457 0.3078
vn 0.9675 0.0813 -0.2395
vn 0.5967 -0.3055 0.7420
vn 0.7707 -0.0402 -0.6359
vn 0.5880 -0.0187 -0.8086
vn 0.3795 -0.1090 -0.9187
vn -0.3570 0.1078 -0.9279
vn -0.0736 -0.1018 -0.9921
vn 0.2010 -0.2869 -0.9367
vn 0.5636 -0.4990 -0.6582
vn 0.8788 -0.1676 -0.4467
vn 0.9743 -0.2251 -0.0014
vn 0.7581 -0.4628 0.4594
vn 0.2311 -0.6700 0.7055
vn 0.1008 -0.5044 -0.8576
vn -0.2278 -0.4363 -0.8705
vn 0.8833 -0.3670 -0.2917
vn 0.8202 -0.5594 0.1201
vn 0.4164 -0.8036 0.4253
vn 0.1054 -0.7037 -0.7026
vn 0.7830 -0.5846 -0.2127
vn 0.5463 -0.8325 0.0927
vn -0.1966 -0.8551 0.4798
vn 0.0169 -0.9766 0.2143
vn 0.2260 -0.9711 -0.0764
vn 0.6047 -0.7623 -0.2305
vn -0.2209 -0.7423 -0.6327
vn 0.2134 -0.8312 -0.5134
vn 0.3960 -0.8527 -0.3407
vn -0.5714 -0.8110 0.1257
vn -0.3336 -0.9354 -0.1168
vn -0.0547 -0.9382 -0.3417
vn -0.5407 -0.6913 -0.4793
vn -0.7930 -0.5497 -0.2625
vn -0.5492 -0.3094 -0.7763
vn -0.8021 -0.1412 -0.5802
vn -0.5964 0.3053 -0.7423
vn 0.3731 0.1432 -0.9167
vn 0.1049 -0.0324 -0.9940
vn 0.4559 -0.2791 -0.8451
vn 0.4559 -0.2791 -0.8452
vn 0.0019 -0.3595 -0.9332
vn 0.1558 -0.6322 -0.7590
vn 0.4561 -0.2794 -0.8449
vn 0.4655 -0.6592 -0.5906
vn 0.7190 -0.4429 -0.5356
vn 0.7807 -0.1384 -0.6093
vn 0.6420 0.0938 -0.7609
vn 0.1638 -0.9533 0.2537
vn 0.7580 -0.5095 0.4073
vn 0.1227 -0.9286 0.3502
vn 0.7215 -0.4751 0.5037
vn 0.9449 0.2097 0.2515
vn 0.1856 -0.9359 0.2994
vn 0.9051 0.2490 0.3445
vn 0.7531 -0.4656 0.4647
vn 0.6135 0.7801 -0.1227
vn 0.5713 0.8202 -0.0310
vn 0.9240 0.2303 0.3052
vn 0.5126 -0.8084 0.2892
vn 0.0387 -0.9985 0.0384
vn 0.9535 -0.0886 0.2879
vn 0.8059 -0.4904 0.3318
vn 0.6324 0.7723 -0.0604
vn 0.9077 0.4183 0.0339
vn -0.0845 0.9102 -0.4054
vn 0.0395 0.8885 -0.4571
vn -0.0411 0.8677 -0.4955
vn 0.6737 0.7219 -0.1580
vn 0.3768 0.8199 -0.4310
vn -0.6844 0.4642 -0.5622
vn -0.6101 0.4260 -0.6680
vn -0.3363 0.5654 -0.7531
vn -0.1320 0.7416 -0.6577
vn -0.6346 0.4209 -0.6482
vn -0.8754 -0.2626 -0.4059
vn -0.7925 -0.3747 -0.4812
vn -0.6644 0.1133 -0.7387
vn -0.8189 -0.2972 -0.4910
vn -0.5403 -0.8410 -0.0268
vn -0.4372 -0.8962 -0.0755
vn -0.6091 -0.6728 -0.4199
vn -0.6944 -0.1786 -0.6971
vn -0.4881 -0.8648 -0.1178
vn 0.1635 -0.9534 0.2536
vn 0.1227 -0.9286 0.3503
vn -0.3629 -0.9150 -0.1765
vn 0.0384 -0.9985 0.0384
vn 0.1857 -0.9359 0.2994
vn -0.0150 -0.7751 0.6317
vn 0.0928 -0.5133 0.8532
vn -0.2901 -0.6663 0.6870
vn 0.2250 -0.5988 0.7686
vn 0.1251 -0.9023 0.4126
vn 0.3697 -0.2151 0.9039
vn 0.4473 -0.7208 0.5296
vn 0.7052 -0.4789 0.5228
vn 0.4879 -0.3313 0.8076
vn 0.6630 -0.0321 0.7479
vn 0.5199 0.2106 0.8278
vn 0.8174 -0.0865 0.5695
vn 0.8902 0.2710 0.3663
vn 0.6905 0.3563 0.6295
vn 0.4105 0.6120 0.6760
vn 0.5430 0.6493 0.5325
vn 0.7879 0.5815 0.2026
vn 0.1617 0.8807 0.4453
vn 0.5269 0.8494 0.0290
vn 0.3758 0.8812 0.2869
vn 0.1864 0.9790 -0.0825
vn 0.0659 0.9936 0.0915
vn -0.2461 0.9387 0.2416
vn -0.1342 0.9350 -0.3284
vn -0.2657 0.9639 -0.0166
vn -0.5921 0.7969 0.1198
vn -0.5807 0.8041 -0.1275
vn -0.4343 0.7510 -0.4974
vn -0.8561 0.5115 0.0737
vn -0.7405 0.4973 -0.4519
vn -0.8282 0.5271 -0.1905
vn -0.9541 0.2088 -0.2148
vn -0.9894 0.0928 0.1113
vn -0.8818 0.1272 -0.4542
vn -0.9744 -0.1952 -0.1116
vn -0.9119 -0.2913 0.2889
vn -0.8616 -0.2956 -0.4127
vn -0.8925 -0.4383 0.1065
vn -0.8203 -0.5612 -0.1102
vn -0.6496 -0.6964 0.3052
vn -0.6713 -0.5549 0.4914
vn -0.5282 -0.8475 0.0526
vn -0.3826 -0.8171 0.4313
vn -0.2902 -0.6663 0.6869
vn -0.2641 -0.9272 0.2655
vn -0.0154 -0.7752 0.6315
vn 0.1248 -0.9024 0.4125
vn 0.4854 -0.2594 -0.8349
vn 0.4965 -0.2689 -0.8253
vn 0.6738 0.7218 -0.1583
vn 0.9078 0.4182 0.0335
vn 0.5002 -0.2785 -0.8199
vn 0.5035 -0.2883 -0.8145
vn 0.9536 -0.0888 0.2877
vn 0.5010 -0.3059 -0.8096
vn 0.8059 -0.4905 0.3315
vn 0.4956 -0.3160 -0.8090
vn 0.4897 -0.3255 -0.8089
vn 0.5127 -0.8084 0.2890
vn 0.4703 -0.3317 -0.8178
vn 0.0386 -0.9985 0.0381
vn 0.4634 -0.3288 -0.8229
vn 0.4574 -0.3260 -0.8274
vn -0.3628 -0.9149 -0.1769
vn 0.4478 -0.3294 -0.8312
vn 0.4419 -0.3307 -0.8339
vn -0.6089 -0.6729 -0.4201
vn 0.4242 -0.3167 -0.8483
vn -0.6941 -0.1785 -0.6974
vn 0.4253 -0.3062 -0.8517
vn 0.4261 -0.2961 -0.8549
vn -0.6642 0.1131 -0.7390
vn 0.4326 -0.2791 -0.8573
vn -0.3360 0.5653 -0.7534
vn 0.4407 -0.2708 -0.8558
vn 0.4490 -0.2624 -0.8541
vn -0.1320 0.7414 -0.6580
vn 0.4642 -0.2566 -0.8477
vn 0.3770 0.8197 -0.4312
vn 0.4747 -0.2581 -0.8414
vn 0.4853 -0.2595 -0.8349
vn 0.6738 0.7217 -0.1583
vn -0.9497 -0.3081 0.0560
vn -0.7484 -0.6624 -0.0334
vn 0.7878 0.5816 0.2027
vn -0.7475 -0.0801 0.6594
vn -0.6672 -0.6431 0.3759
vn 0.5269 0.8494 0.0292
vn 0.1865 0.9790 -0.0824
vn -0.4747 -0.5681 0.6723
vn -0.5270 -0.1845 0.8296
vn -0.5885 0.0624 0.8061
vn -0.6657 0.1635 0.7281
vn -0.9840 -0.1086 -0.1410
vn 0.8901 0.2712 0.3662
vn -0.4343 0.0366 0.9000
vn -0.8404 0.1695 0.5148
vn -0.1658 -0.6988 0.6959
vn -0.1342 0.9350 -0.3282
vn -0.2568 -0.1518 0.9545
vn 0.0312 -0.6007 0.7988
vn -0.9511 0.1997 -0.2357
vn 0.8174 -0.0864 0.5696
vn -0.6751 0.3122 0.6685
vn -0.4344 0.7511 -0.4972
vn -0.3035 0.1148 0.9459
vn 0.2716 -0.4117 0.8699
vn -0.7555 0.4576 0.4688
vn -0.8399 0.4861 -0.2415
vn -0.7406 0.4974 -0.4517
vn -0.0425 0.0614 0.9972
vn 0.2721 -0.1474 0.9509
vn -0.5864 0.4637 0.6642
vn -0.8818 0.1273 -0.4540
vn -0.2195 0.2597 0.9404
vn 0.5712 0.0125 0.8207
vn 0.5924 0.3167 0.7408
vn -0.6563 0.7168 -0.2356
vn 0.7052 -0.4788 0.5229
vn 0.0281 0.3505 0.9361
vn -0.3592 0.8977 -0.2551
vn -0.5510 0.6709 0.4962
vn 0.4470 -0.7207 0.5298
vn -0.2240 0.4106 0.8839
vn 0.5110 0.5627 0.6498
vn -0.0579 0.6051 0.7940
vn -0.1337 0.9889 -0.0645
vn 0.1249 -0.9023 0.4126
vn -0.4546 0.5372 0.7105
vn 0.0181 0.9798 0.1994
vn -0.2642 -0.9271 0.2657
vn 0.4346 0.7443 0.5071
vn -0.8204 -0.5612 -0.1098
vn -0.3148 0.5187 0.7949
vn -0.2812 0.7273 0.6261
vn 0.2955 0.9232 0.2457
vn -0.5283 -0.8474 0.0526
vn 0.8902 0.2711 0.3663
vn -0.9497 -0.3082 0.0562
vn 0.7879 0.5814 0.2027
vn 0.8173 -0.0864 0.5697
vn -0.9841 -0.1085 -0.1408
vn 0.8902 0.2710 0.3662
vn -0.8400 0.4860 -0.2414
vn -0.6564 0.7167 -0.2357
vn 0.4472 -0.7207 0.5297
vn -0.3592 0.8978 -0.2549
vn -0.5283 -0.8474 0.0528
vn 0.0181 0.9797 0.1996
vn -0.2642 -0.9272 0.2656
vn 0.4343 0.7443 0.5074
vn -0.5282 -0.8474 0.0528
vn -0.8204 -0.5611 -0.1100
vn 0.5109 0.5628 0.6497
vn -0.8205 -0.5610 -0.1100
vn -0.8616 -0.2956 -0.4126
vn -0.8818 0.1273 -0.4541
vn 0.5923 0.3166 0.7409
vn -0.8617 -0.2955 -0.4126
vn -0.4746 -0.5679 0.6725
vn -0.1344 0.9350 -0.3283
vn 0.1862 0.9790 -0.0824
vn -0.0579 0.6052 0.7940
vn -0.6715 -0.7169 -0.1875
vn -0.3149 0.5185 0.7950
vn -0.2242 0.4106 0.8838
vn -0.4452 -0.8923 -0.0753
vn -0.2300 -0.9579 0.1717
vn -0.3719 -0.9150 -0.1565
vn -0.7617 -0.4965 -0.4163
vn -0.5806 -0.7470 -0.3238
vn -0.6895 -0.5299 -0.4938
vn -0.8468 -0.2074 -0.4897
vn 0.0281 0.3506 0.9361
vn -0.4546 0.5370 0.7106
vn -0.1514 -0.9881 0.0260
vn 0.0662 -0.9634 0.2598
vn 0.1304 -0.9769 0.1692
vn 0.3073 -0.8380 0.4509
vn -0.7488 -0.2490 -0.6142
vn -0.2197 0.2597 0.9404
vn -0.7691 0.0696 -0.6353
vn -0.7003 0.0308 -0.7131
vn -0.5509 0.6710 0.4963
vn -0.6912 0.3764 -0.6169
vn 0.3776 -0.8754 0.3018
vn -0.5863 0.4635 0.6644
vn 0.6217 -0.6973 0.3567
vn 0.5738 -0.6792 0.4577
vn -0.5964 0.3168 -0.7376
vn 0.7372 -0.4055 0.5405
vn -0.3036 0.1149 0.9459
vn -0.4679 0.5950 -0.6535
vn -0.4003 0.5526 -0.7310
vn -0.7556 0.4576 0.4687
vn -0.2625 0.8107 -0.5232
vn 0.8030 -0.4489 0.3920
vn -0.1815 0.7393 -0.6485
vn -0.6749 0.3121 0.6686
vn 0.9263 -0.1653 0.3385
vn 0.8897 -0.1300 0.4376
vn 0.8915 0.1787 0.4163
vn -0.4344 0.0367 0.9000
vn 0.0117 0.8814 -0.4722
vn 0.0745 0.8306 -0.5518
vn 0.2768 0.9283 -0.2483
vn 0.9549 0.1276 0.2680
vn -0.5270 -0.1843 0.8296
vn 0.3450 0.8574 -0.3819
vn -0.6656 0.1636 0.7282
vn 0.9141 0.3866 0.1224
vn 0.8733 0.4386 0.2122
vn 0.7160 0.6885 0.1155
vn -0.5884 0.0625 0.8061
vn 0.5593 0.8203 -0.1197
vn 0.6153 0.7623 -0.2009
vn 0.7779 0.6277 -0.0289
vn 0.6156 0.7621 -0.2007
vn 0.5590 0.8204 -0.1199
vn 0.4287 -0.3166 -0.8461
vn 0.7806 -0.1384 -0.6095
vn 0.7190 -0.4428 -0.5357
vn 0.6419 0.0938 -0.7610
vn 0.4657 -0.6590 -0.5906
vn 0.1050 -0.0326 -0.9939
vn 0.1560 -0.6322 -0.7590
vn 0.0021 -0.3596 -0.9331
vn 0.6216 0.7303 -0.2834
vn 0.2171 0.8171 -0.5341
vn 0.4853 0.8741 0.0192
vn 0.7882 0.5470 0.2821
vn 0.0525 0.9670 -0.2492
vn 0.3282 0.6222 -0.7107
vn 0.6724 0.5483 -0.4973
vn 0.9047 0.4244 -0.0376
vn -0.0280 0.4899 -0.8713
vn -0.2006 0.6617 -0.7225
vn 0.8799 0.0731 0.4696
vn -0.3943 0.8008 -0.4508
vn -0.2461 0.9387 0.2415
vn 0.9133 0.2879 -0.2881
vn 0.1619 0.8807 0.4451
vn 0.9903 -0.0183 0.1377
vn -0.2997 0.1868 -0.9356
vn -0.5194 0.3059 -0.7979
vn 0.7359 -0.4202 0.5310
vn -0.7357 0.4200 -0.5313
vn 0.9863 -0.0893 -0.1388
vn 0.4106 0.6120 0.6759
vn 0.8556 -0.4795 0.1952
vn -0.4144 -0.2056 -0.8866
vn -0.6539 -0.1552 -0.7405
vn 0.3945 -0.8009 0.4505
vn -0.8797 -0.0732 -0.4699
vn 0.8716 -0.4820 -0.0898
vn 0.5201 0.2105 0.8278
vn 0.5367 -0.8352 0.1196
vn -0.3413 -0.5831 -0.7373
vn -0.9120 -0.2913 0.2889
vn -0.5686 -0.5979 -0.5650
vn -0.0523 -0.9671 0.2489
vn -0.7880 -0.5471 -0.2824
vn 0.6000 -0.7850 -0.1541
vn 0.3697 -0.2150 0.9039
vn 0.1191 -0.9905 -0.0686
vn -0.1003 -0.8434 -0.5279
vn -0.2855 -0.9037 -0.3192
vn 0.2443 -0.9173 -0.3144
vn -0.4852 -0.8742 -0.0195
vn -0.2902 -0.6662 0.6870
vn 0.4851 0.8742 0.0195
vn 0.0523 0.9671 -0.2489
vn 0.2855 0.9037 0.3192
vn 0.5686 0.5979 0.5650
vn 0.7880 0.5471 0.2824
vn -0.1191 0.9905 0.0686
vn -0.3945 0.8009 -0.4504
vn 0.0507 0.8163 0.5754
vn 0.2776 0.5711 0.7725
vn 0.6539 0.1552 0.7405
vn 0.3462 0.2164 0.9128
vn 0.8797 0.0732 0.4699
vn -0.5367 0.8352 -0.1197
vn -0.2736 0.8860 0.3744
vn -0.7359 0.4201 -0.5310
vn -0.1758 0.6391 0.7487
vn -0.0281 0.4797 0.8770
vn 0.0166 0.2495 0.9682
vn 0.5195 -0.3059 0.7979
vn 0.2383 -0.1532 0.9590
vn -0.0536 0.0078 0.9985
vn -0.4726 0.2437 0.8469
vn -0.3868 0.6845 0.6179
vn -0.6086 0.7613 0.2235
vn -0.8556 0.4795 -0.1951
vn -0.8799 -0.0731 -0.4696
vn -0.2200 -0.1777 0.9592
vn -0.0174 -0.4385 0.8985
vn -0.6050 0.6033 0.5196
vn -0.8642 0.4761 0.1629
vn -0.9903 0.0183 -0.1377
vn -0.4381 -0.2587 0.8609
vn -0.7712 0.4177 0.4803
vn -0.9721 0.1065 0.2091
vn -0.7882 -0.5470 -0.2821
vn -0.9047 -0.4244 0.0376
vn -0.9034 -0.2483 0.3496
vn -0.8415 0.1772 0.5104
vn -0.3521 -0.5630 0.7477
vn -0.6491 -0.2134 0.7301
vn -0.7968 -0.0541 0.6018
vn -0.4853 -0.8741 -0.0192
vn -0.6216 -0.7303 0.2834
vn -0.6767 -0.4934 0.5466
vn -0.2171 -0.8171 0.5341
vn -0.0525 -0.9670 0.2492
vn 0.2006 -0.6617 0.7225
vn 0.3943 -0.8008 0.4508
vn 0.7357 -0.4200 0.5313
vt 0.115784 0.511475
vt 0.096985 0.701904
vt 0.096985 0.511475
vt 0.115784 0.701904
vt 0.132935 0.701904
vt 0.132935 0.511475
vt 0.151611 0.511475
vt 0.151611 0.701904
vt 0.170654 0.511475
vt 0.170654 0.701904
vt 0.189819 0.511475
vt 0.189819 0.701904
vt 0.207642 0.511475
vt 0.207642 0.701904
vt 0.224976 0.511475
vt 0.224976 0.701904
vt 0.242432 0.511475
vt 0.242432 0.701904
vt 0.260742 0.511475
vt 0.260742 0.701904
vt 0.278809 0.511475
vt 0.278809 0.701904
vt 0.296631 0.511475
vt 0.296631 0.701904
vt 0.314941 0.701660
vt 0.314941 0.511475
vt 0.333740 0.511475
vt 0.333740 0.701904
vt 0.351074 0.511475
vt 0.351074 0.701904
vt 0.367676 0.511475
vt 0.367676 0.701904
vt 0.383789 0.511475
vt 0.383789 0.701904
vt 0.046844 0.458984
vt 0.017609 0.754517
vt 0.017609 0.458984
vt 0.046844 0.754639
vt 0.073547 0.754517
vt 0.073547 0.458984
vt 0.102478 0.458984
vt 0.102478 0.754517
vt 0.132080 0.458984
vt 0.132080 0.754517
vt 0.161865 0.458984
vt 0.161865 0.754517
vt 0.189575 0.458984
vt 0.189575 0.754517
vt 0.216553 0.458984
vt 0.216553 0.754517
vt 0.243530 0.458984
vt 0.243530 0.754517
vt 0.271973 0.458984
vt 0.271973 0.754517
vt 0.300049 0.458984
vt 0.300049 0.754517
vt 0.327881 0.458984
vt 0.327881 0.754517
vt 0.356201 0.754395
vt 0.356201 0.458496
vt 0.385498 0.458984
vt 0.385498 0.754517
vt 0.412354 0.458984
vt 0.412354 0.754517
vt 0.438232 0.458984
vt 0.438232 0.754517
vt 0.463135 0.458984
vt 0.463135 0.754517
vt 0.434570 0.834717
vt 0.462402 0.822632
vt 0.462402 0.834717
vt 0.434570 0.822632
vt 0.406738 0.834717
vt 0.434570 0.804199
vt 0.462158 0.804199
vt 0.406738 0.804199
vt 0.406738 0.822632
vt 0.434570 0.783325
vt 0.379150 0.834717
vt 0.462158 0.783325
vt 0.406738 0.783325
vt 0.379150 0.804199
vt 0.379150 0.822632
vt 0.351318 0.834717
vt 0.462158 0.766113
vt 0.434570 0.766113
vt 0.406738 0.766113
vt 0.378906 0.783325
vt 0.378906 0.766113
vt 0.351318 0.804199
vt 0.351318 0.822632
vt 0.350830 0.783325
vt 0.351074 0.766113
vt 0.323486 0.804199
vt 0.323486 0.822632
vt 0.323486 0.834717
vt 0.323242 0.783325
vt 0.323242 0.766113
vt 0.295898 0.804199
vt 0.295898 0.822632
vt 0.295898 0.834717
vt 0.295654 0.783325
vt 0.295654 0.766113
vt 0.268066 0.822632
vt 0.268066 0.834717
vt 0.267822 0.783325
vt 0.268066 0.804199
vt 0.267822 0.766113
vt 0.240234 0.783325
vt 0.240356 0.822632
vt 0.240356 0.834717
vt 0.240356 0.804199
vt 0.240234 0.766113
vt 0.212524 0.783325
vt 0.212646 0.822632
vt 0.212646 0.834717
vt 0.212646 0.804199
vt 0.212524 0.766113
vt 0.184937 0.783325
vt 0.184937 0.822632
vt 0.184937 0.834717
vt 0.184937 0.804199
vt 0.157104 0.822632
vt 0.184937 0.766113
vt 0.157227 0.783325
vt 0.157104 0.804199
vt 0.157104 0.834717
vt 0.131104 0.822632
vt 0.129395 0.834717
vt 0.131104 0.804199
vt 0.157349 0.766113
vt 0.131348 0.783325
vt 0.131348 0.766113
vt 0.105347 0.804199
vt 0.101685 0.834717
vt 0.105103 0.822632
vt 0.073914 0.822632
vt 0.105347 0.783325
vt 0.105347 0.766113
vt 0.074219 0.783325
vt 0.073914 0.804199
vt 0.073914 0.834717
vt 0.046722 0.804199
vt 0.046173 0.822632
vt 0.074219 0.766113
vt 0.046722 0.783325
vt 0.018997 0.804199
vt 0.046173 0.834717
vt 0.019104 0.822632
vt 0.019104 0.834717
vt 0.046722 0.766113
vt 0.018997 0.783325
vt 0.018997 0.766113
vt -0.351318 0.139160
vt -0.313232 0.139160
vt -0.333496 0.319824
vt -0.398193 0.139160
vt -0.361572 0.139160
vt -0.384766 0.319824
vt -0.441162 0.139160
vt -0.406982 0.139160
vt -0.425781 0.319824
vt -0.500000 0.139160
vt -0.467041 0.139160
vt -0.485840 0.319824
vt -0.541504 0.139160
vt -0.505859 0.139160
vt -0.522949 0.319824
vt -0.586914 0.139160
vt -0.547852 0.139160
vt -0.565430 0.319824
vt -0.649902 0.139160
vt -0.609375 0.139160
vt -0.625488 0.319824
vt -0.727051 0.139160
vt -0.694336 0.139160
vt -0.708984 0.319824
vt -0.812500 0.139160
vt -0.777344 0.139160
vt -0.795410 0.319824
vt -0.855469 0.139160
vt -0.817871 0.139160
vt -0.835449 0.319824
vt -0.902344 0.139160
vt -0.866211 0.139160
vt -0.884277 0.319824
vt -0.949219 0.139160
vt -0.909180 0.139160
vt -0.927734 0.319824
vt -0.238892 0.139160
vt -0.188843 0.139160
vt -0.215698 0.319824
vt -0.288086 0.139160
vt -0.253418 0.139160
vt -0.270020 0.319824
vt -0.772461 0.139160
vt -0.736816 0.139160
vt -0.753906 0.319824
vt -0.689453 0.139160
vt -0.653809 0.139160
vt -0.671387 0.319824
vt 0.047882 0.328125
vt 0.018784 0.337891
vt 0.018600 0.328125
vt 0.048096 0.338379
vt 0.018921 0.355469
vt 0.076294 0.337891
vt 0.075989 0.327637
vt 0.076477 0.355469
vt 0.048248 0.355957
vt 0.018906 0.383789
vt 0.104553 0.337891
vt 0.104553 0.327637
vt 0.076477 0.383789
vt 0.048248 0.383789
vt 0.104614 0.383789
vt 0.104614 0.355469
vt 0.076599 0.416016
vt 0.018936 0.416016
vt 0.048279 0.416504
vt 0.134155 0.337891
vt 0.134399 0.327637
vt 0.134033 0.355469
vt 0.104614 0.416016
vt 0.134033 0.383789
vt 0.104614 0.450195
vt 0.076599 0.450195
vt 0.133911 0.416016
vt 0.018936 0.450195
vt 0.048279 0.450195
vt 0.162720 0.337891
vt 0.163086 0.328125
vt 0.162598 0.355469
vt 0.162598 0.383789
vt 0.133911 0.450195
vt 0.162476 0.416016
vt 0.190186 0.337891
vt 0.190430 0.328125
vt 0.190063 0.355469
vt 0.190063 0.383789
vt 0.162476 0.450195
vt 0.189941 0.416016
vt 0.216797 0.337891
vt 0.216797 0.328125
vt 0.216797 0.355469
vt 0.216797 0.383789
vt 0.189941 0.450195
vt 0.216797 0.416016
vt 0.243530 0.355469
vt 0.243408 0.337891
vt 0.243530 0.383789
vt 0.243652 0.416016
vt 0.243042 0.328125
vt 0.216797 0.450195
vt 0.243652 0.450195
vt 0.272217 0.383789
vt 0.272217 0.355469
vt 0.271973 0.337891
vt 0.272217 0.416016
vt 0.272217 0.450195
vt 0.271729 0.328125
vt 0.300781 0.416016
vt 0.300537 0.383789
vt 0.300537 0.355469
vt 0.300537 0.337891
vt 0.300781 0.450195
vt 0.300537 0.327637
vt 0.327393 0.450195
vt 0.327393 0.416016
vt 0.327148 0.383789
vt 0.327148 0.355469
vt 0.327148 0.337891
vt 0.327148 0.327637
vt 0.355225 0.449707
vt 0.355225 0.416016
vt 0.355469 0.383301
vt 0.355469 0.355469
vt 0.355469 0.337891
vt 0.355713 0.327637
vt 0.384521 0.416016
vt 0.384521 0.383789
vt 0.384521 0.355469
vt 0.384766 0.337891
vt 0.385010 0.328125
vt 0.384521 0.450195
vt 0.411621 0.416016
vt 0.411621 0.383789
vt 0.411621 0.355469
vt 0.411865 0.337891
vt 0.412109 0.328125
vt 0.411621 0.450195
vt 0.436035 0.416016
vt 0.436035 0.383789
vt 0.436035 0.355469
vt 0.435791 0.337891
vt 0.435791 0.328125
vt 0.436035 0.450195
vt 0.462891 0.450195
vt 0.462891 0.416016
vt 0.462891 0.383789
vt 0.462891 0.355469
vt 0.462646 0.337891
vt 0.462646 0.328125
vt 0.970215 0.959137
vt 0.968750 0.968170
vt 0.968750 0.959137
vt 0.970215 0.968170
vt 0.971191 0.968170
vt 0.971191 0.959137
vt 0.972656 0.959137
vt 0.972656 0.968170
vt 0.973633 0.959137
vt 0.973633 0.968170
vt 0.975098 0.959137
vt 0.975098 0.968170
vt 0.976562 0.959137
vt 0.976562 0.968170
vt 0.977539 0.959137
vt 0.977539 0.968170
vt 0.979004 0.959137
vt 0.979004 0.968170
vt 0.979980 0.959137
vt 0.979980 0.968170
vt 0.981445 0.959137
vt 0.981445 0.968170
vt 0.982422 0.959137
vt 0.982422 0.968170
vt 0.983887 0.968170
vt 0.983887 0.959137
vt 0.985352 0.959137
vt 0.985352 0.968170
vt 0.986328 0.959137
vt 0.986328 0.968170
vt 0.987793 0.959137
vt 0.987793 0.968170
vt 0.988770 0.959137
vt 0.988770 0.968170
vt 0.960449 0.950195
vt 0.958984 0.950653
vt 0.958984 0.950195
vt 0.960449 0.950684
vt 0.958984 0.951477
vt 0.961914 0.950653
vt 0.961914 0.950195
vt 0.961914 0.951477
vt 0.960449 0.951508
vt 0.958984 0.952820
vt 0.962891 0.950653
vt 0.962891 0.950195
vt 0.961914 0.952820
vt 0.960449 0.952820
vt 0.962891 0.952820
vt 0.962891 0.951477
vt 0.961914 0.954346
vt 0.958984 0.954346
vt 0.960449 0.954346
vt 0.964355 0.950653
vt 0.964355 0.950195
vt 0.964355 0.951477
vt 0.962891 0.954346
vt 0.964355 0.952820
vt 0.962891 0.955933
vt 0.961914 0.955933
vt 0.964355 0.954346
vt 0.958984 0.955933
vt 0.960449 0.955933
vt 0.965820 0.950653
vt 0.965820 0.950195
vt 0.965820 0.951477
vt 0.965820 0.952820
vt 0.964355 0.955933
vt 0.965820 0.954346
vt 0.967285 0.950653
vt 0.967285 0.950195
vt 0.967285 0.951477
vt 0.967285 0.952820
vt 0.965820 0.955933
vt 0.967285 0.954346
vt 0.968262 0.950653
vt 0.968262 0.950195
vt 0.968262 0.951477
vt 0.968262 0.952820
vt 0.967285 0.955933
vt 0.968262 0.954346
vt 0.969727 0.951477
vt 0.969727 0.950653
vt 0.969727 0.952820
vt 0.969727 0.954346
vt 0.969727 0.950195
vt 0.968262 0.955933
vt 0.969727 0.955933
vt 0.970703 0.952820
vt 0.970703 0.951477
vt 0.970703 0.950653
vt 0.970703 0.954346
vt 0.970703 0.955933
vt 0.970703 0.950195
vt 0.972168 0.954346
vt 0.972168 0.952820
vt 0.972168 0.951477
vt 0.972168 0.950653
vt 0.972168 0.955933
vt 0.972168 0.950195
vt 0.973633 0.955933
vt 0.973633 0.954346
vt 0.973633 0.952820
vt 0.973633 0.951477
vt 0.973633 0.950653
vt 0.973633 0.950195
vt 0.974609 0.955902
vt 0.974609 0.954315
vt 0.974609 0.952789
vt 0.974609 0.951477
vt 0.974609 0.950653
vt 0.975098 0.950165
vt 0.976074 0.950653
vt 0.976074 0.951477
vt 0.976074 0.952820
vt 0.976074 0.954346
vt 0.976074 0.955933
vt 0.976074 0.950195
vt 0.977539 0.950653
vt 0.977539 0.950195
vt 0.977539 0.951477
vt 0.977539 0.952820
vt 0.977539 0.954346
vt 0.977539 0.955933
vt 0.978516 0.950653
vt 0.978516 0.950195
vt 0.978516 0.951477
vt 0.978516 0.952820
vt 0.978516 0.954346
vt 0.978516 0.955933
vt 0.979980 0.951477
vt 0.979980 0.950653
vt 0.979980 0.952820
vt 0.979980 0.954346
vt 0.979980 0.955933
vt 0.979980 0.950195
vt 0.984375 0.976456
vt 0.985352 0.975830
vt 0.985352 0.976456
vt 0.984375 0.975830
vt 0.983398 0.976456
vt 0.984375 0.973175
vt 0.985352 0.973175
vt 0.983398 0.973175
vt 0.983398 0.975830
vt 0.982910 0.976456
vt 0.985352 0.972412
vt 0.984375 0.972412
vt 0.983398 0.972412
vt 0.982910 0.973175
vt 0.982910 0.975830
vt 0.981934 0.976456
vt 0.981934 0.975830
vt 0.985352 0.971954
vt 0.984375 0.971954
vt 0.983398 0.971954
vt 0.982910 0.972412
vt 0.981934 0.973175
vt 0.980957 0.973175
vt 0.980957 0.975830
vt 0.980957 0.976456
vt 0.982910 0.971954
vt 0.981934 0.972412
vt 0.980957 0.972412
vt 0.979980 0.973175
vt 0.979980 0.975830
vt 0.979980 0.976456
vt 0.981934 0.971954
vt 0.980957 0.971954
vt 0.979980 0.972412
vt 0.979004 0.975830
vt 0.979004 0.976456
vt 0.979004 0.972412
vt 0.979004 0.973175
vt 0.979980 0.971954
vt 0.978027 0.975830
vt 0.978027 0.976456
vt 0.978027 0.972412
vt 0.979004 0.971954
vt 0.978027 0.973175
vt 0.977051 0.975830
vt 0.979004 0.972275
vt 0.979004 0.972778
vt 0.978027 0.972275
vt 0.979004 0.971970
vt 0.978027 0.975998
vt 0.979004 0.975998
vt 0.978027 0.976410
vt 0.979004 0.976410
vt 0.978027 0.972778
vt 0.978027 0.971970
vt 0.977051 0.972275
vt 0.977051 0.975998
vt 0.977051 0.976410
vt 0.977051 0.972778
vt 0.977051 0.971970
vt 0.976074 0.972275
vt 0.976074 0.972778
vt 0.976074 0.975998
vt 0.976074 0.976410
vt 0.975098 0.975998
vt 0.976074 0.971970
vt 0.975098 0.972275
vt 0.975098 0.972778
vt 0.975098 0.976410
vt 0.974121 0.975998
vt 0.974121 0.976410
vt 0.974121 0.972778
vt 0.975098 0.971970
vt 0.974121 0.972275
vt 0.973145 0.972778
vt 0.973145 0.975998
vt 0.973145 0.976410
vt 0.974121 0.971970
vt 0.973145 0.972275
vt 0.972168 0.972778
vt 0.972168 0.972275
vt 0.973145 0.971970
vt 0.972168 0.976410
vt 0.972168 0.975998
vt 0.971191 0.972778
vt 0.971191 0.975998
vt 0.971191 0.972275
vt 0.972168 0.971970
vt 0.970215 0.972778
vt 0.971191 0.976410
vt 0.970215 0.975998
vt 0.970215 0.976410
vt 0.971191 0.971970
vt 0.970215 0.972275
vt 0.970215 0.971970
vt 0.967773 0.985092
vt 0.967285 0.983963
vt 0.970215 0.982620
vt 0.966797 0.982620
vt 0.967285 0.981293
vt 0.967773 0.980164
vt 0.969238 0.979401
vt 0.970215 0.979126
vt 0.971680 0.979401
vt 0.972656 0.980148
vt 0.973633 0.981277
vt 0.973633 0.982620
vt 0.973633 0.983948
vt 0.972656 0.985085
vt 0.971680 0.985840
vt 0.970215 0.986107
vt 0.969238 0.985847
vt 0.977051 0.976456
vt 0.977051 0.972412
vt 0.978027 0.971954
vt 0.977051 0.973175
vt 0.976074 0.976456
vt 0.976074 0.973175
vt 0.976074 0.975830
vt 0.976074 0.972412
vt 0.977051 0.971954
vt 0.975098 0.975830
vt 0.975098 0.976456
vt 0.975098 0.972412
vt 0.975098 0.973175
vt 0.976074 0.971954
vt 0.974609 0.975830
vt 0.974121 0.976456
vt 0.974609 0.973175
vt 0.974609 0.972412
vt 0.975098 0.971954
vt 0.973633 0.976456
vt 0.973633 0.975830
vt 0.973633 0.973175
vt 0.973633 0.972412
vt 0.974609 0.971954
vt 0.973633 0.971954
vt 0.972656 0.972412
vt 0.972656 0.973175
vt 0.972656 0.976456
vt 0.972656 0.975830
vt 0.971680 0.973175
vt 0.971680 0.975830
vt 0.972656 0.971954
vt 0.971680 0.972412
vt 0.971680 0.971954
vt 0.970703 0.973175
vt 0.970703 0.972412
vt 0.971680 0.976456
vt 0.970703 0.975830
vt 0.970703 0.976456
vt 0.970703 0.971954
vt 0.967773 0.985229
vt 0.967285 0.984100
vt 0.970215 0.982773
vt 0.966797 0.982773
vt 0.967285 0.981445
vt 0.967773 0.980316
vt 0.969238 0.979568
vt 0.970215 0.979294
vt 0.971680 0.979553
vt 0.972656 0.980316
vt 0.973633 0.981430
vt 0.973633 0.982758
vt 0.973633 0.984100
vt 0.972656 0.985222
vt 0.971680 0.985977
vt 0.970215 0.986237
vt 0.969238 0.985977
vt 0.984375 0.976410
vt 0.985352 0.975998
vt 0.985352 0.976410
vt 0.984375 0.975998
vt 0.983887 0.976410
vt 0.984375 0.972778
vt 0.985352 0.972778
vt 0.983887 0.972778
vt 0.983887 0.975998
vt 0.982910 0.976410
vt 0.982910 0.975998
vt 0.985352 0.972275
vt 0.984375 0.972275
vt 0.983887 0.972275
vt 0.982910 0.972778
vt 0.981934 0.976410
vt 0.981934 0.975998
vt 0.984375 0.971970
vt 0.983887 0.971970
vt 0.985352 0.971970
vt 0.982910 0.972275
vt 0.982910 0.971970
vt 0.981934 0.972778
vt 0.980957 0.972778
vt 0.980957 0.975998
vt 0.980957 0.976410
vt 0.981934 0.972275
vt 0.981934 0.971970
vt 0.980957 0.972275
vt 0.979980 0.975998
vt 0.979980 0.976410
vt 0.979980 0.972275
vt 0.979980 0.972778
vt 0.980957 0.971970
vt 0.979980 0.971970
vt 0.803711 0.346191
vt 0.827148 0.337402
vt 0.827148 0.346191
vt 0.804199 0.337402
vt 0.781250 0.346191
vt 0.827148 0.329590
vt 0.780762 0.337402
vt 0.803711 0.329590
vt 0.756348 0.346191
vt 0.755859 0.337402
vt 0.780762 0.329590
vt 0.729980 0.346191
vt 0.755859 0.329590
vt 0.730469 0.337402
vt 0.730957 0.329590
vt 0.707520 0.346191
vt 0.707520 0.337402
vt 0.707031 0.329590
vt 0.682617 0.337402
vt 0.682617 0.346191
vt 0.683105 0.329590
vt 0.658691 0.346191
vt 0.659668 0.337402
vt 0.660156 0.329590
vt 0.640625 0.346191
vt 0.640625 0.337402
vt 0.640625 0.329590
vt 0.623047 0.346191
vt 0.622559 0.337402
vt 0.622070 0.329590
vt 0.602051 0.346191
vt 0.601562 0.337402
vt 0.601562 0.329590
vt 0.580078 0.346191
vt 0.580078 0.337402
vt 0.580078 0.329590
vt 0.558105 0.337402
vt 0.558594 0.329590
vt 0.558105 0.346191
vt 0.536621 0.337402
vt 0.536621 0.329590
vt 0.536621 0.346191
vt 0.515137 0.329590
vt 0.515137 0.346191
vt 0.515137 0.337402
vt 0.493408 0.346191
vt 0.493652 0.337402
vt 0.493408 0.329590
vt 0.471924 0.346191
vt 0.471924 0.337402
vt 0.471924 0.329590
vt 0.188354 0.063965
vt 0.195679 0.009766
vt 0.195679 0.063965
vt 0.188110 0.009766
vt 0.181274 0.063965
vt 0.181152 0.009766
vt 0.174072 0.063965
vt 0.174194 0.009766
vt 0.166992 0.063965
vt 0.167236 0.009766
vt 0.159790 0.063965
vt 0.160278 0.009766
vt 0.152588 0.063965
vt 0.153320 0.009766
vt 0.146240 0.009766
vt 0.145386 0.063965
vt 0.137939 0.009766
vt 0.137939 0.063965
vt 0.130127 0.009766
vt 0.130737 0.063965
vt 0.123169 0.009766
vt 0.123718 0.063965
vt 0.116211 0.009766
vt 0.116699 0.063965
vt 0.109253 0.009766
vt 0.109253 0.063965
vt 0.666504 0.039062
vt 0.681641 0.039062
vt 0.666504 0.041992
vt 0.681641 0.041992
vt 0.696289 0.039062
vt 0.666504 0.055664
vt 0.696289 0.041992
vt 0.681641 0.055664
vt 0.666504 0.058594
vt 0.710938 0.041992
vt 0.696289 0.055664
vt 0.681641 0.058594
vt 0.710938 0.039062
vt 0.725586 0.041992
vt 0.710938 0.055664
vt 0.696289 0.058594
vt 0.725586 0.039062
vt 0.740234 0.041992
vt 0.725586 0.055664
vt 0.710938 0.058594
vt 0.740234 0.039062
vt 0.725586 0.058594
vt 0.740234 0.055664
vt 0.755859 0.039062
vt 0.755859 0.041992
vt 0.740234 0.058594
vt 0.755859 0.055664
vt 0.770020 0.039062
vt 0.770020 0.041992
vt 0.755859 0.058594
vt 0.770020 0.055664
vt 0.784668 0.039062
vt 0.784668 0.041992
vt 0.770020 0.058594
vt 0.784668 0.055664
vt 0.747559 0.075195
vt 0.729492 0.067871
vt 0.765625 0.067871
vt 0.784668 0.058594
vt 0.729492 0.082031
vt 0.765625 0.082031
vt 0.755859 0.092773
vt 0.739258 0.092773
vt 0.769531 0.058594
vt 0.769531 0.055664
vt 0.754883 0.058594
vt 0.754883 0.055664
vt 0.769531 0.041992
vt 0.754883 0.041992
vt 0.769531 0.039062
vt 0.754883 0.039062
vt 0.694824 0.058594
vt 0.694824 0.055664
vt 0.681152 0.058594
vt 0.681152 0.055664
vt 0.694824 0.041992
vt 0.694824 0.039062
vt 0.681152 0.041992
vt 0.681152 0.039062
vt 0.247314 0.897095
vt 0.247314 0.856079
vt 0.263672 0.897095
vt 0.263916 0.856079
vt 0.279297 0.897095
vt 0.279297 0.856079
vt 0.294434 0.897095
vt 0.294434 0.856079
vt 0.309082 0.897095
vt 0.309082 0.856079
vt 0.323975 0.856079
vt 0.323975 0.897095
vt 0.338867 0.856079
vt 0.338867 0.897095
vt 0.354492 0.856079
vt 0.354492 0.897095
vt 0.371094 0.856079
vt 0.371094 0.897095
vt 0.664062 0.808105
vt 0.664062 0.902222
vt 0.646973 0.808105
vt 0.646973 0.902222
vt 0.664062 0.915894
vt 0.629883 0.902222
vt 0.629883 0.808105
vt 0.646484 0.915894
vt 0.629883 0.915894
vt 0.612305 0.902222
vt 0.612305 0.915894
vt 0.612305 0.808105
vt 0.646973 0.931702
vt 0.629883 0.931702
vt 0.612305 0.931702
vt 0.664062 0.931702
vt 0.595215 0.915894
vt 0.595215 0.902222
vt 0.595215 0.808105
vt 0.664062 0.991219
vt 0.646973 0.991219
vt 0.629883 0.991219
vt 0.612305 0.991219
vt 0.595215 0.931702
vt 0.595215 0.991219
vt 0.577637 0.915894
vt 0.577637 0.902222
vt 0.577637 0.808105
vt 0.577637 0.931702
vt 0.577637 0.991219
vt 0.559570 0.902222
vt 0.559570 0.915894
vt 0.559570 0.808105
vt 0.559570 0.931702
vt 0.559570 0.991219
vt 0.541992 0.808105
vt 0.541992 0.902222
vt 0.541992 0.915894
vt 0.541992 0.931702
vt 0.541992 0.991219
vt 0.524414 0.931702
vt 0.524414 0.808105
vt 0.524414 0.902222
vt 0.524414 0.915894
vt 0.524414 0.991219
vt 0.017471 0.248047
vt 0.059814 0.248047
vt 0.017471 0.252930
vt 0.059814 0.252930
vt 0.102844 0.248047
vt 0.017471 0.273926
vt 0.102844 0.252930
vt 0.059814 0.273926
vt 0.742188 0.654297
vt 0.747559 0.648926
vt 0.768555 0.671143
vt 0.724121 0.628662
vt 0.731445 0.625732
vt 0.717773 0.598389
vt 0.771484 0.664307
vt 0.751465 0.645020
vt 0.773438 0.659424
vt 0.725098 0.598389
vt 0.736328 0.623779
vt 0.799805 0.669434
vt 0.799805 0.664062
vt 0.799805 0.676758
vt 0.779785 0.644287
vt 0.762695 0.633545
vt 0.751465 0.617188
vt 0.730469 0.570557
vt 0.730957 0.598145
vt 0.747559 0.598145
vt 0.828125 0.663818
vt 0.825684 0.658691
vt 0.799316 0.647949
vt 0.769531 0.609619
vt 0.776855 0.619873
vt 0.787109 0.626465
vt 0.735840 0.572754
vt 0.750977 0.578613
vt 0.767090 0.597900
vt 0.847656 0.644043
vt 0.819336 0.643799
vt 0.835938 0.632812
vt 0.811523 0.626221
vt 0.799316 0.628662
vt 0.821777 0.619385
vt 0.762207 0.562256
vt 0.769531 0.585938
vt 0.145996 0.248047
vt 0.145996 0.252930
vt 0.102844 0.273926
vt 0.102844 0.276855
vt 0.059814 0.276855
vt 0.145996 0.273926
vt 0.017471 0.276855
vt 0.188843 0.252930
vt 0.188843 0.273926
vt 0.145996 0.276855
vt 0.188843 0.248047
vt 0.145996 0.317871
vt 0.102844 0.317871
vt 0.059814 0.317871
vt 0.188843 0.276855
vt 0.232178 0.273926
vt 0.232178 0.252930
vt 0.017471 0.317871
vt 0.232178 0.248047
vt 0.188843 0.317871
vt 0.232178 0.276855
vt 0.275879 0.273926
vt 0.275879 0.252930
vt 0.275879 0.248047
vt 0.232178 0.317871
vt 0.275879 0.276855
vt 0.319336 0.273926
vt 0.319336 0.252930
vt 0.319336 0.248047
vt 0.275879 0.317871
vt 0.319336 0.276855
vt 0.363037 0.273926
vt 0.363037 0.276855
vt 0.319336 0.317871
vt 0.363037 0.248047
vt 0.363037 0.252930
vt 0.407471 0.276855
vt 0.363037 0.317871
vt 0.407471 0.252930
vt 0.407471 0.273926
vt 0.407471 0.248047
vt 0.448242 0.276855
vt 0.407471 0.317871
vt 0.448242 0.248047
vt 0.448242 0.252930
vt 0.448242 0.273926
vt 0.487061 0.276855
vt 0.448242 0.317871
vt 0.487061 0.248047
vt 0.487061 0.252930
vt 0.487061 0.273926
vt 0.526367 0.276855
vt 0.487061 0.317871
vt 0.526367 0.248047
vt 0.526367 0.252930
vt 0.526367 0.273926
vt 0.526367 0.317871
vt 0.570312 0.276855
vt 0.570312 0.317871
vt 0.570312 0.248047
vt 0.570312 0.252930
vt 0.570312 0.273926
vt 0.609863 0.252930
vt 0.609863 0.273926
vt 0.609863 0.276855
vt 0.609863 0.317871
vt 0.609863 0.248047
vt 0.652832 0.248047
vt 0.652832 0.252930
vt 0.652832 0.273926
vt 0.652832 0.276855
vt 0.652832 0.317871
vt 0.696777 0.248047
vt 0.696777 0.252930
vt 0.696777 0.273926
vt 0.696777 0.276855
vt 0.696777 0.317871
vt 0.941406 0.564453
vt 0.945801 0.564453
vt 0.960449 0.641113
vt 0.952148 0.564453
vt 0.958984 0.564453
vt 0.965332 0.564453
vt 0.971680 0.564453
vt 0.978027 0.564453
vt 0.979492 0.520020
vt 0.979492 0.533691
vt 0.967285 0.520020
vt 0.846680 0.616211
vt 0.828613 0.609131
vt 0.776367 0.575684
vt 0.862305 0.622314
vt 0.850586 0.596924
vt 0.830566 0.597168
vt 0.778809 0.551025
vt 0.786621 0.568848
vt 0.771973 0.536133
vt 0.750000 0.550781
vt 0.798340 0.530762
vt 0.798340 0.547119
vt 0.798828 0.566406
vt 0.770020 0.531250
vt 0.798340 0.525391
vt 0.746094 0.547119
vt 0.826172 0.530518
vt 0.824219 0.535645
vt 0.818359 0.550781
vt 0.811035 0.568604
vt 0.740723 0.541992
vt 0.767090 0.524414
vt 0.797852 0.518066
vt 0.829102 0.523682
vt 0.850586 0.545898
vt 0.846680 0.549805
vt 0.834961 0.561523
vt 0.821289 0.575195
vt 0.723633 0.567871
vt 0.855469 0.540771
vt 0.866699 0.569092
vt 0.861816 0.571289
vt 0.846191 0.577637
vt 0.828125 0.585205
vt 0.873535 0.566406
vt 0.879883 0.596680
vt 0.872559 0.596680
vt 0.867188 0.596680
vt 0.874023 0.626953
vt 0.867188 0.624268
vt 0.851562 0.647949
vt 0.856934 0.653076
vt 0.831055 0.670410
vt 0.967285 0.533691
vt 0.979492 0.545166
vt 0.955566 0.520020
vt 0.967285 0.545166
vt 0.955566 0.533691
vt 0.979492 0.552002
vt 0.942383 0.520020
vt 0.955566 0.545166
vt 0.967285 0.552002
vt 0.942383 0.533691
vt 0.942383 0.545166
vt 0.955566 0.552002
vt 0.928711 0.545166
vt 0.928711 0.533691
vt 0.928711 0.520020
vt 0.942383 0.552002
vt 0.928711 0.552002
vt 0.916016 0.545166
vt 0.916016 0.552002
vt 0.916016 0.533691
vt 0.916016 0.520020
vt 0.904297 0.545166
vt 0.904297 0.552002
vt 0.904297 0.533691
vt 0.904297 0.520020
vt 0.232300 0.035156
vt 0.210938 0.024902
vt 0.219360 0.015625
vt 0.208008 0.037109
vt 0.231445 0.011719
vt 0.211426 0.048828
vt 0.243652 0.014160
vt 0.220215 0.057129
vt 0.252441 0.023438
vt 0.232300 0.060547
vt 0.244385 0.056152
vt 0.256592 0.035645
vt 0.253418 0.047363
vt 0.810547 0.014648
vt 0.819336 0.029297
vt 0.795898 0.028809
vt 0.830566 0.009277
vt 0.811035 0.037598
vt 0.830566 0.048828
vt 0.830566 0.026367
vt 0.791016 0.048828
vt 0.808105 0.048828
vt 0.850098 0.014648
vt 0.841797 0.029297
vt 0.795898 0.068848
vt 0.811035 0.060059
vt 0.819336 0.068359
vt 0.864746 0.028809
vt 0.849609 0.037598
vt 0.810547 0.083008
vt 0.830566 0.071289
vt 0.830566 0.088379
vt 0.870117 0.048828
vt 0.850098 0.083008
vt 0.853027 0.048828
vt 0.841797 0.068359
vt 0.849609 0.060059
vt 0.864746 0.068848
vt 0.974121 0.132324
vt 0.971191 0.148438
vt 0.951172 0.125977
vt 0.993164 0.148438
vt 0.954102 0.148926
vt 0.974121 0.164551
vt 0.950684 0.172363
vt 0.943359 0.134277
vt 0.945312 0.149414
vt 0.927246 0.129883
vt 0.933594 0.142578
vt 0.926758 0.139648
vt 0.928223 0.120605
vt 0.945312 0.102539
vt 0.941895 0.164551
vt 0.935547 0.148926
vt 0.926758 0.148926
vt 0.919922 0.142090
vt 0.911133 0.132812
vt 0.933105 0.155762
vt 0.929688 0.104492
vt 0.905273 0.122559
vt 0.916992 0.148438
vt 0.906250 0.148438
vt 0.931152 0.083008
vt 0.914062 0.100098
vt 0.926270 0.157715
vt 0.919434 0.155273
vt 0.926270 0.167969
vt 0.910156 0.163574
vt 0.898926 0.148926
vt 0.877441 0.130371
vt 0.905762 0.175781
vt 0.880859 0.148926
vt 0.855469 0.149414
vt 0.877930 0.167969
vt 0.927734 0.177246
vt 0.914062 0.197266
vt 0.929199 0.193848
vt 0.930176 0.214355
vt 0.944336 0.195801
vt 0.696777 0.243652
vt 0.652832 0.243652
vt 0.609863 0.243652
vt 0.652832 0.217773
vt 0.696777 0.217773
vt 0.570312 0.243652
vt 0.609863 0.217773
vt 0.696777 0.196289
vt 0.652832 0.196289
vt 0.609863 0.196289
vt 0.526367 0.243652
vt 0.570312 0.217773
vt 0.570312 0.196289
vt 0.487061 0.243652
vt 0.526367 0.217773
vt 0.526367 0.196289
vt 0.487061 0.217773
vt 0.487061 0.196289
vt 0.448242 0.243652
vt 0.448242 0.217773
vt 0.448242 0.196289
vt 0.407471 0.217773
vt 0.407471 0.243652
vt 0.407471 0.196289
vt 0.363037 0.217773
vt 0.363037 0.243652
vt 0.363037 0.196289
vt 0.319336 0.217773
vt 0.319336 0.243652
vt 0.319336 0.196289
vt 0.275879 0.217773
vt 0.275879 0.196289
vt 0.275879 0.243652
vt 0.232178 0.217773
vt 0.232178 0.196289
vt 0.232178 0.243652
vt 0.188843 0.217773
vt 0.188843 0.196289
vt 0.542480 0.004395
vt 0.542480 0.015625
vt 0.528809 0.004395
vt 0.555664 0.004395
vt 0.528809 0.015625
vt 0.515625 0.015625
vt 0.515625 0.004395
vt 0.528809 0.081055
vt 0.555664 0.015625
vt 0.542480 0.081055
vt 0.555664 0.081055
vt 0.569336 0.015625
vt 0.569336 0.004395
vt 0.502441 0.004395
vt 0.515625 0.081055
vt 0.502441 0.015625
vt 0.501953 0.081055
vt 0.488770 0.015625
vt 0.569336 0.081055
vt 0.582520 0.004395
vt 0.582520 0.015625
vt 0.582520 0.081055
vt 0.488770 0.004395
vt 0.596191 0.015625
vt 0.488525 0.081055
vt 0.596191 0.004395
vt 0.475342 0.004395
vt 0.475098 0.080566
vt 0.475342 0.015625
vt 0.596191 0.081055
vt 0.461914 0.015625
vt 0.609375 0.004395
vt 0.609375 0.015625
vt 0.609375 0.081055
vt 0.461914 0.004395
vt 0.623047 0.015625
vt 0.461670 0.080566
vt 0.623047 0.004395
vt 0.623047 0.080566
vt 0.448486 0.004395
vt 0.448242 0.080566
vt 0.448486 0.015625
vt 0.435059 0.015625
vt 0.636230 0.004395
vt 0.636230 0.015625
vt 0.636230 0.080566
vt 0.648926 0.015625
vt 0.435059 0.004395
vt 0.434814 0.080566
vt 0.648926 0.004395
vt 0.648438 0.080566
vt 0.421631 0.004395
vt 0.421387 0.080566
vt 0.421631 0.015625
vt 0.408203 0.015625
vt 0.661133 0.004395
vt 0.661133 0.015625
vt 0.661133 0.081055
vt 0.408203 0.004395
vt 0.408203 0.080566
vt 0.394775 0.004395
vt 0.394775 0.080566
vt 0.394775 0.015625
vt 0.970703 0.080566
vt 0.993164 0.090332
vt 0.978027 0.104004
vt 0.993164 0.070801
vt 0.961914 0.104004
vt 0.979492 0.057129
vt 0.960449 0.057129
vt 0.946777 0.090332
vt 0.946777 0.070801
vt 0.188843 0.243652
vt 0.145996 0.217773
vt 0.145996 0.196289
vt 0.145996 0.243652
vt 0.102844 0.217773
vt 0.102844 0.196289
vt 0.102844 0.243652
vt 0.059814 0.217773
vt 0.059814 0.196289
vt 0.059814 0.243652
vt 0.017471 0.217773
vt 0.017471 0.196289
vt 0.017471 0.243652
vt 0.019806 0.841919
vt 0.047363 0.841919
vt 0.019806 0.852905
vt 0.047638 0.852905
vt 0.075195 0.841919
vt 0.075623 0.852905
vt 0.103149 0.841919
vt 0.103516 0.852905
vt 0.131104 0.841919
vt 0.131226 0.852905
vt 0.158691 0.852905
vt 0.158691 0.841919
vt 0.185913 0.852905
vt 0.186279 0.841919
vt 0.213379 0.852905
vt 0.213745 0.841919
vt 0.240845 0.852905
vt 0.240845 0.841919
vt 0.709961 0.186523
vt 0.729492 0.186523
vt 0.709961 0.205078
vt 0.729492 0.205078
vt 0.748535 0.186523
vt 0.709961 0.207520
vt 0.748535 0.205078
vt 0.729492 0.207520
vt 0.768066 0.186523
vt 0.768066 0.205078
vt 0.748535 0.207520
vt 0.722168 0.281738
vt 0.709961 0.281738
vt 0.744629 0.281738
vt 0.733398 0.281738
vt 0.768066 0.207520
vt 0.756348 0.281738
vt 0.787109 0.205078
vt 0.787109 0.207520
vt 0.787109 0.186523
vt 0.767578 0.281738
vt 0.779297 0.281738
vt 0.806152 0.205078
vt 0.806152 0.207520
vt 0.802246 0.281738
vt 0.790527 0.281738
vt 0.806152 0.186523
vt 0.825195 0.205078
vt 0.825684 0.207520
vt 0.813477 0.281738
vt 0.825195 0.186523
vt 0.844727 0.205078
vt 0.844727 0.207520
vt 0.837402 0.281738
vt 0.825195 0.281738
vt 0.844238 0.186523
vt 0.863281 0.186523
vt 0.863281 0.205078
vt 0.850098 0.281738
vt 0.863281 0.281738
vt 0.863281 0.207520
vt 0.709961 0.307129
vt 0.720703 0.321289
vt 0.709961 0.321289
vt 0.720703 0.307129
vt 0.709961 0.290039
vt 0.732910 0.321289
vt 0.720703 0.290039
vt 0.730957 0.290039
vt 0.730957 0.307129
vt 0.741211 0.307129
vt 0.745605 0.321289
vt 0.741211 0.290039
vt 0.750000 0.290039
vt 0.750488 0.307129
vt 0.757812 0.321289
vt 0.760254 0.307129
vt 0.760254 0.290039
vt 0.770508 0.321289
vt 0.768555 0.290039
vt 0.769531 0.307129
vt 0.778320 0.290039
vt 0.779297 0.307129
vt 0.782715 0.321289
vt 0.787598 0.290039
vt 0.788086 0.307129
vt 0.795410 0.321289
vt 0.796875 0.307129
vt 0.796875 0.290039
vt 0.808105 0.321289
vt 0.806641 0.290039
vt 0.806641 0.307129
vt 0.815918 0.307129
vt 0.821289 0.321289
vt 0.816895 0.290039
vt 0.825684 0.307129
vt 0.834961 0.321289
vt 0.826172 0.290039
vt 0.835938 0.307129
vt 0.837402 0.290039
vt 0.845703 0.307129
vt 0.848633 0.321289
vt 0.845703 0.290039
vt 0.856445 0.307129
vt 0.864258 0.321289
vt 0.857422 0.290039
vt 0.864258 0.307129
vt 0.864258 0.290039
vt 0.394775 0.083008
vt 0.408203 0.083008
vt 0.398193 0.092285
vt 0.418213 0.092285
vt 0.421387 0.083008
vt 0.434814 0.083008
vt 0.438477 0.092285
vt 0.448242 0.083496
vt 0.458496 0.092285
vt 0.461670 0.083496
vt 0.475098 0.083496
vt 0.478760 0.092285
vt 0.488525 0.083496
vt 0.498779 0.092285
vt 0.501953 0.083496
vt 0.515625 0.083496
vt 0.519043 0.092285
vt 0.528809 0.083496
vt 0.542480 0.083496
vt 0.545898 0.092285
vt 0.555664 0.083496
vt 0.565918 0.092285
vt 0.569336 0.083496
vt 0.582520 0.083496
vt 0.586426 0.092285
vt 0.596191 0.083496
vt 0.606445 0.092285
vt 0.609375 0.083496
vt 0.623047 0.083496
vt 0.626465 0.092285
vt 0.636230 0.083496
vt 0.645020 0.092285
vt 0.648438 0.083008
vt 0.661133 0.083496
vt 0.657715 0.092285
vt 0.643555 0.672363
vt 0.635254 0.685791
vt 0.635254 0.680176
vt 0.641113 0.687500
vt 0.634766 0.701660
vt 0.630859 0.694336
vt 0.620117 0.705811
vt 0.621094 0.708252
vt 0.625000 0.712891
vt 0.640625 0.705566
vt 0.650391 0.672363
vt 0.635254 0.658936
vt 0.635254 0.662109
vt 0.613770 0.726318
vt 0.641113 0.657227
vt 0.611328 0.719727
vt 0.605957 0.713379
vt 0.596680 0.721680
vt 0.596680 0.716064
vt 0.634277 0.643311
vt 0.628418 0.648193
vt 0.640137 0.639160
vt 0.590820 0.713867
vt 0.580078 0.726562
vt 0.582520 0.719971
vt 0.624512 0.632568
vt 0.620605 0.636719
vt 0.575684 0.708496
vt 0.569336 0.712402
vt 0.572754 0.708008
vt 0.612793 0.618652
vt 0.564453 0.695557
vt 0.553223 0.706055
vt 0.558594 0.701904
vt 0.557617 0.686279
vt 0.610840 0.625488
vt 0.617188 0.635986
vt 0.551758 0.687988
vt 0.596191 0.628662
vt 0.596191 0.623535
vt 0.603027 0.631592
vt 0.542480 0.672852
vt 0.549805 0.672852
vt 0.558105 0.681885
vt 0.551758 0.657715
vt 0.582031 0.625732
vt 0.587891 0.630859
vt 0.579590 0.618896
vt 0.572266 0.637451
vt 0.577637 0.636963
vt 0.557617 0.659424
vt 0.559570 0.663330
vt 0.552734 0.639648
vt 0.568848 0.633057
vt 0.558594 0.643555
vt 0.562988 0.649658
vt 0.058960 0.879333
vt 0.042084 0.889038
vt 0.054596 0.863037
vt 0.082825 0.863037
vt 0.030136 0.877136
vt 0.050964 0.897949
vt 0.062225 0.891479
vt 0.078491 0.879333
vt 0.044495 0.909180
vt 0.032318 0.905945
vt 0.107300 0.877136
vt 0.016022 0.901611
vt 0.048981 0.910400
vt 0.054291 0.901245
vt 0.075195 0.891479
vt 0.063416 0.895996
vt 0.095337 0.889038
vt 0.044495 0.922180
vt 0.048981 0.920959
vt 0.032318 0.925476
vt 0.121399 0.901611
vt 0.016022 0.929810
vt 0.086426 0.897949
vt 0.073975 0.895996
vt 0.105103 0.905945
vt 0.050964 0.933411
vt 0.054291 0.930115
vt 0.042084 0.942352
vt 0.121399 0.929810
vt 0.030136 0.954285
vt 0.092957 0.909180
vt 0.083130 0.901245
vt 0.105103 0.925476
vt 0.062225 0.939941
vt 0.063416 0.935425
vt 0.058960 0.952087
vt 0.107300 0.954285
vt 0.054596 0.968384
vt 0.092957 0.922180
vt 0.088440 0.910400
vt 0.095337 0.942352
vt 0.075195 0.939941
vt 0.073975 0.935425
vt 0.078491 0.952087
vt 0.086426 0.933411
vt 0.082825 0.968384
vt 0.083130 0.930115
vt 0.088440 0.920959
vt 0.132080 0.901611
vt 0.146118 0.877136
vt 0.148926 0.906067
vt 0.148926 0.925293
vt 0.132080 0.929810
vt 0.158447 0.889465
vt 0.170654 0.863037
vt 0.161743 0.909546
vt 0.161743 0.921875
vt 0.158447 0.941956
vt 0.167969 0.932495
vt 0.146118 0.954285
vt 0.175171 0.879822
vt 0.167969 0.898865
vt 0.198853 0.863037
vt 0.172119 0.912292
vt 0.172119 0.919067
vt 0.175415 0.924988
vt 0.175171 0.951538
vt 0.178589 0.938660
vt 0.181396 0.928345
vt 0.184692 0.915710
vt 0.175415 0.906433
vt 0.178589 0.892761
vt 0.194336 0.879822
vt 0.223267 0.877136
vt 0.188110 0.928345
vt 0.190918 0.938660
vt 0.181396 0.903076
vt 0.190918 0.892761
vt 0.210938 0.889465
vt 0.193970 0.924988
vt 0.188110 0.903076
vt 0.201538 0.898865
vt 0.237427 0.901611
vt 0.220581 0.906067
vt 0.207642 0.909546
vt 0.193970 0.906433
vt 0.201538 0.932495
vt 0.197388 0.919067
vt 0.197388 0.912292
vt 0.237427 0.929810
vt 0.220581 0.925293
vt 0.207642 0.921875
vt 0.210938 0.941956
vt 0.223267 0.954285
vt 0.194336 0.951538
vt 0.198853 0.968384
vt 0.170654 0.968384
s 1
f 2474/1295/2262 2475/1296/2263 2476/1297/2264
f 2477/1298/2262 2475/1296/2263 2474/1295/2262
f 2477/1298/2262 2474/1295/2262 2478/1299/2265
f 2478/1299/2265 2474/1295/2262 2479/1300/2266
f 2480/1301/2267 2478/1299/2265 2479/1300/2266
f 2481/1302/2267 2478/1299/2265 2480/1301/2267
f 2482/1303/2268 2481/1302/2267 2480/1301/2267
f 2483/1304/2269 2481/1302/2267 2482/1303/2268
f 2484/1305/2270 2483/1304/2269 2482/1303/2268
f 2485/1306/2270 2483/1304/2269 2484/1305/2270
f 2486/1307/2271 2485/1306/2270 2484/1305/2270
f 2487/1308/2271 2485/1306/2270 2486/1307/2271
f 2488/1309/2272 2487/1308/2271 2486/1307/2271
f 2489/1310/2272 2487/1308/2271 2488/1309/2272
f 2490/1311/2273 2489/1310/2272 2488/1309/2272
f 2491/1312/2274 2489/1310/2272 2490/1311/2273
f 2492/1313/2275 2491/1312/2274 2490/1311/2273
f 2493/1314/2276 2491/1312/2274 2492/1313/2275
f 2494/1315/2277 2493/1314/2276 2492/1313/2275
f 2495/1316/2277 2493/1314/2276 2494/1315/2277
f 2496/1317/2278 2495/1316/2277 2494/1315/2277
f 2497/1318/2279 2495/1316/2277 2496/1317/2278
f 2497/1318/2279 2496/1317/2278 2498/1319/2280
f 2498/1319/2280 2496/1317/2278 2499/1320/2281
f 2500/1321/2282 2498/1319/2280 2499/1320/2281
f 2501/1322/2283 2498/1319/2280 2500/1321/2282
f 2502/1323/2284 2501/1322/2283 2500/1321/2282
f 2503/1324/2284 2501/1322/2283 2502/1323/2284
f 2504/1325/2285 2503/1324/2284 2502/1323/2284
f 2505/1326/2285 2503/1324/2284 2504/1325/2285
f 2506/1327/2286 2505/1326/2285 2504/1325/2285
f 2507/1328/2287 2505/1326/2285 2506/1327/2286
f 2508/1329/2262 2509/1330/2263 2510/1331/2264
f 2511/1332/2262 2509/1330/2263 2508/1329/2262
f 2511/1332/2262 2508/1329/2262 2512/1333/2288
f 2512/1333/2288 2508/1329/2262 2513/1334/2266
f 2514/1335/2289 2512/1333/2288 2513/1334/2266
f 2515/1336/2289 2512/1333/2288 2514/1335/2289
f 2516/1337/2290 2515/1336/2289 2514/1335/2289
f 2517/1338/2290 2515/1336/2289 2516/1337/2290
f 2518/1339/2270 2517/1338/2290 2516/1337/2290
f 2519/1340/2270 2517/1338/2290 2518/1339/2270
f 2520/1341/2291 2519/1340/2270 2518/1339/2270
f 2521/1342/2292 2519/1340/2270 2520/1341/2291
f 2522/1343/2293 2521/1342/2292 2520/1341/2291
f 2523/1344/2294 2521/1342/2292 2522/1343/2293
f 2524/1345/2273 2523/1344/2294 2522/1343/2293
f 2525/1346/2273 2523/1344/2294 2524/1345/2273
f 2526/1347/2275 2525/1346/2273 2524/1345/2273
f 2527/1348/2275 2525/1346/2273 2526/1347/2275
f 2528/1349/2295 2527/1348/2275 2526/1347/2275
f 2529/1350/2295 2527/1348/2275 2528/1349/2295
f 2530/1351/2278 2529/1350/2295 2528/1349/2295
f 2531/1352/2296 2529/1350/2295 2530/1351/2278
f 2531/1352/2296 2530/1351/2278 2532/1353/2280
f 2532/1353/2280 2530/1351/2278 2533/1354/2281
f 2534/1355/2282 2532/1353/2280 2533/1354/2281
f 2535/1356/2283 2532/1353/2280 2534/1355/2282
f 2536/1357/2297 2535/1356/2283 2534/1355/2282
f 2537/1358/2297 2535/1356/2283 2536/1357/2297
f 2538/1359/2285 2537/1358/2297 2536/1357/2297
f 2539/1360/2285 2537/1358/2297 2538/1359/2285
f 2540/1361/2286 2539/1360/2285 2538/1359/2285
f 2541/1362/2298 2539/1360/2285 2540/1361/2286
f 2542/1363/2299 2543/1364/2300 2544/1365/2301
f 2545/1366/2302 2543/1364/2300 2542/1363/2299
f 2546/1367/2303 2545/1366/2302 2542/1363/2299
f 2547/1368/2304 2543/1364/2300 2545/1366/2302
f 2548/1369/2305 2543/1364/2300 2547/1368/2304
f 2547/1368/2304 2545/1366/2302 2549/1370/2306
f 2550/1371/2307 2545/1366/2302 2546/1367/2303
f 2549/1370/2306 2545/1366/2302 2550/1371/2307
f 2551/1372/2308 2548/1369/2305 2547/1368/2304
f 2549/1370/2306 2551/1372/2308 2547/1368/2304
f 2552/1373/2309 2550/1371/2307 2546/1367/2303
f 2553/1374/2310 2548/1369/2305 2551/1372/2308
f 2554/1375/2311 2551/1372/2308 2549/1370/2306
f 2549/1370/2306 2550/1371/2307 2555/1376/2312
f 2555/1376/2312 2554/1375/2311 2549/1370/2306
f 2555/1376/2312 2550/1371/2307 2556/1377/2313
f 2556/1377/2313 2550/1371/2307 2552/1373/2309
f 2557/1378/2314 2556/1377/2313 2552/1373/2309
f 2551/1372/2308 2558/1379/2315 2553/1374/2310
f 2559/1380/2316 2558/1379/2315 2551/1372/2308
f 2560/1381/2317 2551/1372/2308 2554/1375/2311
f 2559/1380/2316 2551/1372/2308 2560/1381/2317
f 2561/1382/2318 2554/1375/2311 2555/1376/2312
f 2562/1383/2319 2554/1375/2311 2561/1382/2318
f 2560/1381/2317 2554/1375/2311 2562/1383/2319
f 2563/1384/2320 2561/1382/2318 2555/1376/2312
f 2555/1376/2312 2556/1377/2313 2563/1384/2320
f 2563/1384/2320 2556/1377/2313 2564/1385/2321
f 2564/1385/2321 2556/1377/2313 2557/1378/2314
f 2565/1386/2322 2561/1382/2318 2563/1384/2320
f 2566/1387/2323 2561/1382/2318 2565/1386/2322
f 2562/1383/2319 2561/1382/2318 2566/1387/2323
f 2567/1388/2324 2565/1386/2322 2563/1384/2320
f 2563/1384/2320 2564/1385/2321 2567/1388/2324
f 2567/1388/2324 2564/1385/2321 2568/1389/2325
f 2564/1385/2321 2557/1378/2314 2568/1389/2325
f 2568/1389/2325 2557/1378/2314 2569/1390/2326
f 2570/1391/2327 2565/1386/2322 2567/1388/2324
f 2571/1392/2328 2565/1386/2322 2570/1391/2327
f 2566/1387/2323 2565/1386/2322 2571/1392/2328
f 2572/1393/2329 2570/1391/2327 2567/1388/2324
f 2573/1394/2330 2567/1388/2324 2568/1389/2325
f 2572/1393/2329 2567/1388/2324 2573/1394/2330
f 2573/1394/2330 2568/1389/2325 2574/1395/2331
f 2574/1395/2331 2568/1389/2325 2569/1390/2326
f 2575/1396/2332 2570/1391/2327 2572/1393/2329
f 2576/1397/2333 2570/1391/2327 2575/1396/2332
f 2571/1392/2328 2570/1391/2327 2576/1397/2333
f 2577/1398/2334 2572/1393/2329 2573/1394/2330
f 2578/1399/2335 2573/1394/2330 2574/1395/2331
f 2577/1398/2334 2573/1394/2330 2578/1399/2335
f 2575/1396/2332 2572/1393/2329 2579/1400/2336
f 2580/1401/2337 2572/1393/2329 2577/1398/2334
f 2579/1400/2336 2572/1393/2329 2580/1401/2337
f 2576/1397/2333 2575/1396/2332 2581/1402/2338
f 2581/1402/2338 2575/1396/2332 2579/1400/2336
f 2579/1400/2336 2580/1401/2337 2582/1403/2339
f 2582/1403/2339 2581/1402/2338 2579/1400/2336
f 2583/1404/2340 2580/1401/2337 2577/1398/2334
f 2584/1405/2341 2577/1398/2334 2578/1399/2335
f 2583/1404/2340 2577/1398/2334 2584/1405/2341
f 2582/1403/2339 2580/1401/2337 2585/1406/2342
f 2585/1406/2342 2580/1401/2337 2583/1404/2340
f 2586/1407/2343 2581/1402/2338 2582/1403/2339
f 2582/1403/2339 2585/1406/2342 2587/1408/2344
f 2587/1408/2344 2586/1407/2343 2582/1403/2339
f 2588/1409/2345 2585/1406/2342 2583/1404/2340
f 2589/1410/2346 2583/1404/2340 2584/1405/2341
f 2588/1409/2345 2583/1404/2340 2589/1410/2346
f 2587/1408/2344 2585/1406/2342 2590/1411/2347
f 2590/1411/2347 2585/1406/2342 2588/1409/2345
f 2591/1412/2348 2586/1407/2343 2587/1408/2344
f 2587/1408/2344 2590/1411/2347 2592/1413/2349
f 2592/1413/2349 2591/1412/2348 2587/1408/2344
f 2593/1414/2350 2590/1411/2347 2588/1409/2345
f 2594/1415/2351 2588/1409/2345 2589/1410/2346
f 2593/1414/2350 2588/1409/2345 2594/1415/2351
f 2592/1413/2349 2590/1411/2347 2595/1416/2352
f 2595/1416/2352 2590/1411/2347 2593/1414/2350
f 2596/1417/2353 2595/1416/2352 2593/1414/2350
f 2593/1414/2350 2594/1415/2351 2596/1417/2353
f 2597/1418/2354 2591/1412/2348 2592/1413/2349
f 2592/1413/2349 2595/1416/2352 2598/1419/2355
f 2598/1419/2355 2597/1418/2354 2592/1413/2349
f 2598/1419/2355 2595/1416/2352 2599/1420/2356
f 2599/1420/2356 2595/1416/2352 2596/1417/2353
f 2596/1417/2353 2594/1415/2351 2600/1421/2357
f 2601/1422/2358 2599/1420/2356 2596/1417/2353
f 2602/1423/2359 2596/1417/2353 2600/1421/2357
f 2601/1422/2358 2596/1417/2353 2602/1423/2359
f 2603/1424/2360 2598/1419/2355 2599/1420/2356
f 2603/1424/2360 2599/1420/2356 2601/1422/2358
f 2604/1425/2361 2597/1418/2354 2598/1419/2355
f 2605/1426/2362 2598/1419/2355 2603/1424/2360
f 2606/1427/2363 2598/1419/2355 2605/1426/2362
f 2604/1425/2361 2598/1419/2355 2606/1427/2363
f 2603/1424/2360 2601/1422/2358 2607/1428/2364
f 2607/1428/2364 2605/1426/2362 2603/1424/2360
f 2602/1423/2359 2608/1429/2365 2601/1422/2358
f 2607/1428/2364 2601/1422/2358 2609/1430/2366
f 2601/1422/2358 2608/1429/2365 2609/1430/2366
f 2609/1430/2366 2608/1429/2365 2610/1431/2367
f 2610/1431/2367 2607/1428/2364 2609/1430/2366
f 2611/1432/2368 2605/1426/2362 2607/1428/2364
f 2612/1433/2369 2605/1426/2362 2611/1432/2368
f 2606/1427/2363 2605/1426/2362 2612/1433/2369
f 2611/1432/2368 2607/1428/2364 2613/1434/2370
f 2613/1434/2370 2612/1433/2369 2611/1432/2368
f 2614/1435/2371 2607/1428/2364 2610/1431/2367
f 2613/1434/2370 2607/1428/2364 2614/1435/2371
f 2610/1431/2367 2608/1429/2365 2615/1436/2372
f 2616/1437/2373 2613/1434/2370 2614/1435/2371
f 2614/1435/2371 2610/1431/2367 2616/1437/2373
f 2616/1437/2373 2610/1431/2367 2617/1438/2374
f 2610/1431/2367 2615/1436/2372 2617/1438/2374
f 2618/1439/2375 2612/1433/2369 2613/1434/2370
f 2619/1440/2376 2613/1434/2370 2616/1437/2373
f 2619/1440/2376 2618/1439/2375 2613/1434/2370
f 2620/1441/2377 2619/1440/2376 2616/1437/2373
f 2616/1437/2373 2617/1438/2374 2620/1441/2377
f 2617/1438/2374 2615/1436/2372 2621/1442/2378
f 2620/1441/2377 2617/1438/2374 2622/1443/2379
f 2623/1444/2380 2617/1438/2374 2621/1442/2378
f 2622/1443/2379 2617/1438/2374 2623/1444/2380
f 2624/1445/2381 2618/1439/2375 2619/1440/2376
f 2625/1446/2382 2619/1440/2376 2620/1441/2377
f 2625/1446/2382 2624/1445/2381 2619/1440/2376
f 2626/1447/2383 2624/1445/2381 2625/1446/2382
f 2627/1448/2384 2628/1449/2385 2629/1450/2386
f 2630/1451/2387 2631/1452/2384 2632/1453/2388
f 2633/1454/2389 2634/1455/2387 2635/1456/2386
f 2636/1457/2390 2637/1458/2389 2638/1459/2386
f 2639/1460/2391 2640/1461/2390 2641/1462/2392
f 2642/1463/2393 2643/1464/2391 2644/1465/2388
f 2645/1466/2394 2646/1467/2393 2647/1468/2388
f 2648/1469/2395 2649/1470/2396 2650/1471/2386
f 2651/1472/2397 2652/1473/2398 2653/1474/2388
f 2654/1475/2399 2655/1476/2397 2656/1477/2388
f 2657/1478/2400 2658/1479/2399 2659/1480/2388
f 2660/1481/2401 2661/1482/2402 2662/1483/2388
f 2663/1484/2403 2664/1485/2401 2665/1486/2388
f 2666/1487/2385 2667/1488/2404 2668/1489/2386
f 2669/1490/2405 2670/1491/2395 2671/1492/2388
f 2672/1493/2396 2673/1494/2394 2674/1495/2386
f 2675/1496/2406 2676/1497/2407 2677/1498/2408
f 2678/1499/2409 2676/1497/2407 2675/1496/2406
f 2678/1499/2409 2679/1500/2410 2676/1497/2407
f 2678/1499/2409 2675/1496/2406 2680/1501/2411
f 2680/1501/2411 2675/1496/2406 2681/1502/2412
f 2682/1503/2413 2678/1499/2409 2680/1501/2411
f 2683/1504/2414 2678/1499/2409 2682/1503/2413
f 2683/1504/2414 2679/1500/2410 2678/1499/2409
f 2683/1504/2414 2684/1505/2415 2679/1500/2410
f 2685/1506/2416 2682/1503/2413 2680/1501/2411
f 2686/1507/2417 2680/1501/2411 2681/1502/2412
f 2685/1506/2416 2680/1501/2411 2686/1507/2417
f 2687/1508/2418 2683/1504/2414 2682/1503/2413
f 2688/1509/2419 2683/1504/2414 2687/1508/2418
f 2688/1509/2419 2684/1505/2415 2683/1504/2414
f 2687/1508/2418 2682/1503/2413 2689/1510/2420
f 2690/1511/2421 2682/1503/2413 2685/1506/2416
f 2689/1510/2420 2682/1503/2413 2690/1511/2421
f 2689/1510/2420 2691/1512/2422 2687/1508/2418
f 2691/1512/2422 2688/1509/2419 2687/1508/2418
f 2688/1509/2419 2692/1513/2423 2684/1505/2415
f 2693/1514/2424 2688/1509/2419 2691/1512/2422
f 2693/1514/2424 2692/1513/2423 2688/1509/2419
f 2694/1515/2425 2690/1511/2421 2685/1506/2416
f 2695/1516/2426 2685/1506/2416 2686/1507/2417
f 2694/1515/2425 2685/1506/2416 2695/1516/2426
f 2696/1517/2427 2689/1510/2420 2690/1511/2421
f 2696/1517/2427 2690/1511/2421 2694/1515/2425
f 2697/1518/2428 2691/1512/2422 2689/1510/2420
f 2698/1519/2429 2697/1518/2428 2689/1510/2420
f 2698/1519/2429 2689/1510/2420 2696/1517/2427
f 2699/1520/2430 2691/1512/2422 2697/1518/2428
f 2700/1521/2431 2691/1512/2422 2699/1520/2430
f 2700/1521/2431 2693/1514/2424 2691/1512/2422
f 2701/1522/2432 2699/1520/2430 2697/1518/2428
f 2701/1522/2432 2697/1518/2428 2698/1519/2429
f 2693/1514/2424 2702/1523/2433 2692/1513/2423
f 2703/1524/2434 2693/1514/2424 2700/1521/2431
f 2703/1524/2434 2702/1523/2433 2693/1514/2424
f 2704/1525/2435 2696/1517/2427 2694/1515/2425
f 2705/1526/2436 2694/1515/2425 2695/1516/2426
f 2704/1525/2435 2694/1515/2425 2705/1526/2436
f 2706/1527/2437 2698/1519/2429 2696/1517/2427
f 2706/1527/2437 2696/1517/2427 2704/1525/2435
f 2707/1528/2438 2701/1522/2432 2698/1519/2429
f 2707/1528/2438 2698/1519/2429 2706/1527/2437
f 2708/1529/2439 2699/1520/2430 2701/1522/2432
f 2709/1530/2440 2708/1529/2439 2701/1522/2432
f 2709/1530/2440 2701/1522/2432 2707/1528/2438
f 2710/1531/2441 2706/1527/2437 2704/1525/2435
f 2711/1532/2442 2704/1525/2435 2705/1526/2436
f 2710/1531/2441 2704/1525/2435 2711/1532/2442
f 2712/1533/2443 2707/1528/2438 2706/1527/2437
f 2712/1533/2443 2706/1527/2437 2710/1531/2441
f 2713/1534/2444 2709/1530/2440 2707/1528/2438
f 2713/1534/2444 2707/1528/2438 2712/1533/2443
f 2714/1535/2445 2708/1529/2439 2709/1530/2440
f 2715/1536/2446 2714/1535/2445 2709/1530/2440
f 2715/1536/2446 2709/1530/2440 2713/1534/2444
f 2716/1537/2447 2712/1533/2443 2710/1531/2441
f 2717/1538/2448 2710/1531/2441 2711/1532/2442
f 2716/1537/2447 2710/1531/2441 2717/1538/2448
f 2718/1539/2449 2713/1534/2444 2712/1533/2443
f 2718/1539/2449 2712/1533/2443 2716/1537/2447
f 2719/1540/2450 2715/1536/2446 2713/1534/2444
f 2719/1540/2450 2713/1534/2444 2718/1539/2449
f 2720/1541/2451 2714/1535/2445 2715/1536/2446
f 2721/1542/2452 2720/1541/2451 2715/1536/2446
f 2721/1542/2452 2715/1536/2446 2719/1540/2450
f 2718/1539/2449 2716/1537/2447 2722/1543/2453
f 2716/1537/2447 2717/1538/2448 2723/1544/2454
f 2722/1543/2453 2716/1537/2447 2723/1544/2454
f 2719/1540/2450 2718/1539/2449 2724/1545/2455
f 2724/1545/2455 2718/1539/2449 2722/1543/2453
f 2721/1542/2452 2719/1540/2450 2725/1546/2456
f 2725/1546/2456 2719/1540/2450 2724/1545/2455
f 2723/1544/2454 2717/1538/2448 2726/1547/2457
f 2727/1548/2458 2720/1541/2451 2721/1542/2452
f 2727/1548/2458 2721/1542/2452 2728/1549/2459
f 2728/1549/2459 2721/1542/2452 2725/1546/2456
f 2724/1545/2455 2722/1543/2453 2729/1550/2460
f 2722/1543/2453 2723/1544/2454 2730/1551/2461
f 2729/1550/2460 2722/1543/2453 2730/1551/2461
f 2730/1551/2461 2723/1544/2454 2731/1552/2462
f 2723/1544/2454 2726/1547/2457 2731/1552/2462
f 2725/1546/2456 2724/1545/2455 2732/1553/2463
f 2732/1553/2463 2724/1545/2455 2729/1550/2460
f 2728/1549/2459 2725/1546/2456 2733/1554/2464
f 2733/1554/2464 2725/1546/2456 2732/1553/2463
f 2731/1552/2462 2726/1547/2457 2734/1555/2465
f 2732/1553/2463 2729/1550/2460 2735/1556/2466
f 2729/1550/2460 2730/1551/2461 2736/1557/2467
f 2735/1556/2466 2729/1550/2460 2736/1557/2467
f 2736/1557/2467 2730/1551/2461 2737/1558/2468
f 2730/1551/2461 2731/1552/2462 2737/1558/2468
f 2737/1558/2468 2731/1552/2462 2738/1559/2469
f 2731/1552/2462 2734/1555/2465 2738/1559/2469
f 2733/1554/2464 2732/1553/2463 2739/1560/2470
f 2739/1560/2470 2732/1553/2463 2735/1556/2466
f 2738/1559/2469 2734/1555/2465 2740/1561/2471
f 2739/1560/2470 2735/1556/2466 2741/1562/2472
f 2735/1556/2466 2736/1557/2467 2742/1563/2473
f 2741/1562/2472 2735/1556/2466 2742/1563/2473
f 2742/1563/2473 2736/1557/2467 2743/1564/2474
f 2736/1557/2467 2737/1558/2468 2743/1564/2474
f 2743/1564/2474 2737/1558/2468 2744/1565/2475
f 2737/1558/2468 2738/1559/2469 2744/1565/2475
f 2744/1565/2475 2738/1559/2469 2745/1566/2476
f 2738/1559/2469 2740/1561/2471 2745/1566/2476
f 2745/1566/2476 2740/1561/2471 2746/1567/2477
f 2741/1562/2472 2742/1563/2473 2747/1568/2478
f 2747/1568/2478 2742/1563/2473 2748/1569/2479
f 2749/1570/2480 2742/1563/2473 2743/1564/2474
f 2748/1569/2479 2742/1563/2473 2749/1570/2480
f 2749/1570/2480 2743/1564/2474 2750/1571/2481
f 2750/1571/2481 2743/1564/2474 2744/1565/2475
f 2750/1571/2481 2744/1565/2475 2751/1572/2482
f 2751/1572/2482 2744/1565/2475 2745/1566/2476
f 2751/1572/2482 2745/1566/2476 2752/1573/2483
f 2752/1573/2483 2745/1566/2476 2746/1567/2477
f 2753/1574/2484 2747/1568/2478 2748/1569/2479
f 2754/1575/2485 2748/1569/2479 2749/1570/2480
f 2753/1574/2484 2748/1569/2479 2754/1575/2485
f 2754/1575/2485 2749/1570/2480 2755/1576/2486
f 2755/1576/2486 2749/1570/2480 2750/1571/2481
f 2755/1576/2486 2750/1571/2481 2756/1577/2487
f 2756/1577/2487 2750/1571/2481 2751/1572/2482
f 2756/1577/2487 2751/1572/2482 2757/1578/2488
f 2757/1578/2488 2751/1572/2482 2752/1573/2483
f 2758/1579/2489 2747/1568/2478 2753/1574/2484
f 2759/1580/2490 2758/1579/2489 2753/1574/2484
f 2760/1581/2491 2753/1574/2484 2754/1575/2485
f 2759/1580/2490 2753/1574/2484 2760/1581/2491
f 2760/1581/2491 2754/1575/2485 2761/1582/2492
f 2761/1582/2492 2754/1575/2485 2755/1576/2486
f 2761/1582/2492 2755/1576/2486 2762/1583/2493
f 2762/1583/2493 2755/1576/2486 2756/1577/2487
f 2762/1583/2493 2756/1577/2487 2763/1584/2494
f 2763/1584/2494 2756/1577/2487 2757/1578/2488
f 2764/1585/2495 2758/1579/2489 2759/1580/2490
f 2765/1586/2496 2764/1585/2495 2759/1580/2490
f 2766/1587/2497 2759/1580/2490 2760/1581/2491
f 2765/1586/2496 2759/1580/2490 2766/1587/2497
f 2766/1587/2497 2760/1581/2491 2767/1588/2498
f 2767/1588/2498 2760/1581/2491 2761/1582/2492
f 2767/1588/2498 2761/1582/2492 2768/1589/2499
f 2768/1589/2499 2761/1582/2492 2762/1583/2493
f 2768/1589/2499 2762/1583/2493 2769/1590/2500
f 2769/1590/2500 2762/1583/2493 2763/1584/2494
f 2770/1591/2501 2764/1585/2495 2765/1586/2496
f 2770/1591/2501 2765/1586/2496 2771/1592/2502
f 2765/1586/2496 2766/1587/2497 2772/1593/2503
f 2771/1592/2502 2765/1586/2496 2772/1593/2503
f 2772/1593/2503 2766/1587/2497 2773/1594/2504
f 2766/1587/2497 2767/1588/2498 2773/1594/2504
f 2773/1594/2504 2767/1588/2498 2774/1595/2505
f 2767/1588/2498 2768/1589/2499 2774/1595/2505
f 2774/1595/2505 2768/1589/2499 2775/1596/2506
f 2768/1589/2499 2769/1590/2500 2775/1596/2506
f 2775/1596/2506 2769/1590/2500 2776/1597/2507
f 2777/1598/2262 2778/1599/2263 2779/1600/2508
f 2780/1601/2262 2778/1599/2263 2777/1598/2262
f 2780/1601/2262 2777/1598/2262 2781/1602/2288
f 2781/1602/2288 2777/1598/2262 2782/1603/2266
f 2783/1604/2289 2781/1602/2288 2782/1603/2266
f 2784/1605/2267 2781/1602/2288 2783/1604/2289
f 2785/1606/2509 2784/1605/2267 2783/1604/2289
f 2786/1607/2509 2784/1605/2267 2785/1606/2509
f 2787/1608/2510 2786/1607/2509 2785/1606/2509
f 2788/1609/2270 2786/1607/2509 2787/1608/2510
f 2789/1610/2511 2788/1609/2270 2787/1608/2510
f 2790/1611/2271 2788/1609/2270 2789/1610/2511
f 2791/1612/2512 2790/1611/2271 2789/1610/2511
f 2792/1613/2513 2790/1611/2271 2791/1612/2512
f 2793/1614/2273 2792/1613/2513 2791/1612/2512
f 2794/1615/2273 2792/1613/2513 2793/1614/2273
f 2795/1616/2514 2794/1615/2273 2793/1614/2273
f 2796/1617/2515 2794/1615/2273 2795/1616/2514
f 2797/1618/2295 2796/1617/2515 2795/1616/2514
f 2798/1619/2516 2796/1617/2515 2797/1618/2295
f 2799/1620/2517 2798/1619/2516 2797/1618/2295
f 2800/1621/2296 2798/1619/2516 2799/1620/2517
f 2800/1621/2296 2799/1620/2517 2801/1622/2518
f 2801/1622/2518 2799/1620/2517 2802/1623/2280
f 2803/1624/2282 2801/1622/2518 2802/1623/2280
f 2804/1625/2283 2801/1622/2518 2803/1624/2282
f 2805/1626/2297 2804/1625/2283 2803/1624/2282
f 2806/1627/2519 2804/1625/2283 2805/1626/2297
f 2807/1628/2520 2806/1627/2519 2805/1626/2297
f 2808/1629/2285 2806/1627/2519 2807/1628/2520
f 2809/1630/2286 2808/1629/2285 2807/1628/2520
f 2810/1631/2521 2808/1629/2285 2809/1630/2286
f 2811/1632/2522 2812/1633/2523 2813/1634/2524
f 2814/1635/2525 2812/1633/2523 2811/1632/2522
f 2814/1635/2525 2815/1636/2526 2812/1633/2523
f 2814/1635/2525 2811/1632/2522 2816/1637/2527
f 2816/1637/2527 2811/1632/2522 2817/1638/2528
f 2818/1639/2529 2814/1635/2525 2816/1637/2527
f 2819/1640/2530 2814/1635/2525 2818/1639/2529
f 2819/1640/2530 2815/1636/2526 2814/1635/2525
f 2819/1640/2530 2820/1641/2531 2815/1636/2526
f 2821/1642/2532 2818/1639/2529 2816/1637/2527
f 2822/1643/2533 2816/1637/2527 2817/1638/2528
f 2821/1642/2532 2816/1637/2527 2822/1643/2533
f 2823/1644/2534 2819/1640/2530 2818/1639/2529
f 2824/1645/2535 2819/1640/2530 2823/1644/2534
f 2824/1645/2535 2820/1641/2531 2819/1640/2530
f 2823/1644/2534 2818/1639/2529 2825/1646/2536
f 2826/1647/2537 2818/1639/2529 2821/1642/2532
f 2825/1646/2536 2818/1639/2529 2826/1647/2537
f 2825/1646/2536 2827/1648/2538 2823/1644/2534
f 2827/1648/2538 2824/1645/2535 2823/1644/2534
f 2824/1645/2535 2828/1649/2539 2820/1641/2531
f 2829/1650/2540 2824/1645/2535 2827/1648/2538
f 2829/1650/2540 2828/1649/2539 2824/1645/2535
f 2830/1651/2541 2826/1647/2537 2821/1642/2532
f 2831/1652/2542 2821/1642/2532 2822/1643/2533
f 2830/1651/2541 2821/1642/2532 2831/1652/2542
f 2832/1653/2543 2825/1646/2536 2826/1647/2537
f 2832/1653/2543 2826/1647/2537 2830/1651/2541
f 2833/1654/2544 2827/1648/2538 2825/1646/2536
f 2834/1655/2545 2833/1654/2544 2825/1646/2536
f 2834/1655/2545 2825/1646/2536 2832/1653/2543
f 2835/1656/2546 2827/1648/2538 2833/1654/2544
f 2836/1657/2547 2827/1648/2538 2835/1656/2546
f 2836/1657/2547 2829/1650/2540 2827/1648/2538
f 2837/1658/2548 2835/1656/2546 2833/1654/2544
f 2837/1658/2548 2833/1654/2544 2834/1655/2545
f 2829/1650/2540 2838/1659/2549 2828/1649/2539
f 2839/1660/2550 2829/1650/2540 2836/1657/2547
f 2839/1660/2550 2838/1659/2549 2829/1650/2540
f 2840/1661/2551 2832/1653/2543 2830/1651/2541
f 2841/1662/2552 2830/1651/2541 2831/1652/2542
f 2840/1661/2551 2830/1651/2541 2841/1662/2552
f 2842/1663/2553 2834/1655/2545 2832/1653/2543
f 2842/1663/2553 2832/1653/2543 2840/1661/2551
f 2843/1664/2554 2837/1658/2548 2834/1655/2545
f 2843/1664/2554 2834/1655/2545 2842/1663/2553
f 2844/1665/2555 2835/1656/2546 2837/1658/2548
f 2845/1666/2556 2844/1665/2555 2837/1658/2548
f 2845/1666/2556 2837/1658/2548 2843/1664/2554
f 2846/1667/2557 2842/1663/2553 2840/1661/2551
f 2847/1668/2558 2840/1661/2551 2841/1662/2552
f 2846/1667/2557 2840/1661/2551 2847/1668/2558
f 2848/1669/2559 2843/1664/2554 2842/1663/2553
f 2848/1669/2559 2842/1663/2553 2846/1667/2557
f 2849/1670/2560 2845/1666/2556 2843/1664/2554
f 2849/1670/2560 2843/1664/2554 2848/1669/2559
f 2850/1671/2561 2844/1665/2555 2845/1666/2556
f 2851/1672/2562 2850/1671/2561 2845/1666/2556
f 2851/1672/2562 2845/1666/2556 2849/1670/2560
f 2852/1673/2563 2848/1669/2559 2846/1667/2557
f 2853/1674/2564 2846/1667/2557 2847/1668/2558
f 2852/1673/2563 2846/1667/2557 2853/1674/2564
f 2854/1675/2565 2849/1670/2560 2848/1669/2559
f 2854/1675/2565 2848/1669/2559 2852/1673/2563
f 2855/1676/2566 2851/1672/2562 2849/1670/2560
f 2855/1676/2566 2849/1670/2560 2854/1675/2565
f 2856/1677/2567 2850/1671/2561 2851/1672/2562
f 2857/1678/2568 2856/1677/2567 2851/1672/2562
f 2857/1678/2568 2851/1672/2562 2855/1676/2566
f 2854/1675/2565 2852/1673/2563 2858/1679/2569
f 2852/1673/2563 2853/1674/2564 2859/1680/2570
f 2858/1679/2569 2852/1673/2563 2859/1680/2570
f 2855/1676/2566 2854/1675/2565 2860/1681/2571
f 2860/1681/2571 2854/1675/2565 2858/1679/2569
f 2857/1678/2568 2855/1676/2566 2861/1682/2572
f 2861/1682/2572 2855/1676/2566 2860/1681/2571
f 2859/1680/2570 2853/1674/2564 2862/1683/2573
f 2863/1684/2574 2856/1677/2567 2857/1678/2568
f 2863/1684/2574 2857/1678/2568 2864/1685/2575
f 2864/1685/2575 2857/1678/2568 2861/1682/2572
f 2860/1681/2571 2858/1679/2569 2865/1686/2576
f 2858/1679/2569 2859/1680/2570 2866/1687/2577
f 2865/1686/2576 2858/1679/2569 2866/1687/2577
f 2866/1687/2577 2859/1680/2570 2867/1688/2578
f 2859/1680/2570 2862/1683/2573 2867/1688/2578
f 2861/1682/2572 2860/1681/2571 2868/1689/2579
f 2868/1689/2579 2860/1681/2571 2865/1686/2576
f 2864/1685/2575 2861/1682/2572 2869/1690/2580
f 2869/1690/2580 2861/1682/2572 2868/1689/2579
f 2867/1688/2578 2862/1683/2573 2870/1691/2581
f 2868/1689/2579 2865/1686/2576 2871/1692/2582
f 2865/1686/2576 2866/1687/2577 2872/1693/2583
f 2871/1692/2582 2865/1686/2576 2872/1693/2583
f 2872/1693/2583 2866/1687/2577 2873/1694/2584
f 2866/1687/2577 2867/1688/2578 2873/1694/2584
f 2873/1694/2584 2867/1688/2578 2874/1695/2585
f 2867/1688/2578 2870/1691/2581 2874/1695/2585
f 2869/1690/2580 2868/1689/2579 2875/1696/2586
f 2875/1696/2586 2868/1689/2579 2871/1692/2582
f 2874/1695/2585 2870/1691/2581 2876/1697/2587
f 2875/1696/2586 2871/1692/2582 2877/1698/2588
f 2871/1692/2582 2872/1693/2583 2878/1699/2589
f 2877/1698/2588 2871/1692/2582 2878/1699/2589
f 2878/1699/2589 2872/1693/2583 2879/1700/2590
f 2872/1693/2583 2873/1694/2584 2879/1700/2590
f 2879/1700/2590 2873/1694/2584 2880/1701/2591
f 2873/1694/2584 2874/1695/2585 2880/1701/2591
f 2880/1701/2591 2874/1695/2585 2881/1702/2592
f 2874/1695/2585 2876/1697/2587 2881/1702/2592
f 2881/1702/2592 2876/1697/2587 2882/1703/2593
f 2877/1698/2588 2878/1699/2589 2883/1704/2594
f 2883/1704/2594 2878/1699/2589 2884/1705/2595
f 2885/1706/2596 2878/1699/2589 2879/1700/2590
f 2884/1705/2595 2878/1699/2589 2885/1706/2596
f 2885/1706/2596 2879/1700/2590 2886/1707/2597
f 2886/1707/2597 2879/1700/2590 2880/1701/2591
f 2886/1707/2597 2880/1701/2591 2887/1708/2598
f 2887/1708/2598 2880/1701/2591 2881/1702/2592
f 2887/1708/2598 2881/1702/2592 2888/1709/2599
f 2888/1709/2599 2881/1702/2592 2882/1703/2593
f 2889/1710/2600 2886/1707/2597 2887/1708/2598
f 2887/1708/2598 2888/1709/2599 2889/1710/2600
f 2890/1711/2601 2885/1706/2596 2886/1707/2597
f 2890/1711/2601 2886/1707/2597 2889/1710/2600
f 2891/1712/2602 2884/1705/2595 2885/1706/2596
f 2891/1712/2602 2885/1706/2596 2890/1711/2601
f 2892/1713/2603 2883/1704/2594 2884/1705/2595
f 2892/1713/2603 2884/1705/2595 2891/1712/2602
f 2893/1714/2604 2883/1704/2594 2892/1713/2603
f 2889/1710/2600 2888/1709/2599 2894/1715/2605
f 2895/1716/2606 2890/1711/2601 2889/1710/2600
f 2896/1717/2607 2889/1710/2600 2894/1715/2605
f 2895/1716/2606 2889/1710/2600 2896/1717/2607
f 2897/1718/2608 2891/1712/2602 2890/1711/2601
f 2897/1718/2608 2890/1711/2601 2895/1716/2606
f 2898/1719/2609 2892/1713/2603 2891/1712/2602
f 2898/1719/2609 2891/1712/2602 2897/1718/2608
f 2899/1720/2610 2893/1714/2604 2892/1713/2603
f 2899/1720/2610 2892/1713/2603 2898/1719/2609
f 2900/1721/2611 2893/1714/2604 2899/1720/2610
f 2901/1722/2612 2897/1718/2608 2895/1716/2606
f 2902/1723/2613 2895/1716/2606 2896/1717/2607
f 2901/1722/2612 2895/1716/2606 2902/1723/2613
f 2903/1724/2614 2898/1719/2609 2897/1718/2608
f 2903/1724/2614 2897/1718/2608 2901/1722/2612
f 2904/1725/2615 2899/1720/2610 2898/1719/2609
f 2904/1725/2615 2898/1719/2609 2903/1724/2614
f 2905/1726/2616 2900/1721/2611 2899/1720/2610
f 2905/1726/2616 2899/1720/2610 2904/1725/2615
f 2906/1727/2617 2900/1721/2611 2905/1726/2616
f 2903/1724/2614 2901/1722/2612 2907/1728/2618
f 2901/1722/2612 2902/1723/2613 2908/1729/2619
f 2907/1728/2618 2901/1722/2612 2908/1729/2619
f 2904/1725/2615 2903/1724/2614 2909/1730/2620
f 2909/1730/2620 2903/1724/2614 2907/1728/2618
f 2905/1726/2616 2904/1725/2615 2910/1731/2621
f 2910/1731/2621 2904/1725/2615 2909/1730/2620
f 2906/1727/2617 2905/1726/2616 2911/1732/2622
f 2911/1732/2622 2905/1726/2616 2910/1731/2621
f 2908/1729/2619 2902/1723/2613 2912/1733/2623
f 2913/1734/2624 2914/1735/2625 2915/1736/2626
f 2916/1737/2627 2914/1735/2625 2913/1734/2624
f 2917/1738/2628 2916/1737/2627 2913/1734/2624
f 2918/1739/2629 2914/1735/2625 2916/1737/2627
f 2919/1740/2630 2914/1735/2625 2918/1739/2629
f 2918/1739/2629 2916/1737/2627 2920/1741/2631
f 2921/1742/2632 2916/1737/2627 2917/1738/2628
f 2920/1741/2631 2916/1737/2627 2921/1742/2632
f 2922/1743/2633 2921/1742/2632 2917/1738/2628
f 2918/1739/2629 2923/1744/2634 2919/1740/2630
f 2924/1745/2635 2923/1744/2634 2918/1739/2629
f 2920/1741/2631 2924/1745/2635 2918/1739/2629
f 2925/1746/2636 2924/1745/2635 2920/1741/2631
f 2920/1741/2631 2921/1742/2632 2926/1747/2637
f 2926/1747/2637 2925/1746/2636 2920/1741/2631
f 2926/1747/2637 2921/1742/2632 2927/1748/2638
f 2927/1748/2638 2921/1742/2632 2922/1743/2633
f 2928/1749/2639 2927/1748/2638 2922/1743/2633
f 2929/1750/2640 2926/1747/2637 2927/1748/2638
f 2929/1750/2640 2927/1748/2638 2928/1749/2639
f 2924/1745/2635 2930/1751/2641 2923/1744/2634
f 2931/1752/2642 2930/1751/2641 2924/1745/2635
f 2932/1753/2643 2924/1745/2635 2925/1746/2636
f 2931/1752/2642 2924/1745/2635 2932/1753/2643
f 2933/1754/2644 2925/1746/2636 2926/1747/2637
f 2933/1754/2644 2932/1753/2643 2925/1746/2636
f 2934/1755/2645 2933/1754/2644 2926/1747/2637
f 2934/1755/2645 2926/1747/2637 2929/1750/2640
f 2934/1755/2645 2929/1750/2640 2935/1756/2646
f 2929/1750/2640 2928/1749/2639 2936/1757/2647
f 2935/1756/2646 2929/1750/2640 2936/1757/2647
f 2936/1757/2647 2928/1749/2639 2937/1758/2648
f 2938/1759/2649 2932/1753/2643 2933/1754/2644
f 2939/1760/2650 2933/1754/2644 2934/1755/2645
f 2939/1760/2650 2938/1759/2649 2933/1754/2644
f 2939/1760/2650 2934/1755/2645 2940/1761/2651
f 2940/1761/2651 2934/1755/2645 2935/1756/2646
f 2941/1762/2652 2940/1761/2651 2935/1756/2646
f 2942/1763/2653 2935/1756/2646 2936/1757/2647
f 2941/1762/2652 2935/1756/2646 2942/1763/2653
f 2942/1763/2653 2936/1757/2647 2943/1764/2654
f 2943/1764/2654 2936/1757/2647 2937/1758/2648
f 2944/1765/2655 2938/1759/2649 2939/1760/2650
f 2944/1765/2655 2939/1760/2650 2945/1766/2656
f 2945/1766/2656 2939/1760/2650 2940/1761/2651
f 2946/1767/2657 2940/1761/2651 2941/1762/2652
f 2946/1767/2657 2945/1766/2656 2940/1761/2651
f 2947/1768/2658 2941/1762/2652 2942/1763/2653
f 2948/1769/2659 2942/1763/2653 2943/1764/2654
f 2947/1768/2658 2942/1763/2653 2948/1769/2659
f 2946/1767/2657 2941/1762/2652 2949/1770/2660
f 2950/1771/2661 2941/1762/2652 2947/1768/2658
f 2949/1770/2660 2941/1762/2652 2950/1771/2661
f 2949/1770/2660 2951/1772/2662 2946/1767/2657
f 2951/1772/2662 2945/1766/2656 2946/1767/2657
f 2952/1773/2663 2950/1771/2661 2947/1768/2658
f 2953/1774/2664 2947/1768/2658 2948/1769/2659
f 2952/1773/2663 2947/1768/2658 2953/1774/2664
f 2949/1770/2660 2950/1771/2661 2954/1775/2665
f 2954/1775/2665 2955/1776/2666 2949/1770/2660
f 2955/1776/2666 2951/1772/2662 2949/1770/2660
f 2954/1775/2665 2950/1771/2661 2956/1777/2667
f 2956/1777/2667 2950/1771/2661 2952/1773/2663
f 2957/1778/2668 2956/1777/2667 2952/1773/2663
f 2958/1779/2669 2959/1780/2670 2960/1781/2671
f 2960/1781/2671 2961/1782/2672 2958/1779/2669
f 2962/1783/2673 2959/1780/2670 2963/1784/2674
f 2964/1785/2675 2963/1784/2674 2965/1786/2676
f 2962/1783/2673 2963/1784/2674 2964/1785/2675
f 2960/1781/2671 2959/1780/2670 2966/1787/2677
f 2966/1787/2677 2959/1780/2670 2962/1783/2673
f 2967/1788/2678 2961/1782/2672 2960/1781/2671
f 2960/1781/2671 2966/1787/2677 2968/1789/2679
f 2968/1789/2679 2967/1788/2678 2960/1781/2671
f 2969/1790/2680 2966/1787/2677 2962/1783/2673
f 2970/1791/2681 2962/1783/2673 2964/1785/2675
f 2969/1790/2680 2962/1783/2673 2970/1791/2681
f 2968/1789/2679 2966/1787/2677 2971/1792/2682
f 2971/1792/2682 2966/1787/2677 2969/1790/2680
f 2972/1793/2683 2967/1788/2678 2968/1789/2679
f 2968/1789/2679 2971/1792/2682 2973/1794/2684
f 2973/1794/2684 2972/1793/2683 2968/1789/2679
f 2973/1794/2684 2971/1792/2682 2974/1795/2685
f 2971/1792/2682 2969/1790/2680 2974/1795/2685
f 2974/1795/2685 2969/1790/2680 2975/1796/2686
f 2976/1797/2687 2969/1790/2680 2970/1791/2681
f 2975/1796/2686 2969/1790/2680 2976/1797/2687
f 2977/1798/2688 2974/1795/2685 2975/1796/2686
f 2975/1796/2686 2976/1797/2687 2977/1798/2688
f 2978/1799/2689 2972/1793/2683 2973/1794/2684
f 2973/1794/2684 2974/1795/2685 2979/1800/2690
f 2979/1800/2690 2978/1799/2689 2973/1794/2684
f 2979/1800/2690 2974/1795/2685 2980/1801/2691
f 2980/1801/2691 2974/1795/2685 2977/1798/2688
f 2977/1798/2688 2976/1797/2687 2981/1802/2692
f 2982/1803/2693 2980/1801/2691 2977/1798/2688
f 2983/1804/2694 2977/1798/2688 2981/1802/2692
f 2982/1803/2693 2977/1798/2688 2983/1804/2694
f 2984/1805/2695 2979/1800/2690 2980/1801/2691
f 2984/1805/2695 2980/1801/2691 2982/1803/2693
f 2985/1806/2696 2978/1799/2689 2979/1800/2690
f 2986/1807/2697 2979/1800/2690 2984/1805/2695
f 2986/1807/2697 2985/1806/2696 2979/1800/2690
f 2984/1805/2695 2982/1803/2693 2987/1808/2698
f 2987/1808/2698 2986/1807/2697 2984/1805/2695
f 2983/1804/2694 2988/1809/2699 2982/1803/2693
f 2987/1808/2698 2982/1803/2693 2988/1809/2699
f 2989/1810/2700 2988/1809/2699 2983/1804/2694
f 2990/1811/2701 2985/1806/2696 2986/1807/2697
f 2991/1812/2702 2986/1807/2697 2987/1808/2698
f 2991/1812/2702 2990/1811/2701 2986/1807/2697
f 2987/1808/2698 2988/1809/2699 2992/1813/2703
f 2993/1814/2704 2987/1808/2698 2992/1813/2703
f 2991/1812/2702 2987/1808/2698 2993/1814/2704
f 2994/1815/2705 2990/1811/2701 2991/1812/2702
f 2993/1814/2704 2994/1815/2705 2991/1812/2702
f 2989/1810/2700 2995/1816/2706 2988/1809/2699
f 2992/1813/2703 2988/1809/2699 2996/1817/2707
f 2988/1809/2699 2995/1816/2706 2996/1817/2707
f 2997/1818/2708 2993/1814/2704 2992/1813/2703
f 2992/1813/2703 2996/1817/2707 2997/1818/2708
f 2997/1818/2708 2996/1817/2707 2998/1819/2709
f 2996/1817/2707 2995/1816/2706 2998/1819/2709
f 2999/1820/2710 2993/1814/2704 2997/1818/2708
f 2999/1820/2710 3000/1821/2711 2993/1814/2704
f 3000/1821/2711 2994/1815/2705 2993/1814/2704
f 3001/1822/2712 2999/1820/2710 2997/1818/2708
f 2997/1818/2708 2998/1819/2709 3001/1822/2712
f 2998/1819/2709 2995/1816/2706 3002/1823/2713
f 3001/1822/2712 2998/1819/2709 3003/1824/2714
f 3004/1825/2715 2998/1819/2709 3002/1823/2713
f 3003/1824/2714 2998/1819/2709 3004/1825/2715
f 3005/1826/2716 3000/1821/2711 2999/1820/2710
f 3006/1827/2717 2999/1820/2710 3001/1822/2712
f 3007/1828/2718 2999/1820/2710 3006/1827/2717
f 3005/1826/2716 2999/1820/2710 3007/1828/2718
f 3008/1829/2719 3009/1830/2720 3010/1831/2721
f 3009/1830/2720 3011/1832/2722 3010/1831/2721
f 3011/1832/2722 3012/1833/2723 3010/1831/2721
f 3012/1833/2723 3013/1834/2724 3010/1831/2721
f 3013/1834/2724 3014/1835/2725 3010/1831/2721
f 3014/1835/2725 3015/1836/2726 3010/1831/2721
f 3015/1836/2726 3016/1837/2727 3010/1831/2721
f 3016/1837/2727 3017/1838/2728 3010/1831/2721
f 3017/1838/2728 3018/1839/2729 3010/1831/2721
f 3018/1839/2729 3019/1840/2730 3010/1831/2721
f 3019/1840/2730 3020/1841/2731 3010/1831/2721
f 3020/1841/2731 3021/1842/2732 3010/1831/2721
f 3021/1842/2732 3022/1843/2733 3010/1831/2721
f 3022/1843/2733 3023/1844/2734 3010/1831/2721
f 3023/1844/2734 3024/1845/2735 3010/1831/2721
f 3024/1845/2735 3025/1829/2719 3010/1831/2721
f 3026/1598/2262 3027/1599/2263 3028/1600/2736
f 3029/1601/2262 3027/1599/2263 3026/1598/2262
f 3029/1601/2262 3026/1598/2262 3030/1602/2288
f 3030/1602/2288 3026/1598/2262 3031/1603/2266
f 3032/1604/2737 3030/1602/2288 3031/1603/2266
f 3033/1605/2267 3030/1602/2288 3032/1604/2737
f 3034/1606/2290 3033/1605/2267 3032/1604/2737
f 3035/1607/2738 3033/1605/2267 3034/1606/2290
f 3036/1608/2270 3035/1607/2738 3034/1606/2290
f 3037/1609/2270 3035/1607/2738 3036/1608/2270
f 3038/1610/2291 3037/1609/2270 3036/1608/2270
f 3039/1611/2291 3037/1609/2270 3038/1610/2291
f 3040/1612/2513 3039/1611/2291 3038/1610/2291
f 3041/1613/2739 3039/1611/2291 3040/1612/2513
f 3042/1614/2273 3041/1613/2739 3040/1612/2513
f 3043/1615/2273 3041/1613/2739 3042/1614/2273
f 3044/1616/2740 3043/1615/2273 3042/1614/2273
f 3045/1617/2515 3043/1615/2273 3044/1616/2740
f 3046/1618/2295 3045/1617/2515 3044/1616/2740
f 3047/1619/2277 3045/1617/2515 3046/1618/2295
f 3048/1620/2517 3047/1619/2277 3046/1618/2295
f 3049/1621/2279 3047/1619/2277 3048/1620/2517
f 3049/1621/2279 3048/1620/2517 3050/1622/2280
f 3050/1622/2280 3048/1620/2517 3051/1623/2280
f 3052/1624/2282 3050/1622/2280 3051/1623/2280
f 3053/1625/2283 3050/1622/2280 3052/1624/2282
f 3054/1626/2284 3053/1625/2283 3052/1624/2282
f 3055/1627/2297 3053/1625/2283 3054/1626/2284
f 3056/1628/2741 3055/1627/2297 3054/1626/2284
f 3057/1629/2741 3055/1627/2297 3056/1628/2741
f 3058/1630/2286 3057/1629/2741 3056/1628/2741
f 3059/1631/2521 3057/1629/2741 3058/1630/2286
f 3060/1846/2742 2952/1773/2663 2953/1774/2664
f 2957/1778/2668 2952/1773/2663 3060/1846/2742
f 2954/1775/2665 2956/1777/2667 3061/1847/2743
f 3061/1847/2743 3062/1848/2744 2954/1775/2665
f 3062/1848/2744 2955/1776/2666 2954/1775/2665
f 3061/1847/2743 2956/1777/2667 3063/1849/2745
f 3063/1849/2745 2956/1777/2667 2957/1778/2668
f 3064/1850/2746 2957/1778/2668 3060/1846/2742
f 3063/1849/2745 2957/1778/2668 3065/1851/2747
f 3066/1852/2748 2957/1778/2668 3064/1850/2746
f 3065/1851/2747 2957/1778/2668 3066/1852/2748
f 3061/1847/2743 3063/1849/2745 3067/1853/2749
f 3067/1853/2749 3063/1849/2745 3065/1851/2747
f 3068/1854/2750 3062/1848/2744 3061/1847/2743
f 3067/1853/2749 3068/1854/2750 3061/1847/2743
f 3069/1855/2751 3065/1851/2747 3066/1852/2748
f 3066/1852/2748 3064/1850/2746 3069/1855/2751
f 3069/1855/2751 3064/1850/2746 3070/1856/2752
f 3067/1853/2749 3065/1851/2747 3071/1857/2753
f 3072/1858/2754 3065/1851/2747 3069/1855/2751
f 3071/1857/2753 3065/1851/2747 3072/1858/2754
f 3073/1859/2755 3068/1854/2750 3067/1853/2749
f 3071/1857/2753 3073/1859/2755 3067/1853/2749
f 3074/1860/2756 3072/1858/2754 3069/1855/2751
f 3075/1861/2757 3069/1855/2751 3070/1856/2752
f 3074/1860/2756 3069/1855/2751 3075/1861/2757
f 3076/1862/2758 3071/1857/2753 3072/1858/2754
f 3076/1862/2758 3072/1858/2754 3074/1860/2756
f 3077/1863/2759 3071/1857/2753 3076/1862/2758
f 3077/1863/2759 3078/1864/2760 3071/1857/2753
f 3078/1864/2760 3073/1859/2755 3071/1857/2753
f 3075/1861/2757 3079/1865/2761 3074/1860/2756
f 3074/1860/2756 3079/1865/2761 3080/1866/2762
f 3081/1867/2763 3074/1860/2756 3080/1866/2762
f 3076/1862/2758 3074/1860/2756 3081/1867/2763
f 3077/1863/2759 3076/1862/2758 3082/1868/2764
f 3082/1868/2764 3076/1862/2758 3081/1867/2763
f 3083/1869/2765 3078/1864/2760 3077/1863/2759
f 3084/1870/2766 3077/1863/2759 3082/1868/2764
f 3083/1869/2765 3077/1863/2759 3084/1870/2766
f 3082/1868/2764 3081/1867/2763 3085/1871/2767
f 3085/1871/2767 3084/1870/2766 3082/1868/2764
f 3081/1867/2763 3080/1866/2762 3086/1872/2768
f 3085/1871/2767 3081/1867/2763 3086/1872/2768
f 3079/1865/2761 3087/1873/2769 3080/1866/2762
f 3080/1866/2762 3087/1873/2769 3088/1874/2770
f 3086/1872/2768 3080/1866/2762 3088/1874/2770
f 3089/1875/2771 3085/1871/2767 3086/1872/2768
f 3086/1872/2768 3088/1874/2770 3089/1875/2771
f 3089/1875/2771 3088/1874/2770 3090/1876/2772
f 3088/1874/2770 3087/1873/2769 3090/1876/2772
f 3091/1877/2773 3084/1870/2766 3085/1871/2767
f 3092/1878/2774 3085/1871/2767 3089/1875/2771
f 3093/1879/2775 3085/1871/2767 3092/1878/2774
f 3091/1877/2773 3085/1871/2767 3093/1879/2775
f 3094/1880/2776 3092/1878/2774 3089/1875/2771
f 3089/1875/2771 3090/1876/2772 3094/1880/2776
f 3095/1881/2777 3092/1878/2774 3094/1880/2776
f 3095/1881/2777 3093/1879/2775 3092/1878/2774
f 3090/1876/2772 3087/1873/2769 3096/1882/2778
f 3094/1880/2776 3090/1876/2772 3097/1883/2779
f 3098/1884/2780 3090/1876/2772 3096/1882/2778
f 3097/1883/2779 3090/1876/2772 3098/1884/2780
f 3099/1885/2781 3093/1879/2775 3095/1881/2777
f 3100/1886/2782 3101/1887/2783 3102/1888/2784
f 3101/1887/2783 3103/1889/2785 3102/1888/2784
f 3103/1889/2785 3104/1890/2786 3102/1888/2784
f 3104/1890/2786 3105/1891/2787 3102/1888/2784
f 3105/1891/2787 3106/1892/2788 3102/1888/2784
f 3106/1892/2788 3107/1893/2789 3102/1888/2784
f 3107/1893/2789 3108/1894/2790 3102/1888/2784
f 3108/1894/2790 3109/1895/2791 3102/1888/2784
f 3109/1895/2791 3110/1896/2792 3102/1888/2784
f 3110/1896/2792 3111/1897/2793 3102/1888/2784
f 3111/1897/2793 3112/1898/2794 3102/1888/2784
f 3112/1898/2794 3113/1899/2795 3102/1888/2784
f 3113/1899/2795 3114/1900/2796 3102/1888/2784
f 3114/1900/2796 3115/1901/2797 3102/1888/2784
f 3115/1901/2797 3116/1902/2798 3102/1888/2784
f 3116/1902/2798 3117/1886/2782 3102/1888/2784
f 3118/1903/2799 3119/1904/2800 3120/1905/2801
f 3121/1906/2802 3119/1904/2800 3118/1903/2799
f 3122/1907/2803 3121/1906/2802 3118/1903/2799
f 3123/1908/2804 3119/1904/2800 3121/1906/2802
f 3124/1909/2805 3119/1904/2800 3123/1908/2804
f 3123/1908/2804 3121/1906/2802 3125/1910/2806
f 3126/1911/2807 3121/1906/2802 3122/1907/2803
f 3125/1910/2806 3121/1906/2802 3126/1911/2807
f 3127/1912/2808 3126/1911/2807 3122/1907/2803
f 3128/1913/2809 3125/1910/2806 3126/1911/2807
f 3128/1913/2809 3126/1911/2807 3127/1912/2808
f 3123/1908/2804 3129/1914/2810 3124/1909/2805
f 3130/1915/2811 3129/1914/2810 3123/1908/2804
f 3125/1910/2806 3130/1915/2811 3123/1908/2804
f 3131/1916/2812 3130/1915/2811 3125/1910/2806
f 3132/1917/2813 3125/1910/2806 3128/1913/2809
f 3132/1917/2813 3131/1916/2812 3125/1910/2806
f 3133/1918/2814 3128/1913/2809 3127/1912/2808
f 3134/1919/2815 3132/1917/2813 3128/1913/2809
f 3134/1919/2815 3128/1913/2809 3133/1918/2814
f 3135/1920/2816 3129/1914/2810 3130/1915/2811
f 3136/1921/2817 3130/1915/2811 3131/1916/2812
f 3135/1920/2816 3130/1915/2811 3136/1921/2817
f 3137/1922/2818 3129/1914/2810 3135/1920/2816
f 3138/1923/2819 3131/1916/2812 3132/1917/2813
f 3139/1924/2820 3131/1916/2812 3138/1923/2819
f 3136/1921/2817 3131/1916/2812 3139/1924/2820
f 3140/1925/2821 3138/1923/2819 3132/1917/2813
f 3140/1925/2821 3132/1917/2813 3134/1919/2815
f 3140/1925/2821 3134/1919/2815 3141/1926/2822
f 3134/1919/2815 3133/1918/2814 3142/1927/2823
f 3141/1926/2822 3134/1919/2815 3142/1927/2823
f 3142/1927/2823 3133/1918/2814 3143/1928/2824
f 3144/1929/2825 3138/1923/2819 3140/1925/2821
f 3145/1930/2826 3138/1923/2819 3144/1929/2825
f 3139/1924/2820 3138/1923/2819 3145/1930/2826
f 3144/1929/2825 3140/1925/2821 3146/1931/2827
f 3146/1931/2827 3140/1925/2821 3141/1926/2822
f 3146/1931/2827 3145/1930/2826 3144/1929/2825
f 3147/1932/2828 3141/1926/2822 3142/1927/2823
f 3148/1933/2829 3142/1927/2823 3143/1928/2824
f 3147/1932/2828 3142/1927/2823 3148/1933/2829
f 3146/1931/2827 3141/1926/2822 3149/1934/2830
f 3150/1935/2831 3141/1926/2822 3147/1932/2828
f 3149/1934/2830 3141/1926/2822 3150/1935/2831
f 3151/1936/2832 3145/1930/2826 3146/1931/2827
f 3149/1934/2830 3151/1936/2832 3146/1931/2827
f 2963/1784/2674 3150/1935/2831 3147/1932/2828
f 2965/1786/2676 3147/1932/2828 3148/1933/2829
f 2963/1784/2674 3147/1932/2828 2965/1786/2676
f 3149/1934/2830 3150/1935/2831 2958/1779/2669
f 2959/1780/2670 3150/1935/2831 2963/1784/2674
f 2958/1779/2669 3150/1935/2831 2959/1780/2670
f 2961/1782/2672 3149/1934/2830 2958/1779/2669
f 3152/1937/2833 3149/1934/2830 2961/1782/2672
f 3152/1937/2833 3151/1936/2832 3149/1934/2830
f 3153/1938/2834 3154/1939/2835 3155/1940/2836
f 3156/1941/2837 3154/1939/2835 3153/1938/2834
f 3157/1942/2838 3156/1941/2837 3153/1938/2834
f 3154/1939/2835 3156/1941/2837 3158/1943/2839
f 3159/1944/2840 3156/1941/2837 3157/1942/2838
f 3158/1943/2839 3156/1941/2837 3160/1945/2841
f 3156/1941/2837 3159/1944/2840 3160/1945/2841
f 3161/1946/2842 3159/1944/2840 3157/1942/2838
f 3162/1947/2843 3159/1944/2840 3161/1946/2842
f 3159/1944/2840 3162/1947/2843 3163/1948/2844
f 3160/1945/2841 3159/1944/2840 3163/1948/2844
f 3164/1949/2845 3162/1947/2843 3161/1946/2842
f 3163/1948/2844 3162/1947/2843 3165/1950/2846
f 3166/1951/2847 3162/1947/2843 3164/1949/2845
f 3162/1947/2843 3167/1952/2848 3165/1950/2846
f 3166/1951/2847 3167/1952/2848 3162/1947/2843
f 3168/1953/2849 3166/1951/2847 3164/1949/2845
f 3169/1954/2850 3166/1951/2847 3168/1953/2849
f 3166/1951/2847 3170/1955/2851 3167/1952/2848
f 3169/1954/2850 3170/1955/2851 3166/1951/2847
f 3169/1954/2850 3168/1953/2849 3171/1956/2852
f 3169/1954/2850 3171/1956/2852 3170/1955/2851
f 3171/1956/2852 3168/1953/2849 3172/1957/2853
f 3170/1955/2851 3171/1956/2852 3173/1958/2854
f 3174/1959/2855 3171/1956/2852 3172/1957/2853
f 3175/1960/2856 3171/1956/2852 3174/1959/2855
f 3171/1956/2852 3175/1960/2856 3173/1958/2854
f 3173/1958/2854 3175/1960/2856 3176/1961/2857
f 3177/1962/2858 3175/1960/2856 3174/1959/2855
f 3178/1963/2859 3175/1960/2856 3177/1962/2858
f 3175/1960/2856 3178/1963/2859 3176/1961/2857
f 3176/1961/2857 3178/1963/2859 3179/1964/2860
f 3180/1965/2861 3178/1963/2859 3177/1962/2858
f 3181/1966/2862 3178/1963/2859 3180/1965/2861
f 3178/1963/2859 3182/1967/2863 3179/1964/2860
f 3181/1966/2862 3182/1967/2863 3178/1963/2859
f 3183/1968/2864 3181/1966/2862 3180/1965/2861
f 3184/1969/2865 3181/1966/2862 3183/1968/2864
f 3181/1966/2862 3185/1970/2866 3182/1967/2863
f 3184/1969/2865 3185/1970/2866 3181/1966/2862
f 3186/1971/2867 3184/1969/2865 3183/1968/2864
f 3187/1972/2868 3184/1969/2865 3186/1971/2867
f 3184/1969/2865 3188/1973/2869 3185/1970/2866
f 3187/1972/2868 3188/1973/2869 3184/1969/2865
f 3187/1972/2868 3186/1971/2867 3189/1974/2870
f 3187/1972/2868 3190/1975/2871 3188/1973/2869
f 3189/1974/2870 3190/1975/2871 3187/1972/2868
f 3189/1974/2870 3186/1971/2867 3191/1976/2872
f 3189/1974/2870 3191/1976/2872 3192/1977/2873
f 3189/1974/2870 3192/1977/2873 3190/1975/2871
f 3190/1975/2871 3192/1977/2873 3193/1978/2874
f 3192/1977/2873 3191/1976/2872 3194/1979/2875
f 3192/1977/2873 3195/1980/2876 3193/1978/2874
f 3196/1981/2877 3192/1977/2873 3194/1979/2875
f 3197/1982/2878 3192/1977/2873 3196/1981/2877
f 3197/1982/2878 3195/1980/2876 3192/1977/2873
f 3198/1983/2879 3197/1982/2878 3196/1981/2877
f 3199/1984/2880 3197/1982/2878 3198/1983/2879
f 3197/1982/2878 3199/1984/2880 3195/1980/2876
f 3195/1980/2876 3199/1984/2880 3200/1985/2881
f 3201/1986/2882 3199/1984/2880 3198/1983/2879
f 3202/1987/2883 3199/1984/2880 3201/1986/2882
f 3199/1984/2880 3202/1987/2883 3200/1985/2881
f 3200/1985/2881 3202/1987/2883 3203/1988/2884
f 3204/1989/2885 3205/1990/2886 3206/1991/2887
f 3207/1992/2888 3205/1990/2886 3204/1989/2885
f 3208/1993/2889 3207/1992/2888 3204/1989/2885
f 3209/1994/2890 3207/1992/2888 3208/1993/2889
f 3210/1995/2891 3209/1994/2890 3208/1993/2889
f 3211/1996/2892 3209/1994/2890 3210/1995/2891
f 3212/1997/2893 3211/1996/2892 3210/1995/2891
f 3213/1998/2894 3211/1996/2892 3212/1997/2893
f 3214/1999/2895 3213/1998/2894 3212/1997/2893
f 3215/2000/2896 3213/1998/2894 3214/1999/2895
f 3216/2001/2897 3215/2000/2896 3214/1999/2895
f 3217/2002/2898 3215/2000/2896 3216/2001/2897
f 3217/2002/2898 3216/2001/2897 3218/2003/2899
f 3218/2003/2899 3216/2001/2897 3219/2004/2900
f 3218/2003/2899 3219/2004/2900 3220/2005/2901
f 3220/2005/2901 3219/2004/2900 3221/2006/2902
f 3220/2005/2901 3221/2006/2902 3222/2007/2903
f 3222/2007/2903 3221/2006/2902 3223/2008/2904
f 3222/2007/2903 3223/2008/2904 3224/2009/2905
f 3224/2009/2905 3223/2008/2904 3225/2010/2906
f 3224/2009/2905 3225/2010/2906 3226/2011/2907
f 3226/2011/2907 3225/2010/2906 3227/2012/2908
f 3226/2011/2907 3227/2012/2908 3228/2013/2909
f 3228/2013/2909 3227/2012/2908 3229/2014/2910
f 3230/2015/2911 3231/2016/2912 3232/2017/2913
f 3232/2017/2913 3231/2016/2912 3233/2018/2914
f 3231/2016/2912 3234/2019/2915 3233/2018/2914
f 3232/2017/2913 3233/2018/2914 3235/2020/2916
f 3233/2018/2914 3234/2019/2915 3236/2021/2917
f 3235/2020/2916 3233/2018/2914 3237/2022/2918
f 3233/2018/2914 3236/2021/2917 3237/2022/2918
f 3235/2020/2916 3237/2022/2918 3238/2023/2919
f 3234/2019/2915 3239/2024/2920 3236/2021/2917
f 3237/2022/2918 3236/2021/2917 3240/2025/2921
f 3236/2021/2917 3239/2024/2920 3240/2025/2921
f 3237/2022/2918 3240/2025/2921 3241/2026/2922
f 3238/2023/2919 3237/2022/2918 3241/2026/2922
f 3242/2027/2923 3239/2024/2920 3234/2019/2915
f 3242/2027/2923 3243/2028/2924 3239/2024/2920
f 3240/2025/2921 3239/2024/2920 3244/2029/2925
f 3239/2024/2920 3243/2028/2924 3244/2029/2925
f 3240/2025/2921 3244/2029/2925 3245/2030/2926
f 3241/2026/2922 3240/2025/2921 3245/2030/2926
f 3246/2031/2927 3243/2028/2924 3242/2027/2923
f 3246/2031/2927 3247/2032/2928 3243/2028/2924
f 3244/2029/2925 3243/2028/2924 3248/2033/2929
f 3243/2028/2924 3247/2032/2928 3248/2033/2929
f 3244/2029/2925 3248/2033/2929 3249/2034/2930
f 3245/2030/2926 3244/2029/2925 3249/2034/2930
f 3250/2035/2931 3247/2032/2928 3246/2031/2927
f 3249/2034/2930 3248/2033/2929 3251/2036/2932
f 3248/2033/2929 3252/2037/2933 3251/2036/2932
f 3248/2033/2929 3247/2032/2928 3252/2037/2933
f 3250/2035/2931 3253/2038/2934 3247/2032/2928
f 3247/2032/2928 3254/2039/2935 3252/2037/2933
f 3247/2032/2928 3253/2038/2934 3254/2039/2935
f 3251/2036/2932 3252/2037/2933 3255/2040/2936
f 3252/2037/2933 3256/2041/2937 3255/2040/2936
f 3252/2037/2933 3254/2039/2935 3256/2041/2937
f 3253/2038/2934 3257/2042/2938 3254/2039/2935
f 3254/2039/2935 3257/2042/2938 3258/2043/2939
f 3254/2039/2935 3258/2043/2939 3256/2041/2937
f 3255/2040/2936 3256/2041/2937 3259/2044/2940
f 3256/2041/2937 3260/2045/2941 3259/2044/2940
f 3256/2041/2937 3258/2043/2939 3260/2045/2941
f 3257/2042/2938 3261/2046/2942 3258/2043/2939
f 3258/2043/2939 3261/2046/2942 3262/2047/2943
f 3258/2043/2939 3262/2047/2943 3260/2045/2941
f 3259/2044/2940 3260/2045/2941 3263/2048/2944
f 3260/2045/2941 3262/2047/2943 3264/2049/2916
f 3260/2045/2941 3264/2049/2916 3263/2048/2944
f 3255/2040/2936 3259/2044/2940 3265/2050/2945
f 3266/2051/2946 3255/2040/2936 3265/2050/2945
f 3259/2044/2940 3267/2052/2947 3265/2050/2945
f 3263/2048/2944 3264/2049/2916 3268/2053/2948
f 3269/2054/2949 3266/2051/2946 3265/2050/2945
f 3267/2052/2947 3270/2055/2950 3265/2050/2945
f 3270/2055/2950 3271/2056/2951 3265/2050/2945
f 3272/2057/2952 3269/2054/2949 3265/2050/2945
f 3271/2056/2951 3272/2057/2952 3265/2050/2945
f 3273/2053/2953 3274/2058/2954 3275/2049/2955
f 3275/2049/2955 3274/2058/2954 3276/2059/2956
f 3274/2058/2954 3277/2060/2957 3276/2059/2956
f 3275/2049/2955 3276/2059/2956 3278/2047/2958
f 3276/2059/2956 3277/2060/2957 3279/2061/2959
f 3278/2047/2958 3276/2059/2956 3280/2062/2960
f 3276/2059/2956 3279/2061/2959 3280/2062/2960
f 3277/2060/2957 3281/2040/2961 3279/2061/2959
f 3278/2047/2958 3280/2062/2960 3282/2046/2962
f 3279/2061/2959 3281/2040/2961 3283/2037/2963
f 3280/2062/2960 3279/2061/2959 3284/2063/2964
f 3279/2061/2959 3283/2037/2963 3284/2063/2964
f 3280/2062/2960 3284/2063/2964 3285/2064/2965
f 3282/2046/2962 3280/2062/2960 3285/2064/2965
f 3281/2040/2961 3286/2036/2966 3283/2037/2963
f 3283/2037/2963 3286/2036/2966 3287/2033/2967
f 3284/2063/2964 3283/2037/2963 3288/2032/2968
f 3283/2037/2963 3287/2033/2967 3288/2032/2968
f 3284/2063/2964 3288/2032/2968 3289/2065/2969
f 3285/2064/2965 3284/2063/2964 3289/2065/2969
f 3286/2036/2966 3290/2034/2970 3287/2033/2967
f 3287/2033/2967 3290/2034/2970 3291/2029/2971
f 3288/2032/2968 3287/2033/2967 3292/2028/2972
f 3287/2033/2967 3291/2029/2971 3292/2028/2972
f 3292/2028/2972 3293/2031/2973 3288/2032/2968
f 3289/2065/2969 3288/2032/2968 3294/2035/2974
f 3288/2032/2968 3293/2031/2973 3294/2035/2974
f 3290/2034/2970 3295/2066/2975 3291/2029/2971
f 3291/2029/2971 3295/2066/2975 3296/2067/2976
f 3292/2028/2972 3291/2029/2971 3297/2024/2977
f 3291/2029/2971 3296/2067/2976 3297/2024/2977
f 3297/2024/2977 3298/2027/2978 3292/2028/2972
f 3292/2028/2972 3298/2027/2978 3293/2031/2973
f 3295/2066/2975 3299/2068/2979 3296/2067/2976
f 3296/2067/2976 3299/2068/2979 3300/2069/2980
f 3297/2024/2977 3296/2067/2976 3301/2070/2981
f 3296/2067/2976 3300/2069/2980 3301/2070/2981
f 3301/2070/2981 3302/2071/2982 3297/2024/2977
f 3297/2024/2977 3302/2071/2982 3298/2027/2978
f 3301/2070/2981 3303/2072/2983 3302/2071/2982
f 3301/2070/2981 3300/2069/2980 3303/2072/2983
f 3299/2068/2979 3304/2023/2953 3300/2069/2980
f 3300/2069/2980 3304/2023/2953 3305/2020/2984
f 3300/2069/2980 3305/2020/2984 3303/2072/2983
f 3302/2071/2982 3303/2072/2983 3306/2073/2985
f 3303/2072/2983 3307/2017/2958 3306/2073/2985
f 3303/2072/2983 3305/2020/2984 3307/2017/2958
f 3306/2073/2985 3307/2017/2958 3308/2015/2962
f 3309/2074/2986 3310/2075/2987 3311/2076/2965
f 3311/2076/2965 3310/2075/2987 3312/2077/2988
f 3311/2076/2965 3312/2077/2988 3313/2078/2989
f 3313/2078/2989 3312/2077/2988 3314/2079/2990
f 3313/2078/2989 3314/2079/2990 3315/2080/2991
f 3315/2080/2991 3314/2079/2990 3316/2081/2992
f 3315/2080/2991 3316/2081/2992 3317/2082/2993
f 3317/2082/2993 3316/2081/2992 3318/2083/2994
f 3319/2084/2995 3317/2082/2993 3318/2083/2994
f 3320/2085/2978 3317/2082/2993 3319/2084/2995
f 3321/2086/2996 3320/2085/2978 3319/2084/2995
f 3322/2087/2973 3320/2085/2978 3321/2086/2996
f 3323/2088/2997 3322/2087/2973 3321/2086/2996
f 3324/2089/2998 3322/2087/2973 3323/2088/2997
f 3325/2090/2999 3324/2089/2998 3323/2088/2997
f 3326/2091/3000 3324/2089/2998 3325/2090/2999
f 3327/2092/3001 3328/2093/3002 3329/2094/3003
f 3329/2094/3003 3328/2093/3002 3330/2095/3004
f 3328/2093/3002 3331/2096/3005 3330/2095/3004
f 3332/2097/3006 3329/2094/3003 3330/2095/3004
f 3333/2098/3007 3329/2094/3003 3332/2097/3006
f 3330/2095/3004 3331/2096/3005 3334/2099/3008
f 3335/2100/3009 3330/2095/3004 3334/2099/3008
f 3332/2097/3006 3330/2095/3004 3335/2100/3009
f 3336/2101/3010 3333/2098/3007 3332/2097/3006
f 3332/2097/3006 3337/2102/3011 3336/2101/3010
f 3335/2100/3009 3337/2102/3011 3332/2097/3006
f 3338/2103/3012 3333/2098/3007 3336/2101/3010
f 3334/2099/3008 3331/2096/3005 3339/2104/3013
f 3340/2105/3014 3334/2099/3008 3339/2104/3013
f 3335/2100/3009 3334/2099/3008 3340/2105/3014
f 3340/2105/3014 3341/2106/3015 3335/2100/3009
f 3335/2100/3009 3341/2106/3015 3337/2102/3011
f 3339/2104/3013 3331/2096/3005 3342/2107/3016
f 3343/2108/3017 3336/2101/3010 3337/2102/3011
f 3337/2102/3011 3341/2106/3015 3343/2108/3017
f 3344/2109/3018 3338/2103/3012 3336/2101/3010
f 3344/2109/3018 3336/2101/3010 3343/2108/3017
f 3345/2110/3019 3338/2103/3012 3344/2109/3018
f 3342/2107/3016 3346/2111/3020 3339/2104/3013
f 3339/2104/3013 3347/2112/3021 3340/2105/3014
f 3339/2104/3013 3346/2111/3020 3347/2112/3021
f 3340/2105/3014 3347/2112/3021 3348/2113/3022
f 3349/2114/3023 3340/2105/3014 3348/2113/3022
f 3341/2106/3015 3340/2105/3014 3349/2114/3023
f 3343/2108/3017 3341/2106/3015 3350/2115/3024
f 3351/2116/3025 3341/2106/3015 3349/2114/3023
f 3350/2115/3024 3341/2106/3015 3351/2116/3025
f 3352/2117/3026 3344/2109/3018 3343/2108/3017
f 3343/2108/3017 3350/2115/3024 3352/2117/3026
f 3353/2118/3027 3345/2110/3019 3344/2109/3018
f 3353/2118/3027 3344/2109/3018 3352/2117/3026
f 3354/2119/3028 3345/2110/3019 3353/2118/3027
f 3352/2117/3026 3350/2115/3024 3355/2120/3029
f 3356/2121/3030 3350/2115/3024 3351/2116/3025
f 3355/2120/3029 3350/2115/3024 3356/2121/3030
f 3353/2118/3027 3352/2117/3026 3357/2122/3031
f 3352/2117/3026 3355/2120/3029 3358/2123/3032
f 3357/2122/3031 3352/2117/3026 3358/2123/3032
f 3354/2119/3028 3353/2118/3027 3359/2124/3033
f 3359/2124/3033 3353/2118/3027 3357/2122/3031
f 3358/2123/3032 3355/2120/3029 3360/2125/3034
f 3361/2126/3035 3355/2120/3029 3356/2121/3030
f 3360/2125/3034 3355/2120/3029 3361/2126/3035
f 3359/2124/3033 3357/2122/3031 3362/2127/3036
f 3357/2122/3031 3358/2123/3032 3363/2128/3037
f 3362/2127/3036 3357/2122/3031 3363/2128/3037
f 3363/2128/3037 3358/2123/3032 3364/2129/3038
f 3358/2123/3032 3360/2125/3034 3364/2129/3038
f 3364/2129/3038 3360/2125/3034 3365/2130/3039
f 3360/2125/3034 3361/2126/3035 3365/2130/3039
f 3365/2130/3039 3361/2126/3035 3366/2131/3040
f 3367/2132/3041 3364/2129/3038 3365/2130/3039
f 3365/2130/3039 3366/2131/3040 3367/2132/3041
f 3362/2127/3036 3363/2128/3037 3368/2133/3042
f 3368/2133/3042 3363/2128/3037 3369/2134/3002
f 3363/2128/3037 3364/2129/3038 3369/2134/3002
f 3369/2134/3002 3364/2129/3038 3370/2135/3043
f 3370/2135/3043 3364/2129/3038 3367/2132/3041
f 3367/2132/3041 3366/2131/3040 3371/2136/3044
f 3372/2137/3045 3373/2138/3046 3374/2139/3047
f 3374/2139/3047 3373/2138/3046 3375/2140/3048
f 3373/2138/3046 3376/2141/3049 3375/2140/3048
f 3374/2139/3047 3375/2140/3048 3377/2142/3050
f 3375/2140/3048 3376/2141/3049 3378/2143/3051
f 3377/2142/3050 3375/2140/3048 3379/2144/3052
f 3375/2140/3048 3378/2143/3051 3379/2144/3052
f 3380/2145/3053 3381/2146/3054 3382/2147/3055
f 3380/2145/3053 3383/2148/3056 3381/2146/3054
f 3381/2146/3054 3383/2148/3056 3384/2149/3057
f 3383/2148/3056 3385/2150/3058 3384/2149/3057
f 3382/2147/3055 3381/2146/3054 3386/2151/3059
f 3381/2146/3054 3384/2149/3057 3387/2152/3060
f 3388/2153/3061 3381/2146/3054 3387/2152/3060
f 3386/2151/3059 3381/2146/3054 3388/2153/3061
f 3384/2149/3057 3385/2150/3058 3389/2154/3062
f 3384/2149/3057 3389/2154/3062 3390/2155/3063
f 3387/2152/3060 3384/2149/3057 3390/2155/3063
f 3391/2156/3064 3382/2147/3055 3386/2151/3059
f 3392/2157/3065 3386/2151/3059 3388/2153/3061
f 3391/2156/3064 3386/2151/3059 3392/2157/3065
f 3393/2158/3066 3382/2147/3055 3391/2156/3064
f 3388/2153/3061 3387/2152/3060 3394/2159/3067
f 3388/2153/3061 3394/2159/3067 3392/2157/3065
f 3394/2159/3067 3387/2152/3060 3395/2160/3068
f 3387/2152/3060 3396/2161/3069 3395/2160/3068
f 3390/2155/3063 3396/2161/3069 3387/2152/3060
f 3385/2150/3058 3397/2162/3070 3389/2154/3062
f 3389/2154/3062 3397/2162/3070 3398/2163/3071
f 3390/2155/3063 3389/2154/3062 3398/2163/3071
f 3398/2163/3071 3399/2164/3072 3390/2155/3063
f 3390/2155/3063 3399/2164/3072 3396/2161/3069
f 3400/2165/3073 3393/2158/3066 3391/2156/3064
f 3401/2166/3074 3391/2156/3064 3392/2157/3065
f 3400/2165/3073 3391/2156/3064 3401/2166/3074
f 3392/2157/3065 3402/2167/3075 3401/2166/3074
f 3392/2157/3065 3394/2159/3067 3402/2167/3075
f 3396/2161/3069 3403/2168/3076 3395/2160/3068
f 3396/2161/3069 3399/2164/3072 3403/2168/3076
f 3395/2160/3068 3404/2169/3077 3394/2159/3067
f 3395/2160/3068 3403/2168/3076 3404/2169/3077
f 3394/2159/3067 3404/2169/3077 3405/2170/3078
f 3394/2159/3067 3405/2170/3078 3402/2167/3075
f 3398/2163/3071 3397/2162/3070 3406/2171/3079
f 3398/2163/3071 3406/2171/3079 3399/2164/3072
f 3399/2164/3072 3406/2171/3079 3407/2172/3080
f 3399/2164/3072 3407/2172/3080 3408/2173/3081
f 3403/2168/3076 3399/2164/3072 3408/2173/3081
f 3409/2174/3082 3400/2165/3073 3401/2166/3074
f 3401/2166/3074 3402/2167/3075 3410/2175/3083
f 3411/2176/3084 3401/2166/3074 3410/2175/3083
f 3409/2174/3082 3401/2166/3074 3411/2176/3084
f 3410/2175/3083 3402/2167/3075 3412/2177/3085
f 3402/2167/3075 3405/2170/3078 3413/2178/3086
f 3412/2177/3085 3402/2167/3075 3413/2178/3086
f 3411/2176/3084 3410/2175/3083 3414/2179/3087
f 3414/2179/3087 3410/2175/3083 3412/2177/3085
f 3406/2171/3079 3415/2180/3088 3407/2172/3080
f 3407/2172/3080 3415/2180/3088 3416/2181/3089
f 3376/2141/3049 3417/2182/3090 3378/2143/3051
f 3378/2143/3051 3417/2182/3090 3418/2183/3091
f 3379/2144/3052 3378/2143/3051 3419/2184/3092
f 3378/2143/3051 3418/2183/3091 3419/2184/3092
f 3419/2184/3092 3420/2185/3093 3379/2144/3052
f 3379/2144/3052 3421/2186/3094 3377/2142/3050
f 3379/2144/3052 3420/2185/3093 3421/2186/3094
f 3419/2184/3092 3418/2183/3091 3422/2187/3095
f 3419/2184/3092 3422/2187/3095 3420/2185/3093
f 3377/2142/3050 3421/2186/3094 3423/2188/3096
f 3417/2182/3090 3424/2189/3097 3418/2183/3091
f 3418/2183/3091 3425/2190/3098 3422/2187/3095
f 3424/2189/3097 3425/2190/3098 3418/2183/3091
f 3422/2187/3095 3425/2190/3098 3426/2191/3099
f 3420/2185/3093 3422/2187/3095 3426/2191/3099
f 3427/2192/3100 3424/2189/3097 3417/2182/3090
f 3426/2191/3099 3428/2193/3101 3420/2185/3093
f 3420/2185/3093 3429/2194/3102 3421/2186/3094
f 3420/2185/3093 3428/2193/3101 3429/2194/3102
f 3421/2186/3094 3429/2194/3102 3430/2195/3103
f 3421/2186/3094 3430/2195/3103 3423/2188/3096
f 3426/2191/3099 3425/2190/3098 3431/2196/3104
f 3426/2191/3099 3431/2196/3104 3428/2193/3101
f 3424/2189/3097 3432/2197/3105 3425/2190/3098
f 3425/2190/3098 3432/2197/3105 3431/2196/3104
f 3427/2192/3100 3433/2198/3106 3424/2189/3097
f 3433/2198/3106 3432/2197/3105 3424/2189/3097
f 3423/2188/3096 3430/2195/3103 3434/2199/3107
f 3435/2200/3108 3433/2198/3106 3427/2192/3100
f 3428/2193/3101 3431/2196/3104 3436/2201/3109
f 3431/2196/3104 3432/2197/3105 3437/2202/3110
f 3431/2196/3104 3437/2202/3110 3436/2201/3109
f 3433/2198/3106 3438/2203/3111 3432/2197/3105
f 3432/2197/3105 3438/2203/3111 3437/2202/3110
f 3435/2200/3108 3439/2204/3112 3433/2198/3106
f 3439/2204/3112 3438/2203/3111 3433/2198/3106
f 3440/2205/3113 3439/2204/3112 3435/2200/3108
f 3436/2201/3109 3437/2202/3110 3441/2206/3114
f 3437/2202/3110 3438/2203/3111 3442/2207/3115
f 3437/2202/3110 3442/2207/3115 3441/2206/3114
f 3439/2204/3112 3443/2208/3116 3438/2203/3111
f 3438/2203/3111 3443/2208/3116 3442/2207/3115
f 3440/2205/3113 3444/2209/3117 3439/2204/3112
f 3444/2209/3117 3443/2208/3116 3439/2204/3112
f 3445/2210/3118 3444/2209/3117 3440/2205/3113
f 3441/2206/3114 3442/2207/3115 3446/2211/3119
f 3442/2207/3115 3443/2208/3116 3447/2212/3120
f 3442/2207/3115 3447/2212/3120 3446/2211/3119
f 3444/2209/3117 3448/2213/3121 3443/2208/3116
f 3443/2208/3116 3449/2214/3122 3447/2212/3120
f 3448/2213/3121 3449/2214/3122 3443/2208/3116
f 3447/2212/3120 3449/2214/3122 3450/2215/3123
f 3446/2211/3119 3447/2212/3120 3450/2215/3123
f 3445/2210/3118 3451/2216/3124 3444/2209/3117
f 3452/2217/3125 3448/2213/3121 3444/2209/3117
f 3444/2209/3117 3451/2216/3124 3452/2217/3125
f 3448/2213/3121 3453/2218/3126 3449/2214/3122
f 3450/2215/3123 3449/2214/3122 3454/2219/3127
f 3449/2214/3122 3453/2218/3126 3454/2219/3127
f 3452/2217/3125 3455/2220/3128 3448/2213/3121
f 3456/2221/3129 3453/2218/3126 3448/2213/3121
f 3448/2213/3121 3455/2220/3128 3456/2221/3129
f 3451/2216/3124 3457/2222/3130 3452/2217/3125
f 3452/2217/3125 3457/2222/3130 3455/2220/3128
f 3456/2221/3129 3458/2223/3131 3453/2218/3126
f 3454/2219/3127 3453/2218/3126 3459/2224/3132
f 3453/2218/3126 3458/2223/3131 3459/2224/3132
f 3457/2222/3130 3460/2225/3133 3455/2220/3128
f 3455/2220/3128 3461/2226/3134 3456/2221/3129
f 3455/2220/3128 3460/2225/3133 3461/2226/3134
f 3456/2221/3129 3461/2226/3134 3462/2227/3135
f 3462/2227/3135 3458/2223/3131 3456/2221/3129
f 3462/2227/3135 3463/2228/3136 3458/2223/3131
f 3459/2224/3132 3458/2223/3131 3464/2229/3137
f 3458/2223/3131 3463/2228/3136 3464/2229/3137
f 3460/2225/3133 3465/2230/3138 3461/2226/3134
f 3461/2226/3134 3465/2230/3138 3466/2231/3139
f 3461/2226/3134 3466/2231/3139 3462/2227/3135
f 3462/2227/3135 3466/2231/3139 3467/2232/3140
f 3467/2232/3140 3463/2228/3136 3462/2227/3135
f 3467/2232/3140 3468/2233/3141 3463/2228/3136
f 3464/2229/3137 3463/2228/3136 3469/2234/3142
f 3463/2228/3136 3468/2233/3141 3469/2234/3142
f 3465/2230/3138 3470/2235/3143 3466/2231/3139
f 3466/2231/3139 3470/2235/3143 3471/2236/3144
f 3466/2231/3139 3471/2236/3144 3467/2232/3140
f 3467/2232/3140 3471/2236/3144 3472/2237/3145
f 3472/2237/3145 3468/2233/3141 3467/2232/3140
f 3469/2234/3142 3468/2233/3141 3473/2238/3146
f 3472/2237/3145 3474/2239/3147 3468/2233/3141
f 3468/2233/3141 3475/2240/3148 3473/2238/3146
f 3474/2239/3147 3475/2240/3148 3468/2233/3141
f 3470/2235/3143 3476/2241/3149 3471/2236/3144
f 3471/2236/3144 3476/2241/3149 3477/2242/3150
f 3471/2236/3144 3477/2242/3150 3472/2237/3145
f 3472/2237/3145 3477/2242/3150 3478/2243/3151
f 3478/2243/3151 3474/2239/3147 3472/2237/3145
f 3476/2241/3149 3479/2244/3152 3477/2242/3150
f 3477/2242/3150 3479/2244/3152 3478/2243/3151
f 3478/2243/3151 3479/2244/3152 3480/2245/3153
f 3478/2243/3151 3480/2245/3153 3474/2239/3147
f 3474/2239/3147 3480/2245/3153 3481/2246/3154
f 3474/2239/3147 3482/2247/3155 3475/2240/3148
f 3481/2246/3154 3482/2247/3155 3474/2239/3147
f 3483/2248/3156 3479/2244/3152 3476/2241/3149
f 3483/2248/3156 3484/2249/3157 3479/2244/3152
f 3479/2244/3152 3485/2250/3158 3480/2245/3153
f 3479/2244/3152 3484/2249/3157 3485/2250/3158
f 3480/2245/3153 3485/2250/3158 3486/2251/3159
f 3480/2245/3153 3486/2251/3159 3481/2246/3154
f 3481/2246/3154 3486/2251/3159 3487/2252/3160
f 3481/2246/3154 3488/2253/3161 3482/2247/3155
f 3487/2252/3160 3488/2253/3161 3481/2246/3154
f 3484/2249/3157 3489/2254/3162 3485/2250/3158
f 3485/2250/3158 3489/2254/3162 3490/2255/3163
f 3485/2250/3158 3490/2255/3163 3486/2251/3159
f 3486/2251/3159 3490/2255/3163 3491/2256/3164
f 3486/2251/3159 3491/2256/3164 3487/2252/3160
f 3487/2252/3160 3491/2256/3164 3492/2257/3165
f 3487/2252/3160 3493/2258/3107 3488/2253/3161
f 3492/2257/3165 3493/2258/3107 3487/2252/3160
f 3494/2137/3166 3495/2138/3167 3496/2139/3168
f 3496/2139/3168 3495/2138/3167 3497/2140/3169
f 3495/2138/3167 3498/2141/3049 3497/2140/3169
f 3496/2139/3168 3497/2140/3169 3499/2142/3170
f 3497/2140/3169 3498/2141/3049 3500/2143/3171
f 3499/2142/3170 3497/2140/3169 3501/2144/3172
f 3497/2140/3169 3500/2143/3171 3501/2144/3172
f 3498/2141/3049 3502/2182/3173 3500/2143/3171
f 3500/2143/3171 3502/2182/3173 3503/2183/3174
f 3501/2144/3172 3500/2143/3171 3504/2184/3175
f 3500/2143/3171 3503/2183/3174 3504/2184/3175
f 3504/2184/3175 3505/2185/3176 3501/2144/3172
f 3501/2144/3172 3506/2186/3177 3499/2142/3170
f 3501/2144/3172 3505/2185/3176 3506/2186/3177
f 3504/2184/3175 3503/2183/3174 3507/2187/3178
f 3504/2184/3175 3507/2187/3178 3505/2185/3176
f 3499/2142/3170 3506/2186/3177 3508/2188/3179
f 3502/2182/3173 3509/2189/3180 3503/2183/3174
f 3503/2183/3174 3510/2190/3181 3507/2187/3178
f 3509/2189/3180 3510/2190/3181 3503/2183/3174
f 3507/2187/3178 3510/2190/3181 3511/2191/3182
f 3505/2185/3176 3507/2187/3178 3511/2191/3182
f 3505/2185/3176 3511/2191/3182 3512/2194/3183
f 3505/2185/3176 3512/2194/3183 3506/2186/3177
f 3506/2186/3177 3512/2194/3183 3513/2195/3184
f 3506/2186/3177 3513/2195/3184 3508/2188/3179
f 3514/2192/3185 3509/2189/3180 3502/2182/3173
f 3508/2188/3179 3513/2195/3184 3515/2199/3186
f 3514/2192/3185 3516/2198/3187 3509/2189/3180
f 3509/2189/3180 3517/2197/3188 3510/2190/3181
f 3516/2198/3187 3517/2197/3188 3509/2189/3180
f 3510/2190/3181 3517/2197/3188 3518/2196/3189
f 3511/2191/3182 3510/2190/3181 3518/2196/3189
f 3511/2191/3182 3518/2196/3189 3519/2193/3190
f 3512/2194/3183 3511/2191/3182 3519/2193/3190
f 3520/2200/3191 3516/2198/3187 3514/2192/3185
f 3520/2200/3191 3521/2204/3192 3516/2198/3187
f 3516/2198/3187 3522/2203/3193 3517/2197/3188
f 3521/2204/3192 3522/2203/3193 3516/2198/3187
f 3517/2197/3188 3522/2203/3193 3523/2202/3194
f 3518/2196/3189 3517/2197/3188 3523/2202/3194
f 3518/2196/3189 3523/2202/3194 3524/2201/3195
f 3519/2193/3190 3518/2196/3189 3524/2201/3195
f 3525/2205/3196 3521/2204/3192 3520/2200/3191
f 3525/2205/3196 3526/2209/3197 3521/2204/3192
f 3521/2204/3192 3527/2208/3198 3522/2203/3193
f 3526/2209/3197 3527/2208/3198 3521/2204/3192
f 3522/2203/3193 3527/2208/3198 3528/2207/3199
f 3523/2202/3194 3522/2203/3193 3528/2207/3199
f 3523/2202/3194 3528/2207/3199 3529/2206/3200
f 3524/2201/3195 3523/2202/3194 3529/2206/3200
f 3530/2210/3201 3526/2209/3197 3525/2205/3196
f 3528/2207/3199 3527/2208/3198 3531/2212/3202
f 3528/2207/3199 3531/2212/3202 3532/2211/3203
f 3529/2206/3200 3528/2207/3199 3532/2211/3203
f 3526/2209/3197 3533/2213/3204 3527/2208/3198
f 3527/2208/3198 3534/2214/3205 3531/2212/3202
f 3533/2213/3204 3534/2214/3205 3527/2208/3198
f 3530/2210/3201 3535/2216/3206 3526/2209/3197
f 3536/2217/3207 3533/2213/3204 3526/2209/3197
f 3526/2209/3197 3535/2216/3206 3536/2217/3207
f 3531/2212/3202 3534/2214/3205 3537/2215/3208
f 3532/2211/3203 3531/2212/3202 3537/2215/3208
f 3533/2213/3204 3538/2218/3209 3534/2214/3205
f 3537/2215/3208 3534/2214/3205 3539/2219/3210
f 3534/2214/3205 3538/2218/3209 3539/2219/3210
f 3536/2217/3207 3540/2220/3211 3533/2213/3204
f 3541/2221/3212 3538/2218/3209 3533/2213/3204
f 3533/2213/3204 3540/2220/3211 3541/2221/3212
f 3535/2216/3206 3542/2222/3213 3536/2217/3207
f 3536/2217/3207 3542/2222/3213 3540/2220/3211
f 3541/2221/3212 3543/2223/3214 3538/2218/3209
f 3539/2219/3210 3538/2218/3209 3544/2224/3215
f 3538/2218/3209 3543/2223/3214 3544/2224/3215
f 3540/2220/3211 3545/2227/3216 3541/2221/3212
f 3545/2227/3216 3543/2223/3214 3541/2221/3212
f 3542/2222/3213 3546/2225/3217 3540/2220/3211
f 3547/2226/3218 3545/2227/3216 3540/2220/3211
f 3540/2220/3211 3546/2225/3217 3547/2226/3218
f 3544/2224/3215 3543/2223/3214 3548/2229/3219
f 3545/2227/3216 3549/2228/3220 3543/2223/3214
f 3543/2223/3214 3550/2234/3221 3548/2229/3219
f 3549/2228/3220 3550/2234/3221 3543/2223/3214
f 3547/2226/3218 3551/2232/3222 3545/2227/3216
f 3551/2232/3222 3549/2228/3220 3545/2227/3216
f 3551/2232/3222 3552/2233/3223 3549/2228/3220
f 3549/2228/3220 3552/2233/3223 3550/2234/3221
f 3546/2225/3217 3553/2230/3224 3547/2226/3218
f 3547/2226/3218 3553/2230/3224 3554/2231/3225
f 3554/2231/3225 3551/2232/3222 3547/2226/3218
f 3550/2234/3221 3552/2233/3223 3555/2238/3226
f 3554/2231/3225 3556/2236/3227 3551/2232/3222
f 3557/2237/3228 3552/2233/3223 3551/2232/3222
f 3551/2232/3222 3556/2236/3227 3557/2237/3228
f 3553/2230/3224 3558/2235/3229 3554/2231/3225
f 3554/2231/3225 3558/2235/3229 3556/2236/3227
f 3557/2237/3228 3559/2239/3230 3552/2233/3223
f 3552/2233/3223 3560/2240/3231 3555/2238/3226
f 3559/2239/3230 3560/2240/3231 3552/2233/3223
f 3558/2235/3229 3561/2241/3149 3556/2236/3227
f 3556/2236/3227 3562/2242/3232 3557/2237/3228
f 3556/2236/3227 3561/2241/3149 3562/2242/3232
f 3557/2237/3228 3562/2242/3232 3563/2243/3233
f 3563/2243/3233 3559/2239/3230 3557/2237/3228
f 3561/2241/3149 3564/2244/3234 3562/2242/3232
f 3562/2242/3232 3564/2244/3234 3563/2243/3233
f 3563/2243/3233 3564/2244/3234 3565/2245/3235
f 3563/2243/3233 3565/2245/3235 3559/2239/3230
f 3559/2239/3230 3565/2245/3235 3566/2246/3236
f 3559/2239/3230 3567/2247/3237 3560/2240/3231
f 3566/2246/3236 3567/2247/3237 3559/2239/3230
f 3568/2248/3238 3564/2244/3234 3561/2241/3149
f 3568/2248/3238 3569/2249/3239 3564/2244/3234
f 3564/2244/3234 3570/2250/3240 3565/2245/3235
f 3564/2244/3234 3569/2249/3239 3570/2250/3240
f 3565/2245/3235 3570/2250/3240 3571/2251/3241
f 3565/2245/3235 3571/2251/3241 3566/2246/3236
f 3569/2249/3239 3572/2255/3242 3570/2250/3240
f 3570/2250/3240 3572/2255/3242 3571/2251/3241
f 3566/2246/3236 3571/2251/3241 3573/2252/3243
f 3566/2246/3236 3574/2253/3244 3567/2247/3237
f 3573/2252/3243 3574/2253/3244 3566/2246/3236
f 3571/2251/3241 3572/2255/3242 3575/2256/3245
f 3571/2251/3241 3575/2256/3245 3573/2252/3243
f 3576/2254/3166 3572/2255/3242 3569/2249/3239
f 3573/2252/3243 3575/2256/3245 3577/2257/3246
f 3573/2252/3243 3578/2258/3186 3574/2253/3244
f 3577/2257/3246 3578/2258/3186 3573/2252/3243
f 3579/2259/3247 3580/2260/3248 3581/2261/3249
f 3580/2260/3248 3582/2262/3250 3581/2261/3249
f 3582/2262/3250 3583/2263/3251 3581/2261/3249
f 3583/2263/3251 3584/2264/3252 3581/2261/3249
f 3584/2264/3252 3585/2265/3253 3581/2261/3249
f 3585/2265/3253 3586/2266/3247 3581/2261/3249
f 3587/2267/3254 3588/2268/3255 3589/2269/3256
f 3408/2173/3081 3407/2172/3080 3416/2181/3089
f 3590/2270/3257 3409/2174/3082 3411/2176/3084
f 3591/2271/3258 3411/2176/3084 3414/2179/3087
f 3590/2270/3257 3411/2176/3084 3591/2271/3258
f 3416/2181/3089 3415/2180/3088 3592/2272/3259
f 3593/2273/3260 3409/2174/3082 3590/2270/3257
f 3594/2274/3261 3593/2273/3260 3590/2270/3257
f 3590/2270/3257 3591/2271/3258 3594/2274/3261
f 3594/2274/3261 3591/2271/3258 3595/2275/3262
f 3415/2180/3088 3596/2276/3263 3592/2272/3259
f 3592/2272/3259 3596/2276/3263 3597/2277/3264
f 3415/2180/3088 3598/2278/3265 3596/2276/3263
f 3599/2279/3266 3598/2278/3265 3415/2180/3088
f 3599/2279/3266 3415/2180/3088 3406/2171/3079
f 3598/2278/3265 3600/2280/3267 3596/2276/3263
f 3596/2276/3263 3601/2281/3268 3597/2277/3264
f 3596/2276/3263 3600/2280/3267 3601/2281/3268
f 3597/2277/3264 3601/2281/3268 3602/2282/3269
f 3599/2279/3266 3603/2283/3270 3598/2278/3265
f 3598/2278/3265 3604/2284/3271 3600/2280/3267
f 3603/2283/3270 3604/2284/3271 3598/2278/3265
f 3397/2162/3070 3599/2279/3266 3406/2171/3079
f 3605/2285/3272 3599/2279/3266 3397/2162/3070
f 3605/2285/3272 3603/2283/3270 3599/2279/3266
f 3604/2284/3271 3606/2286/3273 3600/2280/3267
f 3600/2280/3267 3607/2287/3274 3601/2281/3268
f 3600/2280/3267 3606/2286/3273 3607/2287/3274
f 3601/2281/3268 3607/2287/3274 3608/2288/3275
f 3601/2281/3268 3609/2289/3276 3602/2282/3269
f 3608/2288/3275 3609/2289/3276 3601/2281/3268
f 3397/2162/3070 3610/2290/3277 3605/2285/3272
f 3610/2290/3277 3603/2283/3270 3605/2285/3272
f 3611/2291/3278 3603/2283/3270 3610/2290/3277
f 3611/2291/3278 3604/2284/3271 3603/2283/3270
f 3612/2292/3279 3604/2284/3271 3611/2291/3278
f 3612/2292/3279 3606/2286/3273 3604/2284/3271
f 3613/2293/3280 3606/2286/3273 3612/2292/3279
f 3606/2286/3273 3614/2294/3281 3607/2287/3274
f 3613/2293/3280 3614/2294/3281 3606/2286/3273
f 3607/2287/3274 3614/2294/3281 3615/2295/3282
f 3607/2287/3274 3615/2295/3282 3608/2288/3275
f 3608/2288/3275 3615/2295/3282 3616/2296/3283
f 3608/2288/3275 3617/2297/3284 3609/2289/3276
f 3616/2296/3283 3617/2297/3284 3608/2288/3275
f 3618/2298/3285 3610/2290/3277 3397/2162/3070
f 3619/2299/3286 3614/2294/3281 3613/2293/3280
f 3619/2299/3286 3620/2300/3287 3614/2294/3281
f 3614/2294/3281 3620/2300/3287 3615/2295/3282
f 3615/2295/3282 3620/2300/3287 3621/2301/3288
f 3615/2295/3282 3621/2301/3288 3616/2296/3283
f 3616/2296/3283 3621/2301/3288 3622/2302/3289
f 3616/2296/3283 3622/2302/3289 3617/2297/3284
f 3617/2297/3284 3622/2302/3289 3623/2303/3290
f 3624/2304/3291 3620/2300/3287 3619/2299/3286
f 3624/2304/3291 3625/2305/3292 3620/2300/3287
f 3620/2300/3287 3626/2306/3293 3621/2301/3288
f 3620/2300/3287 3625/2305/3292 3626/2306/3293
f 3621/2301/3288 3626/2306/3293 3627/2307/3294
f 3621/2301/3288 3594/2274/3261 3622/2302/3289
f 3627/2307/3294 3594/2274/3261 3621/2301/3288
f 3594/2274/3261 3595/2275/3262 3622/2302/3289
f 3622/2302/3289 3595/2275/3262 3623/2303/3290
f 3626/2306/3293 3593/2273/3260 3627/2307/3294
f 3627/2307/3294 3593/2273/3260 3594/2274/3261
f 3625/2305/3292 3628/2308/3295 3626/2306/3293
f 3626/2306/3293 3628/2308/3295 3629/2309/3296
f 3629/2309/3296 3593/2273/3260 3626/2306/3293
f 3628/2308/3295 3630/2310/3297 3629/2309/3296
f 3629/2309/3296 3630/2310/3297 3593/2273/3260
f 3593/2273/3260 3630/2310/3297 3409/2174/3082
f 3631/2311/3298 3630/2310/3297 3628/2308/3295
f 3631/2311/3298 3400/2165/3073 3630/2310/3297
f 3630/2310/3297 3400/2165/3073 3409/2174/3082
f 3632/2312/3299 3400/2165/3073 3631/2311/3298
f 3632/2312/3299 3393/2158/3066 3400/2165/3073
f 3618/2298/3285 3397/2162/3070 3385/2150/3058
f 3589/2269/3256 3588/2268/3255 3633/2313/3300
f 3588/2268/3255 3634/2314/3301 3633/2313/3300
f 3589/2269/3256 3633/2313/3300 3635/2315/3302
f 3633/2313/3300 3634/2314/3301 3636/2316/3303
f 3633/2313/3300 3636/2316/3303 3637/2317/3304
f 3635/2315/3302 3633/2313/3300 3637/2317/3304
f 3634/2314/3301 3638/2318/3247 3636/2316/3303
f 3635/2315/3302 3637/2317/3304 3639/2319/3305
f 3637/2317/3304 3636/2316/3303 3640/2320/3306
f 3636/2316/3303 3641/2321/3307 3640/2320/3306
f 3636/2316/3303 3638/2318/3247 3641/2321/3307
f 3637/2317/3304 3640/2320/3306 3642/2322/3308
f 3639/2319/3305 3637/2317/3304 3642/2322/3308
f 3642/2322/3308 3640/2320/3306 3643/2323/3309
f 3640/2320/3306 3644/2324/3310 3643/2323/3309
f 3640/2320/3306 3641/2321/3307 3644/2324/3310
f 3643/2323/3309 3645/2325/3311 3642/2322/3308
f 3642/2322/3308 3646/2326/3312 3639/2319/3305
f 3642/2322/3308 3645/2325/3311 3646/2326/3312
f 3639/2319/3305 3646/2326/3312 3647/2327/3313
f 3643/2323/3309 3644/2324/3310 3648/2328/3314
f 3649/2329/3315 3643/2323/3309 3648/2328/3314
f 3645/2325/3311 3643/2323/3309 3649/2329/3315
f 3650/2330/3316 3646/2326/3312 3645/2325/3311
f 3651/2331/3317 3645/2325/3311 3649/2329/3315
f 3650/2330/3316 3645/2325/3311 3651/2331/3317
f 3652/2332/3318 3646/2326/3312 3650/2330/3316
f 3652/2332/3318 3647/2327/3313 3646/2326/3312
f 3653/2333/3319 3647/2327/3313 3652/2332/3318
f 3654/2334/3301 3652/2332/3318 3650/2330/3316
f 3655/2335/3320 3650/2330/3316 3651/2331/3317
f 3654/2334/3301 3650/2330/3316 3655/2335/3320
f 3656/2336/3321 3652/2332/3318 3654/2334/3301
f 3656/2336/3321 3653/2333/3319 3652/2332/3318
f 3657/2337/3254 3653/2333/3319 3656/2336/3321
f 3658/2259/3322 3659/2260/3323 3660/2261/3324
f 3659/2260/3323 3661/2262/3325 3660/2261/3324
f 3661/2262/3325 3662/2263/3326 3660/2261/3324
f 3662/2263/3326 3663/2264/3327 3660/2261/3324
f 3663/2264/3327 3664/2265/3328 3660/2261/3324
f 3664/2265/3328 3665/2266/3322 3660/2261/3324
f 3666/2267/3329 3667/2268/3330 3668/2269/3331
f 3668/2269/3331 3667/2268/3330 3669/2313/3332
f 3667/2268/3330 3670/2314/3333 3669/2313/3332
f 3668/2269/3331 3669/2313/3332 3671/2315/3334
f 3669/2313/3332 3670/2314/3333 3672/2316/3335
f 3669/2313/3332 3672/2316/3335 3673/2317/3336
f 3671/2315/3334 3669/2313/3332 3673/2317/3336
f 3670/2314/3333 3674/2318/3337 3672/2316/3335
f 3671/2315/3334 3673/2317/3336 3675/2319/3338
f 3673/2317/3336 3672/2316/3335 3676/2320/3339
f 3672/2316/3335 3677/2321/3340 3676/2320/3339
f 3672/2316/3335 3674/2318/3337 3677/2321/3340
f 3673/2317/3336 3676/2320/3339 3678/2322/3341
f 3675/2319/3338 3673/2317/3336 3678/2322/3341
f 3678/2322/3341 3676/2320/3339 3679/2323/3342
f 3676/2320/3339 3680/2324/3343 3679/2323/3342
f 3676/2320/3339 3677/2321/3340 3680/2324/3343
f 3679/2323/3342 3681/2325/3344 3678/2322/3341
f 3678/2322/3341 3682/2326/3345 3675/2319/3338
f 3678/2322/3341 3681/2325/3344 3682/2326/3345
f 3675/2319/3338 3682/2326/3345 3683/2327/3346
f 3679/2323/3342 3680/2324/3343 3684/2328/3347
f 3685/2329/3348 3679/2323/3342 3684/2328/3347
f 3681/2325/3344 3679/2323/3342 3685/2329/3348
f 3686/2330/3349 3682/2326/3345 3681/2325/3344
f 3687/2331/3350 3681/2325/3344 3685/2329/3348
f 3686/2330/3349 3681/2325/3344 3687/2331/3350
f 3688/2332/3351 3682/2326/3345 3686/2330/3349
f 3688/2332/3351 3683/2327/3346 3682/2326/3345
f 3689/2333/3352 3683/2327/3346 3688/2332/3351
f 3690/2334/3333 3688/2332/3351 3686/2330/3349
f 3691/2335/3353 3686/2330/3349 3687/2331/3350
f 3690/2334/3333 3686/2330/3349 3691/2335/3353
f 3692/2336/3354 3688/2332/3351 3690/2334/3333
f 3692/2336/3354 3689/2333/3352 3688/2332/3351
f 3693/2337/3329 3689/2333/3352 3692/2336/3354
f 3694/2057/3355 3695/2054/3356 3696/2050/3357
f 3697/2056/3358 3694/2057/3355 3696/2050/3357
f 3695/2054/3356 3698/2051/3359 3696/2050/3357
f 3699/2055/3360 3697/2056/3358 3696/2050/3357
f 3698/2051/3359 3700/2040/3361 3696/2050/3357
f 3701/2052/3362 3699/2055/3360 3696/2050/3357
f 3700/2040/3361 3702/2044/3363 3696/2050/3357
f 3702/2044/3363 3701/2052/3362 3696/2050/3357
f 3703/2338/3364 3704/2339/3365 3705/2340/3366
f 3703/2338/3364 3706/2341/3367 3704/2339/3365
f 3703/2338/3364 3705/2340/3366 3707/2342/3368
f 3703/2338/3364 3708/2343/3369 3706/2341/3367
f 3703/2338/3364 3707/2342/3368 3709/2344/3370
f 3703/2338/3364 3710/2345/3371 3708/2343/3369
f 3703/2338/3364 3709/2344/3370 3711/2346/3372
f 3703/2338/3364 3712/2347/3373 3710/2345/3371
f 3712/2347/3373 3703/2338/3364 3713/2348/3374
f 3703/2338/3364 3711/2346/3372 3714/2349/3375
f 3703/2338/3364 3714/2349/3375 3715/2350/3376
f 3703/2338/3364 3715/2350/3376 3713/2348/3374
f 3716/2351/3377 3717/2352/3378 3718/2353/3379
f 3716/2351/3377 3719/2354/3380 3717/2352/3378
f 3718/2353/3379 3717/2352/3378 3720/2355/3381
f 3721/2356/3382 3720/2355/3381 3717/2352/3378
f 3717/2352/3378 3719/2354/3380 3722/2357/3383
f 3721/2356/3382 3717/2352/3378 3722/2357/3383
f 3718/2353/3379 3720/2355/3381 3723/2358/3384
f 3721/2356/3382 3724/2359/3385 3720/2355/3381
f 3723/2358/3384 3720/2355/3381 3724/2359/3385
f 3719/2354/3380 3725/2360/3386 3722/2357/3383
f 3721/2356/3382 3722/2357/3383 3726/2361/3387
f 3722/2357/3383 3725/2360/3386 3726/2361/3387
f 3723/2358/3384 3724/2359/3385 3727/2362/3388
f 3721/2356/3382 3728/2363/3389 3724/2359/3385
f 3727/2362/3388 3724/2359/3385 3728/2363/3389
f 3721/2356/3382 3729/2364/3390 3728/2363/3389
f 3729/2364/3390 3727/2362/3388 3728/2363/3389
f 3725/2360/3386 3730/2365/3376 3726/2361/3387
f 3721/2356/3382 3726/2361/3387 3731/2366/3391
f 3726/2361/3387 3730/2365/3376 3731/2366/3391
f 3732/2367/3392 3727/2362/3388 3729/2364/3390
f 3721/2356/3382 3733/2368/3393 3729/2364/3390
f 3734/2369/3394 3729/2364/3390 3733/2368/3393
f 3732/2367/3392 3729/2364/3390 3734/2369/3394
f 3730/2365/3376 3735/2370/3395 3731/2366/3391
f 3734/2369/3394 3733/2368/3393 3736/2371/3396
f 3731/2366/3391 3735/2370/3395 3737/2372/3397
f 3721/2356/3382 3731/2366/3391 3737/2372/3397
f 3721/2356/3382 3738/2373/3398 3733/2368/3393
f 3736/2371/3396 3733/2368/3393 3738/2373/3398
f 3721/2356/3382 3737/2372/3397 3739/2374/3399
f 3735/2370/3395 3739/2374/3399 3737/2372/3397
f 3721/2356/3382 3739/2374/3399 3738/2373/3398
f 3736/2371/3396 3738/2373/3398 3740/2375/3372
f 3740/2375/3372 3738/2373/3398 3739/2374/3399
f 3740/2375/3372 3739/2374/3399 3735/2370/3395
f 3741/2376/3400 3742/2377/3401 3743/2378/3402
f 3742/2377/3401 3741/2376/3400 3744/2379/3403
f 3743/2378/3402 3742/2377/3401 3745/2380/3404
f 3746/2381/3405 3742/2377/3401 3744/2379/3403
f 3742/2377/3401 3746/2381/3405 3745/2380/3404
f 3745/2380/3404 3746/2381/3405 3747/2382/3406
f 3743/2378/3402 3745/2380/3404 3748/2383/3407
f 3745/2380/3404 3747/2382/3406 3749/2384/3408
f 3748/2383/3407 3745/2380/3404 3749/2384/3408
f 3750/2385/3409 3743/2378/3402 3748/2383/3407
f 3748/2383/3407 3749/2384/3408 3751/2386/3410
f 3752/2387/3411 3748/2383/3407 3751/2386/3410
f 3750/2385/3409 3748/2383/3407 3752/2387/3411
f 3753/2388/3412 3743/2378/3402 3750/2385/3409
f 3753/2388/3412 3754/2389/3413 3743/2378/3402
f 3749/2384/3408 3747/2382/3406 3755/2390/3414
f 3749/2384/3408 3755/2390/3414 3756/2391/3415
f 3751/2386/3410 3749/2384/3408 3756/2391/3415
f 3751/2386/3410 3756/2391/3415 3757/2392/3416
f 3752/2387/3411 3751/2386/3410 3757/2392/3416
f 3758/2393/3417 3750/2385/3409 3752/2387/3411
f 3758/2393/3417 3752/2387/3411 3757/2392/3416
f 3759/2394/3418 3753/2388/3412 3750/2385/3409
f 3759/2394/3418 3750/2385/3409 3758/2393/3417
f 3756/2391/3415 3755/2390/3414 3760/2395/3419
f 3756/2391/3415 3760/2395/3419 3757/2392/3416
f 3761/2396/3420 3754/2389/3413 3753/2388/3412
f 3762/2397/3421 3761/2396/3420 3753/2388/3412
f 3762/2397/3421 3753/2388/3412 3759/2394/3418
f 3763/2398/3422 3759/2394/3418 3758/2393/3417
f 3763/2398/3422 3758/2393/3417 3757/2392/3416
f 3764/2399/3423 3762/2397/3421 3759/2394/3418
f 3764/2399/3423 3759/2394/3418 3763/2398/3422
f 3754/2389/3413 3761/2396/3420 3765/2400/3424
f 3766/2401/3425 3761/2396/3420 3762/2397/3421
f 3761/2396/3420 3766/2401/3425 3765/2400/3424
f 3760/2395/3419 3767/2402/3426 3757/2392/3416
f 3768/2403/3427 3763/2398/3422 3757/2392/3416
f 3767/2402/3426 3768/2403/3427 3757/2392/3416
f 3768/2403/3427 3764/2399/3423 3763/2398/3422
f 3755/2390/3414 3769/2404/3428 3760/2395/3419
f 3760/2395/3419 3769/2404/3428 3767/2402/3426
f 3769/2404/3428 3770/2405/3429 3767/2402/3426
f 3767/2402/3426 3770/2405/3429 3768/2403/3427
f 3770/2405/3429 3764/2399/3423 3768/2403/3427
f 3770/2405/3429 3771/2406/3430 3764/2399/3423
f 3771/2406/3430 3762/2397/3421 3764/2399/3423
f 3771/2406/3430 3772/2407/3431 3762/2397/3421
f 3769/2404/3428 3773/2408/3432 3770/2405/3429
f 3773/2408/3432 3771/2406/3430 3770/2405/3429
f 3773/2408/3432 3774/2409/3433 3771/2406/3430
f 3774/2409/3433 3772/2407/3431 3771/2406/3430
f 3772/2407/3431 3774/2409/3433 3775/2410/3434
f 3776/2411/3435 3774/2409/3433 3773/2408/3432
f 3774/2409/3433 3776/2411/3435 3775/2410/3434
f 3777/2412/3436 3773/2408/3432 3769/2404/3428
f 3755/2390/3414 3777/2412/3436 3769/2404/3428
f 3777/2412/3436 3778/2413/3437 3773/2408/3432
f 3779/2414/3438 3778/2413/3437 3777/2412/3436
f 3747/2382/3406 3779/2414/3438 3777/2412/3436
f 3747/2382/3406 3777/2412/3436 3755/2390/3414
f 3778/2413/3437 3779/2414/3438 3780/2415/3439
f 3781/2416/3440 3779/2414/3438 3747/2382/3406
f 3779/2414/3438 3781/2416/3440 3780/2415/3439
f 3782/2376/3441 3783/2377/3442 3784/2378/3443
f 3783/2377/3442 3782/2376/3441 3785/2379/3444
f 3784/2378/3443 3783/2377/3442 3786/2380/3445
f 3787/2381/3446 3783/2377/3442 3785/2379/3444
f 3783/2377/3442 3787/2381/3446 3786/2380/3445
f 3786/2380/3445 3787/2381/3446 3788/2382/3447
f 3784/2378/3443 3786/2380/3445 3789/2383/3448
f 3786/2380/3445 3788/2382/3447 3790/2384/3449
f 3789/2383/3448 3786/2380/3445 3790/2384/3449
f 3791/2385/3450 3784/2378/3443 3789/2383/3448
f 3789/2383/3448 3790/2384/3449 3792/2386/3451
f 3793/2387/3452 3789/2383/3448 3792/2386/3451
f 3791/2385/3450 3789/2383/3448 3793/2387/3452
f 3794/2388/3453 3784/2378/3443 3791/2385/3450
f 3794/2388/3453 3795/2389/3454 3784/2378/3443
f 3790/2384/3449 3788/2382/3447 3796/2390/3455
f 3790/2384/3449 3796/2390/3455 3797/2391/3456
f 3792/2386/3451 3790/2384/3449 3797/2391/3456
f 3792/2386/3451 3797/2391/3456 3798/2392/3457
f 3793/2387/3452 3792/2386/3451 3798/2392/3457
f 3799/2393/3458 3791/2385/3450 3793/2387/3452
f 3799/2393/3458 3793/2387/3452 3798/2392/3457
f 3800/2394/3459 3794/2388/3453 3791/2385/3450
f 3800/2394/3459 3791/2385/3450 3799/2393/3458
f 3797/2391/3456 3796/2390/3455 3801/2395/3460
f 3797/2391/3456 3801/2395/3460 3798/2392/3457
f 3802/2396/3461 3795/2389/3454 3794/2388/3453
f 3803/2397/3462 3802/2396/3461 3794/2388/3453
f 3803/2397/3462 3794/2388/3453 3800/2394/3459
f 3804/2398/3463 3800/2394/3459 3799/2393/3458
f 3804/2398/3463 3799/2393/3458 3798/2392/3457
f 3805/2399/3464 3803/2397/3462 3800/2394/3459
f 3806/2249/3465 3807/2417/3466 3808/2254/3467
f 3809/2418/3468 3807/2417/3466 3806/2249/3465
f 3810/2248/3469 3809/2418/3468 3806/2249/3465
f 3811/2419/3470 3809/2418/3468 3810/2248/3469
f 3811/2419/3470 3812/2420/3471 3809/2418/3468
f 3812/2420/3471 3807/2417/3466 3809/2418/3468
f 3813/2421/3472 3807/2417/3466 3812/2420/3471
f 3814/2241/3473 3811/2419/3470 3810/2248/3469
f 3815/2422/3474 3811/2419/3470 3814/2241/3473
f 3815/2422/3474 3816/2423/3475 3811/2419/3470
f 3816/2423/3475 3812/2420/3471 3811/2419/3470
f 3813/2421/3472 3812/2420/3471 3817/2424/3476
f 3817/2424/3476 3812/2420/3471 3818/2425/3476
f 3812/2420/3471 3819/2426/3477 3818/2425/3476
f 3816/2423/3475 3819/2426/3477 3812/2420/3471
f 3820/2235/3478 3815/2422/3474 3814/2241/3473
f 3821/2427/3479 3815/2422/3474 3820/2235/3478
f 3821/2427/3479 3822/2428/3480 3815/2422/3474
f 3822/2428/3480 3816/2423/3475 3815/2422/3474
f 3822/2428/3480 3823/2429/3481 3816/2423/3475
f 3816/2423/3475 3823/2429/3481 3819/2426/3477
f 3821/2427/3479 3820/2235/3478 3824/2430/3482
f 3824/2430/3482 3825/2431/3483 3821/2427/3479
f 3825/2431/3483 3822/2428/3480 3821/2427/3479
f 3825/2431/3483 3826/2432/3484 3822/2428/3480
f 3822/2428/3480 3826/2432/3484 3823/2429/3481
f 3824/2430/3482 3820/2235/3478 3827/2230/3485
f 3828/2433/3486 3825/2431/3483 3824/2430/3482
f 3825/2431/3483 3829/2434/3476 3826/2432/3484
f 3828/2433/3486 3829/2434/3476 3825/2431/3483
f 3830/2225/3487 3824/2430/3482 3827/2230/3485
f 3831/2435/3488 3824/2430/3482 3830/2225/3487
f 3831/2435/3488 3828/2433/3486 3824/2430/3482
f 3832/2436/3489 3828/2433/3486 3831/2435/3488
f 3828/2433/3486 3832/2436/3489 3829/2434/3476
f 3829/2434/3476 3832/2436/3489 3833/2437/3476
f 3832/2436/3489 3831/2435/3488 3834/2438/3490
f 3832/2436/3489 3834/2438/3490 3833/2437/3476
f 3835/2222/3491 3831/2435/3488 3830/2225/3487
f 3836/2439/3492 3831/2435/3488 3835/2222/3491
f 3834/2438/3490 3831/2435/3488 3836/2439/3492
f 3833/2437/3476 3834/2438/3490 3837/2440/3493
f 3834/2438/3490 3836/2439/3492 3838/2441/3494
f 3834/2438/3490 3838/2441/3494 3837/2440/3493
f 3836/2439/3492 3835/2222/3491 3839/2442/3495
f 3838/2441/3494 3836/2439/3492 3839/2442/3495
f 3839/2442/3495 3835/2222/3491 3840/2216/3496
f 3837/2440/3493 3838/2441/3494 3841/2443/3497
f 3838/2441/3494 3839/2442/3495 3842/2444/3498
f 3838/2441/3494 3842/2444/3498 3841/2443/3497
f 3839/2442/3495 3840/2216/3496 3843/2445/3499
f 3842/2444/3498 3839/2442/3495 3843/2445/3499
f 3843/2445/3499 3840/2216/3496 3844/2210/3500
f 3841/2443/3497 3842/2444/3498 3845/2446/3501
f 3842/2444/3498 3843/2445/3499 3846/2447/3502
f 3842/2444/3498 3847/2448/3476 3845/2446/3501
f 3846/2447/3502 3847/2448/3476 3842/2444/3498
f 3848/2205/3503 3843/2445/3499 3844/2210/3500
f 3849/2449/3504 3843/2445/3499 3848/2205/3503
f 3846/2447/3502 3843/2445/3499 3849/2449/3504
f 3846/2447/3502 3849/2449/3504 3850/2450/3505
f 3846/2447/3502 3851/2451/3476 3847/2448/3476
f 3850/2450/3505 3851/2451/3476 3846/2447/3502
f 3849/2449/3504 3848/2205/3503 3852/2452/3506
f 3850/2450/3505 3849/2449/3504 3852/2452/3506
f 3852/2452/3506 3848/2205/3503 3853/2200/3507
f 3850/2450/3505 3852/2452/3506 3854/2453/3508
f 3850/2450/3505 3855/2454/3476 3851/2451/3476
f 3854/2453/3508 3855/2454/3476 3850/2450/3505
f 3805/2399/3464 3800/2394/3459 3804/2398/3463
f 3795/2389/3454 3802/2396/3461 3856/2400/3509
f 3857/2401/3510 3802/2396/3461 3803/2397/3462
f 3802/2396/3461 3857/2401/3510 3856/2400/3509
f 3801/2395/3460 3858/2402/3511 3798/2392/3457
f 3859/2403/3512 3804/2398/3463 3798/2392/3457
f 3858/2402/3511 3859/2403/3512 3798/2392/3457
f 3859/2403/3512 3805/2399/3464 3804/2398/3463
f 3796/2390/3455 3860/2404/3513 3801/2395/3460
f 3801/2395/3460 3860/2404/3513 3858/2402/3511
f 3860/2404/3513 3861/2405/3514 3858/2402/3511
f 3858/2402/3511 3861/2405/3514 3859/2403/3512
f 3861/2405/3514 3805/2399/3464 3859/2403/3512
f 3861/2405/3514 3862/2406/3515 3805/2399/3464
f 3862/2406/3515 3803/2397/3462 3805/2399/3464
f 3862/2406/3515 3863/2407/3516 3803/2397/3462
f 3860/2404/3513 3864/2408/3517 3861/2405/3514
f 3864/2408/3517 3862/2406/3515 3861/2405/3514
f 3864/2408/3517 3865/2409/3518 3862/2406/3515
f 3865/2409/3518 3863/2407/3516 3862/2406/3515
f 3863/2407/3516 3865/2409/3518 3866/2410/3519
f 3867/2411/3520 3865/2409/3518 3864/2408/3517
f 3865/2409/3518 3867/2411/3520 3866/2410/3519
f 3868/2412/3521 3864/2408/3517 3860/2404/3513
f 3796/2390/3455 3868/2412/3521 3860/2404/3513
f 3868/2412/3521 3869/2413/3522 3864/2408/3517
f 3870/2414/3523 3869/2413/3522 3868/2412/3521
f 3788/2382/3447 3870/2414/3523 3868/2412/3521
f 3788/2382/3447 3868/2412/3521 3796/2390/3455
f 3869/2413/3522 3870/2414/3523 3871/2415/3524
f 3872/2416/3525 3870/2414/3523 3788/2382/3447
f 3870/2414/3523 3872/2416/3525 3871/2415/3524
f 3873/2057/3526 3874/2054/3527 3875/2050/3528
f 3876/2056/3529 3873/2057/3526 3875/2050/3528
f 3874/2054/3527 3877/2051/3530 3875/2050/3528
f 3878/2055/3531 3876/2056/3529 3875/2050/3528
f 3877/2051/3530 3879/2040/3532 3875/2050/3528
f 3880/2052/3533 3878/2055/3531 3875/2050/3528
f 3879/2040/3532 3881/2044/3534 3875/2050/3528
f 3881/2044/3534 3880/2052/3533 3875/2050/3528
f 3882/2455/3535 3883/2456/3536 3884/2457/3537
f 3882/2455/3535 3885/2458/3538 3883/2456/3536
f 3884/2457/3537 3883/2456/3536 3886/2459/3539
f 3887/2460/3540 3884/2457/3537 3886/2459/3539
f 3888/2461/3541 3884/2457/3537 3887/2460/3540
f 3886/2459/3539 3883/2456/3536 3889/2462/3542
f 3889/2462/3542 3887/2460/3540 3886/2459/3539
f 3883/2456/3536 3885/2458/3538 3890/2463/3543
f 3889/2462/3542 3883/2456/3536 3891/2464/3544
f 3892/2465/3545 3883/2456/3536 3890/2463/3543
f 3891/2464/3544 3883/2456/3536 3892/2465/3545
f 3885/2458/3538 3893/2466/3546 3890/2463/3543
f 3890/2463/3543 3893/2466/3546 3892/2465/3545
f 3894/2467/3547 3893/2466/3546 3885/2458/3538
f 3888/2461/3541 3887/2460/3540 3895/2468/3548
f 3896/2469/3549 3887/2460/3540 3889/2462/3542
f 3895/2468/3548 3887/2460/3540 3897/2470/3550
f 3898/2471/3551 3887/2460/3540 3896/2469/3549
f 3897/2470/3550 3887/2460/3540 3898/2471/3551
f 3899/2472/3552 3895/2468/3548 3897/2470/3550
f 3898/2471/3551 3899/2472/3552 3897/2470/3550
f 3892/2465/3545 3893/2466/3546 3900/2473/3553
f 3894/2467/3547 3901/2474/3554 3893/2466/3546
f 3893/2466/3546 3901/2474/3554 3902/2475/3555
f 3903/2476/3556 3893/2466/3546 3902/2475/3555
f 3900/2473/3553 3893/2466/3546 3903/2476/3556
f 3904/2477/3557 3895/2468/3548 3899/2472/3552
f 3901/2474/3554 3905/2478/3558 3902/2475/3555
f 3902/2475/3555 3905/2478/3558 3903/2476/3556
f 3906/2479/3559 3899/2472/3552 3898/2471/3551
f 3907/2480/3560 3905/2478/3558 3901/2474/3554
f 3904/2477/3557 3899/2472/3552 3908/2481/3561
f 3909/2482/3562 3899/2472/3552 3906/2479/3559
f 3910/2483/3563 3899/2472/3552 3909/2482/3562
f 3908/2481/3561 3899/2472/3552 3910/2483/3563
f 3903/2476/3556 3905/2478/3558 3911/2484/3564
f 3912/2485/3565 3908/2481/3561 3910/2483/3563
f 3909/2482/3562 3912/2485/3565 3910/2483/3563
f 3907/2480/3560 3913/2486/3566 3905/2478/3558
f 3905/2478/3558 3913/2486/3566 3914/2487/3567
f 3915/2488/3568 3905/2478/3558 3914/2487/3567
f 3911/2484/3564 3905/2478/3558 3915/2488/3568
f 3916/2489/3569 3908/2481/3561 3912/2485/3565
f 3913/2486/3566 3917/2490/3570 3914/2487/3567
f 3914/2487/3567 3917/2490/3570 3915/2488/3568
f 3918/2491/3571 3912/2485/3565 3909/2482/3562
f 3919/2492/3572 3917/2490/3570 3913/2486/3566
f 3915/2488/3568 3917/2490/3570 3920/2493/3573
f 3916/2489/3569 3912/2485/3565 3921/2494/3574
f 3922/2495/3575 3912/2485/3565 3918/2491/3571
f 3923/2496/3576 3912/2485/3565 3922/2495/3575
f 3921/2494/3574 3912/2485/3565 3923/2496/3576
f 3924/2497/3577 3921/2494/3574 3923/2496/3576
f 3922/2495/3575 3924/2497/3577 3923/2496/3576
f 3919/2492/3572 3925/2498/3578 3917/2490/3570
f 3917/2490/3570 3925/2498/3578 3926/2499/3579
f 3927/2500/3580 3917/2490/3570 3926/2499/3579
f 3920/2493/3573 3917/2490/3570 3927/2500/3580
f 3925/2498/3578 3928/2501/3581 3926/2499/3579
f 3926/2499/3579 3928/2501/3581 3927/2500/3580
f 3929/2502/3582 3921/2494/3574 3924/2497/3577
f 3930/2503/3583 3924/2497/3577 3922/2495/3575
f 3931/2504/3584 3928/2501/3581 3925/2498/3578
f 3927/2500/3580 3928/2501/3581 3932/2505/3585
f 3929/2502/3582 3924/2497/3577 3933/2506/3586
f 3934/2507/3587 3924/2497/3577 3930/2503/3583
f 3935/2508/3588 3924/2497/3577 3934/2507/3587
f 3933/2506/3586 3924/2497/3577 3935/2508/3588
f 3936/2509/3589 3933/2506/3586 3935/2508/3588
f 3934/2507/3587 3936/2509/3589 3935/2508/3588
f 3931/2504/3584 3937/2510/3590 3928/2501/3581
f 3928/2501/3581 3937/2510/3590 3938/2511/3591
f 3939/2512/3592 3928/2501/3581 3938/2511/3591
f 3932/2505/3585 3928/2501/3581 3939/2512/3592
f 3940/2513/3593 3933/2506/3586 3936/2509/3589
f 3941/2514/3594 3936/2509/3589 3934/2507/3587
f 3940/2513/3593 3936/2509/3589 3942/2515/3595
f 3943/2516/3596 3936/2509/3589 3941/2514/3594
f 3944/2517/3597 3936/2509/3589 3943/2516/3596
f 3942/2515/3595 3936/2509/3589 3944/2517/3597
f 3945/2518/3598 3946/2519/3599 3947/2520/3600
f 3945/2518/3598 3948/2521/3601 3946/2519/3599
f 3945/2518/3598 3947/2520/3600 3949/2522/3602
f 3945/2518/3598 3950/2523/3603 3948/2521/3601
f 3945/2518/3598 3951/2524/3604 3950/2523/3603
f 3945/2518/3598 3949/2522/3602 3952/2525/3605
f 3953/2526/3606 3945/2518/3598 3952/2525/3605
f 3945/2518/3598 3953/2526/3606 3951/2524/3604
f 3954/2192/3607 3852/2452/3506 3853/2200/3507
f 3955/2527/3608 3852/2452/3506 3954/2192/3607
f 3854/2453/3508 3852/2452/3506 3955/2527/3608
f 3854/2453/3508 3955/2527/3608 3956/2528/3609
f 3854/2453/3508 3957/2529/3476 3855/2454/3476
f 3956/2528/3609 3957/2529/3476 3854/2453/3508
f 3958/2182/3610 3955/2527/3608 3954/2192/3607
f 3959/2530/3611 3955/2527/3608 3958/2182/3610
f 3956/2528/3609 3955/2527/3608 3959/2530/3611
f 3956/2528/3609 3959/2530/3611 3960/2531/3612
f 3956/2528/3609 3960/2531/3612 3957/2529/3476
f 3957/2529/3476 3960/2531/3612 3961/2532/3476
f 3962/2141/3613 3959/2530/3611 3958/2182/3610
f 3963/2533/3614 3959/2530/3611 3962/2141/3613
f 3960/2531/3612 3959/2530/3611 3963/2533/3614
f 3960/2531/3612 3963/2533/3614 3964/2534/3615
f 3960/2531/3612 3964/2534/3615 3961/2532/3476
f 3961/2532/3476 3964/2534/3615 3965/2535/3616
f 3966/2138/3617 3963/2533/3614 3962/2141/3613
f 3967/2536/3618 3963/2533/3614 3966/2138/3617
f 3964/2534/3615 3963/2533/3614 3967/2536/3618
f 3964/2534/3615 3967/2536/3618 3968/2537/3619
f 3964/2534/3615 3968/2537/3619 3965/2535/3616
f 3965/2535/3616 3968/2537/3619 3969/2538/3476
f 3970/2137/3620 3967/2536/3618 3966/2138/3617
f 3971/2539/3466 3967/2536/3618 3970/2137/3620
f 3968/2537/3619 3967/2536/3618 3971/2539/3466
f 3972/2249/3621 3973/2417/3622 3974/2254/3623
f 3975/2418/3624 3973/2417/3622 3972/2249/3621
f 3976/2248/3625 3975/2418/3624 3972/2249/3621
f 3975/2418/3624 3977/2421/3626 3973/2417/3622
f 3978/2419/3627 3975/2418/3624 3976/2248/3625
f 3978/2419/3627 3979/2420/3628 3975/2418/3624
f 3979/2420/3628 3977/2421/3626 3975/2418/3624
f 3980/2241/3629 3978/2419/3627 3976/2248/3625
f 3977/2421/3626 3979/2420/3628 3981/2424/3630
f 3982/2422/3631 3978/2419/3627 3980/2241/3629
f 3982/2422/3631 3983/2423/3632 3978/2419/3627
f 3983/2423/3632 3979/2420/3628 3978/2419/3627
f 3981/2424/3630 3979/2420/3628 3984/2425/3633
f 3979/2420/3628 3985/2426/3634 3984/2425/3633
f 3983/2423/3632 3985/2426/3634 3979/2420/3628
f 3986/2235/3478 3982/2422/3631 3980/2241/3629
f 3987/2428/3635 3983/2423/3632 3982/2422/3631
f 3983/2423/3632 3988/2429/3636 3985/2426/3634
f 3987/2428/3635 3988/2429/3636 3983/2423/3632
f 3989/2427/3637 3982/2422/3631 3986/2235/3478
f 3990/2431/3638 3982/2422/3631 3989/2427/3637
f 3987/2428/3635 3982/2422/3631 3990/2431/3638
f 3990/2431/3638 3991/2432/3639 3987/2428/3635
f 3987/2428/3635 3991/2432/3639 3988/2429/3636
f 3989/2427/3637 3986/2235/3478 3992/2430/3640
f 3993/2433/3641 3989/2427/3637 3992/2430/3640
f 3990/2431/3638 3989/2427/3637 3993/2433/3641
f 3993/2433/3641 3994/2434/3642 3990/2431/3638
f 3990/2431/3638 3994/2434/3642 3991/2432/3639
f 3992/2430/3640 3986/2235/3478 3995/2230/3643
f 3993/2433/3641 3992/2430/3640 3996/2436/3644
f 3993/2433/3641 3996/2436/3644 3994/2434/3642
f 3992/2430/3640 3995/2230/3643 3997/2435/3645
f 3996/2436/3644 3992/2430/3640 3997/2435/3645
f 3994/2434/3642 3996/2436/3644 3998/2437/3646
f 3996/2436/3644 3997/2435/3645 3999/2438/3647
f 3996/2436/3644 3999/2438/3647 3998/2437/3646
f 3997/2435/3645 3995/2230/3643 4000/2225/3648
f 3997/2435/3645 4000/2225/3648 4001/2439/3649
f 3999/2438/3647 3997/2435/3645 4001/2439/3649
f 3998/2437/3646 3999/2438/3647 4002/2440/3650
f 3999/2438/3647 4001/2439/3649 4003/2441/3651
f 3999/2438/3647 4003/2441/3651 4002/2440/3650
f 4001/2439/3649 4000/2225/3648 4004/2222/3652
f 4001/2439/3649 4004/2222/3652 4005/2442/3653
f 4003/2441/3651 4001/2439/3649 4005/2442/3653
f 4002/2440/3650 4003/2441/3651 4006/2443/3654
f 4003/2441/3651 4005/2442/3653 4007/2444/3655
f 4003/2441/3651 4007/2444/3655 4006/2443/3654
f 4005/2442/3653 4004/2222/3652 4008/2216/3656
f 4005/2442/3653 4008/2216/3656 4009/2445/3657
f 4007/2444/3655 4005/2442/3653 4009/2445/3657
f 4006/2443/3654 4007/2444/3655 4010/2446/3658
f 4007/2444/3655 4009/2445/3657 4011/2447/3659
f 4007/2444/3655 4012/2448/3660 4010/2446/3658
f 4011/2447/3659 4012/2448/3660 4007/2444/3655
f 4009/2445/3657 4008/2216/3656 4013/2210/3661
f 4009/2445/3657 4013/2210/3661 4014/2449/3662
f 4011/2447/3659 4009/2445/3657 4014/2449/3662
f 4011/2447/3659 4014/2449/3662 4015/2450/3663
f 4011/2447/3659 4016/2451/3664 4012/2448/3660
f 4015/2450/3663 4016/2451/3664 4011/2447/3659
f 4014/2449/3662 4013/2210/3661 4017/2205/3665
f 4014/2449/3662 4017/2205/3665 4018/2452/3666
f 4015/2450/3663 4014/2449/3662 4018/2452/3666
f 4015/2450/3663 4018/2452/3666 4019/2453/3667
f 4015/2450/3663 4020/2454/3668 4016/2451/3664
f 4019/2453/3667 4020/2454/3668 4015/2450/3663
f 4018/2452/3666 4017/2205/3665 4021/2200/3669
f 4022/2192/3670 4018/2452/3666 4021/2200/3669
f 4023/2527/3671 4018/2452/3666 4022/2192/3670
f 4019/2453/3667 4018/2452/3666 4023/2527/3671
f 4019/2453/3667 4023/2527/3671 4024/2528/3672
f 4019/2453/3667 4025/2529/3673 4020/2454/3668
f 4024/2528/3672 4025/2529/3673 4019/2453/3667
f 4026/2182/3674 4023/2527/3671 4022/2192/3670
f 4027/2530/3675 4023/2527/3671 4026/2182/3674
f 4024/2528/3672 4023/2527/3671 4027/2530/3675
f 4024/2528/3672 4027/2530/3675 4028/2531/3676
f 4024/2528/3672 4028/2531/3676 4025/2529/3673
f 4025/2529/3673 4028/2531/3676 4029/2532/3677
f 4030/2141/3678 4027/2530/3675 4026/2182/3674
f 4031/2533/3679 4027/2530/3675 4030/2141/3678
f 4028/2531/3676 4027/2530/3675 4031/2533/3679
f 4032/2536/3680 4028/2531/3676 4031/2533/3679
f 4033/2534/3681 4028/2531/3676 4032/2536/3680
f 4028/2531/3676 4033/2534/3681 4029/2532/3677
f 4032/2536/3680 4031/2533/3679 4034/2138/3682
f 4034/2138/3682 4031/2533/3679 4030/2141/3678
f 4029/2532/3677 4033/2534/3681 4035/2535/3683
f 4036/2137/3684 4032/2536/3680 4034/2138/3682
f 4037/2539/3622 4032/2536/3680 4036/2137/3684
f 4037/2539/3622 4033/2534/3681 4032/2536/3680
f 4038/2537/3685 4033/2534/3681 4037/2539/3622
f 4033/2534/3681 4038/2537/3685 4035/2535/3683
f 4035/2535/3683 4038/2537/3685 4039/2538/3630
f 4040/1989/3686 4041/1990/3687 4042/1991/3688
f 4043/1992/3689 4041/1990/3687 4040/1989/3686
f 4044/1993/3690 4043/1992/3689 4040/1989/3686
f 4045/1994/3691 4043/1992/3689 4044/1993/3690
f 4046/1995/3692 4045/1994/3691 4044/1993/3690
f 4047/1996/3693 4045/1994/3691 4046/1995/3692
f 4048/1997/3694 4047/1996/3693 4046/1995/3692
f 4049/1998/3695 4047/1996/3693 4048/1997/3694
f 4050/1999/3696 4049/1998/3695 4048/1997/3694
f 4051/2000/3697 4049/1998/3695 4050/1999/3696
f 4052/2001/3698 4051/2000/3697 4050/1999/3696
f 4053/2002/3699 4051/2000/3697 4052/2001/3698
f 4053/2002/3699 4052/2001/3698 4054/2003/3700
f 4054/2003/3700 4052/2001/3698 4055/2004/3701
f 4054/2003/3700 4055/2004/3701 4056/2005/3702
f 4056/2005/3702 4055/2004/3701 4057/2006/3703
f 4056/2005/3702 4057/2006/3703 4058/2007/3704
f 4058/2007/3704 4057/2006/3703 4059/2008/3705
f 4058/2007/3704 4059/2008/3705 4060/2009/3706
f 4060/2009/3706 4059/2008/3705 4061/2010/3707
f 4060/2009/3706 4061/2010/3707 4062/2011/3708
f 4062/2011/3708 4061/2010/3707 4063/2012/3709
f 4062/2011/3708 4063/2012/3709 4064/2013/3710
f 4064/2013/3710 4063/2012/3709 4065/2014/3711
f 4066/2015/3712 4067/2016/3713 4068/2017/3714
f 4068/2017/3714 4067/2016/3713 4069/2018/3715
f 4067/2016/3713 4070/2019/3716 4069/2018/3715
f 4068/2017/3714 4069/2018/3715 4071/2020/3717
f 4069/2018/3715 4070/2019/3716 4072/2021/3718
f 4071/2020/3717 4069/2018/3715 4073/2022/3719
f 4069/2018/3715 4072/2021/3718 4073/2022/3719
f 4071/2020/3717 4073/2022/3719 4074/2023/3720
f 4070/2019/3716 4075/2024/3721 4072/2021/3718
f 4073/2022/3719 4072/2021/3718 4076/2025/3722
f 4072/2021/3718 4075/2024/3721 4076/2025/3722
f 4073/2022/3719 4076/2025/3722 4077/2026/3723
f 4074/2023/3720 4073/2022/3719 4077/2026/3723
f 4078/2027/3724 4075/2024/3721 4070/2019/3716
f 4078/2027/3724 4079/2028/3725 4075/2024/3721
f 4076/2025/3722 4075/2024/3721 4080/2029/3726
f 4075/2024/3721 4079/2028/3725 4080/2029/3726
f 4076/2025/3722 4080/2029/3726 4081/2030/3727
f 4077/2026/3723 4076/2025/3722 4081/2030/3727
f 4082/2031/3728 4079/2028/3725 4078/2027/3724
f 4082/2031/3728 4083/2032/3729 4079/2028/3725
f 4080/2029/3726 4079/2028/3725 4084/2033/3730
f 4079/2028/3725 4083/2032/3729 4084/2033/3730
f 4080/2029/3726 4084/2033/3730 4085/2034/3731
f 4081/2030/3727 4080/2029/3726 4085/2034/3731
f 4086/2035/3732 4083/2032/3729 4082/2031/3728
f 4085/2034/3731 4084/2033/3730 4087/2036/3733
f 4084/2033/3730 4088/2037/3734 4087/2036/3733
f 4084/2033/3730 4083/2032/3729 4088/2037/3734
f 4086/2035/3732 4089/2038/3735 4083/2032/3729
f 4083/2032/3729 4090/2039/3736 4088/2037/3734
f 4083/2032/3729 4089/2038/3735 4090/2039/3736
f 4087/2036/3733 4088/2037/3734 4091/2040/3737
f 4088/2037/3734 4092/2041/3738 4091/2040/3737
f 4088/2037/3734 4090/2039/3736 4092/2041/3738
f 4089/2038/3735 4093/2042/3739 4090/2039/3736
f 4090/2039/3736 4093/2042/3739 4094/2043/3740
f 4090/2039/3736 4094/2043/3740 4092/2041/3738
f 4091/2040/3737 4092/2041/3738 4095/2044/3741
f 4092/2041/3738 4096/2045/3742 4095/2044/3741
f 4092/2041/3738 4094/2043/3740 4096/2045/3742
f 4093/2042/3739 4097/2046/3743 4094/2043/3740
f 4094/2043/3740 4097/2046/3743 4098/2047/3744
f 4094/2043/3740 4098/2047/3744 4096/2045/3742
f 4095/2044/3741 4096/2045/3742 4099/2048/3745
f 4096/2045/3742 4098/2047/3744 4100/2049/3746
f 4096/2045/3742 4100/2049/3746 4099/2048/3745
f 4091/2040/3737 4095/2044/3741 4101/2050/3747
f 4102/2051/3748 4091/2040/3737 4101/2050/3747
f 4095/2044/3741 4103/2052/3749 4101/2050/3747
f 4099/2048/3745 4100/2049/3746 4104/2053/3750
f 4105/2054/3751 4102/2051/3748 4101/2050/3747
f 4103/2052/3749 4106/2055/3752 4101/2050/3747
f 4106/2055/3752 4107/2056/3753 4101/2050/3747
f 4108/2057/3754 4105/2054/3751 4101/2050/3747
f 4107/2056/3753 4108/2057/3754 4101/2050/3747
f 4109/2053/3755 4110/2058/3756 4111/2049/3757
f 4111/2049/3757 4110/2058/3756 4112/2059/3758
f 4110/2058/3756 4113/2060/3759 4112/2059/3758
f 4111/2049/3757 4112/2059/3758 4114/2047/3760
f 4112/2059/3758 4113/2060/3759 4115/2061/3761
f 4114/2047/3760 4112/2059/3758 4116/2062/3762
f 4112/2059/3758 4115/2061/3761 4116/2062/3762
f 4113/2060/3759 4117/2040/3763 4115/2061/3761
f 4114/2047/3760 4116/2062/3762 4118/2046/3764
f 4115/2061/3761 4117/2040/3763 4119/2037/3765
f 4116/2062/3762 4115/2061/3761 4120/2063/3766
f 4115/2061/3761 4119/2037/3765 4120/2063/3766
f 4116/2062/3762 4120/2063/3766 4121/2064/3767
f 4118/2046/3764 4116/2062/3762 4121/2064/3767
f 4117/2040/3763 4122/2036/3768 4119/2037/3765
f 4119/2037/3765 4122/2036/3768 4123/2033/3769
f 4120/2063/3766 4119/2037/3765 4124/2032/3770
f 4119/2037/3765 4123/2033/3769 4124/2032/3770
f 4120/2063/3766 4124/2032/3770 4125/2065/3771
f 4121/2064/3767 4120/2063/3766 4125/2065/3771
f 4122/2036/3768 4126/2034/3772 4123/2033/3769
f 4123/2033/3769 4126/2034/3772 4127/2029/3773
f 4124/2032/3770 4123/2033/3769 4128/2028/3774
f 4123/2033/3769 4127/2029/3773 4128/2028/3774
f 4128/2028/3774 4129/2031/3775 4124/2032/3770
f 4125/2065/3771 4124/2032/3770 4130/2035/3776
f 4124/2032/3770 4129/2031/3775 4130/2035/3776
f 4131/2338/3777 4132/2339/3778 4133/2340/3779
f 4131/2338/3777 4134/2341/3780 4132/2339/3778
f 4131/2338/3777 4133/2340/3779 4135/2342/3781
f 4131/2338/3777 4136/2343/3782 4134/2341/3780
f 4131/2338/3777 4135/2342/3781 4137/2344/3783
f 4131/2338/3777 4138/2345/3784 4136/2343/3782
f 4131/2338/3777 4137/2344/3783 4139/2346/3785
f 4131/2338/3777 4140/2347/3786 4138/2345/3784
f 4140/2347/3786 4131/2338/3777 4141/2348/3787
f 4131/2338/3777 4139/2346/3785 4142/2349/3788
f 4131/2338/3777 4142/2349/3788 4143/2350/3789
f 4131/2338/3777 4143/2350/3789 4141/2348/3787
f 4144/2351/3790 4145/2352/3791 4146/2353/3782
f 4144/2351/3790 4147/2354/3792 4145/2352/3791
f 4146/2353/3782 4145/2352/3791 4148/2355/3793
f 4149/2356/3794 4148/2355/3793 4145/2352/3791
f 4145/2352/3791 4147/2354/3792 4150/2357/3795
f 4149/2356/3794 4145/2352/3791 4150/2357/3795
f 4146/2353/3782 4148/2355/3793 4151/2358/3796
f 4149/2356/3794 4152/2359/3797 4148/2355/3793
f 4151/2358/3796 4148/2355/3793 4152/2359/3797
f 4147/2354/3792 4153/2360/3798 4150/2357/3795
f 4149/2356/3794 4150/2357/3795 4154/2361/3799
f 4150/2357/3795 4153/2360/3798 4154/2361/3799
f 4151/2358/3796 4152/2359/3797 4155/2362/3800
f 4149/2356/3794 4156/2363/3801 4152/2359/3797
f 4155/2362/3800 4152/2359/3797 4156/2363/3801
f 4149/2356/3794 4157/2364/3802 4156/2363/3801
f 4157/2364/3802 4155/2362/3800 4156/2363/3801
f 4153/2360/3798 4158/2365/3789 4154/2361/3799
f 4149/2356/3794 4154/2361/3799 4159/2366/3803
f 4154/2361/3799 4158/2365/3789 4159/2366/3803
f 4160/2367/3804 4155/2362/3800 4157/2364/3802
f 4149/2356/3794 4161/2368/3805 4157/2364/3802
f 4162/2369/3806 4157/2364/3802 4161/2368/3805
f 4160/2367/3804 4157/2364/3802 4162/2369/3806
f 4158/2365/3789 4163/2370/3807 4159/2366/3803
f 4162/2369/3806 4161/2368/3805 4164/2371/3808
f 4159/2366/3803 4163/2370/3807 4165/2372/3809
f 4149/2356/3794 4159/2366/3803 4165/2372/3809
f 4149/2356/3794 4166/2373/3810 4161/2368/3805
f 4164/2371/3808 4161/2368/3805 4166/2373/3810
f 4149/2356/3794 4165/2372/3809 4167/2374/3811
f 4163/2370/3807 4167/2374/3811 4165/2372/3809
f 4149/2356/3794 4167/2374/3811 4166/2373/3810
f 4164/2371/3808 4166/2373/3810 4168/2375/3812
f 4168/2375/3812 4166/2373/3810 4167/2374/3811
f 4168/2375/3812 4167/2374/3811 4163/2370/3807
f 4169/2057/3813 4170/2054/3814 4171/2050/3815
f 4172/2056/3816 4169/2057/3813 4171/2050/3815
f 4170/2054/3814 4173/2051/3817 4171/2050/3815
f 4174/2055/3818 4172/2056/3816 4171/2050/3815
f 4173/2051/3817 4175/2040/3819 4171/2050/3815
f 4176/2052/3820 4174/2055/3818 4171/2050/3815
f 4175/2040/3819 4177/2044/3821 4171/2050/3815
f 4177/2044/3821 4176/2052/3820 4171/2050/3815
f 4178/2338/3822 4179/2339/3823 4180/2340/3824
f 4178/2338/3822 4181/2341/3825 4179/2339/3823
f 4178/2338/3822 4180/2340/3824 4182/2342/3826
f 4178/2338/3822 4183/2343/3827 4181/2341/3825
f 4178/2338/3822 4182/2342/3826 4184/2344/3828
f 4178/2338/3822 4185/2345/3829 4183/2343/3827
f 4178/2338/3822 4184/2344/3828 4186/2346/3830
f 4178/2338/3822 4187/2347/3831 4185/2345/3829
f 4187/2347/3831 4178/2338/3822 4188/2348/3832
f 4178/2338/3822 4186/2346/3830 4189/2349/3833
f 4178/2338/3822 4189/2349/3833 4190/2350/3834
f 4178/2338/3822 4190/2350/3834 4188/2348/3832
f 4191/2351/3835 4192/2352/3836 4193/2353/3837
f 4191/2351/3835 4194/2354/3838 4192/2352/3836
f 4193/2353/3837 4192/2352/3836 4195/2355/3839
f 4196/2356/3840 4195/2355/3839 4192/2352/3836
f 4192/2352/3836 4194/2354/3838 4197/2357/3841
f 4196/2356/3840 4192/2352/3836 4197/2357/3841
f 4193/2353/3837 4195/2355/3839 4198/2358/3842
f 4196/2356/3840 4199/2359/3843 4195/2355/3839
f 4198/2358/3842 4195/2355/3839 4199/2359/3843
f 4194/2354/3838 4200/2360/3844 4197/2357/3841
f 4196/2356/3840 4197/2357/3841 4201/2361/3845
f 4197/2357/3841 4200/2360/3844 4201/2361/3845
f 4198/2358/3842 4199/2359/3843 4202/2362/3846
f 4196/2356/3840 4203/2363/3847 4199/2359/3843
f 4202/2362/3846 4199/2359/3843 4203/2363/3847
f 4196/2356/3840 4204/2364/3848 4203/2363/3847
f 4204/2364/3848 4202/2362/3846 4203/2363/3847
f 4200/2360/3844 4205/2365/3849 4201/2361/3845
f 4196/2356/3840 4201/2361/3845 4206/2366/3850
f 4201/2361/3845 4205/2365/3849 4206/2366/3850
f 4207/2367/3851 4202/2362/3846 4204/2364/3848
f 4196/2356/3840 4208/2368/3852 4204/2364/3848
f 4209/2369/3853 4204/2364/3848 4208/2368/3852
f 4207/2367/3851 4204/2364/3848 4209/2369/3853
f 4205/2365/3849 4210/2370/3833 4206/2366/3850
f 4209/2369/3853 4208/2368/3852 4211/2371/3854
f 4206/2366/3850 4210/2370/3833 4212/2372/3855
f 4196/2356/3840 4206/2366/3850 4212/2372/3855
f 4196/2356/3840 4213/2373/3856 4208/2368/3852
f 4211/2371/3854 4208/2368/3852 4213/2373/3856
f 4196/2356/3840 4212/2372/3855 4214/2374/3857
f 4210/2370/3833 4214/2374/3857 4212/2372/3855
f 4196/2356/3840 4214/2374/3857 4213/2373/3856
f 4211/2371/3854 4213/2373/3856 4215/2375/3858
f 4215/2375/3858 4213/2373/3856 4214/2374/3857
f 4215/2375/3858 4214/2374/3857 4210/2370/3833
f 4216/2057/3859 4217/2054/3860 4218/2050/3861
f 4219/2056/3862 4216/2057/3859 4218/2050/3861
f 4217/2054/3860 4220/2051/3863 4218/2050/3861
f 4221/2055/3864 4219/2056/3862 4218/2050/3861
f 4220/2051/3863 4222/2040/3865 4218/2050/3861
f 4223/2052/3866 4221/2055/3864 4218/2050/3861
f 4222/2040/3865 4224/2044/3867 4218/2050/3861
f 4224/2044/3867 4223/2052/3866 4218/2050/3861
f 4225/2455/3868 4226/2456/3869 4227/2457/3870
f 4225/2455/3868 4228/2458/3871 4226/2456/3869
f 4227/2457/3870 4226/2456/3869 4229/2459/3872
f 4230/2460/3873 4227/2457/3870 4229/2459/3872
f 4231/2461/3874 4227/2457/3870 4230/2460/3873
f 4229/2459/3872 4226/2456/3869 4232/2462/3875
f 4232/2462/3875 4230/2460/3873 4229/2459/3872
f 4226/2456/3869 4228/2458/3871 4233/2463/3876
f 4232/2462/3875 4226/2456/3869 4234/2464/3877
f 4235/2465/3878 4226/2456/3869 4233/2463/3876
f 4234/2464/3877 4226/2456/3869 4235/2465/3878
f 4228/2458/3871 4236/2466/3879 4233/2463/3876
f 4233/2463/3876 4236/2466/3879 4235/2465/3878
f 4237/2467/3880 4236/2466/3879 4228/2458/3871
f 4231/2461/3874 4230/2460/3873 4238/2468/3881
f 4239/2469/3882 4230/2460/3873 4232/2462/3875
f 4238/2468/3881 4230/2460/3873 4240/2470/3883
f 4241/2471/3884 4230/2460/3873 4239/2469/3882
f 4240/2470/3883 4230/2460/3873 4241/2471/3884
f 4242/2472/3885 4238/2468/3881 4240/2470/3883
f 4241/2471/3884 4242/2472/3885 4240/2470/3883
f 4235/2465/3878 4236/2466/3879 4243/2473/3886
f 4237/2467/3880 4244/2474/3887 4236/2466/3879
f 4236/2466/3879 4244/2474/3887 4245/2475/3888
f 4246/2476/3889 4236/2466/3879 4245/2475/3888
f 4243/2473/3886 4236/2466/3879 4246/2476/3889
f 4247/2477/3890 4238/2468/3881 4242/2472/3885
f 4244/2474/3887 4248/2478/3891 4245/2475/3888
f 4245/2475/3888 4248/2478/3891 4246/2476/3889
f 4249/2479/3892 4242/2472/3885 4241/2471/3884
f 4250/2480/3893 4248/2478/3891 4244/2474/3887
f 4247/2477/3890 4242/2472/3885 4251/2481/3894
f 4252/2482/3895 4242/2472/3885 4249/2479/3892
f 4253/2483/3896 4242/2472/3885 4252/2482/3895
f 4251/2481/3894 4242/2472/3885 4253/2483/3896
f 4246/2476/3889 4248/2478/3891 4254/2484/3897
f 4255/2485/3898 4251/2481/3894 4253/2483/3896
f 4252/2482/3895 4255/2485/3898 4253/2483/3896
f 4250/2480/3893 4256/2486/3899 4248/2478/3891
f 4248/2478/3891 4256/2486/3899 4257/2487/3900
f 4258/2488/3901 4248/2478/3891 4257/2487/3900
f 4254/2484/3897 4248/2478/3891 4258/2488/3901
f 4259/2489/3902 4251/2481/3894 4255/2485/3898
f 4256/2486/3899 4260/2490/3903 4257/2487/3900
f 4257/2487/3900 4260/2490/3903 4258/2488/3901
f 4261/2491/3904 4255/2485/3898 4252/2482/3895
f 4262/2492/3905 4260/2490/3903 4256/2486/3899
f 4258/2488/3901 4260/2490/3903 4263/2493/3906
f 4259/2489/3902 4255/2485/3898 4264/2494/3907
f 4265/2495/3908 4255/2485/3898 4261/2491/3904
f 4266/2496/3909 4255/2485/3898 4265/2495/3908
f 4264/2494/3907 4255/2485/3898 4266/2496/3909
f 4267/2497/3910 4264/2494/3907 4266/2496/3909
f 4265/2495/3908 4267/2497/3910 4266/2496/3909
f 4262/2492/3905 4268/2498/3911 4260/2490/3903
f 4260/2490/3903 4268/2498/3911 4269/2499/3912
f 4126/2034/3772 4270/2066/3913 4127/2029/3773
f 4127/2029/3773 4270/2066/3913 4271/2067/3914
f 4128/2028/3774 4127/2029/3773 4272/2024/3915
f 4127/2029/3773 4271/2067/3914 4272/2024/3915
f 4272/2024/3915 4273/2027/3916 4128/2028/3774
f 4128/2028/3774 4273/2027/3916 4129/2031/3775
f 4270/2066/3913 4274/2068/3917 4271/2067/3914
f 4271/2067/3914 4274/2068/3917 4275/2069/3918
f 4272/2024/3915 4271/2067/3914 4276/2070/3919
f 4271/2067/3914 4275/2069/3918 4276/2070/3919
f 4276/2070/3919 4277/2071/3920 4272/2024/3915
f 4272/2024/3915 4277/2071/3920 4273/2027/3916
f 4276/2070/3919 4278/2072/3921 4277/2071/3920
f 4276/2070/3919 4275/2069/3918 4278/2072/3921
f 4274/2068/3917 4279/2023/3755 4275/2069/3918
f 4275/2069/3918 4279/2023/3755 4280/2020/3922
f 4275/2069/3918 4280/2020/3922 4278/2072/3921
f 4277/2071/3920 4278/2072/3921 4281/2073/3923
f 4278/2072/3921 4282/2017/3924 4281/2073/3923
f 4278/2072/3921 4280/2020/3922 4282/2017/3924
f 4281/2073/3923 4282/2017/3924 4283/2015/3925
f 4284/2074/3926 4285/2075/3927 4286/2076/3928
f 4286/2076/3928 4285/2075/3927 4287/2077/3929
f 4286/2076/3928 4287/2077/3929 4288/2078/3930
f 4288/2078/3930 4287/2077/3929 4289/2079/3931
f 4288/2078/3930 4289/2079/3931 4290/2080/3932
f 4290/2080/3932 4289/2079/3931 4291/2081/3933
f 4290/2080/3932 4291/2081/3933 4292/2082/3934
f 4292/2082/3934 4291/2081/3933 4293/2083/3935
f 4294/2084/3936 4292/2082/3934 4293/2083/3935
f 4295/2085/3937 4292/2082/3934 4294/2084/3936
f 4296/2086/3938 4295/2085/3937 4294/2084/3936
f 4297/2087/3939 4295/2085/3937 4296/2086/3938
f 4298/2088/3940 4297/2087/3939 4296/2086/3938
f 4299/2089/3941 4297/2087/3939 4298/2088/3940
f 4300/2090/3942 4299/2089/3941 4298/2088/3940
f 4301/2091/3943 4299/2089/3941 4300/2090/3942
f 4302/2540/3944 4303/2541/3945 4304/2542/3946
f 4304/2542/3946 4303/2541/3945 4305/2543/3946
f 4303/2541/3945 4306/2544/3947 4305/2543/3946
f 4305/2543/3946 4306/2544/3947 4307/2545/3946
f 4306/2544/3947 4308/2546/3948 4307/2545/3946
f 4307/2545/3946 4308/2546/3948 4309/2547/3949
f 4308/2546/3948 4310/2548/3950 4309/2547/3949
f 4309/2547/3949 4310/2548/3950 4311/2549/3949
f 4310/2548/3950 4312/2550/3949 4311/2549/3949
f 4313/2551/3951 4312/2550/3949 4310/2548/3950
f 4313/2551/3951 4314/2552/3952 4312/2550/3949
f 4315/2553/3599 4314/2552/3952 4313/2551/3951
f 4315/2553/3599 4316/2554/3946 4314/2552/3952
f 4317/2555/3953 4316/2554/3946 4315/2553/3599
f 4317/2555/3953 4318/2556/3946 4316/2554/3946
f 4319/2557/3603 4318/2556/3946 4317/2555/3953
f 4320/2558/3954 4321/2559/3955 4322/2560/3956
f 4322/2560/3956 4321/2559/3955 4323/2561/3957
f 4321/2559/3955 4324/2562/3958 4323/2561/3957
f 4322/2560/3956 4323/2561/3957 4325/2563/3959
f 4323/2561/3957 4324/2562/3958 4326/2564/3960
f 4325/2563/3959 4323/2561/3957 4327/2565/3961
f 4323/2561/3957 4326/2564/3960 4327/2565/3961
f 4328/2566/3962 4326/2564/3960 4324/2562/3958
f 4329/2567/3963 4326/2564/3960 4328/2566/3962
f 4329/2567/3963 4330/2568/3964 4326/2564/3960
f 4327/2565/3961 4326/2564/3960 4330/2568/3964
f 4325/2563/3959 4327/2565/3961 4331/2569/3965
f 4325/2563/3959 4331/2569/3965 4332/2570/3966
f 4330/2568/3964 4333/2571/3967 4327/2565/3961
f 4331/2569/3965 4327/2565/3961 4334/2572/3968
f 4327/2565/3961 4333/2571/3967 4334/2572/3968
f 4335/2573/3969 4330/2568/3964 4329/2567/3963
f 4330/2568/3964 4335/2573/3969 4336/2574/3970
f 4330/2568/3964 4336/2574/3970 4333/2571/3967
f 4328/2566/3962 4337/2575/3971 4329/2567/3963
f 4329/2567/3963 4338/2576/3972 4335/2573/3969
f 4337/2575/3971 4338/2576/3972 4329/2567/3963
f 4339/2577/3973 4337/2575/3971 4328/2566/3962
f 4336/2574/3970 4335/2573/3969 4340/2578/3974
f 4341/2579/3975 4335/2573/3969 4338/2576/3972
f 4340/2578/3974 4335/2573/3969 4341/2579/3975
f 4339/2577/3973 4342/2580/3976 4337/2575/3971
f 4337/2575/3971 4343/2581/3977 4338/2576/3972
f 4342/2580/3976 4343/2581/3977 4337/2575/3971
f 4344/2582/3978 4338/2576/3972 4343/2581/3977
f 4345/2583/3979 4338/2576/3972 4344/2582/3978
f 4341/2579/3975 4338/2576/3972 4345/2583/3979
f 4346/2584/3980 4342/2580/3976 4339/2577/3973
f 4346/2584/3980 4347/2585/3981 4342/2580/3976
f 4342/2580/3976 4348/2586/3982 4343/2581/3977
f 4347/2585/3981 4348/2586/3982 4342/2580/3976
f 4348/2586/3982 4349/2587/3983 4343/2581/3977
f 4343/2581/3977 4349/2587/3983 4344/2582/3978
f 4350/2588/3984 4347/2585/3981 4346/2584/3980
f 4350/2588/3984 4351/2589/3985 4347/2585/3981
f 4347/2585/3981 4352/2590/3986 4348/2586/3982
f 4351/2589/3985 4352/2590/3986 4347/2585/3981
f 4348/2586/3982 4352/2590/3986 4353/2591/3987
f 4348/2586/3982 4353/2591/3987 4354/2592/3988
f 4354/2592/3988 4349/2587/3983 4348/2586/3982
f 4355/2593/3989 4351/2589/3985 4350/2588/3984
f 4355/2593/3989 4356/2594/3990 4351/2589/3985
f 4351/2589/3985 4357/2595/3991 4352/2590/3986
f 4351/2589/3985 4356/2594/3990 4357/2595/3991
f 4353/2591/3987 4352/2590/3986 4358/2596/3992
f 4358/2596/3992 4352/2590/3986 4359/2597/3993
f 4352/2590/3986 4357/2595/3991 4360/2598/3994
f 4359/2597/3993 4352/2590/3986 4360/2598/3994
f 4361/2599/3995 4362/2600/3996 4363/2601/3997
f 4364/2602/3998 4362/2600/3996 4361/2599/3995
f 4361/2599/3995 4365/2603/3999 4364/2602/3998
f 4364/2602/3998 4366/2604/4000 4362/2600/3996
f 4364/2602/3998 4365/2603/3999 4367/2605/4001
f 4367/2605/4001 4368/2606/4002 4364/2602/3998
f 4369/2607/4003 4366/2604/4000 4364/2602/3998
f 4364/2602/3998 4368/2606/4002 4369/2607/4003
f 4370/2608/4004 4366/2604/4000 4369/2607/4003
f 4369/2607/4003 4368/2606/4002 4370/2608/4004
f 4371/2609/4005 4366/2604/4000 4370/2608/4004
f 4370/2608/4004 4368/2606/4002 4372/2610/4006
f 4372/2610/4006 4373/2611/4007 4370/2608/4004
f 4370/2608/4004 4374/2612/4008 4371/2609/4005
f 4370/2608/4004 4373/2611/4007 4374/2612/4008
f 4374/2612/4008 4375/2613/4009 4371/2609/4005
f 4376/2614/4010 4375/2613/4009 4374/2612/4008
f 4374/2612/4008 4373/2611/4007 4376/2614/4010
f 4376/2614/4010 4373/2611/4007 4377/2615/4011
f 4375/2613/4009 4376/2614/4010 4378/2616/4012
f 4377/2615/4011 4379/2617/4013 4376/2614/4010
f 4378/2616/4012 4376/2614/4010 4380/2618/4014
f 4376/2614/4010 4379/2617/4013 4380/2618/4014
f 4379/2617/4013 4381/2619/4015 4380/2618/4014
f 4378/2616/4012 4380/2618/4014 4382/2620/4016
f 4380/2618/4014 4381/2619/4015 4382/2620/4016
f 4378/2616/4012 4382/2620/4016 4383/2621/4017
f 4381/2619/4015 4384/2622/4018 4382/2620/4016
f 4382/2620/4016 4384/2622/4018 4385/2623/4019
f 4383/2621/4017 4382/2620/4016 4385/2623/4019
f 4385/2623/4019 4386/2624/4020 4383/2621/4017
f 4387/2625/4021 4386/2624/4020 4385/2623/4019
f 4385/2623/4019 4384/2622/4018 4387/2625/4021
f 4387/2625/4021 4384/2622/4018 4388/2626/4022
f 4387/2625/4021 4389/2627/4023 4386/2624/4020
f 4388/2626/4022 4390/2628/4024 4387/2625/4021
f 4391/2629/4025 4389/2627/4023 4387/2625/4021
f 4387/2625/4021 4390/2628/4024 4391/2629/4025
f 4392/2630/4026 4389/2627/4023 4391/2629/4025
f 4391/2629/4025 4390/2628/4024 4392/2630/4026
f 4393/2631/4027 4389/2627/4023 4392/2630/4026
f 4392/2630/4026 4390/2628/4024 4394/2632/4028
f 4392/2630/4026 4394/2632/4028 4395/2633/4029
f 4392/2630/4026 4395/2633/4029 4393/2631/4027
f 4395/2633/4029 4396/2634/4030 4393/2631/4027
f 4395/2633/4029 4394/2632/4028 4397/2635/4031
f 4398/2636/4032 4396/2634/4030 4395/2633/4029
f 4395/2633/4029 4397/2635/4031 4398/2636/4032
f 4398/2636/4032 4397/2635/4031 4399/2637/4033
f 4398/2636/4032 4399/2637/4033 4400/2638/4034
f 4398/2636/4032 4400/2638/4034 4396/2634/4030
f 4396/2634/4030 4400/2638/4034 4401/2639/4035
f 4400/2638/4034 4399/2637/4033 4402/2640/4036
f 4403/2641/4037 4401/2639/4035 4400/2638/4034
f 4400/2638/4034 4402/2640/4036 4403/2641/4037
f 4404/2642/3997 4401/2639/4035 4403/2641/4037
f 4403/2641/4037 4402/2640/4036 4405/2643/4038
f 4403/2641/4037 4405/2643/4038 4406/2644/4039
f 4403/2641/4037 4406/2644/4039 4404/2642/3997
f 4406/2644/4039 4405/2643/4038 4407/2645/4040
f 4408/2646/4041 4409/2647/4042 4410/2648/4043
f 4410/2648/4043 4409/2647/4042 4411/2649/4044
f 4411/2649/4044 4409/2647/4042 4412/2650/4045
f 4412/2650/4045 4413/2651/4046 4411/2649/4044
f 4411/2649/4044 4413/2651/4046 4414/2652/4047
f 4414/2652/4047 4413/2651/4046 4415/2653/4048
f 4415/2653/4048 4416/2654/4049 4414/2652/4047
f 4417/2655/4050 4416/2654/4049 4415/2653/4048
f 4417/2655/4050 4418/2656/4051 4416/2654/4049
f 4416/2654/4049 4418/2656/4051 4419/2657/4052
f 4418/2656/4051 4420/2658/4053 4419/2657/4052
f 4419/2657/4052 4420/2658/4053 4421/2659/4054
f 4421/2659/4054 4420/2658/4053 4422/2660/4055
f 4422/2660/4055 4423/2661/4056 4421/2659/4054
f 4421/2659/4054 4423/2661/4056 4424/2662/4057
f 4424/2662/4057 4423/2661/4056 4425/2663/4058
f 4425/2663/4058 4426/2664/4059 4424/2662/4057
f 4424/2662/4057 4426/2664/4059 4427/2665/4060
f 4427/2665/4060 4426/2664/4059 4428/2666/4061
f 4428/2666/4061 4429/2667/4062 4427/2665/4060
f 4430/2668/4063 4429/2667/4062 4428/2666/4061
f 4430/2668/4063 4431/2669/4064 4429/2667/4062
f 4429/2667/4062 4431/2669/4064 4432/2670/4065
f 4431/2669/4064 4433/2671/4066 4432/2670/4065
f 4432/2670/4065 4433/2671/4066 4434/2672/4067
f 4434/2672/4067 4433/2671/4066 4435/2673/4068
f 4435/2673/4068 4436/2674/4069 4434/2672/4067
f 4434/2672/4067 4436/2674/4069 4437/2675/4070
f 4437/2675/4070 4436/2674/4069 4438/2676/4071
f 4438/2676/4071 4439/2677/4072 4437/2675/4070
f 4440/2678/4073 4439/2677/4072 4438/2676/4071
f 4440/2678/4073 4441/2679/4074 4439/2677/4072
f 4439/2677/4072 4441/2679/4074 4442/2680/4043
f 4443/2681/4075 4444/2682/4076 4445/2683/4077
f 4443/2681/4075 4446/2684/3593 4444/2682/4076
f 4446/2684/3593 4447/2685/4078 4444/2682/4076
f 4444/2682/4076 4447/2685/4078 4448/2686/4079
f 4447/2685/4078 4449/2687/4080 4448/2686/4079
f 4450/2688/4081 4449/2687/4080 4447/2685/4078
f 4447/2685/4078 4451/2689/4082 4450/2688/4081
f 4452/2690/4083 4451/2689/4082 4447/2685/4078
f 4452/2690/4083 4447/2685/4078 4446/2684/3593
f 4453/2691/4084 4446/2684/3593 4443/2681/4075
f 4454/2692/4085 4453/2691/4084 4443/2681/4075
f 4454/2692/4085 4443/2681/4075 4455/2693/4086
f 4451/2689/4082 4456/2694/4087 4450/2688/4081
f 4457/2695/4088 4453/2691/4084 4454/2692/4085
f 4450/2688/4081 4456/2694/4087 4458/2696/4089
f 4458/2696/4089 4459/2697/4090 4450/2688/4081
f 4456/2694/4087 4460/2698/3572 4458/2696/4089
f 4458/2696/4089 4460/2698/3572 4461/2699/4091
f 4458/2696/4089 4461/2699/4091 4459/2697/4090
f 4462/2700/4092 4457/2695/4088 4454/2692/4085
f 4462/2700/4092 4454/2692/4085 4463/2701/4093
f 4464/2702/4094 4457/2695/4088 4462/2700/4092
f 4459/2697/4090 4461/2699/4091 4465/2703/4095
f 4460/2698/3572 4466/2704/4096 4461/2699/4091
f 4461/2699/4091 4466/2704/4096 4467/2705/4097
f 4461/2699/4091 4467/2705/4097 4465/2703/4095
f 4464/2702/4094 4462/2700/4092 4468/2706/3569
f 4462/2700/4092 4463/2701/4093 4469/2707/4098
f 4468/2706/3569 4462/2700/4092 4469/2707/4098
f 4467/2705/4097 4470/2708/4099 4465/2703/4095
f 4466/2704/4096 4471/2709/3560 4467/2705/4097
f 4467/2705/4097 4471/2709/3560 4472/2710/4100
f 4472/2710/4100 4470/2708/4099 4467/2705/4097
f 4468/2706/3569 4469/2707/4098 4473/2711/4101
f 4472/2710/4100 4474/2712/4102 4470/2708/4099
f 4471/2709/3560 4475/2713/4103 4472/2710/4100
f 4472/2710/4100 4475/2713/4103 4476/2714/4104
f 4476/2714/4104 4474/2712/4102 4472/2710/4100
f 4475/2713/4103 4477/2715/4105 4476/2714/4104
f 4476/2714/4104 4477/2715/4105 4474/2712/4102
f 4473/2711/4101 4469/2707/4098 4478/2716/4106
f 4469/2707/4098 4479/2717/4107 4478/2716/4106
f 4480/2718/4108 4477/2715/4105 4475/2713/4103
f 4481/2719/4109 4473/2711/4101 4478/2716/4106
f 4482/2720/4110 4473/2711/4101 4481/2719/4109
f 4478/2716/4106 4483/2721/4111 4481/2719/4109
f 4480/2718/4108 4484/2722/4112 4477/2715/4105
f 4477/2715/4105 4484/2722/4112 4485/2723/4113
f 4477/2715/4105 4485/2723/4113 4486/2724/4114
f 4484/2722/4112 4487/2725/4115 4485/2723/4113
f 4488/2726/4116 4482/2720/4110 4481/2719/4109
f 4488/2726/4116 4481/2719/4109 4489/2727/4117
f 4490/2728/4118 4482/2720/4110 4488/2726/4116
f 4491/2729/4119 4490/2728/4118 4488/2726/4116
f 4492/2730/4120 4488/2726/4116 4489/2727/4117
f 4491/2729/4119 4488/2726/4116 4492/2730/4120
f 4485/2723/4113 4487/2725/4115 4493/2731/4121
f 4494/2500/4122 4260/2490/3903 4269/2499/3912
f 4263/2493/3906 4260/2490/3903 4494/2500/4122
f 4268/2498/3911 4495/2501/4123 4269/2499/3912
f 4269/2499/3912 4495/2501/4123 4494/2500/4122
f 4496/2502/4124 4264/2494/3907 4267/2497/3910
f 4497/2503/4125 4267/2497/3910 4265/2495/3908
f 4498/2504/4126 4495/2501/4123 4268/2498/3911
f 4494/2500/4122 4495/2501/4123 4499/2505/4127
f 4496/2502/4124 4267/2497/3910 4500/2506/4128
f 4501/2507/4129 4267/2497/3910 4497/2503/4125
f 4502/2508/4130 4267/2497/3910 4501/2507/4129
f 4500/2506/4128 4267/2497/3910 4502/2508/4130
f 4503/2509/4131 4500/2506/4128 4502/2508/4130
f 4501/2507/4129 4503/2509/4131 4502/2508/4130
f 4498/2504/4126 4504/2510/4132 4495/2501/4123
f 4495/2501/4123 4504/2510/4132 4505/2511/4133
f 4506/2512/4134 4495/2501/4123 4505/2511/4133
f 4499/2505/4127 4495/2501/4123 4506/2512/4134
f 4507/2513/4135 4500/2506/4128 4503/2509/4131
f 4508/2514/4136 4503/2509/4131 4501/2507/4129
f 4507/2513/4135 4503/2509/4131 4509/2515/4137
f 4510/2516/4138 4503/2509/4131 4508/2514/4136
f 4511/2517/4139 4503/2509/4131 4510/2516/4138
f 4509/2515/4137 4503/2509/4131 4511/2517/4139
f 4512/2518/4140 4513/2519/4141 4514/2520/4142
f 4512/2518/4140 4515/2521/4143 4513/2519/4141
f 4512/2518/4140 4514/2520/4142 4516/2522/4144
f 4512/2518/4140 4517/2523/4145 4515/2521/4143
f 4512/2518/4140 4518/2524/4146 4517/2523/4145
f 4512/2518/4140 4516/2522/4144 4519/2525/4147
f 4520/2526/4148 4512/2518/4140 4519/2525/4147
f 4512/2518/4140 4520/2526/4148 4518/2524/4146
f 4521/2338/4149 4522/2339/4150 4523/2340/4151
f 4521/2338/4149 4524/2341/4152 4522/2339/4150
f 4521/2338/4149 4523/2340/4151 4525/2342/4153
f 4521/2338/4149 4526/2343/4154 4524/2341/4152
f 4521/2338/4149 4525/2342/4153 4527/2344/4155
f 4521/2338/4149 4528/2345/4156 4526/2343/4154
f 4521/2338/4149 4527/2344/4155 4529/2346/4157
f 4521/2338/4149 4530/2347/4158 4528/2345/4156
f 4530/2347/4158 4521/2338/4149 4531/2348/4159
f 4521/2338/4149 4529/2346/4157 4532/2349/4160
f 4521/2338/4149 4532/2349/4160 4533/2350/4161
f 4521/2338/4149 4533/2350/4161 4531/2348/4159
f 4534/2351/4162 4535/2352/4163 4536/2353/4154
f 4534/2351/4162 4537/2354/4164 4535/2352/4163
f 4536/2353/4154 4535/2352/4163 4538/2355/4165
f 4539/2356/4166 4538/2355/4165 4535/2352/4163
f 4535/2352/4163 4537/2354/4164 4540/2357/4167
f 4539/2356/4166 4535/2352/4163 4540/2357/4167
f 4536/2353/4154 4538/2355/4165 4541/2358/4168
f 4539/2356/4166 4542/2359/4169 4538/2355/4165
f 4541/2358/4168 4538/2355/4165 4542/2359/4169
f 4537/2354/4164 4543/2360/4170 4540/2357/4167
f 4539/2356/4166 4540/2357/4167 4544/2361/4171
f 4540/2357/4167 4543/2360/4170 4544/2361/4171
f 4541/2358/4168 4542/2359/4169 4545/2362/4172
f 4539/2356/4166 4546/2363/4173 4542/2359/4169
f 4545/2362/4172 4542/2359/4169 4546/2363/4173
f 4539/2356/4166 4547/2364/4174 4546/2363/4173
f 4547/2364/4174 4545/2362/4172 4546/2363/4173
f 4543/2360/4170 4548/2365/4175 4544/2361/4171
f 4539/2356/4166 4544/2361/4171 4549/2366/4176
f 4544/2361/4171 4548/2365/4175 4549/2366/4176
f 4550/2367/4177 4545/2362/4172 4547/2364/4174
f 4539/2356/4166 4551/2368/4178 4547/2364/4174
f 4552/2369/4179 4547/2364/4174 4551/2368/4178
f 4550/2367/4177 4547/2364/4174 4552/2369/4179
f 4548/2365/4175 4553/2370/4160 4549/2366/4176
f 4552/2369/4179 4551/2368/4178 4554/2371/4180
f 4549/2366/4176 4553/2370/4160 4555/2372/4181
f 4539/2356/4166 4549/2366/4176 4555/2372/4181
f 4539/2356/4166 4556/2373/4182 4551/2368/4178
f 4554/2371/4180 4551/2368/4178 4556/2373/4182
f 4539/2356/4166 4555/2372/4181 4557/2374/4183
f 4553/2370/4160 4557/2374/4183 4555/2372/4181
f 4539/2356/4166 4557/2374/4183 4556/2373/4182
f 4554/2371/4180 4556/2373/4182 4558/2375/4157
f 4558/2375/4157 4556/2373/4182 4557/2374/4183
f 4558/2375/4157 4557/2374/4183 4553/2370/4160
f 4493/2731/4121 4559/2732/4184 4485/2723/4113
f 4487/2725/4115 4560/2733/4185 4493/2731/4121
f 4561/2734/3541 4490/2728/4118 4491/2729/4119
f 4493/2731/4121 4560/2733/4185 4562/2735/4186
f 4560/2733/4185 4561/2734/3541 4562/2735/4186
f 4562/2735/4186 4561/2734/3541 4491/2729/4119
f 4562/2735/4186 4491/2729/4119 4563/2736/4187
f 4562/2735/4186 4563/2736/4187 4493/2731/4121
f 4564/2693/4086 4565/2681/4188 4566/2683/4011
f 4567/2701/4189 4568/2692/4190 4564/2693/4191
f 4569/2707/4192 4567/2701/4093 4570/2717/4107
f 4571/2716/4193 4570/2717/4194 4572/2721/4195
f 4573/2719/4196 4572/2721/4111 4574/2727/4197
f 4575/2736/4198 4576/2729/4199 4577/2730/4200
f 4578/2731/4201 4575/2736/4187 4579/2732/4202
f 4580/2723/4203 4579/2732/4204 4581/2724/4205
f 4582/2712/4206 4583/2715/4207 4581/2724/4114
f 4584/2688/4208 4585/2697/4209 4586/2687/4210
f 4587/2092/4211 4588/2093/4212 4589/2094/4213
f 4589/2094/4213 4588/2093/4212 4590/2095/4214
f 4588/2093/4212 4591/2096/4215 4590/2095/4214
f 4592/2097/4216 4589/2094/4213 4590/2095/4214
f 4593/2098/4217 4589/2094/4213 4592/2097/4216
f 4590/2095/4214 4591/2096/4215 4594/2099/4218
f 4595/2100/4219 4590/2095/4214 4594/2099/4218
f 4592/2097/4216 4590/2095/4214 4595/2100/4219
f 4596/2101/4220 4593/2098/4217 4592/2097/4216
f 4592/2097/4216 4597/2102/4221 4596/2101/4220
f 4595/2100/4219 4597/2102/4221 4592/2097/4216
f 4598/2103/4222 4593/2098/4217 4596/2101/4220
f 4594/2099/4218 4591/2096/4215 4599/2104/4223
f 4600/2105/4224 4594/2099/4218 4599/2104/4223
f 4595/2100/4219 4594/2099/4218 4600/2105/4224
f 4600/2105/4224 4601/2106/4225 4595/2100/4219
f 4595/2100/4219 4601/2106/4225 4597/2102/4221
f 4599/2104/4223 4591/2096/4215 4602/2107/4226
f 4603/2108/4227 4596/2101/4220 4597/2102/4221
f 4597/2102/4221 4601/2106/4225 4603/2108/4227
f 4604/2109/4228 4598/2103/4222 4596/2101/4220
f 4604/2109/4228 4596/2101/4220 4603/2108/4227
f 4605/2110/4229 4598/2103/4222 4604/2109/4228
f 4602/2107/4226 4606/2111/4230 4599/2104/4223
f 4599/2104/4223 4607/2112/4231 4600/2105/4224
f 4599/2104/4223 4606/2111/4230 4607/2112/4231
f 4600/2105/4224 4607/2112/4231 4608/2113/4232
f 4609/2114/4233 4600/2105/4224 4608/2113/4232
f 4601/2106/4225 4600/2105/4224 4609/2114/4233
f 4603/2108/4227 4601/2106/4225 4610/2115/4234
f 4611/2116/4235 4601/2106/4225 4609/2114/4233
f 4610/2115/4234 4601/2106/4225 4611/2116/4235
f 4612/2117/4236 4604/2109/4228 4603/2108/4227
f 4603/2108/4227 4610/2115/4234 4612/2117/4236
f 4613/2118/4237 4605/2110/4229 4604/2109/4228
f 4613/2118/4237 4604/2109/4228 4612/2117/4236
f 4614/2119/4238 4605/2110/4229 4613/2118/4237
f 4612/2117/4236 4610/2115/4234 4615/2120/4239
f 4616/2121/4240 4610/2115/4234 4611/2116/4235
f 4615/2120/4239 4610/2115/4234 4616/2121/4240
f 4613/2118/4237 4612/2117/4236 4617/2122/4241
f 4612/2117/4236 4615/2120/4239 4618/2123/4242
f 4617/2122/4241 4612/2117/4236 4618/2123/4242
f 4614/2119/4238 4613/2118/4237 4619/2124/4243
f 4619/2124/4243 4613/2118/4237 4617/2122/4241
f 4618/2123/4242 4615/2120/4239 4620/2125/4244
f 4621/2126/4245 4615/2120/4239 4616/2121/4240
f 4620/2125/4244 4615/2120/4239 4621/2126/4245
f 4619/2124/4243 4617/2122/4241 4622/2127/4246
f 4617/2122/4241 4618/2123/4242 4623/2128/4247
f 4622/2127/4246 4617/2122/4241 4623/2128/4247
f 4623/2128/4247 4618/2123/4242 4624/2129/4248
f 4618/2123/4242 4620/2125/4244 4624/2129/4248
f 4624/2129/4248 4620/2125/4244 4625/2130/4249
f 4620/2125/4244 4621/2126/4245 4625/2130/4249
f 4625/2130/4249 4621/2126/4245 4626/2131/4250
f 4627/2132/4251 4624/2129/4248 4625/2130/4249
f 4625/2130/4249 4626/2131/4250 4627/2132/4251
f 4622/2127/4246 4623/2128/4247 4628/2133/4252
f 4628/2133/4252 4623/2128/4247 4629/2134/4212
f 4623/2128/4247 4624/2129/4248 4629/2134/4212
f 4629/2134/4212 4624/2129/4248 4630/2135/4253
f 4630/2135/4253 4624/2129/4248 4627/2132/4251
f 4627/2132/4251 4626/2131/4250 4631/2136/4254
f 4632/1989/4255 4633/1990/4256 4634/1991/4257
f 4635/1992/4258 4633/1990/4256 4632/1989/4255
f 4636/1993/4259 4635/1992/4258 4632/1989/4255
f 4637/1994/4260 4635/1992/4258 4636/1993/4259
f 4638/1995/4261 4637/1994/4260 4636/1993/4259
f 4639/1996/4262 4637/1994/4260 4638/1995/4261
f 4640/1997/4263 4639/1996/4262 4638/1995/4261
f 4641/1998/4264 4639/1996/4262 4640/1997/4263
f 4642/1999/4265 4641/1998/4264 4640/1997/4263
f 4643/2000/4266 4641/1998/4264 4642/1999/4265
f 4644/2001/4267 4643/2000/4266 4642/1999/4265
f 4645/2002/4268 4643/2000/4266 4644/2001/4267
f 4645/2002/4268 4644/2001/4267 4646/2003/4269
f 4646/2003/4269 4644/2001/4267 4647/2004/4270
f 4646/2003/4269 4647/2004/4270 4648/2005/4271
f 4648/2005/4271 4647/2004/4270 4649/2006/4272
f 4648/2005/4271 4649/2006/4272 4650/2007/4273
f 4650/2007/4273 4649/2006/4272 4651/2008/4274
f 4650/2007/4273 4651/2008/4274 4652/2009/4275
f 4652/2009/4275 4651/2008/4274 4653/2010/4276
f 4652/2009/4275 4653/2010/4276 4654/2011/4277
f 4654/2011/4277 4653/2010/4276 4655/2012/4278
f 4654/2011/4277 4655/2012/4278 4656/2013/4279
f 4656/2013/4279 4655/2012/4278 4657/2014/4280
f 4658/2015/4281 4659/2016/4282 4660/2017/4283
f 4660/2017/4283 4659/2016/4282 4661/2018/4284
f 4659/2016/4282 4662/2019/4285 4661/2018/4284
f 4660/2017/4283 4661/2018/4284 4663/2020/4286
f 4661/2018/4284 4662/2019/4285 4664/2021/4287
f 4663/2020/4286 4661/2018/4284 4665/2022/4288
f 4661/2018/4284 4664/2021/4287 4665/2022/4288
f 4663/2020/4286 4665/2022/4288 4666/2023/4289
f 4662/2019/4285 4667/2024/4290 4664/2021/4287
f 4665/2022/4288 4664/2021/4287 4668/2025/4291
f 4664/2021/4287 4667/2024/4290 4668/2025/4291
f 4665/2022/4288 4668/2025/4291 4669/2026/4292
f 4666/2023/4289 4665/2022/4288 4669/2026/4292
f 4670/2027/4293 4667/2024/4290 4662/2019/4285
f 4670/2027/4293 4671/2028/4294 4667/2024/4290
f 4668/2025/4291 4667/2024/4290 4672/2029/4295
f 4667/2024/4290 4671/2028/4294 4672/2029/4295
f 4668/2025/4291 4672/2029/4295 4673/2030/4296
f 4669/2026/4292 4668/2025/4291 4673/2030/4296
f 4674/2031/4297 4671/2028/4294 4670/2027/4293
f 4674/2031/4297 4675/2032/4298 4671/2028/4294
f 4672/2029/4295 4671/2028/4294 4676/2033/4299
f 4671/2028/4294 4675/2032/4298 4676/2033/4299
f 4672/2029/4295 4676/2033/4299 4677/2034/4300
f 4673/2030/4296 4672/2029/4295 4677/2034/4300
f 4678/2035/4301 4675/2032/4298 4674/2031/4297
f 4677/2034/4300 4676/2033/4299 4679/2036/4302
f 4676/2033/4299 4680/2037/4303 4679/2036/4302
f 4676/2033/4299 4675/2032/4298 4680/2037/4303
f 4678/2035/4301 4681/2038/4304 4675/2032/4298
f 4675/2032/4298 4682/2039/4305 4680/2037/4303
f 4675/2032/4298 4681/2038/4304 4682/2039/4305
f 4679/2036/4302 4680/2037/4303 4683/2040/4306
f 4680/2037/4303 4684/2041/4307 4683/2040/4306
f 4680/2037/4303 4682/2039/4305 4684/2041/4307
f 4681/2038/4304 4685/2042/4308 4682/2039/4305
f 4682/2039/4305 4685/2042/4308 4686/2043/4309
f 4682/2039/4305 4686/2043/4309 4684/2041/4307
f 4683/2040/4306 4684/2041/4307 4687/2044/4310
f 4684/2041/4307 4688/2045/4311 4687/2044/4310
f 4684/2041/4307 4686/2043/4309 4688/2045/4311
f 4685/2042/4308 4689/2046/4312 4686/2043/4309
f 4686/2043/4309 4689/2046/4312 4690/2047/4313
f 4686/2043/4309 4690/2047/4313 4688/2045/4311
f 4687/2044/4310 4688/2045/4311 4691/2048/4314
f 4688/2045/4311 4690/2047/4313 4692/2049/4286
f 4688/2045/4311 4692/2049/4286 4691/2048/4314
f 4683/2040/4306 4687/2044/4310 4693/2050/4315
f 4694/2051/4316 4683/2040/4306 4693/2050/4315
f 4687/2044/4310 4695/2052/4317 4693/2050/4315
f 4691/2048/4314 4692/2049/4286 4696/2053/4318
f 4697/2054/4319 4694/2051/4316 4693/2050/4315
f 4695/2052/4317 4698/2055/4320 4693/2050/4315
f 4698/2055/4320 4699/2056/4321 4693/2050/4315
f 4700/2057/4322 4697/2054/4319 4693/2050/4315
f 4699/2056/4321 4700/2057/4322 4693/2050/4315
f 4701/2053/4323 4702/2058/4324 4703/2049/4325
f 4703/2049/4325 4702/2058/4324 4704/2059/4326
f 4702/2058/4324 4705/2060/4327 4704/2059/4326
f 4703/2049/4325 4704/2059/4326 4706/2047/4328
f 4704/2059/4326 4705/2060/4327 4707/2061/4329
f 4706/2047/4328 4704/2059/4326 4708/2062/4330
f 4704/2059/4326 4707/2061/4329 4708/2062/4330
f 4705/2060/4327 4709/2040/4331 4707/2061/4329
f 4706/2047/4328 4708/2062/4330 4710/2046/4332
f 4707/2061/4329 4709/2040/4331 4711/2037/4333
f 4708/2062/4330 4707/2061/4329 4712/2063/4334
f 4707/2061/4329 4711/2037/4333 4712/2063/4334
f 4708/2062/4330 4712/2063/4334 4713/2064/4335
f 4710/2046/4332 4708/2062/4330 4713/2064/4335
f 4709/2040/4331 4714/2036/4336 4711/2037/4333
f 4711/2037/4333 4714/2036/4336 4715/2033/4337
f 4712/2063/4334 4711/2037/4333 4716/2032/4338
f 4711/2037/4333 4715/2033/4337 4716/2032/4338
f 4712/2063/4334 4716/2032/4338 4717/2065/4339
f 4713/2064/4335 4712/2063/4334 4717/2065/4339
f 4714/2036/4336 4718/2034/4340 4715/2033/4337
f 4715/2033/4337 4718/2034/4340 4719/2029/4341
f 4716/2032/4338 4715/2033/4337 4720/2028/4342
f 4715/2033/4337 4719/2029/4341 4720/2028/4342
f 4720/2028/4342 4721/2031/4343 4716/2032/4338
f 4717/2065/4339 4716/2032/4338 4722/2035/4344
f 4716/2032/4338 4721/2031/4343 4722/2035/4344
f 4718/2034/4340 4723/2066/4345 4719/2029/4341
f 4719/2029/4341 4723/2066/4345 4724/2067/4346
f 4720/2028/4342 4719/2029/4341 4725/2024/4347
f 4719/2029/4341 4724/2067/4346 4725/2024/4347
f 4725/2024/4347 4726/2027/4348 4720/2028/4342
f 4720/2028/4342 4726/2027/4348 4721/2031/4343
f 4723/2066/4345 4727/2068/4349 4724/2067/4346
f 4724/2067/4346 4727/2068/4349 4728/2069/4350
f 4725/2024/4347 4724/2067/4346 4729/2070/4351
f 4724/2067/4346 4728/2069/4350 4729/2070/4351
f 4729/2070/4351 4730/2071/4352 4725/2024/4347
f 4725/2024/4347 4730/2071/4352 4726/2027/4348
f 4729/2070/4351 4731/2072/4353 4730/2071/4352
f 4729/2070/4351 4728/2069/4350 4731/2072/4353
f 4727/2068/4349 4732/2023/4323 4728/2069/4350
f 4728/2069/4350 4732/2023/4323 4733/2020/4354
f 4728/2069/4350 4733/2020/4354 4731/2072/4353
f 4730/2071/4352 4731/2072/4353 4734/2073/4355
f 4731/2072/4353 4735/2017/4356 4734/2073/4355
f 4731/2072/4353 4733/2020/4354 4735/2017/4356
f 4734/2073/4355 4735/2017/4356 4736/2015/4357
f 4737/2074/4358 4738/2075/4359 4739/2076/4360
f 4739/2076/4360 4738/2075/4359 4740/2077/4361
f 4739/2076/4360 4740/2077/4361 4741/2078/4362
f 4741/2078/4362 4740/2077/4361 4742/2079/4363
f 4741/2078/4362 4742/2079/4363 4743/2080/4364
f 4743/2080/4364 4742/2079/4363 4744/2081/4365
f 4743/2080/4364 4744/2081/4365 4745/2082/4366
f 4745/2082/4366 4744/2081/4365 4746/2083/4367
f 4747/2084/4301 4745/2082/4366 4746/2083/4367
f 4748/2085/4368 4745/2082/4366 4747/2084/4301
f 4749/2086/4369 4748/2085/4368 4747/2084/4301
f 4750/2087/4343 4748/2085/4368 4749/2086/4369
f 4751/2088/4370 4750/2087/4343 4749/2086/4369
f 4752/2089/4344 4750/2087/4343 4751/2088/4370
f 4753/2090/4371 4752/2089/4344 4751/2088/4370
f 4754/2091/4372 4752/2089/4344 4753/2090/4371
f 4755/2092/4373 4756/2093/4374 4757/2094/4375
f 4757/2094/4375 4756/2093/4374 4758/2095/4376
f 4756/2093/4374 4759/2096/4377 4758/2095/4376
f 4760/2097/4378 4757/2094/4375 4758/2095/4376
f 4761/2098/4379 4757/2094/4375 4760/2097/4378
f 4758/2095/4376 4759/2096/4377 4762/2099/4380
f 4763/2100/4381 4758/2095/4376 4762/2099/4380
f 4760/2097/4378 4758/2095/4376 4763/2100/4381
f 4764/2101/4382 4761/2098/4379 4760/2097/4378
f 4760/2097/4378 4765/2102/4383 4764/2101/4382
f 4763/2100/4381 4765/2102/4383 4760/2097/4378
f 4766/2103/4384 4761/2098/4379 4764/2101/4382
f 4762/2099/4380 4759/2096/4377 4767/2104/4385
f 4768/2105/4386 4762/2099/4380 4767/2104/4385
f 4763/2100/4381 4762/2099/4380 4768/2105/4386
f 4768/2105/4386 4769/2106/4387 4763/2100/4381
f 4763/2100/4381 4769/2106/4387 4765/2102/4383
f 4767/2104/4385 4759/2096/4377 4770/2107/4388
f 4771/2108/4389 4764/2101/4382 4765/2102/4383
f 4765/2102/4383 4769/2106/4387 4771/2108/4389
f 4772/2109/4390 4766/2103/4384 4764/2101/4382
f 4772/2109/4390 4764/2101/4382 4771/2108/4389
f 4773/2110/4391 4766/2103/4384 4772/2109/4390
f 4770/2107/4388 4774/2111/4392 4767/2104/4385
f 4767/2104/4385 4775/2112/4393 4768/2105/4386
f 4767/2104/4385 4774/2111/4392 4775/2112/4393
f 4768/2105/4386 4775/2112/4393 4776/2113/4394
f 4777/2114/4395 4768/2105/4386 4776/2113/4394
f 4769/2106/4387 4768/2105/4386 4777/2114/4395
f 4771/2108/4389 4769/2106/4387 4778/2115/4396
f 4779/2116/4397 4769/2106/4387 4777/2114/4395
f 4778/2115/4396 4769/2106/4387 4779/2116/4397
f 4780/2117/4398 4772/2109/4390 4771/2108/4389
f 4771/2108/4389 4778/2115/4396 4780/2117/4398
f 4781/2118/4399 4773/2110/4391 4772/2109/4390
f 4781/2118/4399 4772/2109/4390 4780/2117/4398
f 4782/2119/4400 4773/2110/4391 4781/2118/4399
f 4780/2117/4398 4778/2115/4396 4783/2120/4401
f 4784/2121/4402 4778/2115/4396 4779/2116/4397
f 4783/2120/4401 4778/2115/4396 4784/2121/4402
f 4781/2118/4399 4780/2117/4398 4785/2122/4403
f 4780/2117/4398 4783/2120/4401 4786/2123/4404
f 4785/2122/4403 4780/2117/4398 4786/2123/4404
f 4782/2119/4400 4781/2118/4399 4787/2124/4405
f 4787/2124/4405 4781/2118/4399 4785/2122/4403
f 4786/2123/4404 4783/2120/4401 4788/2125/4406
f 4789/2126/4407 4783/2120/4401 4784/2121/4402
f 4788/2125/4406 4783/2120/4401 4789/2126/4407
f 4787/2124/4405 4785/2122/4403 4790/2127/4408
f 4785/2122/4403 4786/2123/4404 4791/2128/4409
f 4790/2127/4408 4785/2122/4403 4791/2128/4409
f 4791/2128/4409 4786/2123/4404 4792/2129/4410
f 4786/2123/4404 4788/2125/4406 4792/2129/4410
f 4792/2129/4410 4788/2125/4406 4793/2130/4411
f 4788/2125/4406 4789/2126/4407 4793/2130/4411
f 4793/2130/4411 4789/2126/4407 4794/2131/4412
f 4795/2132/4413 4792/2129/4410 4793/2130/4411
f 4793/2130/4411 4794/2131/4412 4795/2132/4413
f 4790/2127/4408 4791/2128/4409 4796/2133/4414
f 4796/2133/4414 4791/2128/4409 4797/2134/4374
f 4791/2128/4409 4792/2129/4410 4797/2134/4374
f 4797/2134/4374 4792/2129/4410 4798/2135/4415
f 4798/2135/4415 4792/2129/4410 4795/2132/4413
f 4795/2132/4413 4794/2131/4412 4799/2136/4416
f 4800/1989/4417 4801/1990/4418 4802/1991/4419
f 4803/1992/4420 4801/1990/4418 4800/1989/4417
f 4804/1993/4421 4803/1992/4420 4800/1989/4417
f 4805/1994/4422 4803/1992/4420 4804/1993/4421
f 4806/1995/4423 4805/1994/4422 4804/1993/4421
f 4807/1996/4424 4805/1994/4422 4806/1995/4423
f 4808/1997/4425 4807/1996/4424 4806/1995/4423
f 4809/1998/4426 4807/1996/4424 4808/1997/4425
f 4810/1999/4427 4809/1998/4426 4808/1997/4425
f 4811/2000/4428 4809/1998/4426 4810/1999/4427
f 4812/2001/4429 4811/2000/4428 4810/1999/4427
f 4813/2002/4430 4811/2000/4428 4812/2001/4429
f 4813/2002/4430 4812/2001/4429 4814/2003/4431
f 4814/2003/4431 4812/2001/4429 4815/2004/4432
f 4814/2003/4431 4815/2004/4432 4816/2005/4433
f 4816/2005/4433 4815/2004/4432 4817/2006/4434
f 4816/2005/4433 4817/2006/4434 4818/2007/4435
f 4818/2007/4435 4817/2006/4434 4819/2008/4436
f 4818/2007/4435 4819/2008/4436 4820/2009/4437
f 4820/2009/4437 4819/2008/4436 4821/2010/4438
f 4820/2009/4437 4821/2010/4438 4822/2011/4439
f 4822/2011/4439 4821/2010/4438 4823/2012/4440
f 4822/2011/4439 4823/2012/4440 4824/2013/4441
f 4824/2013/4441 4823/2012/4440 4825/2014/4442
f 4826/2015/4443 4827/2016/4444 4828/2017/4445
f 4828/2017/4445 4827/2016/4444 4829/2018/4446
f 4827/2016/4444 4830/2019/4447 4829/2018/4446
f 4828/2017/4445 4829/2018/4446 4831/2020/4448
f 4829/2018/4446 4830/2019/4447 4832/2021/4449
f 4831/2020/4448 4829/2018/4446 4833/2022/4450
f 4829/2018/4446 4832/2021/4449 4833/2022/4450
f 4831/2020/4448 4833/2022/4450 4834/2023/4451
f 4830/2019/4447 4835/2024/4452 4832/2021/4449
f 4833/2022/4450 4832/2021/4449 4836/2025/4453
f 4832/2021/4449 4835/2024/4452 4836/2025/4453
f 4833/2022/4450 4836/2025/4453 4837/2026/4454
f 4834/2023/4451 4833/2022/4450 4837/2026/4454
f 4838/2027/4455 4835/2024/4452 4830/2019/4447
f 4838/2027/4455 4839/2028/4456 4835/2024/4452
f 4836/2025/4453 4835/2024/4452 4840/2029/4457
f 4835/2024/4452 4839/2028/4456 4840/2029/4457
f 4836/2025/4453 4840/2029/4457 4841/2030/4458
f 4837/2026/4454 4836/2025/4453 4841/2030/4458
f 4842/2031/4459 4839/2028/4456 4838/2027/4455
f 4842/2031/4459 4843/2032/4460 4839/2028/4456
f 4840/2029/4457 4839/2028/4456 4844/2033/4461
f 4839/2028/4456 4843/2032/4460 4844/2033/4461
f 4840/2029/4457 4844/2033/4461 4845/2034/4462
f 4841/2030/4458 4840/2029/4457 4845/2034/4462
f 4846/2035/4463 4843/2032/4460 4842/2031/4459
f 4845/2034/4462 4844/2033/4461 4847/2036/4464
f 4844/2033/4461 4848/2037/4465 4847/2036/4464
f 4844/2033/4461 4843/2032/4460 4848/2037/4465
f 4846/2035/4463 4849/2038/4466 4843/2032/4460
f 4843/2032/4460 4850/2039/4467 4848/2037/4465
f 4843/2032/4460 4849/2038/4466 4850/2039/4467
f 4847/2036/4464 4848/2037/4465 4851/2040/4468
f 4848/2037/4465 4852/2041/4469 4851/2040/4468
f 4848/2037/4465 4850/2039/4467 4852/2041/4469
f 4849/2038/4466 4853/2042/4470 4850/2039/4467
f 4850/2039/4467 4853/2042/4470 4854/2043/4471
f 4850/2039/4467 4854/2043/4471 4852/2041/4469
f 4851/2040/4468 4852/2041/4469 4855/2044/4472
f 4852/2041/4469 4856/2045/4473 4855/2044/4472
f 4852/2041/4469 4854/2043/4471 4856/2045/4473
f 4853/2042/4470 4857/2046/4474 4854/2043/4471
f 4854/2043/4471 4857/2046/4474 4858/2047/4475
f 4854/2043/4471 4858/2047/4475 4856/2045/4473
f 4855/2044/4472 4856/2045/4473 4859/2048/4476
f 4856/2045/4473 4858/2047/4475 4860/2049/4477
f 4856/2045/4473 4860/2049/4477 4859/2048/4476
f 4851/2040/4468 4855/2044/4472 4861/2050/4478
f 4862/2051/4479 4851/2040/4468 4861/2050/4478
f 4855/2044/4472 4863/2052/4480 4861/2050/4478
f 4859/2048/4476 4860/2049/4477 4864/2053/4481
f 4865/2054/4482 4862/2051/4479 4861/2050/4478
f 4863/2052/4480 4866/2055/4483 4861/2050/4478
f 4866/2055/4483 4867/2056/4484 4861/2050/4478
f 4868/2057/4485 4865/2054/4482 4861/2050/4478
f 4867/2056/4484 4868/2057/4485 4861/2050/4478
f 4869/2053/4486 4870/2058/4487 4871/2049/4488
f 4871/2049/4488 4870/2058/4487 4872/2059/4489
f 4870/2058/4487 4873/2060/4490 4872/2059/4489
f 4871/2049/4488 4872/2059/4489 4874/2047/4491
f 4872/2059/4489 4873/2060/4490 4875/2061/4492
f 4874/2047/4491 4872/2059/4489 4876/2062/4493
f 4872/2059/4489 4875/2061/4492 4876/2062/4493
f 4873/2060/4490 4877/2040/4494 4875/2061/4492
f 4874/2047/4491 4876/2062/4493 4878/2046/4495
f 4875/2061/4492 4877/2040/4494 4879/2037/4496
f 4876/2062/4493 4875/2061/4492 4880/2063/4497
f 4875/2061/4492 4879/2037/4496 4880/2063/4497
f 4876/2062/4493 4880/2063/4497 4881/2064/4498
f 4878/2046/4495 4876/2062/4493 4881/2064/4498
f 4877/2040/4494 4882/2036/4499 4879/2037/4496
f 4879/2037/4496 4882/2036/4499 4883/2033/4500
f 4880/2063/4497 4879/2037/4496 4884/2032/4501
f 4879/2037/4496 4883/2033/4500 4884/2032/4501
f 4880/2063/4497 4884/2032/4501 4885/2065/4502
f 4881/2064/4498 4880/2063/4497 4885/2065/4502
f 4882/2036/4499 4886/2034/4503 4883/2033/4500
f 4883/2033/4500 4886/2034/4503 4887/2029/4504
f 4884/2032/4501 4883/2033/4500 4888/2028/4505
f 4883/2033/4500 4887/2029/4504 4888/2028/4505
f 4888/2028/4505 4889/2031/4506 4884/2032/4501
f 4885/2065/4502 4884/2032/4501 4890/2035/4507
f 4884/2032/4501 4889/2031/4506 4890/2035/4507
f 4886/2034/4503 4891/2066/4508 4887/2029/4504
f 4887/2029/4504 4891/2066/4508 4892/2067/4509
f 4888/2028/4505 4887/2029/4504 4893/2024/4510
f 4887/2029/4504 4892/2067/4509 4893/2024/4510
f 4893/2024/4510 4894/2027/4511 4888/2028/4505
f 4888/2028/4505 4894/2027/4511 4889/2031/4506
f 4891/2066/4508 4895/2068/4512 4892/2067/4509
f 4892/2067/4509 4895/2068/4512 4896/2069/4513
f 4893/2024/4510 4892/2067/4509 4897/2070/4514
f 4892/2067/4509 4896/2069/4513 4897/2070/4514
f 4897/2070/4514 4898/2071/4515 4893/2024/4510
f 4893/2024/4510 4898/2071/4515 4894/2027/4511
f 4897/2070/4514 4899/2072/4516 4898/2071/4515
f 4897/2070/4514 4896/2069/4513 4899/2072/4516
f 4895/2068/4512 4900/2023/4486 4896/2069/4513
f 4896/2069/4513 4900/2023/4486 4901/2020/4517
f 4896/2069/4513 4901/2020/4517 4899/2072/4516
f 4898/2071/4515 4899/2072/4516 4902/2073/4518
f 4899/2072/4516 4903/2017/4519 4902/2073/4518
f 4899/2072/4516 4901/2020/4517 4903/2017/4519
f 4902/2073/4518 4903/2017/4519 4904/2015/4495
f 4905/2074/4520 4906/2075/4521 4907/2076/4522
f 4907/2076/4522 4906/2075/4521 4908/2077/4523
f 4907/2076/4522 4908/2077/4523 4909/2078/4524
f 4909/2078/4524 4908/2077/4523 4910/2079/4474
f 4909/2078/4524 4910/2079/4474 4911/2080/4525
f 4911/2080/4525 4910/2079/4474 4912/2081/4526
f 4911/2080/4525 4912/2081/4526 4913/2082/4527
f 4913/2082/4527 4912/2081/4526 4914/2083/4528
f 4915/2084/4529 4913/2082/4527 4914/2083/4528
f 4916/2085/4530 4913/2082/4527 4915/2084/4529
f 4917/2086/4531 4916/2085/4530 4915/2084/4529
f 4918/2087/4506 4916/2085/4530 4917/2086/4531
f 4919/2088/4532 4918/2087/4506 4917/2086/4531
f 4920/2089/4533 4918/2087/4506 4919/2088/4532
f 4921/2090/4534 4920/2089/4533 4919/2088/4532
f 4922/2091/4535 4920/2089/4533 4921/2090/4534
f 4923/2540/4536 4924/2541/4537 4925/2542/4538
f 4925/2542/4538 4924/2541/4537 4926/2543/4538
f 4924/2541/4537 4927/2544/4539 4926/2543/4538
f 4926/2543/4538 4927/2544/4539 4928/2545/4538
f 4927/2544/4539 4929/2546/4540 4928/2545/4538
f 4928/2545/4538 4929/2546/4540 4930/2547/4541
f 4929/2546/4540 4931/2548/4542 4930/2547/4541
f 4930/2547/4541 4931/2548/4542 4932/2549/4543
f 4931/2548/4542 4933/2550/4543 4932/2549/4543
f 4934/2551/4544 4933/2550/4543 4931/2548/4542
f 4934/2551/4544 4935/2552/4543 4933/2550/4543
f 4936/2553/4545 4935/2552/4543 4934/2551/4544
f 4936/2553/4545 4937/2554/4546 4935/2552/4543
f 4938/2555/4547 4937/2554/4546 4936/2553/4545
f 4938/2555/4547 4939/2556/4538 4937/2554/4546
f 4940/2557/4145 4939/2556/4538 4938/2555/4547
f 4941/2558/4548 4942/2559/4549 4943/2560/4550
f 4943/2560/4550 4942/2559/4549 4944/2561/4551
f 4942/2559/4549 4945/2562/4552 4944/2561/4551
f 4943/2560/4550 4944/2561/4551 4946/2563/4553
f 4944/2561/4551 4945/2562/4552 4947/2564/4554
f 4946/2563/4553 4944/2561/4551 4948/2565/4555
f 4944/2561/4551 4947/2564/4554 4948/2565/4555
f 4949/2566/4556 4947/2564/4554 4945/2562/4552
f 4950/2567/4557 4947/2564/4554 4949/2566/4556
f 4950/2567/4557 4951/2568/4558 4947/2564/4554
f 4948/2565/4555 4947/2564/4554 4951/2568/4558
f 4946/2563/4553 4948/2565/4555 4952/2569/4559
f 4946/2563/4553 4952/2569/4559 4953/2570/4560
f 4951/2568/4558 4954/2571/4561 4948/2565/4555
f 4952/2569/4559 4948/2565/4555 4955/2572/4562
f 4948/2565/4555 4954/2571/4561 4955/2572/4562
f 4956/2573/4563 4951/2568/4558 4950/2567/4557
f 4951/2568/4558 4956/2573/4563 4957/2574/4564
f 4951/2568/4558 4957/2574/4564 4954/2571/4561
f 4949/2566/4556 4958/2575/4565 4950/2567/4557
f 4950/2567/4557 4959/2576/4566 4956/2573/4563
f 4958/2575/4565 4959/2576/4566 4950/2567/4557
f 4960/2577/4567 4958/2575/4565 4949/2566/4556
f 4957/2574/4564 4956/2573/4563 4961/2578/4568
f 4962/2579/4569 4956/2573/4563 4959/2576/4566
f 4961/2578/4568 4956/2573/4563 4962/2579/4569
f 4960/2577/4567 4963/2580/4570 4958/2575/4565
f 4958/2575/4565 4964/2581/4571 4959/2576/4566
f 4963/2580/4570 4964/2581/4571 4958/2575/4565
f 4965/2582/4572 4959/2576/4566 4964/2581/4571
f 4966/2583/4573 4959/2576/4566 4965/2582/4572
f 4962/2579/4569 4959/2576/4566 4966/2583/4573
f 4967/2584/4574 4963/2580/4570 4960/2577/4567
f 4967/2584/4574 4968/2585/4575 4963/2580/4570
f 4963/2580/4570 4969/2586/4576 4964/2581/4571
f 4968/2585/4575 4969/2586/4576 4963/2580/4570
f 4969/2586/4576 4970/2587/4577 4964/2581/4571
f 4964/2581/4571 4970/2587/4577 4965/2582/4572
f 4971/2588/4578 4968/2585/4575 4967/2584/4574
f 4971/2588/4578 4972/2589/4579 4968/2585/4575
f 4968/2585/4575 4973/2590/4580 4969/2586/4576
f 4972/2589/4579 4973/2590/4580 4968/2585/4575
f 4969/2586/4576 4973/2590/4580 4974/2591/4581
f 4969/2586/4576 4974/2591/4581 4975/2592/4582
f 4975/2592/4582 4970/2587/4577 4969/2586/4576
f 4976/2593/4583 4972/2589/4579 4971/2588/4578
f 4976/2593/4583 4977/2594/4584 4972/2589/4579
f 4972/2589/4579 4978/2595/4585 4973/2590/4580
f 4972/2589/4579 4977/2594/4584 4978/2595/4585
f 4974/2591/4581 4973/2590/4580 4979/2596/4586
f 4979/2596/4586 4973/2590/4580 4980/2597/4587
f 4973/2590/4580 4978/2595/4585 4981/2598/4588
f 4980/2597/4587 4973/2590/4580 4981/2598/4588
f 4982/2599/4589 4983/2600/4590 4984/2601/4591
f 4985/2602/4592 4983/2600/4590 4982/2599/4589
f 4982/2599/4589 4986/2603/4593 4985/2602/4592
f 4985/2602/4592 4987/2604/4594 4983/2600/4590
f 4985/2602/4592 4986/2603/4593 4988/2605/4595
f 4988/2605/4595 4989/2606/4596 4985/2602/4592
f 4990/2607/4597 4987/2604/4594 4985/2602/4592
f 4985/2602/4592 4989/2606/4596 4990/2607/4597
f 4991/2608/4598 4987/2604/4594 4990/2607/4597
f 4990/2607/4597 4989/2606/4596 4991/2608/4598
f 4992/2609/4599 4987/2604/4594 4991/2608/4598
f 4991/2608/4598 4989/2606/4596 4993/2610/4600
f 4993/2610/4600 4994/2611/4601 4991/2608/4598
f 4991/2608/4598 4995/2612/4602 4992/2609/4599
f 4991/2608/4598 4994/2611/4601 4995/2612/4602
f 4995/2612/4602 4996/2613/4603 4992/2609/4599
f 4997/2614/4604 4996/2613/4603 4995/2612/4602
f 4995/2612/4602 4994/2611/4601 4997/2614/4604
f 4997/2614/4604 4994/2611/4601 4998/2615/4605
f 4996/2613/4603 4997/2614/4604 4999/2616/4606
f 4998/2615/4605 5000/2617/4607 4997/2614/4604
f 4999/2616/4606 4997/2614/4604 5001/2618/4608
f 4997/2614/4604 5000/2617/4607 5001/2618/4608
f 5000/2617/4607 5002/2619/4609 5001/2618/4608
f 4999/2616/4606 5001/2618/4608 5003/2620/4610
f 5001/2618/4608 5002/2619/4609 5003/2620/4610
f 4999/2616/4606 5003/2620/4610 5004/2621/4611
f 5002/2619/4609 5005/2622/4612 5003/2620/4610
f 5006/2737/4613 5007/2738/4614 5008/2739/4615
f 5009/2740/4616 5006/2737/4613 5008/2739/4615
f 5008/2739/4615 5007/2738/4614 5010/2741/4617
f 5006/2737/4613 5011/2742/4618 5007/2738/4614
f 5012/2743/4619 5011/2742/4618 5006/2737/4613
f 5013/2744/4620 5012/2743/4619 5006/2737/4613
f 5013/2744/4620 5006/2737/4613 5009/2740/4616
f 5011/2742/4618 5014/2745/4621 5007/2738/4614
f 5007/2738/4614 5015/2746/4622 5010/2741/4617
f 5007/2738/4614 5014/2745/4621 5015/2746/4622
f 5016/2747/4623 5013/2744/4620 5009/2740/4616
f 5010/2741/4617 5015/2746/4622 5017/2748/4624
f 5011/2742/4618 5018/2749/4020 5014/2745/4621
f 5019/2750/4017 5018/2749/4020 5011/2742/4618
f 5012/2743/4619 5019/2750/4017 5011/2742/4618
f 5020/2751/4625 5012/2743/4619 5013/2744/4620
f 5020/2751/4625 5021/2752/4626 5012/2743/4619
f 5021/2752/4626 5019/2750/4017 5012/2743/4619
f 5022/2753/4627 5020/2751/4625 5013/2744/4620
f 5022/2753/4627 5013/2744/4620 5016/2747/4623
f 5014/2745/4621 5023/2754/4628 5015/2746/4622
f 5014/2745/4621 5024/2755/4023 5023/2754/4628
f 5018/2749/4020 5024/2755/4023 5014/2745/4621
f 5015/2746/4622 5023/2754/4628 5025/2756/4629
f 5015/2746/4622 5025/2756/4629 5017/2748/4624
f 5026/2757/4630 5022/2753/4627 5016/2747/4623
f 5017/2748/4624 5025/2756/4629 5027/2758/4631
f 5028/2759/4632 5020/2751/4625 5022/2753/4627
f 5029/2760/4633 5021/2752/4626 5020/2751/4625
f 5028/2759/4632 5029/2760/4633 5020/2751/4625
f 5030/2761/4634 5028/2759/4632 5022/2753/4627
f 5030/2761/4634 5022/2753/4627 5026/2757/4630
f 5023/2754/4628 5031/2762/4635 5025/2756/4629
f 5023/2754/4628 5032/2763/4027 5031/2762/4635
f 5024/2755/4023 5032/2763/4027 5023/2754/4628
f 5025/2756/4629 5031/2762/4635 5033/2764/4636
f 5025/2756/4629 5033/2764/4636 5027/2758/4631
f 5034/2765/4637 5030/2761/4634 5026/2757/4630
f 5027/2758/4631 5033/2764/4636 5035/2766/4638
f 5036/2767/4639 5028/2759/4632 5030/2761/4634
f 5036/2767/4639 5037/2768/4640 5028/2759/4632
f 5037/2768/4640 5029/2760/4633 5028/2759/4632
f 5038/2769/4641 5036/2767/4639 5030/2761/4634
f 5038/2769/4641 5030/2761/4634 5034/2765/4637
f 5031/2762/4635 5039/2770/4642 5033/2764/4636
f 5031/2762/4635 5040/2771/4030 5039/2770/4642
f 5032/2763/4027 5040/2771/4030 5031/2762/4635
f 5033/2764/4636 5039/2770/4642 5041/2772/4643
f 5033/2764/4636 5041/2772/4643 5035/2766/4638
f 5042/2773/4644 5038/2769/4641 5034/2765/4637
f 5035/2766/4638 5041/2772/4643 5043/2774/4645
f 5044/2775/4646 5036/2767/4639 5038/2769/4641
f 5044/2775/4646 5045/2776/4647 5036/2767/4639
f 5045/2776/4647 5037/2768/4640 5036/2767/4639
f 5046/2777/4648 5044/2775/4646 5038/2769/4641
f 5046/2777/4648 5038/2769/4641 5042/2773/4644
f 5039/2770/4642 5047/2778/4649 5041/2772/4643
f 5039/2770/4642 5048/2779/4035 5047/2778/4649
f 5040/2771/4030 5048/2779/4035 5039/2770/4642
f 5041/2772/4643 5047/2778/4649 5049/2780/4650
f 5041/2772/4643 5049/2780/4650 5043/2774/4645
f 5049/2780/4650 5050/2781/4651 5046/2777/4648
f 5050/2781/4651 5044/2775/4646 5046/2777/4648
f 5051/2782/4652 5046/2777/4648 5042/2773/4644
f 5049/2780/4650 5046/2777/4648 5051/2782/4652
f 5043/2774/4645 5049/2780/4650 5051/2782/4652
f 5047/2778/4649 5050/2781/4651 5049/2780/4650
f 5047/2778/4649 5052/2783/3997 5050/2781/4651
f 5048/2779/4035 5052/2783/3997 5047/2778/4649
f 5053/2784/4653 5045/2776/4647 5044/2775/4646
f 5050/2781/4651 5053/2784/4653 5044/2775/4646
f 5052/2783/3997 5053/2784/4653 5050/2781/4651
f 5054/2785/4654 5055/2786/4655 5056/2787/4656
f 5057/2788/4657 5054/2785/4654 5056/2787/4656
f 5058/2789/4658 5054/2785/4654 5057/2788/4657
f 5056/2787/4656 5055/2786/4655 5059/2790/4659
f 5055/2786/4655 5060/2791/4660 5059/2790/4659
f 5056/2787/4656 5059/2790/4659 5061/2792/4661
f 5062/2793/4662 5056/2787/4656 5061/2792/4661
f 5057/2788/4657 5056/2787/4656 5062/2793/4662
f 5063/2794/4663 5058/2789/4658 5057/2788/4657
f 5064/2795/4664 5057/2788/4657 5062/2793/4662
f 5063/2794/4663 5057/2788/4657 5064/2795/4664
f 5065/2796/4665 5058/2789/4658 5063/2794/4663
f 5059/2790/4659 5060/2791/4660 5066/2797/4666
f 5059/2790/4659 5066/2797/4666 5067/2798/4667
f 5061/2792/4661 5059/2790/4659 5067/2798/4667
f 5060/2791/4660 5068/2799/4668 5066/2797/4666
f 5061/2792/4661 5067/2798/4667 5069/2800/4669
f 5070/2801/4670 5061/2792/4661 5069/2800/4669
f 5062/2793/4662 5061/2792/4661 5070/2801/4670
f 5064/2795/4664 5062/2793/4662 5071/2802/4671
f 5071/2802/4671 5062/2793/4662 5070/2801/4670
f 5072/2803/4672 5065/2796/4665 5063/2794/4663
f 5073/2804/4673 5063/2794/4663 5064/2795/4664
f 5072/2803/4672 5063/2794/4663 5073/2804/4673
f 5073/2804/4673 5064/2795/4664 5074/2805/4674
f 5074/2805/4674 5064/2795/4664 5071/2802/4671
f 5071/2802/4671 5070/2801/4670 5075/2806/4675
f 5070/2801/4670 5069/2800/4669 5075/2806/4675
f 5074/2805/4674 5071/2802/4671 5075/2806/4675
f 5069/2800/4669 5067/2798/4667 5076/2807/4676
f 5069/2800/4669 5076/2807/4676 5075/2806/4675
f 5067/2798/4667 5066/2797/4666 5077/2808/4677
f 5067/2798/4667 5077/2808/4677 5076/2807/4676
f 5066/2797/4666 5068/2799/4668 5078/2809/4678
f 5066/2797/4666 5078/2809/4678 5077/2808/4677
f 5068/2799/4668 5079/2810/4679 5078/2809/4678
f 5080/2811/4680 5073/2804/4673 5074/2805/4674
f 5080/2811/4680 5074/2805/4674 5075/2806/4675
f 5081/2812/4681 5072/2803/4672 5073/2804/4673
f 5081/2812/4681 5073/2804/4673 5080/2811/4680
f 5076/2807/4676 5077/2808/4677 5082/2813/4682
f 5076/2807/4676 5082/2813/4682 5075/2806/4675
f 5077/2808/4677 5078/2809/4678 5083/2814/4683
f 5077/2808/4677 5083/2814/4683 5082/2813/4682
f 5078/2809/4678 5079/2810/4679 5084/2815/4684
f 5078/2809/4678 5084/2815/4684 5083/2814/4683
f 5085/2816/4685 5081/2812/4681 5080/2811/4680
f 5085/2816/4685 5080/2811/4680 5075/2806/4675
f 5082/2813/4682 5083/2814/4683 5086/2817/4686
f 5082/2813/4682 5086/2817/4686 5075/2806/4675
f 5083/2814/4683 5084/2815/4684 5087/2818/4687
f 5083/2814/4683 5087/2818/4687 5086/2817/4686
f 5079/2810/4679 5088/2819/4688 5084/2815/4684
f 5084/2815/4684 5088/2819/4688 5089/2820/4689
f 5084/2815/4684 5089/2820/4689 5087/2818/4687
f 5087/2818/4687 5089/2820/4689 5090/2821/4690
f 5087/2818/4687 5090/2821/4690 5091/2822/4691
f 5086/2817/4686 5087/2818/4687 5091/2822/4691
f 5086/2817/4686 5091/2822/4691 5075/2806/4675
f 5092/2823/4692 5081/2812/4681 5085/2816/4685
f 5093/2824/4693 5092/2823/4692 5085/2816/4685
f 5093/2824/4693 5085/2816/4685 5075/2806/4675
f 5091/2822/4691 5090/2821/4690 5094/2825/4694
f 5091/2822/4691 5094/2825/4694 5075/2806/4675
f 5094/2825/4694 5093/2824/4693 5075/2806/4675
f 5088/2819/4688 5095/2826/4695 5089/2820/4689
f 5089/2820/4689 5095/2826/4695 5096/2827/4696
f 5089/2820/4689 5096/2827/4696 5090/2821/4690
f 5090/2821/4690 5096/2827/4696 5097/2828/4697
f 5090/2821/4690 5097/2828/4697 5094/2825/4694
f 5094/2825/4694 5097/2828/4697 5093/2824/4693
f 5097/2828/4697 5092/2823/4692 5093/2824/4693
f 5096/2827/4696 5098/2829/4698 5097/2828/4697
f 5097/2828/4697 5098/2829/4698 5092/2823/4692
f 5095/2826/4695 5099/2830/4699 5096/2827/4696
f 5096/2827/4696 5099/2830/4699 5098/2829/4698
f 5098/2829/4698 5100/2831/4700 5092/2823/4692
f 5092/2823/4692 5100/2831/4700 5081/2812/4681
f 5099/2830/4699 5101/2832/4701 5098/2829/4698
f 5098/2829/4698 5101/2832/4701 5100/2831/4700
f 5101/2832/4701 5102/2833/4702 5100/2831/4700
f 5100/2831/4700 5072/2803/4672 5081/2812/4681
f 5100/2831/4700 5102/2833/4702 5072/2803/4672
f 5102/2833/4702 5065/2796/4665 5072/2803/4672
f 5003/2620/4610 5005/2622/4612 5103/2623/4703
f 5004/2621/4611 5003/2620/4610 5103/2623/4703
f 5103/2623/4703 5104/2624/4704 5004/2621/4611
f 5105/2625/4705 5104/2624/4704 5103/2623/4703
f 5103/2623/4703 5005/2622/4612 5105/2625/4705
f 5105/2625/4705 5005/2622/4612 5106/2626/4706
f 5105/2625/4705 5107/2627/4707 5104/2624/4704
f 5106/2626/4706 5108/2628/4708 5105/2625/4705
f 5109/2629/4709 5107/2627/4707 5105/2625/4705
f 5105/2625/4705 5108/2628/4708 5109/2629/4709
f 5110/2630/4710 5107/2627/4707 5109/2629/4709
f 5109/2629/4709 5108/2628/4708 5110/2630/4710
f 5111/2631/4711 5107/2627/4707 5110/2630/4710
f 5110/2630/4710 5108/2628/4708 5112/2632/4712
f 5110/2630/4710 5112/2632/4712 5113/2633/4713
f 5110/2630/4710 5113/2633/4713 5111/2631/4711
f 5113/2633/4713 5114/2634/4714 5111/2631/4711
f 5113/2633/4713 5112/2632/4712 5115/2635/4715
f 5116/2636/4716 5114/2634/4714 5113/2633/4713
f 5113/2633/4713 5115/2635/4715 5116/2636/4716
f 5116/2636/4716 5115/2635/4715 5117/2637/4717
f 5116/2636/4716 5117/2637/4717 5118/2638/4718
f 5116/2636/4716 5118/2638/4718 5114/2634/4714
f 5114/2634/4714 5118/2638/4718 5119/2639/4719
f 5118/2638/4718 5117/2637/4717 5120/2640/4720
f 5121/2641/4721 5119/2639/4719 5118/2638/4718
f 5118/2638/4718 5120/2640/4720 5121/2641/4721
f 5122/2642/4591 5119/2639/4719 5121/2641/4721
f 5121/2641/4721 5120/2640/4720 5123/2643/4722
f 5121/2641/4721 5123/2643/4722 5124/2644/4723
f 5121/2641/4721 5124/2644/4723 5122/2642/4591
f 5124/2644/4723 5123/2643/4722 5125/2645/4724
f 5126/2646/4725 5127/2647/4726 5128/2648/4727
f 5128/2648/4727 5127/2647/4726 5129/2649/4728
f 5129/2649/4728 5127/2647/4726 5130/2650/4729
f 5130/2650/4729 5131/2651/4730 5129/2649/4728
f 5129/2649/4728 5131/2651/4730 5132/2652/4731
f 5132/2652/4731 5131/2651/4730 5133/2653/4732
f 5133/2653/4732 5134/2654/4733 5132/2652/4731
f 5135/2655/4734 5134/2654/4733 5133/2653/4732
f 5135/2655/4734 5136/2656/4735 5134/2654/4733
f 5134/2654/4733 5136/2656/4735 5137/2657/4736
f 5136/2656/4735 5138/2658/4737 5137/2657/4736
f 5137/2657/4736 5138/2658/4737 5139/2659/4738
f 5139/2659/4738 5138/2658/4737 5140/2660/4739
f 5140/2660/4739 5141/2661/4740 5139/2659/4738
f 5139/2659/4738 5141/2661/4740 5142/2662/4741
f 5142/2662/4741 5141/2661/4740 5143/2663/4742
f 5143/2663/4742 5144/2664/4743 5142/2662/4741
f 5142/2662/4741 5144/2664/4743 5145/2665/4744
f 5145/2665/4744 5144/2664/4743 5146/2666/4745
f 5146/2666/4745 5147/2667/4746 5145/2665/4744
f 5148/2668/4747 5147/2667/4746 5146/2666/4745
f 5148/2668/4747 5149/2669/4748 5147/2667/4746
f 5147/2667/4746 5149/2669/4748 5150/2670/4749
f 5149/2669/4748 5151/2671/4750 5150/2670/4749
f 5150/2670/4749 5151/2671/4750 5152/2672/4751
f 5152/2672/4751 5151/2671/4750 5153/2673/4752
f 5153/2673/4752 5154/2674/4753 5152/2672/4751
f 5152/2672/4751 5154/2674/4753 5155/2675/4754
f 5155/2675/4754 5154/2674/4753 5156/2676/4755
f 5156/2676/4755 5157/2677/4756 5155/2675/4754
f 5158/2678/4757 5157/2677/4756 5156/2676/4755
f 5158/2678/4757 5159/2679/4758 5157/2677/4756
f 5157/2677/4756 5159/2679/4758 5160/2680/4759
f 5161/2681/4760 5162/2682/4761 5163/2683/4762
f 5161/2681/4760 5164/2684/4763 5162/2682/4761
f 5164/2684/4763 5165/2685/4764 5162/2682/4761
f 5162/2682/4761 5165/2685/4764 5166/2686/4765
f 5165/2685/4764 5167/2687/4766 5166/2686/4765
f 5168/2688/4767 5167/2687/4766 5165/2685/4764
f 5165/2685/4764 5169/2689/4768 5168/2688/4767
f 5170/2690/4769 5169/2689/4768 5165/2685/4764
f 5170/2690/4769 5165/2685/4764 5164/2684/4763
f 5171/2691/4770 5164/2684/4763 5161/2681/4760
f 5172/2692/4771 5171/2691/4770 5161/2681/4760
f 5172/2692/4771 5161/2681/4760 5173/2693/4772
f 5169/2689/4768 5174/2694/4773 5168/2688/4767
f 5175/2695/4124 5171/2691/4770 5172/2692/4771
f 5168/2688/4767 5174/2694/4773 5176/2696/4774
f 5176/2696/4774 5177/2697/4775 5168/2688/4767
f 5174/2694/4773 5178/2698/4776 5176/2696/4774
f 5176/2696/4774 5178/2698/4776 5179/2699/4777
f 5176/2696/4774 5179/2699/4777 5177/2697/4775
f 5180/2700/4778 5175/2695/4124 5172/2692/4771
f 5180/2700/4778 5172/2692/4771 5181/2701/4779
f 5182/2702/4780 5175/2695/4124 5180/2700/4778
f 5177/2697/4775 5179/2699/4777 5183/2703/4781
f 5178/2698/4776 5184/2704/4782 5179/2699/4777
f 5179/2699/4777 5184/2704/4782 5185/2705/4783
f 5179/2699/4777 5185/2705/4783 5183/2703/4781
f 5182/2702/4780 5180/2700/4778 5186/2706/3902
f 5180/2700/4778 5181/2701/4779 5187/2707/4784
f 5186/2706/3902 5180/2700/4778 5187/2707/4784
f 5185/2705/4783 5188/2708/4785 5183/2703/4781
f 5184/2704/4782 5189/2709/4786 5185/2705/4783
f 5185/2705/4783 5189/2709/4786 5190/2710/4787
f 5190/2710/4787 5188/2708/4785 5185/2705/4783
f 5186/2706/3902 5187/2707/4784 5191/2711/4788
f 5190/2710/4787 5192/2712/4789 5188/2708/4785
f 5189/2709/4786 5193/2713/4790 5190/2710/4787
f 5190/2710/4787 5193/2713/4790 5194/2714/4791
f 5194/2714/4791 5192/2712/4789 5190/2710/4787
f 5193/2713/4790 5195/2715/4792 5194/2714/4791
f 5194/2714/4791 5195/2715/4792 5192/2712/4789
f 5191/2711/4788 5187/2707/4784 5196/2716/4793
f 5187/2707/4784 5197/2717/4596 5196/2716/4793
f 5198/2718/4794 5195/2715/4792 5193/2713/4790
f 5199/2719/4795 5191/2711/4788 5196/2716/4793
f 5200/2720/4796 5191/2711/4788 5199/2719/4795
f 5196/2716/4793 5201/2721/4797 5199/2719/4795
f 5198/2718/4794 5202/2722/4798 5195/2715/4792
f 5195/2715/4792 5202/2722/4798 5203/2723/4799
f 5195/2715/4792 5203/2723/4799 5204/2724/4800
f 5202/2722/4798 5205/2725/4801 5203/2723/4799
f 5206/2726/4802 5200/2720/4796 5199/2719/4795
f 5206/2726/4802 5199/2719/4795 5207/2727/4803
f 5208/2728/4804 5200/2720/4796 5206/2726/4802
f 5209/2729/4805 5208/2728/4804 5206/2726/4802
f 5210/2730/4806 5206/2726/4802 5207/2727/4803
f 5209/2729/4805 5206/2726/4802 5210/2730/4806
f 5203/2723/4799 5205/2725/4801 5211/2731/4807
f 5211/2731/4807 5212/2732/4808 5203/2723/4799
f 5205/2725/4801 5213/2733/4809 5211/2731/4807
f 5214/2734/3874 5208/2728/4804 5209/2729/4805
f 5211/2731/4807 5213/2733/4809 5215/2735/4810
f 5213/2733/4809 5214/2734/3874 5215/2735/4810
f 5215/2735/4810 5214/2734/3874 5209/2729/4805
f 5215/2735/4810 5209/2729/4805 5216/2736/4811
f 5215/2735/4810 5216/2736/4811 5211/2731/4807
f 5217/2693/4601 5218/2681/4812 5219/2683/4813
f 5220/2701/4779 5221/2692/4814 5217/2693/4601
f 5222/2707/4815 5220/2701/4816 5223/2717/4596
f 5224/2716/4817 5223/2717/4818 5225/2721/4819
f 5226/2719/4820 5225/2721/4819 5227/2727/4821
f 5228/2736/4822 5229/2729/4823 5230/2730/4824
f 5231/2731/4825 5228/2736/4811 5232/2732/4826
f 5233/2723/4827 5232/2732/4828 5234/2724/4829
f 5235/2712/4830 5236/2715/4831 5234/2724/4832
f 5237/2688/4833 5238/2697/4834 5239/2687/4835
f 5240/2092/4836 5241/2093/4837 5242/2094/4838
f 5242/2094/4838 5241/2093/4837 5243/2095/4839
f 5241/2093/4837 5244/2096/4840 5243/2095/4839
f 5245/2097/4841 5242/2094/4838 5243/2095/4839
f 5246/2098/4842 5242/2094/4838 5245/2097/4841
f 5243/2095/4839 5244/2096/4840 5247/2099/4843
f 5248/2100/4844 5243/2095/4839 5247/2099/4843
f 5245/2097/4841 5243/2095/4839 5248/2100/4844
f 5249/2101/4845 5246/2098/4842 5245/2097/4841
f 5245/2097/4841 5250/2102/4846 5249/2101/4845
f 5248/2100/4844 5250/2102/4846 5245/2097/4841
f 5251/2103/4847 5246/2098/4842 5249/2101/4845
f 5247/2099/4843 5244/2096/4840 5252/2104/4848
f 5253/2105/4849 5247/2099/4843 5252/2104/4848
f 5248/2100/4844 5247/2099/4843 5253/2105/4849
f 5253/2105/4849 5254/2106/4850 5248/2100/4844
f 5248/2100/4844 5254/2106/4850 5250/2102/4846
f 5252/2104/4848 5244/2096/4840 5255/2107/4851
f 5256/2108/4852 5249/2101/4845 5250/2102/4846
f 5250/2102/4846 5254/2106/4850 5256/2108/4852
f 5257/2109/4853 5251/2103/4847 5249/2101/4845
f 5257/2109/4853 5249/2101/4845 5256/2108/4852
f 5258/2110/4854 5251/2103/4847 5257/2109/4853
f 5255/2107/4851 5259/2111/4855 5252/2104/4848
f 5252/2104/4848 5260/2112/4856 5253/2105/4849
f 5252/2104/4848 5259/2111/4855 5260/2112/4856
f 5253/2105/4849 5260/2112/4856 5261/2113/4857
f 5262/2114/4858 5253/2105/4849 5261/2113/4857
f 5254/2106/4850 5253/2105/4849 5262/2114/4858
f 5256/2108/4852 5254/2106/4850 5263/2115/4859
f 5264/2116/4860 5254/2106/4850 5262/2114/4858
f 5263/2115/4859 5254/2106/4850 5264/2116/4860
f 5265/2117/4861 5257/2109/4853 5256/2108/4852
f 5256/2108/4852 5263/2115/4859 5265/2117/4861
f 5266/2118/4862 5258/2110/4854 5257/2109/4853
f 5266/2118/4862 5257/2109/4853 5265/2117/4861
f 5267/2119/4863 5258/2110/4854 5266/2118/4862
f 5265/2117/4861 5263/2115/4859 5268/2120/4864
f 5269/2121/4865 5263/2115/4859 5264/2116/4860
f 5268/2120/4864 5263/2115/4859 5269/2121/4865
f 5266/2118/4862 5265/2117/4861 5270/2122/4866
f 5265/2117/4861 5268/2120/4864 5271/2123/4867
f 5270/2122/4866 5265/2117/4861 5271/2123/4867
f 5267/2119/4863 5266/2118/4862 5272/2124/4868
f 5272/2124/4868 5266/2118/4862 5270/2122/4866
f 5271/2123/4867 5268/2120/4864 5273/2125/4869
f 5274/2126/4870 5268/2120/4864 5269/2121/4865
f 5273/2125/4869 5268/2120/4864 5274/2126/4870
f 5272/2124/4868 5270/2122/4866 5275/2127/4871
f 5270/2122/4866 5271/2123/4867 5276/2128/4872
f 5275/2127/4871 5270/2122/4866 5276/2128/4872
f 5276/2128/4872 5271/2123/4867 5277/2129/4873
f 5271/2123/4867 5273/2125/4869 5277/2129/4873
f 5277/2129/4873 5273/2125/4869 5278/2130/4874
f 5273/2125/4869 5274/2126/4870 5278/2130/4874
f 5278/2130/4874 5274/2126/4870 5279/2131/4875
f 5280/2132/4876 5277/2129/4873 5278/2130/4874
f 5278/2130/4874 5279/2131/4875 5280/2132/4876
f 5275/2127/4871 5276/2128/4872 5281/2133/4877
f 5281/2133/4877 5276/2128/4872 5282/2134/4837
f 5276/2128/4872 5277/2129/4873 5282/2134/4837
f 5282/2134/4837 5277/2129/4873 5283/2135/4878
f 5283/2135/4878 5277/2129/4873 5280/2132/4876
f 5280/2132/4876 5279/2131/4875 5284/2136/4879
f 5285/2737/4880 5286/2738/4881 5287/2739/4882
f 5288/2740/4883 5285/2737/4880 5287/2739/4882
f 5287/2739/4882 5286/2738/4881 5289/2741/4884
f 5285/2737/4880 5290/2742/4885 5286/2738/4881
f 5291/2743/4886 5290/2742/4885 5285/2737/4880
f 5292/2744/4887 5291/2743/4886 5285/2737/4880
f 5292/2744/4887 5285/2737/4880 5288/2740/4883
f 5290/2742/4885 5293/2745/4888 5286/2738/4881
f 5286/2738/4881 5294/2746/4889 5289/2741/4884
f 5286/2738/4881 5293/2745/4888 5294/2746/4889
f 5295/2747/4890 5292/2744/4887 5288/2740/4883
f 5289/2741/4884 5294/2746/4889 5296/2748/4891
f 5290/2742/4885 5297/2749/4704 5293/2745/4888
f 5298/2750/4611 5297/2749/4704 5290/2742/4885
f 5291/2743/4886 5298/2750/4611 5290/2742/4885
f 5299/2751/4892 5291/2743/4886 5292/2744/4887
f 5299/2751/4892 5300/2752/4893 5291/2743/4886
f 5300/2752/4893 5298/2750/4611 5291/2743/4886
f 5301/2753/4894 5299/2751/4892 5292/2744/4887
f 5301/2753/4894 5292/2744/4887 5295/2747/4890
f 5293/2745/4888 5302/2754/4895 5294/2746/4889
f 5293/2745/4888 5303/2755/4707 5302/2754/4895
f 5297/2749/4704 5303/2755/4707 5293/2745/4888
f 5294/2746/4889 5302/2754/4895 5304/2756/4896
f 5294/2746/4889 5304/2756/4896 5296/2748/4891
f 5305/2757/4897 5301/2753/4894 5295/2747/4890
f 5296/2748/4891 5304/2756/4896 5306/2758/4898
f 5307/2759/4899 5299/2751/4892 5301/2753/4894
f 5308/2760/4900 5300/2752/4893 5299/2751/4892
f 5307/2759/4899 5308/2760/4900 5299/2751/4892
f 5309/2761/4901 5307/2759/4899 5301/2753/4894
f 5309/2761/4901 5301/2753/4894 5305/2757/4897
f 5302/2754/4895 5310/2762/4902 5304/2756/4896
f 5302/2754/4895 5311/2763/4711 5310/2762/4902
f 5303/2755/4707 5311/2763/4711 5302/2754/4895
f 5304/2756/4896 5310/2762/4902 5312/2764/4903
f 5304/2756/4896 5312/2764/4903 5306/2758/4898
f 5313/2765/4904 5309/2761/4901 5305/2757/4897
f 5306/2758/4898 5312/2764/4903 5314/2766/4905
f 5315/2767/4906 5307/2759/4899 5309/2761/4901
f 5315/2767/4906 5316/2768/4907 5307/2759/4899
f 5316/2768/4907 5308/2760/4900 5307/2759/4899
f 5317/2769/4908 5315/2767/4906 5309/2761/4901
f 5317/2769/4908 5309/2761/4901 5313/2765/4904
f 5310/2762/4902 5318/2770/4909 5312/2764/4903
f 5310/2762/4902 5319/2771/4714 5318/2770/4909
f 5311/2763/4711 5319/2771/4714 5310/2762/4902
f 5312/2764/4903 5318/2770/4909 5320/2772/4910
f 5312/2764/4903 5320/2772/4910 5314/2766/4905
f 5321/2773/4911 5317/2769/4908 5313/2765/4904
f 5314/2766/4905 5320/2772/4910 5322/2774/4912
f 5323/2775/4913 5315/2767/4906 5317/2769/4908
f 5323/2775/4913 5324/2776/4914 5315/2767/4906
f 5324/2776/4914 5316/2768/4907 5315/2767/4906
f 5325/2777/4915 5323/2775/4913 5317/2769/4908
f 5325/2777/4915 5317/2769/4908 5321/2773/4911
f 5318/2770/4909 5326/2778/4916 5320/2772/4910
f 5318/2770/4909 5327/2779/4917 5326/2778/4916
f 5319/2771/4714 5327/2779/4917 5318/2770/4909
f 5320/2772/4910 5326/2778/4916 5328/2780/4918
f 5320/2772/4910 5328/2780/4918 5322/2774/4912
f 5328/2780/4918 5329/2781/4919 5325/2777/4915
f 5329/2781/4919 5323/2775/4913 5325/2777/4915
f 5330/2782/4920 5325/2777/4915 5321/2773/4911
f 5328/2780/4918 5325/2777/4915 5330/2782/4920
f 5322/2774/4912 5328/2780/4918 5330/2782/4920
f 5326/2778/4916 5329/2781/4919 5328/2780/4918
f 5326/2778/4916 5331/2783/4591 5329/2781/4919
f 5327/2779/4917 5331/2783/4591 5326/2778/4916
f 5332/2784/4921 5324/2776/4914 5323/2775/4913
f 5329/2781/4919 5332/2784/4921 5323/2775/4913
f 5331/2783/4591 5332/2784/4921 5329/2781/4919
f 5333/2785/4922 5334/2786/4923 5335/2787/4924
f 5336/2788/4925 5333/2785/4922 5335/2787/4924
f 5337/2789/4926 5333/2785/4922 5336/2788/4925
f 5335/2787/4924 5334/2786/4923 5338/2790/4927
f 5334/2786/4923 5339/2791/4928 5338/2790/4927
f 5335/2787/4924 5338/2790/4927 5340/2792/4929
f 5341/2793/4930 5335/2787/4924 5340/2792/4929
f 5336/2788/4925 5335/2787/4924 5341/2793/4930
f 5342/2794/4931 5337/2789/4926 5336/2788/4925
f 5343/2795/4932 5336/2788/4925 5341/2793/4930
f 5342/2794/4931 5336/2788/4925 5343/2795/4932
f 5344/2796/4933 5337/2789/4926 5342/2794/4931
f 5338/2790/4927 5339/2791/4928 5345/2797/4934
f 5338/2790/4927 5345/2797/4934 5346/2798/4935
f 5340/2792/4929 5338/2790/4927 5346/2798/4935
f 5339/2791/4928 5347/2799/4936 5345/2797/4934
f 5340/2792/4929 5346/2798/4935 5348/2800/4937
f 5349/2801/4938 5340/2792/4929 5348/2800/4937
f 5341/2793/4930 5340/2792/4929 5349/2801/4938
f 5343/2795/4932 5341/2793/4930 5350/2802/4939
f 5350/2802/4939 5341/2793/4930 5349/2801/4938
f 5351/2803/4940 5344/2796/4933 5342/2794/4931
f 5352/2804/4941 5342/2794/4931 5343/2795/4932
f 5351/2803/4940 5342/2794/4931 5352/2804/4941
f 5352/2804/4941 5343/2795/4932 5353/2805/4942
f 5353/2805/4942 5343/2795/4932 5350/2802/4939
f 5350/2802/4939 5349/2801/4938 5354/2806/4943
f 5349/2801/4938 5348/2800/4937 5354/2806/4943
f 5353/2805/4942 5350/2802/4939 5354/2806/4943
f 5348/2800/4937 5346/2798/4935 5355/2807/4944
f 5348/2800/4937 5355/2807/4944 5354/2806/4943
f 5346/2798/4935 5345/2797/4934 5356/2808/4945
f 5346/2798/4935 5356/2808/4945 5355/2807/4944
f 5345/2797/4934 5347/2799/4936 5357/2809/4946
f 5345/2797/4934 5357/2809/4946 5356/2808/4945
f 5347/2799/4936 5358/2810/4947 5357/2809/4946
f 5359/2811/4948 5352/2804/4941 5353/2805/4942
f 5359/2811/4948 5353/2805/4942 5354/2806/4943
f 5360/2812/4949 5351/2803/4940 5352/2804/4941
f 5360/2812/4949 5352/2804/4941 5359/2811/4948
f 5355/2807/4944 5356/2808/4945 5361/2813/4950
f 5355/2807/4944 5361/2813/4950 5354/2806/4943
f 5356/2808/4945 5357/2809/4946 5362/2814/4951
f 5356/2808/4945 5362/2814/4951 5361/2813/4950
f 5357/2809/4946 5358/2810/4947 5363/2815/4952
f 5357/2809/4946 5363/2815/4952 5362/2814/4951
f 5364/2816/4953 5360/2812/4949 5359/2811/4948
f 5364/2816/4953 5359/2811/4948 5354/2806/4943
f 5361/2813/4950 5362/2814/4951 5365/2817/4954
f 5361/2813/4950 5365/2817/4954 5354/2806/4943
f 5362/2814/4951 5363/2815/4952 5366/2818/4955
f 5362/2814/4951 5366/2818/4955 5365/2817/4954
f 5358/2810/4947 5367/2819/4956 5363/2815/4952
f 5363/2815/4952 5367/2819/4956 5368/2820/4957
f 5363/2815/4952 5368/2820/4957 5366/2818/4955
f 5366/2818/4955 5368/2820/4957 5369/2821/4958
f 5366/2818/4955 5369/2821/4958 5370/2822/4959
f 5365/2817/4954 5366/2818/4955 5370/2822/4959
f 5365/2817/4954 5370/2822/4959 5354/2806/4943
f 5371/2823/4960 5360/2812/4949 5364/2816/4953
f 5372/2824/4961 5371/2823/4960 5364/2816/4953
f 5372/2824/4961 5364/2816/4953 5354/2806/4943
f 5370/2822/4959 5369/2821/4958 5373/2825/4962
f 5370/2822/4959 5373/2825/4962 5354/2806/4943
f 5373/2825/4962 5372/2824/4961 5354/2806/4943
f 5367/2819/4956 5374/2826/4963 5368/2820/4957
f 5368/2820/4957 5374/2826/4963 5375/2827/4964
f 5368/2820/4957 5375/2827/4964 5369/2821/4958
f 5369/2821/4958 5375/2827/4964 5376/2828/4965
f 5369/2821/4958 5376/2828/4965 5373/2825/4962
f 5373/2825/4962 5376/2828/4965 5372/2824/4961
f 5376/2828/4965 5371/2823/4960 5372/2824/4961
f 5375/2827/4964 5377/2829/4966 5376/2828/4965
f 5376/2828/4965 5377/2829/4966 5371/2823/4960
f 5374/2826/4963 5378/2830/4967 5375/2827/4964
f 5375/2827/4964 5378/2830/4967 5377/2829/4966
f 5377/2829/4966 5379/2831/4968 5371/2823/4960
f 5371/2823/4960 5379/2831/4968 5360/2812/4949
f 5378/2830/4967 5380/2832/4969 5377/2829/4966
f 5377/2829/4966 5380/2832/4969 5379/2831/4968
f 5380/2832/4969 5381/2833/4970 5379/2831/4968
f 5379/2831/4968 5351/2803/4940 5360/2812/4949
f 5379/2831/4968 5381/2833/4970 5351/2803/4940
f 5381/2833/4970 5344/2796/4933 5351/2803/4940
f 5382/2455/4971 5383/2456/4972 5384/2457/4973
f 5382/2455/4971 5385/2458/4974 5383/2456/4972
f 5384/2457/4973 5383/2456/4972 5386/2459/4975
f 5387/2460/4976 5384/2457/4973 5386/2459/4975
f 5388/2461/4977 5384/2457/4973 5387/2460/4976
f 5386/2459/4975 5383/2456/4972 5389/2462/4978
f 5389/2462/4978 5387/2460/4976 5386/2459/4975
f 5383/2456/4972 5385/2458/4974 5390/2463/4979
f 5389/2462/4978 5383/2456/4972 5391/2464/4980
f 5392/2465/4981 5383/2456/4972 5390/2463/4979
f 5391/2464/4980 5383/2456/4972 5392/2465/4981
f 5385/2458/4974 5393/2466/4982 5390/2463/4979
f 5390/2463/4979 5393/2466/4982 5392/2465/4981
f 5394/2467/4983 5393/2466/4982 5385/2458/4974
f 5388/2461/4977 5387/2460/4976 5395/2468/4984
f 5396/2469/4985 5387/2460/4976 5389/2462/4978
f 5395/2468/4984 5387/2460/4976 5397/2470/4986
f 5398/2471/4987 5387/2460/4976 5396/2469/4985
f 5397/2470/4986 5387/2460/4976 5398/2471/4987
f 5399/2472/4988 5395/2468/4984 5397/2470/4986
f 5398/2471/4987 5399/2472/4988 5397/2470/4986
f 5392/2465/4981 5393/2466/4982 5400/2473/4989
f 5394/2467/4983 5401/2474/4990 5393/2466/4982
f 5393/2466/4982 5401/2474/4990 5402/2475/4991
f 5403/2476/4992 5393/2466/4982 5402/2475/4991
f 5400/2473/4989 5393/2466/4982 5403/2476/4992
f 5404/2477/4993 5395/2468/4984 5399/2472/4988
f 5401/2474/4990 5405/2478/4994 5402/2475/4991
f 5402/2475/4991 5405/2478/4994 5403/2476/4992
f 5406/2479/4995 5399/2472/4988 5398/2471/4987
f 5407/2480/4996 5405/2478/4994 5401/2474/4990
f 5404/2477/4993 5399/2472/4988 5408/2481/4997
f 5409/2482/4998 5399/2472/4988 5406/2479/4995
f 5410/2483/4999 5399/2472/4988 5409/2482/4998
f 5408/2481/4997 5399/2472/4988 5410/2483/4999
f 5403/2476/4992 5405/2478/4994 5411/2484/5000
f 5412/2485/5001 5408/2481/4997 5410/2483/4999
f 5409/2482/4998 5412/2485/5001 5410/2483/4999
f 5407/2480/4996 5413/2486/5002 5405/2478/4994
f 5405/2478/4994 5413/2486/5002 5414/2487/5003
f 5415/2488/5004 5405/2478/4994 5414/2487/5003
f 5411/2484/5000 5405/2478/4994 5415/2488/5004
f 5416/2489/5005 5408/2481/4997 5412/2485/5001
f 5413/2486/5002 5417/2490/5006 5414/2487/5003
f 5414/2487/5003 5417/2490/5006 5415/2488/5004
f 5418/2491/5007 5412/2485/5001 5409/2482/4998
f 5419/2492/5008 5417/2490/5006 5413/2486/5002
f 5415/2488/5004 5417/2490/5006 5420/2493/5009
f 5416/2489/5005 5412/2485/5001 5421/2494/5010
f 5422/2495/5011 5412/2485/5001 5418/2491/5007
f 5423/2496/5012 5412/2485/5001 5422/2495/5011
f 5421/2494/5010 5412/2485/5001 5423/2496/5012
f 5424/2497/5013 5421/2494/5010 5423/2496/5012
f 5422/2495/5011 5424/2497/5013 5423/2496/5012
f 5419/2492/5008 5425/2498/5014 5417/2490/5006
f 5417/2490/5006 5425/2498/5014 5426/2499/5015
f 5427/2500/5016 5417/2490/5006 5426/2499/5015
f 5420/2493/5009 5417/2490/5006 5427/2500/5016
f 5425/2498/5014 5428/2501/5017 5426/2499/5015
f 5426/2499/5015 5428/2501/5017 5427/2500/5016
f 5429/2502/5018 5421/2494/5010 5424/2497/5013
f 5430/2503/5019 5424/2497/5013 5422/2495/5011
f 5431/2504/5020 5428/2501/5017 5425/2498/5014
f 5427/2500/5016 5428/2501/5017 5432/2505/5021
f 5429/2502/5018 5424/2497/5013 5433/2506/5022
f 5434/2507/5023 5424/2497/5013 5430/2503/5019
f 5435/2508/5024 5424/2497/5013 5434/2507/5023
f 5433/2506/5022 5424/2497/5013 5435/2508/5024
f 5436/2509/5025 5433/2506/5022 5435/2508/5024
f 5434/2507/5023 5436/2509/5025 5435/2508/5024
f 5431/2504/5020 5437/2510/5026 5428/2501/5017
f 5428/2501/5017 5437/2510/5026 5438/2511/5027
f 5439/2512/5028 5428/2501/5017 5438/2511/5027
f 5432/2505/5021 5428/2501/5017 5439/2512/5028
f 5440/2513/5029 5433/2506/5022 5436/2509/5025
f 5441/2514/5030 5436/2509/5025 5434/2507/5023
f 5440/2513/5029 5436/2509/5025 5442/2515/5031
f 5443/2516/5032 5436/2509/5025 5441/2514/5030
f 5444/2517/5033 5436/2509/5025 5443/2516/5032
f 5442/2515/5031 5436/2509/5025 5444/2517/5033
f 5445/2518/5034 5446/2519/5035 5447/2520/5036
f 5445/2518/5034 5448/2521/5037 5446/2519/5035
f 5445/2518/5034 5447/2520/5036 5449/2522/5038
f 5445/2518/5034 5450/2523/5039 5448/2521/5037
f 5445/2518/5034 5451/2524/5040 5450/2523/5039
f 5445/2518/5034 5449/2522/5038 5452/2525/5041
f 5453/2526/5042 5445/2518/5034 5452/2525/5041
f 5445/2518/5034 5453/2526/5042 5451/2524/5040
f 5454/2540/5043 5455/2541/5044 5456/2542/5045
f 5456/2542/5045 5455/2541/5044 5457/2543/5045
f 5455/2541/5044 5458/2544/5046 5457/2543/5045
f 5457/2543/5045 5458/2544/5046 5459/2545/5045
f 5458/2544/5046 5460/2546/5047 5459/2545/5045
f 5459/2545/5045 5460/2546/5047 5461/2547/5048
f 5460/2546/5047 5462/2548/5049 5461/2547/5048
f 5461/2547/5048 5462/2548/5049 5463/2549/5050
f 5462/2548/5049 5464/2550/5050 5463/2549/5050
f 5465/2551/5051 5464/2550/5050 5462/2548/5049
f 5465/2551/5051 5466/2552/5048 5464/2550/5050
f 5467/2553/5052 5466/2552/5048 5465/2551/5051
f 5467/2553/5052 5468/2554/5053 5466/2552/5048
f 5469/2555/5054 5468/2554/5053 5467/2553/5052
f 5469/2555/5054 5470/2556/5055 5468/2554/5053
f 5471/2557/5056 5470/2556/5055 5469/2555/5054
f 5472/2558/5057 5473/2559/5058 5474/2560/5059
f 5474/2560/5059 5473/2559/5058 5475/2561/5060
f 5473/2559/5058 5476/2562/5061 5475/2561/5060
f 5474/2560/5059 5475/2561/5060 5477/2563/5062
f 5475/2561/5060 5476/2562/5061 5478/2564/5063
f 5477/2563/5062 5475/2561/5060 5479/2565/5064
f 5475/2561/5060 5478/2564/5063 5479/2565/5064
f 5480/2566/5065 5478/2564/5063 5476/2562/5061
f 5481/2567/5066 5478/2564/5063 5480/2566/5065
f 5481/2567/5066 5482/2568/5067 5478/2564/5063
f 5479/2565/5064 5478/2564/5063 5482/2568/5067
f 5477/2563/5062 5479/2565/5064 5483/2569/5068
f 5477/2563/5062 5483/2569/5068 5484/2570/5069
f 5482/2568/5067 5485/2571/5070 5479/2565/5064
f 5483/2569/5068 5479/2565/5064 5486/2572/5071
f 5479/2565/5064 5485/2571/5070 5486/2572/5071
f 5487/2573/5072 5482/2568/5067 5481/2567/5066
f 5482/2568/5067 5487/2573/5072 5488/2574/5073
f 5482/2568/5067 5488/2574/5073 5485/2571/5070
f 5480/2566/5065 5489/2575/5074 5481/2567/5066
f 5481/2567/5066 5490/2576/5075 5487/2573/5072
f 5489/2575/5074 5490/2576/5075 5481/2567/5066
f 5491/2577/5076 5489/2575/5074 5480/2566/5065
f 5488/2574/5073 5487/2573/5072 5492/2578/5077
f 5493/2579/5078 5487/2573/5072 5490/2576/5075
f 5492/2578/5077 5487/2573/5072 5493/2579/5078
f 5491/2577/5076 5494/2580/5079 5489/2575/5074
f 5489/2575/5074 5495/2581/5080 5490/2576/5075
f 5494/2580/5079 5495/2581/5080 5489/2575/5074
f 5496/2582/5081 5490/2576/5075 5495/2581/5080
f 5497/2583/5082 5490/2576/5075 5496/2582/5081
f 5493/2579/5078 5490/2576/5075 5497/2583/5082
f 5498/2584/5083 5494/2580/5079 5491/2577/5076
f 5498/2584/5083 5499/2585/5084 5494/2580/5079
f 5494/2580/5079 5500/2586/5085 5495/2581/5080
f 5499/2585/5084 5500/2586/5085 5494/2580/5079
f 5500/2586/5085 5501/2587/5086 5495/2581/5080
f 5495/2581/5080 5501/2587/5086 5496/2582/5081
f 5502/2588/5087 5499/2585/5084 5498/2584/5083
f 5502/2588/5087 5503/2589/5088 5499/2585/5084
f 5499/2585/5084 5504/2590/5089 5500/2586/5085
f 5503/2589/5088 5504/2590/5089 5499/2585/5084
f 5500/2586/5085 5504/2590/5089 5505/2591/5090
f 5500/2586/5085 5505/2591/5090 5506/2592/5091
f 5506/2592/5091 5501/2587/5086 5500/2586/5085
f 5507/2593/5092 5503/2589/5088 5502/2588/5087
f 5507/2593/5092 5508/2594/5093 5503/2589/5088
f 5503/2589/5088 5509/2595/5094 5504/2590/5089
f 5503/2589/5088 5508/2594/5093 5509/2595/5094
f 5505/2591/5090 5504/2590/5089 5510/2596/5095
f 5510/2596/5095 5504/2590/5089 5511/2597/5096
f 5504/2590/5089 5509/2595/5094 5512/2598/5097
f 5511/2597/5096 5504/2590/5089 5512/2598/5097
f 5513/2599/5098 5514/2600/5099 5515/2601/5100
f 5516/2602/5101 5514/2600/5099 5513/2599/5098
f 5513/2599/5098 5517/2603/5102 5516/2602/5101
f 5516/2602/5101 5518/2604/5103 5514/2600/5099
f 5516/2602/5101 5517/2603/5102 5519/2605/5104
f 5519/2605/5104 5520/2606/5105 5516/2602/5101
f 5521/2607/5106 5518/2604/5103 5516/2602/5101
f 5516/2602/5101 5520/2606/5105 5521/2607/5106
f 5522/2608/5107 5518/2604/5103 5521/2607/5106
f 5521/2607/5106 5520/2606/5105 5522/2608/5107
f 5523/2609/5108 5518/2604/5103 5522/2608/5107
f 5522/2608/5107 5520/2606/5105 5524/2610/5109
f 5524/2610/5109 5525/2611/5110 5522/2608/5107
f 5522/2608/5107 5526/2612/5111 5523/2609/5108
f 5522/2608/5107 5525/2611/5110 5526/2612/5111
f 5526/2612/5111 5527/2613/5112 5523/2609/5108
f 5528/2614/5113 5527/2613/5112 5526/2612/5111
f 5526/2612/5111 5525/2611/5110 5528/2614/5113
f 5528/2614/5113 5525/2611/5110 5529/2615/5114
f 5527/2613/5112 5528/2614/5113 5530/2616/5115
f 5529/2615/5114 5531/2617/5116 5528/2614/5113
f 5530/2616/5115 5528/2614/5113 5532/2618/5117
f 5528/2614/5113 5531/2617/5116 5532/2618/5117
f 5531/2617/5116 5533/2619/5118 5532/2618/5117
f 5530/2616/5115 5532/2618/5117 5534/2620/5119
f 5532/2618/5117 5533/2619/5118 5534/2620/5119
f 5530/2616/5115 5534/2620/5119 5535/2621/5120
f 5533/2619/5118 5536/2622/5121 5534/2620/5119
f 5534/2620/5119 5536/2622/5121 5537/2623/5122
f 5535/2621/5120 5534/2620/5119 5537/2623/5122
f 5537/2623/5122 5538/2624/5123 5535/2621/5120
f 5539/2625/5124 5538/2624/5123 5537/2623/5122
f 5537/2623/5122 5536/2622/5121 5539/2625/5124
f 5539/2625/5124 5536/2622/5121 5540/2626/5125
f 5539/2625/5124 5541/2627/5126 5538/2624/5123
f 5540/2626/5125 5542/2628/5127 5539/2625/5124
f 5543/2629/5128 5541/2627/5126 5539/2625/5124
f 5539/2625/5124 5542/2628/5127 5543/2629/5128
f 5544/2630/5129 5541/2627/5126 5543/2629/5128
f 5543/2629/5128 5542/2628/5127 5544/2630/5129
f 5545/2631/5130 5541/2627/5126 5544/2630/5129
f 5544/2630/5129 5542/2628/5127 5546/2632/5131
f 5544/2630/5129 5546/2632/5131 5547/2633/5132
f 5544/2630/5129 5547/2633/5132 5545/2631/5130
f 5547/2633/5132 5548/2634/5133 5545/2631/5130
f 5547/2633/5132 5546/2632/5131 5549/2635/5134
f 5550/2636/5135 5548/2634/5133 5547/2633/5132
f 5547/2633/5132 5549/2635/5134 5550/2636/5135
f 5550/2636/5135 5549/2635/5134 5551/2637/5136
f 5550/2636/5135 5551/2637/5136 5552/2638/5137
f 5550/2636/5135 5552/2638/5137 5548/2634/5133
f 5548/2634/5133 5552/2638/5137 5553/2639/5138
f 5552/2638/5137 5551/2637/5136 5554/2640/5139
f 5555/2641/5140 5553/2639/5138 5552/2638/5137
f 5552/2638/5137 5554/2640/5139 5555/2641/5140
f 5556/2642/5141 5553/2639/5138 5555/2641/5140
f 5555/2641/5140 5554/2640/5139 5557/2643/5142
f 5555/2641/5140 5557/2643/5142 5558/2644/5143
f 5555/2641/5140 5558/2644/5143 5556/2642/5141
f 5558/2644/5143 5557/2643/5142 5559/2645/5144
f 5560/2646/5145 5561/2647/5146 5562/2648/5147
f 5562/2648/5147 5561/2647/5146 5563/2649/5148
f 5563/2649/5148 5561/2647/5146 5564/2650/5149
f 5564/2650/5149 5565/2651/5150 5563/2649/5148
f 5563/2649/5148 5565/2651/5150 5566/2652/5151
f 5566/2652/5151 5565/2651/5150 5567/2653/5152
f 5567/2653/5152 5568/2654/5153 5566/2652/5151
f 5569/2655/5154 5568/2654/5153 5567/2653/5152
f 5569/2655/5154 5570/2656/5155 5568/2654/5153
f 5568/2654/5153 5570/2656/5155 5571/2657/5156
f 5570/2656/5155 5572/2658/5157 5571/2657/5156
f 5571/2657/5156 5572/2658/5157 5573/2659/5158
f 5573/2659/5158 5572/2658/5157 5574/2660/5159
f 5574/2660/5159 5575/2661/5160 5573/2659/5158
f 5573/2659/5158 5575/2661/5160 5576/2662/5161
f 5576/2662/5161 5575/2661/5160 5577/2663/5162
f 5577/2663/5162 5578/2664/5163 5576/2662/5161
f 5576/2662/5161 5578/2664/5163 5579/2665/5164
f 5579/2665/5164 5578/2664/5163 5580/2666/5165
f 5580/2666/5165 5581/2667/5166 5579/2665/5164
f 5582/2668/5167 5581/2667/5166 5580/2666/5165
f 5582/2668/5167 5583/2669/5168 5581/2667/5166
f 5581/2667/5166 5583/2669/5168 5584/2670/5169
f 5583/2669/5168 5585/2671/5170 5584/2670/5169
f 5584/2670/5169 5585/2671/5170 5586/2672/5171
f 5586/2672/5171 5585/2671/5170 5587/2673/5172
f 5587/2673/5172 5588/2674/5173 5586/2672/5171
f 5586/2672/5171 5588/2674/5173 5589/2675/5174
f 5589/2675/5174 5588/2674/5173 5590/2676/5175
f 5590/2676/5175 5591/2677/5176 5589/2675/5174
f 5592/2678/5177 5591/2677/5176 5590/2676/5175
f 5592/2678/5177 5593/2679/5145 5591/2677/5176
f 5591/2677/5176 5593/2679/5145 5594/2680/5178
f 5595/2681/5179 5596/2682/5180 5597/2683/5114
f 5595/2681/5179 5598/2684/5029 5596/2682/5180
f 5598/2684/5029 5599/2685/5181 5596/2682/5180
f 5596/2682/5180 5599/2685/5181 5600/2686/5182
f 5599/2685/5181 5601/2687/5183 5600/2686/5182
f 5602/2688/5184 5601/2687/5183 5599/2685/5181
f 5599/2685/5181 5603/2689/5185 5602/2688/5184
f 5604/2690/5186 5603/2689/5185 5599/2685/5181
f 5604/2690/5186 5599/2685/5181 5598/2684/5029
f 5605/2691/5187 5598/2684/5029 5595/2681/5179
f 5606/2692/5188 5605/2691/5187 5595/2681/5179
f 5606/2692/5188 5595/2681/5179 5607/2693/5189
f 5603/2689/5185 5608/2694/5190 5602/2688/5184
f 5609/2695/5191 5605/2691/5187 5606/2692/5188
f 5602/2688/5184 5608/2694/5190 5610/2696/5192
f 5610/2696/5192 5611/2697/5193 5602/2688/5184
f 5608/2694/5190 5612/2698/5008 5610/2696/5192
f 5610/2696/5192 5612/2698/5008 5613/2699/5194
f 5610/2696/5192 5613/2699/5194 5611/2697/5193
f 5614/2700/5195 5609/2695/5191 5606/2692/5188
f 5614/2700/5195 5606/2692/5188 5615/2701/5196
f 5616/2702/5197 5609/2695/5191 5614/2700/5195
f 5611/2697/5193 5613/2699/5194 5617/2703/5198
f 5612/2698/5008 5618/2704/5199 5613/2699/5194
f 5613/2699/5194 5618/2704/5199 5619/2705/5200
f 5613/2699/5194 5619/2705/5200 5617/2703/5198
f 5616/2702/5197 5614/2700/5195 5620/2706/5005
f 5614/2700/5195 5615/2701/5196 5621/2707/5201
f 5620/2706/5005 5614/2700/5195 5621/2707/5201
f 5619/2705/5200 5622/2708/5202 5617/2703/5198
f 5618/2704/5199 5623/2709/4996 5619/2705/5200
f 5619/2705/5200 5623/2709/4996 5624/2710/5203
f 5624/2710/5203 5622/2708/5202 5619/2705/5200
f 5620/2706/5005 5621/2707/5201 5625/2711/5204
f 5624/2710/5203 5626/2712/5205 5622/2708/5202
f 5623/2709/4996 5627/2713/5206 5624/2710/5203
f 5624/2710/5203 5627/2713/5206 5628/2714/5207
f 5628/2714/5207 5626/2712/5205 5624/2710/5203
f 5627/2713/5206 5629/2715/5208 5628/2714/5207
f 5628/2714/5207 5629/2715/5208 5626/2712/5205
f 5625/2711/5204 5621/2707/5201 5630/2716/5209
f 5621/2707/5201 5631/2717/5105 5630/2716/5209
f 5632/2718/5210 5629/2715/5208 5627/2713/5206
f 5633/2719/5211 5625/2711/5204 5630/2716/5209
f 5634/2720/4993 5625/2711/5204 5633/2719/5211
f 5630/2716/5209 5635/2721/5212 5633/2719/5211
f 5632/2718/5210 5636/2722/5213 5629/2715/5208
f 5629/2715/5208 5636/2722/5213 5637/2723/5214
f 5629/2715/5208 5637/2723/5214 5638/2724/5215
f 5636/2722/5213 5639/2725/4971 5637/2723/5214
f 5640/2726/5216 5634/2720/4993 5633/2719/5211
f 5640/2726/5216 5633/2719/5211 5641/2727/5217
f 5642/2728/5218 5634/2720/4993 5640/2726/5216
f 5643/2729/5219 5642/2728/5218 5640/2726/5216
f 5644/2730/5220 5640/2726/5216 5641/2727/5217
f 5643/2729/5219 5640/2726/5216 5644/2730/5220
f 5637/2723/5214 5639/2725/4971 5645/2731/5221
f 5645/2731/5221 5646/2732/5222 5637/2723/5214
f 5639/2725/4971 5647/2733/5223 5645/2731/5221
f 5648/2734/5224 5642/2728/5218 5643/2729/5219
f 5645/2731/5221 5647/2733/5223 5649/2735/5225
f 5647/2733/5223 5648/2734/5224 5649/2735/5225
f 5649/2735/5225 5648/2734/5224 5643/2729/5219
f 5649/2735/5225 5643/2729/5219 5650/2736/5226
f 5649/2735/5225 5650/2736/5226 5645/2731/5221
f 5651/2693/5227 5652/2681/5228 5653/2683/5114
f 5654/2701/5229 5655/2692/5230 5651/2693/5110
f 5656/2707/5231 5654/2701/5232 5657/2717/5105
f 5658/2716/5233 5657/2717/5234 5659/2721/5212
f 5660/2719/5235 5659/2721/5212 5661/2727/5217
f 5662/2736/5236 5663/2729/5237 5664/2730/5220
f 5665/2731/5238 5662/2736/5226 5666/2732/5239
f 5667/2723/5240 5666/2732/5241 5668/2724/5242
f 5669/2712/5243 5670/2715/5244 5668/2724/5245
f 5671/2688/5246 5672/2697/5247 5673/2687/5248
f 5683/2737/5249 5684/2738/5250 5685/2739/5251
f 5686/2740/5252 5683/2737/5249 5685/2739/5251
f 5685/2739/5251 5684/2738/5250 5687/2741/5253
f 5683/2737/5249 5688/2742/5254 5684/2738/5250
f 5689/2743/5255 5688/2742/5254 5683/2737/5249
f 5690/2744/5256 5689/2743/5255 5683/2737/5249
f 5690/2744/5256 5683/2737/5249 5686/2740/5252
f 5688/2742/5254 5691/2745/5257 5684/2738/5250
f 5684/2738/5250 5692/2746/5258 5687/2741/5253
f 5684/2738/5250 5691/2745/5257 5692/2746/5258
f 5693/2747/5259 5690/2744/5256 5686/2740/5252
f 5687/2741/5253 5692/2746/5258 5694/2748/5260
f 5688/2742/5254 5695/2749/5123 5691/2745/5257
f 5696/2750/5120 5695/2749/5123 5688/2742/5254
f 5689/2743/5255 5696/2750/5120 5688/2742/5254
f 5697/2751/5261 5689/2743/5255 5690/2744/5256
f 5697/2751/5261 5698/2752/5262 5689/2743/5255
f 5698/2752/5262 5696/2750/5120 5689/2743/5255
f 5699/2753/5263 5697/2751/5261 5690/2744/5256
f 5699/2753/5263 5690/2744/5256 5693/2747/5259
f 5691/2745/5257 5700/2754/5264 5692/2746/5258
f 5691/2745/5257 5701/2755/5265 5700/2754/5264
f 5695/2749/5123 5701/2755/5265 5691/2745/5257
f 5692/2746/5258 5700/2754/5264 5702/2756/5266
f 5692/2746/5258 5702/2756/5266 5694/2748/5260
f 5703/2757/5267 5699/2753/5263 5693/2747/5259
f 5694/2748/5260 5702/2756/5266 5704/2758/5268
f 5705/2759/5269 5697/2751/5261 5699/2753/5263
f 5706/2760/5270 5698/2752/5262 5697/2751/5261
f 5705/2759/5269 5706/2760/5270 5697/2751/5261
f 5707/2761/5271 5705/2759/5269 5699/2753/5263
f 5707/2761/5271 5699/2753/5263 5703/2757/5267
f 5700/2754/5264 5708/2762/5272 5702/2756/5266
f 5700/2754/5264 5709/2763/5130 5708/2762/5272
f 5701/2755/5265 5709/2763/5130 5700/2754/5264
f 5702/2756/5266 5708/2762/5272 5710/2764/5273
f 5702/2756/5266 5710/2764/5273 5704/2758/5268
f 5711/2765/5274 5707/2761/5271 5703/2757/5267
f 5704/2758/5268 5710/2764/5273 5712/2766/5275
f 5713/2767/5276 5705/2759/5269 5707/2761/5271
f 5713/2767/5276 5714/2768/5277 5705/2759/5269
f 5714/2768/5277 5706/2760/5270 5705/2759/5269
f 5715/2769/5278 5713/2767/5276 5707/2761/5271
f 5715/2769/5278 5707/2761/5271 5711/2765/5274
f 5708/2762/5272 5716/2770/5279 5710/2764/5273
f 5708/2762/5272 5717/2771/5280 5716/2770/5279
f 5709/2763/5130 5717/2771/5280 5708/2762/5272
f 5710/2764/5273 5716/2770/5279 5718/2772/5281
f 5710/2764/5273 5718/2772/5281 5712/2766/5275
f 5719/2773/5282 5715/2769/5278 5711/2765/5274
f 5712/2766/5275 5718/2772/5281 5720/2774/5283
f 5721/2775/5284 5713/2767/5276 5715/2769/5278
f 5721/2775/5284 5722/2776/5285 5713/2767/5276
f 5722/2776/5285 5714/2768/5277 5713/2767/5276
f 5723/2777/5286 5721/2775/5284 5715/2769/5278
f 5723/2777/5286 5715/2769/5278 5719/2773/5282
f 5716/2770/5279 5724/2778/5287 5718/2772/5281
f 5716/2770/5279 5725/2779/5138 5724/2778/5287
f 5717/2771/5280 5725/2779/5138 5716/2770/5279
f 5718/2772/5281 5724/2778/5287 5726/2780/5288
f 5718/2772/5281 5726/2780/5288 5720/2774/5283
f 5726/2780/5288 5727/2781/5289 5723/2777/5286
f 5727/2781/5289 5721/2775/5284 5723/2777/5286
f 5728/2782/5290 5723/2777/5286 5719/2773/5282
f 5726/2780/5288 5723/2777/5286 5728/2782/5290
f 5720/2774/5283 5726/2780/5288 5728/2782/5290
f 5724/2778/5287 5727/2781/5289 5726/2780/5288
f 5724/2778/5287 5729/2783/5291 5727/2781/5289
f 5725/2779/5138 5729/2783/5291 5724/2778/5287
f 5730/2784/5292 5722/2776/5285 5721/2775/5284
f 5727/2781/5289 5730/2784/5292 5721/2775/5284
f 5729/2783/5291 5730/2784/5292 5727/2781/5289
f 5731/2785/5293 5732/2786/5294 5733/2787/5295
f 5734/2788/5296 5731/2785/5293 5733/2787/5295
f 5735/2789/5297 5731/2785/5293 5734/2788/5296
f 5733/2787/5295 5732/2786/5294 5736/2790/5298
f 5732/2786/5294 5737/2791/5299 5736/2790/5298
f 5733/2787/5295 5736/2790/5298 5738/2792/5300
f 5739/2793/5301 5733/2787/5295 5738/2792/5300
f 5734/2788/5296 5733/2787/5295 5739/2793/5301
f 5740/2794/5302 5735/2789/5297 5734/2788/5296
f 5741/2795/5303 5734/2788/5296 5739/2793/5301
f 5740/2794/5302 5734/2788/5296 5741/2795/5303
f 5742/2796/5304 5735/2789/5297 5740/2794/5302
f 5736/2790/5298 5737/2791/5299 5743/2797/5305
f 5736/2790/5298 5743/2797/5305 5744/2798/5306
f 5738/2792/5300 5736/2790/5298 5744/2798/5306
f 5737/2791/5299 5745/2799/5307 5743/2797/5305
f 5738/2792/5300 5744/2798/5306 5746/2800/5308
f 5747/2801/5309 5738/2792/5300 5746/2800/5308
f 5739/2793/5301 5738/2792/5300 5747/2801/5309
f 5741/2795/5303 5739/2793/5301 5748/2802/5310
f 5748/2802/5310 5739/2793/5301 5747/2801/5309
f 5749/2803/5311 5742/2796/5304 5740/2794/5302
f 5750/2804/5312 5740/2794/5302 5741/2795/5303
f 5749/2803/5311 5740/2794/5302 5750/2804/5312
f 5750/2804/5312 5741/2795/5303 5751/2805/5313
f 5751/2805/5313 5741/2795/5303 5748/2802/5310
f 5748/2802/5310 5747/2801/5309 5752/2806/5314
f 5747/2801/5309 5746/2800/5308 5752/2806/5314
f 5751/2805/5313 5748/2802/5310 5752/2806/5314
f 5746/2800/5308 5744/2798/5306 5753/2807/5315
f 5746/2800/5308 5753/2807/5315 5752/2806/5314
f 5744/2798/5306 5743/2797/5305 5754/2808/5316
f 5744/2798/5306 5754/2808/5316 5753/2807/5315
f 5743/2797/5305 5745/2799/5307 5755/2809/5317
f 5743/2797/5305 5755/2809/5317 5754/2808/5316
f 5745/2799/5307 5756/2810/5318 5755/2809/5317
f 5757/2811/5319 5750/2804/5312 5751/2805/5313
f 5757/2811/5319 5751/2805/5313 5752/2806/5314
f 5758/2812/5320 5749/2803/5311 5750/2804/5312
f 5758/2812/5320 5750/2804/5312 5757/2811/5319
f 5753/2807/5315 5754/2808/5316 5759/2813/5321
f 5753/2807/5315 5759/2813/5321 5752/2806/5314
f 5754/2808/5316 5755/2809/5317 5760/2814/5322
f 5754/2808/5316 5760/2814/5322 5759/2813/5321
f 5755/2809/5317 5756/2810/5318 5761/2815/5323
f 5755/2809/5317 5761/2815/5323 5760/2814/5322
f 5762/2816/5324 5758/2812/5320 5757/2811/5319
f 5762/2816/5324 5757/2811/5319 5752/2806/5314
f 5759/2813/5321 5760/2814/5322 5763/2817/5325
f 5759/2813/5321 5763/2817/5325 5752/2806/5314
f 5760/2814/5322 5761/2815/5323 5764/2818/5326
f 5760/2814/5322 5764/2818/5326 5763/2817/5325
f 5756/2810/5318 5765/2819/5327 5761/2815/5323
f 5761/2815/5323 5765/2819/5327 5766/2820/5328
f 5761/2815/5323 5766/2820/5328 5764/2818/5326
f 5764/2818/5326 5766/2820/5328 5767/2821/5329
f 5764/2818/5326 5767/2821/5329 5768/2822/5330
f 5763/2817/5325 5764/2818/5326 5768/2822/5330
f 5763/2817/5325 5768/2822/5330 5752/2806/5314
f 5769/2823/5331 5758/2812/5320 5762/2816/5324
f 5770/2824/5332 5769/2823/5331 5762/2816/5324
f 5770/2824/5332 5762/2816/5324 5752/2806/5314
f 5768/2822/5330 5767/2821/5329 5771/2825/5333
f 5768/2822/5330 5771/2825/5333 5752/2806/5314
f 5771/2825/5333 5770/2824/5332 5752/2806/5314
f 5765/2819/5327 5772/2826/5334 5766/2820/5328
f 5766/2820/5328 5772/2826/5334 5773/2827/5335
f 5766/2820/5328 5773/2827/5335 5767/2821/5329
f 5767/2821/5329 5773/2827/5335 5774/2828/5336
f 5767/2821/5329 5774/2828/5336 5771/2825/5333
f 5771/2825/5333 5774/2828/5336 5770/2824/5332
f 5774/2828/5336 5769/2823/5331 5770/2824/5332
f 5773/2827/5335 5775/2829/5337 5774/2828/5336
f 5774/2828/5336 5775/2829/5337 5769/2823/5331
f 5772/2826/5334 5776/2830/5338 5773/2827/5335
f 5773/2827/5335 5776/2830/5338 5775/2829/5337
f 5775/2829/5337 5777/2831/5339 5769/2823/5331
f 5769/2823/5331 5777/2831/5339 5758/2812/5320
f 5776/2830/5338 5778/2832/5340 5775/2829/5337
f 5775/2829/5337 5778/2832/5340 5777/2831/5339
f 5778/2832/5340 5779/2833/5341 5777/2831/5339
f 5777/2831/5339 5749/2803/5311 5758/2812/5320
f 5777/2831/5339 5779/2833/5341 5749/2803/5311
f 5779/2833/5341 5742/2796/5304 5749/2803/5311
f 5780/2540/5342 5781/2541/5343 5782/2542/5344
f 5782/2542/5344 5781/2541/5343 5783/2543/5345
f 5781/2541/5343 5784/2544/5346 5783/2543/5345
f 5783/2543/5345 5784/2544/5346 5785/2545/5344
f 5784/2544/5346 5786/2546/5347 5785/2545/5344
f 5785/2545/5344 5786/2546/5347 5787/2547/5348
f 5786/2546/5347 5788/2548/5349 5787/2547/5348
f 5787/2547/5348 5788/2548/5349 5789/2549/5348
f 5788/2548/5349 5790/2550/5348 5789/2549/5348
f 5791/2551/5350 5790/2550/5348 5788/2548/5349
f 5791/2551/5350 5792/2552/5348 5790/2550/5348
f 5793/2553/5351 5792/2552/5348 5791/2551/5350
f 5793/2553/5351 5794/2554/5344 5792/2552/5348
f 5795/2555/5352 5794/2554/5344 5793/2553/5351
f 5795/2555/5352 5796/2556/5344 5794/2554/5344
f 5797/2557/5342 5796/2556/5344 5795/2555/5352
f 5798/2558/5353 5799/2559/5354 5800/2560/5355
f 5800/2560/5355 5799/2559/5354 5801/2561/5356
f 5799/2559/5354 5802/2562/5357 5801/2561/5356
f 5800/2560/5355 5801/2561/5356 5803/2563/5358
f 5801/2561/5356 5802/2562/5357 5804/2564/5359
f 5803/2563/5358 5801/2561/5356 5805/2565/5360
f 5801/2561/5356 5804/2564/5359 5805/2565/5360
f 5806/2566/5361 5804/2564/5359 5802/2562/5357
f 5807/2567/5362 5804/2564/5359 5806/2566/5361
f 5807/2567/5362 5808/2568/5363 5804/2564/5359
f 5805/2565/5360 5804/2564/5359 5808/2568/5363
f 5803/2563/5358 5805/2565/5360 5809/2569/5364
f 5803/2563/5358 5809/2569/5364 5810/2570/5365
f 5808/2568/5363 5811/2571/5366 5805/2565/5360
f 5809/2569/5364 5805/2565/5360 5812/2572/5367
f 5805/2565/5360 5811/2571/5366 5812/2572/5367
f 5813/2573/5368 5808/2568/5363 5807/2567/5362
f 5808/2568/5363 5813/2573/5368 5814/2574/5369
f 5808/2568/5363 5814/2574/5369 5811/2571/5366
f 5806/2566/5361 5815/2575/5370 5807/2567/5362
f 5807/2567/5362 5816/2576/5371 5813/2573/5368
f 5815/2575/5370 5816/2576/5371 5807/2567/5362
f 5817/2577/5372 5815/2575/5370 5806/2566/5361
f 5814/2574/5369 5813/2573/5368 5818/2578/5373
f 5819/2579/5374 5813/2573/5368 5816/2576/5371
f 5818/2578/5373 5813/2573/5368 5819/2579/5374
f 5817/2577/5372 5820/2580/5375 5815/2575/5370
f 5815/2575/5370 5821/2581/5376 5816/2576/5371
f 5820/2580/5375 5821/2581/5376 5815/2575/5370
f 5822/2582/5377 5816/2576/5371 5821/2581/5376
f 5823/2583/5378 5816/2576/5371 5822/2582/5377
f 5819/2579/5374 5816/2576/5371 5823/2583/5378
f 5824/2584/5379 5820/2580/5375 5817/2577/5372
f 5824/2584/5379 5825/2585/5380 5820/2580/5375
f 5820/2580/5375 5826/2586/5381 5821/2581/5376
f 5825/2585/5380 5826/2586/5381 5820/2580/5375
f 5826/2586/5381 5827/2587/5382 5821/2581/5376
f 5821/2581/5376 5827/2587/5382 5822/2582/5377
f 5828/2588/5383 5825/2585/5380 5824/2584/5379
f 5828/2588/5383 5829/2589/5384 5825/2585/5380
f 5825/2585/5380 5830/2590/5385 5826/2586/5381
f 5829/2589/5384 5830/2590/5385 5825/2585/5380
f 5826/2586/5381 5830/2590/5385 5831/2591/5386
f 5826/2586/5381 5831/2591/5386 5832/2592/5387
f 5832/2592/5387 5827/2587/5382 5826/2586/5381
f 5833/2593/5388 5829/2589/5384 5828/2588/5383
f 5833/2593/5388 5834/2594/5389 5829/2589/5384
f 5829/2589/5384 5835/2595/5390 5830/2590/5385
f 5829/2589/5384 5834/2594/5389 5835/2595/5390
f 5831/2591/5386 5830/2590/5385 5836/2596/5391
f 5836/2596/5391 5830/2590/5385 5837/2597/5392
f 5830/2590/5385 5835/2595/5390 5838/2598/5393
f 5837/2597/5392 5830/2590/5385 5838/2598/5393
f 5839/2599/5394 5840/2600/5395 5841/2601/5396
f 5842/2602/5397 5840/2600/5395 5839/2599/5394
f 5839/2599/5394 5843/2603/5398 5842/2602/5397
f 5842/2602/5397 5844/2604/5399 5840/2600/5395
f 5842/2602/5397 5843/2603/5398 5845/2605/5400
f 5845/2605/5400 5846/2606/5401 5842/2602/5397
f 5847/2607/5402 5844/2604/5399 5842/2602/5397
f 5842/2602/5397 5846/2606/5401 5847/2607/5402
f 5848/2608/5403 5844/2604/5399 5847/2607/5402
f 5847/2607/5402 5846/2606/5401 5848/2608/5403
f 5849/2609/5404 5844/2604/5399 5848/2608/5403
f 5848/2608/5403 5846/2606/5401 5850/2610/5405
f 5850/2610/5405 5851/2611/5406 5848/2608/5403
f 5848/2608/5403 5852/2612/5407 5849/2609/5404
f 5848/2608/5403 5851/2611/5406 5852/2612/5407
f 5852/2612/5407 5853/2613/5408 5849/2609/5404
f 5854/2614/5409 5853/2613/5408 5852/2612/5407
f 5852/2612/5407 5851/2611/5406 5854/2614/5409
f 5854/2614/5409 5851/2611/5406 5855/2615/5410
f 5853/2613/5408 5854/2614/5409 5856/2616/5411
f 5855/2615/5410 5857/2617/5412 5854/2614/5409
f 5856/2616/5411 5854/2614/5409 5858/2618/5413
f 5854/2614/5409 5857/2617/5412 5858/2618/5413
f 5857/2617/5412 5859/2619/5414 5858/2618/5413
f 5856/2616/5411 5858/2618/5413 5860/2620/5415
f 5858/2618/5413 5859/2619/5414 5860/2620/5415
f 5856/2616/5411 5860/2620/5415 5861/2621/5416
f 5859/2619/5414 5862/2622/5417 5860/2620/5415
f 5860/2620/5415 5862/2622/5417 5863/2623/5418
f 5861/2621/5416 5860/2620/5415 5863/2623/5418
f 5863/2623/5418 5864/2624/5419 5861/2621/5416
f 5865/2625/5420 5864/2624/5419 5863/2623/5418
f 5863/2623/5418 5862/2622/5417 5865/2625/5420
f 5865/2625/5420 5862/2622/5417 5866/2626/5421
f 5865/2625/5420 5867/2627/5422 5864/2624/5419
f 5866/2626/5421 5868/2628/5423 5865/2625/5420
f 5869/2629/5424 5867/2627/5422 5865/2625/5420
f 5865/2625/5420 5868/2628/5423 5869/2629/5424
f 5870/2630/5425 5867/2627/5422 5869/2629/5424
f 5869/2629/5424 5868/2628/5423 5870/2630/5425
f 5871/2631/5426 5867/2627/5422 5870/2630/5425
f 5870/2630/5425 5868/2628/5423 5872/2632/5427
f 5870/2630/5425 5872/2632/5427 5873/2633/5428
f 5870/2630/5425 5873/2633/5428 5871/2631/5426
f 5873/2633/5428 5874/2634/5429 5871/2631/5426
f 5873/2633/5428 5872/2632/5427 5875/2635/5430
f 5876/2636/5431 5874/2634/5429 5873/2633/5428
f 5873/2633/5428 5875/2635/5430 5876/2636/5431
f 5876/2636/5431 5875/2635/5430 5877/2637/5432
f 5876/2636/5431 5877/2637/5432 5878/2638/5433
f 5876/2636/5431 5878/2638/5433 5874/2634/5429
f 5874/2634/5429 5878/2638/5433 5879/2639/5434
f 5878/2638/5433 5877/2637/5432 5880/2640/5435
f 5881/2641/5436 5879/2639/5434 5878/2638/5433
f 5878/2638/5433 5880/2640/5435 5881/2641/5436
f 5882/2642/5437 5879/2639/5434 5881/2641/5436
f 5881/2641/5436 5880/2640/5435 5883/2643/5438
f 5881/2641/5436 5883/2643/5438 5884/2644/5439
f 5881/2641/5436 5884/2644/5439 5882/2642/5437
f 5884/2644/5439 5883/2643/5438 5885/2645/5440
f 5886/2646/5441 5887/2647/5442 5888/2648/5443
f 5888/2648/5443 5887/2647/5442 5889/2649/5444
f 5889/2649/5444 5887/2647/5442 5890/2650/5445
f 5890/2650/5445 5891/2651/5446 5889/2649/5444
f 5889/2649/5444 5891/2651/5446 5892/2652/5447
f 5892/2652/5447 5891/2651/5446 5893/2653/5448
f 5893/2653/5448 5894/2654/5449 5892/2652/5447
f 5895/2655/5450 5894/2654/5449 5893/2653/5448
f 5895/2655/5450 5896/2656/5451 5894/2654/5449
f 5894/2654/5449 5896/2656/5451 5897/2657/5452
f 5896/2656/5451 5898/2658/5453 5897/2657/5452
f 5897/2657/5452 5898/2658/5453 5899/2659/5454
f 5899/2659/5454 5898/2658/5453 5900/2660/5455
f 5900/2660/5455 5901/2661/5456 5899/2659/5454
f 5899/2659/5454 5901/2661/5456 5902/2662/5457
f 5902/2662/5457 5901/2661/5456 5903/2663/5458
f 5903/2663/5458 5904/2664/5459 5902/2662/5457
f 5902/2662/5457 5904/2664/5459 5905/2665/5460
f 5905/2665/5460 5904/2664/5459 5906/2666/5461
f 5906/2666/5461 5907/2667/5462 5905/2665/5460
f 5908/2668/5463 5907/2667/5462 5906/2666/5461
f 5908/2668/5463 5909/2669/5464 5907/2667/5462
f 5907/2667/5462 5909/2669/5464 5910/2670/5465
f 5909/2669/5464 5911/2671/5466 5910/2670/5465
f 5910/2670/5465 5911/2671/5466 5912/2672/5467
f 5912/2672/5467 5911/2671/5466 5913/2673/5468
f 5913/2673/5468 5914/2674/5469 5912/2672/5467
f 5912/2672/5467 5914/2674/5469 5915/2675/5470
f 5915/2675/5470 5914/2674/5469 5916/2676/5471
f 5916/2676/5471 5917/2677/5472 5915/2675/5470
f 5918/2678/5473 5917/2677/5472 5916/2676/5471
f 5918/2678/5473 5919/2679/5474 5917/2677/5472
f 5917/2677/5472 5919/2679/5474 5920/2680/5475
f 5921/2681/5476 5922/2682/5477 5923/2683/5478
f 5921/2681/5476 5924/2684/5479 5922/2682/5477
f 5924/2684/5479 5925/2685/5480 5922/2682/5477
f 5922/2682/5477 5925/2685/5480 5926/2686/5481
f 5925/2685/5480 5927/2687/5482 5926/2686/5481
f 5928/2688/5483 5927/2687/5482 5925/2685/5480
f 5925/2685/5480 5929/2689/5484 5928/2688/5483
f 5930/2690/5485 5929/2689/5484 5925/2685/5480
f 5930/2690/5485 5925/2685/5480 5924/2684/5479
f 5931/2691/5486 5924/2684/5479 5921/2681/5476
f 5932/2692/5487 5931/2691/5486 5921/2681/5476
f 5932/2692/5487 5921/2681/5476 5933/2693/5488
f 5929/2689/5484 5934/2694/5489 5928/2688/5483
f 5935/2695/5490 5931/2691/5486 5932/2692/5487
f 5928/2688/5483 5934/2694/5489 5936/2696/5491
f 5936/2696/5491 5937/2697/5492 5928/2688/5483
f 5934/2694/5489 5938/2698/5493 5936/2696/5491
f 5936/2696/5491 5938/2698/5493 5939/2699/5494
f 5936/2696/5491 5939/2699/5494 5937/2697/5492
f 5940/2700/5495 5935/2695/5490 5932/2692/5487
f 5940/2700/5495 5932/2692/5487 5941/2701/5496
f 5942/2702/5497 5935/2695/5490 5940/2700/5495
f 5937/2697/5492 5939/2699/5494 5943/2703/5498
f 5938/2698/5493 5944/2704/5499 5939/2699/5494
f 5939/2699/5494 5944/2704/5499 5945/2705/5500
f 5939/2699/5494 5945/2705/5500 5943/2703/5498
f 5942/2702/5497 5940/2700/5495 5946/2706/5501
f 5940/2700/5495 5941/2701/5496 5947/2707/5502
f 5946/2706/5501 5940/2700/5495 5947/2707/5502
f 5945/2705/5500 5948/2708/5503 5943/2703/5498
f 5944/2704/5499 5949/2709/5504 5945/2705/5500
f 5945/2705/5500 5949/2709/5504 5950/2710/5505
f 5950/2710/5505 5948/2708/5503 5945/2705/5500
f 5946/2706/5501 5947/2707/5502 5951/2711/5506
f 5950/2710/5505 5952/2712/5507 5948/2708/5503
f 5949/2709/5504 5953/2713/5508 5950/2710/5505
f 5950/2710/5505 5953/2713/5508 5954/2714/5509
f 5954/2714/5509 5952/2712/5507 5950/2710/5505
f 5953/2713/5508 5955/2715/5510 5954/2714/5509
f 5954/2714/5509 5955/2715/5510 5952/2712/5507
f 5951/2711/5506 5947/2707/5502 5956/2716/5511
f 5947/2707/5502 5957/2717/5512 5956/2716/5511
f 5958/2718/5513 5955/2715/5510 5953/2713/5508
f 5959/2719/5514 5951/2711/5506 5956/2716/5511
f 5960/2720/5515 5951/2711/5506 5959/2719/5514
f 5956/2716/5511 5961/2721/5516 5959/2719/5514
f 5958/2718/5513 5962/2722/5517 5955/2715/5510
f 5955/2715/5510 5962/2722/5517 5963/2723/5518
f 5955/2715/5510 5963/2723/5518 5964/2724/5430
f 5962/2722/5517 5965/2725/5519 5963/2723/5518
f 5966/2726/5520 5960/2720/5515 5959/2719/5514
f 5966/2726/5520 5959/2719/5514 5967/2727/5521
f 5968/2728/5522 5960/2720/5515 5966/2726/5520
f 5969/2729/5523 5968/2728/5522 5966/2726/5520
f 5970/2730/5524 5966/2726/5520 5967/2727/5521
f 5969/2729/5523 5966/2726/5520 5970/2730/5524
f 5963/2723/5518 5965/2725/5519 5971/2731/5525
f 5971/2731/5525 5972/2732/5526 5963/2723/5518
f 5965/2725/5519 5973/2733/5527 5971/2731/5525
f 5974/2734/5528 5968/2728/5522 5969/2729/5523
f 5971/2731/5525 5973/2733/5527 5975/2735/5529
f 5973/2733/5527 5974/2734/5528 5975/2735/5529
f 5975/2735/5529 5974/2734/5528 5969/2729/5523
f 5975/2735/5529 5969/2729/5523 5976/2736/5530
f 5975/2735/5529 5976/2736/5530 5971/2731/5525
f 5977/2693/5531 5978/2681/5532 5979/2683/5533
f 5980/2701/5534 5981/2692/5535 5977/2693/5536
f 5982/2707/5537 5980/2701/5496 5983/2717/5401
f 5984/2716/5538 5983/2717/5401 5985/2721/5539
f 5986/2719/5540 5985/2721/5539 5987/2727/5521
f 5988/2736/5541 5989/2729/5542 5990/2730/5543
f 5991/2731/5544 5988/2736/5545 5992/2732/5546
f 5993/2723/5547 5992/2732/5548 5994/2724/5549
f 5995/2712/5550 5996/2715/5551 5994/2724/5552
f 5997/2688/5553 5998/2697/5554 5999/2687/5555
f 6009/2455/5556 6010/2456/5557 6011/2457/5558
f 6009/2455/5556 6012/2458/5559 6010/2456/5557
f 6011/2457/5558 6010/2456/5557 6013/2459/5560
f 6014/2460/5561 6011/2457/5558 6013/2459/5560
f 6015/2461/5528 6011/2457/5558 6014/2460/5561
f 6013/2459/5560 6010/2456/5557 6016/2462/5562
f 6016/2462/5562 6014/2460/5561 6013/2459/5560
f 6010/2456/5557 6012/2458/5559 6017/2463/5563
f 6016/2462/5562 6010/2456/5557 6018/2464/5564
f 6019/2465/5565 6010/2456/5557 6017/2463/5563
f 6018/2464/5564 6010/2456/5557 6019/2465/5565
f 6012/2458/5559 6020/2466/5566 6017/2463/5563
f 6017/2463/5563 6020/2466/5566 6019/2465/5565
f 6021/2467/5567 6020/2466/5566 6012/2458/5559
f 6015/2461/5528 6014/2460/5561 6022/2468/5568
f 6023/2469/5569 6014/2460/5561 6016/2462/5562
f 6022/2468/5568 6014/2460/5561 6024/2470/5570
f 6025/2471/5571 6014/2460/5561 6023/2469/5569
f 6024/2470/5570 6014/2460/5561 6025/2471/5571
f 6026/2472/5572 6022/2468/5568 6024/2470/5570
f 6025/2471/5571 6026/2472/5572 6024/2470/5570
f 6019/2465/5565 6020/2466/5566 6027/2473/5573
f 6021/2467/5567 6028/2474/5574 6020/2466/5566
f 6020/2466/5566 6028/2474/5574 6029/2475/5575
f 6030/2476/5576 6020/2466/5566 6029/2475/5575
f 6027/2473/5573 6020/2466/5566 6030/2476/5576
f 6031/2477/5577 6022/2468/5568 6026/2472/5572
f 6028/2474/5574 6032/2478/5578 6029/2475/5575
f 6029/2475/5575 6032/2478/5578 6030/2476/5576
f 6033/2479/5579 6026/2472/5572 6025/2471/5571
f 6034/2480/5504 6032/2478/5578 6028/2474/5574
f 6031/2477/5577 6026/2472/5572 6035/2481/5580
f 6036/2482/5581 6026/2472/5572 6033/2479/5579
f 6037/2483/5582 6026/2472/5572 6036/2482/5581
f 6035/2481/5580 6026/2472/5572 6037/2483/5582
f 6030/2476/5576 6032/2478/5578 6038/2484/5583
f 6039/2485/5584 6035/2481/5580 6037/2483/5582
f 6036/2482/5581 6039/2485/5584 6037/2483/5582
f 6034/2480/5504 6040/2486/5585 6032/2478/5578
f 6032/2478/5578 6040/2486/5585 6041/2487/5586
f 6042/2488/5587 6032/2478/5578 6041/2487/5586
f 6038/2484/5583 6032/2478/5578 6042/2488/5587
f 6043/2489/5588 6035/2481/5580 6039/2485/5584
f 6040/2486/5585 6044/2490/5589 6041/2487/5586
f 6041/2487/5586 6044/2490/5589 6042/2488/5587
f 6045/2491/5590 6039/2485/5584 6036/2482/5581
f 6046/2492/5493 6044/2490/5589 6040/2486/5585
f 6042/2488/5587 6044/2490/5589 6047/2493/5591
f 6043/2489/5588 6039/2485/5584 6048/2494/5592
f 6049/2495/5593 6039/2485/5584 6045/2491/5590
f 6050/2496/5594 6039/2485/5584 6049/2495/5593
f 6048/2494/5592 6039/2485/5584 6050/2496/5594
f 6051/2497/5595 6048/2494/5592 6050/2496/5594
f 6049/2495/5593 6051/2497/5595 6050/2496/5594
f 6046/2492/5493 6052/2498/5596 6044/2490/5589
f 6044/2490/5589 6052/2498/5596 6053/2499/5597
f 6054/2500/5598 6044/2490/5589 6053/2499/5597
f 6047/2493/5591 6044/2490/5589 6054/2500/5598
f 6052/2498/5596 6055/2501/5599 6053/2499/5597
f 6053/2499/5597 6055/2501/5599 6054/2500/5598
f 6056/2502/5490 6048/2494/5592 6051/2497/5595
f 6057/2503/5600 6051/2497/5595 6049/2495/5593
f 6058/2504/5601 6055/2501/5599 6052/2498/5596
f 6054/2500/5598 6055/2501/5599 6059/2505/5602
f 6056/2502/5490 6051/2497/5595 6060/2506/5603
f 6061/2507/5604 6051/2497/5595 6057/2503/5600
f 6062/2508/5605 6051/2497/5595 6061/2507/5604
f 6060/2506/5603 6051/2497/5595 6062/2508/5605
f 6063/2509/5606 6060/2506/5603 6062/2508/5605
f 6061/2507/5604 6063/2509/5606 6062/2508/5605
f 6058/2504/5601 6064/2510/5607 6055/2501/5599
f 6055/2501/5599 6064/2510/5607 6065/2511/5608
f 6066/2512/5609 6055/2501/5599 6065/2511/5608
f 6059/2505/5602 6055/2501/5599 6066/2512/5609
f 6067/2513/5479 6060/2506/5603 6063/2509/5606
f 6068/2514/5610 6063/2509/5606 6061/2507/5604
f 6067/2513/5479 6063/2509/5606 6069/2515/5607
f 6070/2516/5611 6063/2509/5606 6068/2514/5610
f 6071/2517/5612 6063/2509/5606 6070/2516/5611
f 6069/2515/5607 6063/2509/5606 6071/2517/5612
f 6072/2518/5613 6073/2519/5614 6074/2520/5615
f 6072/2518/5613 6075/2521/5616 6073/2519/5614
f 6072/2518/5613 6074/2520/5615 6076/2522/5617
f 6072/2518/5613 6077/2523/5342 6075/2521/5616
f 6072/2518/5613 6078/2524/5618 6077/2523/5342
f 6072/2518/5613 6076/2522/5617 6079/2525/5619
f 6080/2526/5620 6072/2518/5613 6079/2525/5619
f 6072/2518/5613 6080/2526/5620 6078/2524/5618
f 6081/2737/5621 6082/2738/5622 6083/2739/5623
f 6084/2740/5624 6081/2737/5621 6083/2739/5623
f 6083/2739/5623 6082/2738/5622 6085/2741/5625
f 6081/2737/5621 6086/2742/5626 6082/2738/5622
f 6087/2743/5627 6086/2742/5626 6081/2737/5621
f 6088/2744/5628 6087/2743/5627 6081/2737/5621
f 6088/2744/5628 6081/2737/5621 6084/2740/5624
f 6086/2742/5626 6089/2745/5629 6082/2738/5622
f 6082/2738/5622 6090/2746/5630 6085/2741/5625
f 6082/2738/5622 6089/2745/5629 6090/2746/5630
f 6091/2747/5631 6088/2744/5628 6084/2740/5624
f 6085/2741/5625 6090/2746/5630 6092/2748/5632
f 6086/2742/5626 6093/2749/5419 6089/2745/5629
f 6094/2750/5633 6093/2749/5419 6086/2742/5626
f 6087/2743/5627 6094/2750/5633 6086/2742/5626
f 6095/2751/5634 6087/2743/5627 6088/2744/5628
f 6095/2751/5634 6096/2752/5635 6087/2743/5627
f 6096/2752/5635 6094/2750/5633 6087/2743/5627
f 6097/2753/5636 6095/2751/5634 6088/2744/5628
f 6097/2753/5636 6088/2744/5628 6091/2747/5631
f 6089/2745/5629 6098/2754/5637 6090/2746/5630
f 6089/2745/5629 6099/2755/5422 6098/2754/5637
f 6093/2749/5419 6099/2755/5422 6089/2745/5629
f 6090/2746/5630 6098/2754/5637 6100/2756/5638
f 6090/2746/5630 6100/2756/5638 6092/2748/5632
f 6101/2757/5639 6097/2753/5636 6091/2747/5631
f 6092/2748/5632 6100/2756/5638 6102/2758/5640
f 6103/2759/5641 6095/2751/5634 6097/2753/5636
f 6104/2760/5642 6096/2752/5635 6095/2751/5634
f 6103/2759/5641 6104/2760/5642 6095/2751/5634
f 6105/2761/5643 6103/2759/5641 6097/2753/5636
f 6105/2761/5643 6097/2753/5636 6101/2757/5639
f 6098/2754/5637 6106/2762/5644 6100/2756/5638
f 6098/2754/5637 6107/2763/5426 6106/2762/5644
f 6099/2755/5422 6107/2763/5426 6098/2754/5637
f 6100/2756/5638 6106/2762/5644 6108/2764/5645
f 6100/2756/5638 6108/2764/5645 6102/2758/5640
f 6109/2765/5646 6105/2761/5643 6101/2757/5639
f 6102/2758/5640 6108/2764/5645 6110/2766/5647
f 6111/2767/5648 6103/2759/5641 6105/2761/5643
f 6111/2767/5648 6112/2768/5649 6103/2759/5641
f 6112/2768/5649 6104/2760/5642 6103/2759/5641
f 6113/2769/5650 6111/2767/5648 6105/2761/5643
f 6113/2769/5650 6105/2761/5643 6109/2765/5646
f 6106/2762/5644 6114/2770/5651 6108/2764/5645
f 6106/2762/5644 6115/2771/5652 6114/2770/5651
f 6107/2763/5426 6115/2771/5652 6106/2762/5644
f 6108/2764/5645 6114/2770/5651 6116/2772/5653
f 6108/2764/5645 6116/2772/5653 6110/2766/5647
f 6117/2773/5654 6113/2769/5650 6109/2765/5646
f 6110/2766/5647 6116/2772/5653 6118/2774/5655
f 6119/2775/5656 6111/2767/5648 6113/2769/5650
f 6119/2775/5656 6120/2776/5657 6111/2767/5648
f 6120/2776/5657 6112/2768/5649 6111/2767/5648
f 6121/2777/5658 6119/2775/5656 6113/2769/5650
f 6121/2777/5658 6113/2769/5650 6117/2773/5654
f 6114/2770/5651 6122/2778/5659 6116/2772/5653
f 6114/2770/5651 6123/2779/5434 6122/2778/5659
f 6115/2771/5652 6123/2779/5434 6114/2770/5651
f 6116/2772/5653 6122/2778/5659 6124/2780/5660
f 6116/2772/5653 6124/2780/5660 6118/2774/5655
f 6124/2780/5660 6125/2781/5661 6121/2777/5658
f 6125/2781/5661 6119/2775/5656 6121/2777/5658
f 6126/2782/5662 6121/2777/5658 6117/2773/5654
f 6124/2780/5660 6121/2777/5658 6126/2782/5662
f 6118/2774/5655 6124/2780/5660 6126/2782/5662
f 6122/2778/5659 6125/2781/5661 6124/2780/5660
f 6122/2778/5659 6127/2783/5663 6125/2781/5661
f 6123/2779/5434 6127/2783/5663 6122/2778/5659
f 6128/2784/5395 6120/2776/5657 6119/2775/5656
f 6125/2781/5661 6128/2784/5395 6119/2775/5656
f 6127/2783/5663 6128/2784/5395 6125/2781/5661
f 6129/2785/5664 6130/2786/5665 6131/2787/5666
f 6132/2788/5667 6129/2785/5664 6131/2787/5666
f 6133/2789/5668 6129/2785/5664 6132/2788/5667
f 6131/2787/5666 6130/2786/5665 6134/2790/5669
f 6130/2786/5665 6135/2791/5670 6134/2790/5669
f 6131/2787/5666 6134/2790/5669 6136/2792/5671
f 6137/2793/5672 6131/2787/5666 6136/2792/5671
f 6132/2788/5667 6131/2787/5666 6137/2793/5672
f 6138/2794/5673 6133/2789/5668 6132/2788/5667
f 6139/2795/5674 6132/2788/5667 6137/2793/5672
f 6138/2794/5673 6132/2788/5667 6139/2795/5674
f 6140/2796/5675 6133/2789/5668 6138/2794/5673
f 6134/2790/5669 6135/2791/5670 6141/2797/5676
f 6134/2790/5669 6141/2797/5676 6142/2798/5677
f 6136/2792/5671 6134/2790/5669 6142/2798/5677
f 6135/2791/5670 6143/2799/5678 6141/2797/5676
f 6136/2792/5671 6142/2798/5677 6144/2800/5679
f 6145/2801/5680 6136/2792/5671 6144/2800/5679
f 6137/2793/5672 6136/2792/5671 6145/2801/5680
f 6139/2795/5674 6137/2793/5672 6146/2802/5681
f 6146/2802/5681 6137/2793/5672 6145/2801/5680
f 6147/2803/5682 6140/2796/5675 6138/2794/5673
f 6148/2804/5683 6138/2794/5673 6139/2795/5674
f 6147/2803/5682 6138/2794/5673 6148/2804/5683
f 6148/2804/5683 6139/2795/5674 6149/2805/5684
f 6149/2805/5684 6139/2795/5674 6146/2802/5681
f 6146/2802/5681 6145/2801/5680 6150/2806/5685
f 6145/2801/5680 6144/2800/5679 6150/2806/5685
f 6149/2805/5684 6146/2802/5681 6150/2806/5685
f 6144/2800/5679 6142/2798/5677 6151/2807/5686
f 6144/2800/5679 6151/2807/5686 6150/2806/5685
f 6142/2798/5677 6141/2797/5676 6152/2808/5687
f 6142/2798/5677 6152/2808/5687 6151/2807/5686
f 6141/2797/5676 6143/2799/5678 6153/2809/5688
f 6141/2797/5676 6153/2809/5688 6152/2808/5687
f 6143/2799/5678 6154/2810/5689 6153/2809/5688
f 6155/2811/5690 6148/2804/5683 6149/2805/5684
f 6155/2811/5690 6149/2805/5684 6150/2806/5685
f 6156/2812/5691 6147/2803/5682 6148/2804/5683
f 6156/2812/5691 6148/2804/5683 6155/2811/5690
f 6151/2807/5686 6152/2808/5687 6157/2813/5692
f 6151/2807/5686 6157/2813/5692 6150/2806/5685
f 6152/2808/5687 6153/2809/5688 6158/2814/5693
f 6152/2808/5687 6158/2814/5693 6157/2813/5692
f 6153/2809/5688 6154/2810/5689 6159/2815/5694
f 6153/2809/5688 6159/2815/5694 6158/2814/5693
f 6160/2816/5695 6156/2812/5691 6155/2811/5690
f 6160/2816/5695 6155/2811/5690 6150/2806/5685
f 6157/2813/5692 6158/2814/5693 6161/2817/5696
f 6157/2813/5692 6161/2817/5696 6150/2806/5685
f 6158/2814/5693 6159/2815/5694 6162/2818/5697
f 6158/2814/5693 6162/2818/5697 6161/2817/5696
f 6154/2810/5689 6163/2819/5698 6159/2815/5694
f 6159/2815/5694 6163/2819/5698 6164/2820/5699
f 6159/2815/5694 6164/2820/5699 6162/2818/5697
f 6162/2818/5697 6164/2820/5699 6165/2821/5700
f 6162/2818/5697 6165/2821/5700 6166/2822/5701
f 6161/2817/5696 6162/2818/5697 6166/2822/5701
f 6161/2817/5696 6166/2822/5701 6150/2806/5685
f 6167/2823/5702 6156/2812/5691 6160/2816/5695
f 6168/2824/5703 6167/2823/5702 6160/2816/5695
f 6168/2824/5703 6160/2816/5695 6150/2806/5685
f 6166/2822/5701 6165/2821/5700 6169/2825/5704
f 6166/2822/5701 6169/2825/5704 6150/2806/5685
f 6169/2825/5704 6168/2824/5703 6150/2806/5685
f 6163/2819/5698 6170/2826/5705 6164/2820/5699
f 6164/2820/5699 6170/2826/5705 6171/2827/5706
f 6164/2820/5699 6171/2827/5706 6165/2821/5700
f 6165/2821/5700 6171/2827/5706 6172/2828/5707
f 6165/2821/5700 6172/2828/5707 6169/2825/5704
f 6169/2825/5704 6172/2828/5707 6168/2824/5703
f 6172/2828/5707 6167/2823/5702 6168/2824/5703
f 6171/2827/5706 6173/2829/5708 6172/2828/5707
f 6172/2828/5707 6173/2829/5708 6167/2823/5702
f 6170/2826/5705 6174/2830/5709 6171/2827/5706
f 6171/2827/5706 6174/2830/5709 6173/2829/5708
f 6173/2829/5708 6175/2831/5710 6167/2823/5702
f 6167/2823/5702 6175/2831/5710 6156/2812/5691
f 6174/2830/5709 6176/2832/5711 6173/2829/5708
f 6173/2829/5708 6176/2832/5711 6175/2831/5710
f 6176/2832/5711 6177/2833/5712 6175/2831/5710
f 6175/2831/5710 6147/2803/5682 6156/2812/5691
f 6175/2831/5710 6177/2833/5712 6147/2803/5682
f 6177/2833/5712 6140/2796/5675 6147/2803/5682
l 5674 5675
l 5675 5676
l 5676 5677
l 5677 5678
l 5678 5679
l 5679 5680
l 5680 5681
l 5681 5682
l 6000 6001
l 6001 6002
l 6002 6003
l 6003 6004
l 6004 6005
l 6005 6006
l 6006 6007
l 6007 6008
