# Blender 5.2.2 LTS
# www.blender.org
mtllib v2.mtl
o base.001
v 0.257812 -0.000240 -0.058319
v 0.264404 0.047241 -0.000023
v 0.264404 -0.000240 -0.000023
v 0.257812 0.047241 -0.058319
v 0.238525 -0.000240 -0.113709
v 0.264404 0.130371 -0.000023
v 0.257812 0.130371 -0.058319
v 0.236328 0.046936 -0.120483
v 0.238525 0.130371 -0.113708
v 0.207275 0.130371 -0.163574
v 0.207275 0.047241 -0.163574
v 0.223877 0.039124 -0.117859
v 0.225220 -0.000241 -0.110901
v 0.196533 -0.000241 -0.156860
v 0.196533 0.038818 -0.156860
v 0.165771 0.047241 -0.205200
v 0.159058 0.038818 -0.194458
v 0.159058 -0.000241 -0.194458
v 0.165771 0.130371 -0.205200
v 0.119873 0.039124 -0.222168
v 0.122498 0.046936 -0.234619
v 0.113159 -0.000241 -0.223267
v 0.115967 -0.000240 -0.236572
v 0.115967 0.130371 -0.236572
v 0.060455 0.047241 -0.256104
v 0.060455 -0.000240 -0.256104
v 0.060455 0.130371 -0.256104
v -0.000036 -0.000240 -0.262695
v -0.000036 0.047241 -0.262695
v -0.000036 0.130371 -0.262695
v -0.061005 -0.000240 -0.255127
v -0.061005 0.047241 -0.255127
v -0.061005 0.130371 -0.255127
v -0.112061 -0.000240 -0.236938
v -0.116394 0.046997 -0.235352
v -0.112061 0.130371 -0.236938
v -0.161865 0.130371 -0.205688
v -0.161865 0.047241 -0.205688
v -0.113525 0.039185 -0.223022
v -0.109009 -0.000241 -0.223755
v -0.155273 -0.000241 -0.195068
v -0.155273 0.038940 -0.195068
v -0.203613 0.047241 -0.164185
v -0.192871 0.038940 -0.157471
v -0.192871 -0.000241 -0.157471
v -0.203613 0.130371 -0.164185
v -0.219849 0.039185 -0.117004
v -0.232178 0.046997 -0.119873
v -0.221802 -0.000241 -0.111267
v -0.234985 -0.000240 -0.114380
v -0.234985 0.130371 -0.114380
v -0.254395 0.047241 -0.058868
v -0.254395 -0.000240 -0.058868
v -0.254395 0.130371 -0.058868
v -0.261230 -0.000240 -0.000023
v -0.261230 0.047241 -0.000023
v -0.261230 0.130371 -0.000023
v -0.253418 -0.000240 0.063354
v -0.253418 0.047241 0.063354
v -0.253418 0.130371 0.063354
v -0.235352 -0.000240 0.113647
v -0.230835 0.046844 0.121033
v -0.235352 0.130371 0.113647
v -0.204102 0.130371 0.163574
v -0.204102 0.047241 0.163574
v -0.217896 0.038910 0.119263
v -0.221069 -0.000241 0.111694
v -0.192871 -0.000241 0.156982
v -0.192871 0.038483 0.156982
v -0.162476 0.047241 0.205200
v -0.156006 0.038483 0.193970
v -0.156006 -0.000241 0.193970
v -0.162476 0.130371 0.205200
v -0.117920 0.038910 0.219482
v -0.119751 0.046844 0.232422
v -0.110718 -0.000241 0.222412
v -0.112732 -0.000240 0.236572
v -0.112732 0.130371 0.236572
v -0.057220 0.047241 0.256104
v -0.057220 -0.000240 0.256104
v -0.057220 0.130371 0.256104
v -0.000036 -0.000240 0.262695
v -0.000036 0.047241 0.262695
v -0.000036 0.130371 0.262695
v 0.060699 -0.000240 0.256104
v 0.060699 0.047241 0.256104
v 0.060699 0.130371 0.256104
v 0.115295 -0.000240 0.236938
v 0.122009 0.046906 0.233521
v 0.115295 0.130371 0.236938
v 0.165161 0.130371 0.205688
v 0.165161 0.047241 0.205688
v 0.118958 0.039398 0.221802
v 0.112000 -0.000241 0.223999
v 0.158447 -0.000241 0.195068
v 0.158447 0.039032 0.195068
v 0.206787 0.047241 0.164062
v 0.196289 0.039032 0.157349
v 0.196289 -0.000241 0.157349
v 0.206787 0.130371 0.164062
v 0.222656 0.039398 0.118347
v 0.234497 0.046906 0.121399
v 0.225342 -0.000241 0.111023
v 0.238281 -0.000240 0.114319
v 0.238281 0.130371 0.114319
v 0.257812 0.047241 0.058838
v 0.257812 -0.000240 0.058838
v 0.257812 0.130371 0.058838
v 0.264404 -0.000240 -0.000023
v 0.264404 0.047241 -0.000023
v 0.264404 0.130371 -0.000023
v -0.234985 -0.000240 -0.114380
v -0.221802 -0.000241 -0.111267
v -0.254395 -0.000240 -0.058868
v 0.000037 -0.000240 -0.000066
v -0.192871 -0.000241 -0.157471
v -0.261230 -0.000240 -0.000023
v -0.155273 -0.000241 -0.195068
v -0.253418 -0.000240 0.063354
v -0.109009 -0.000241 -0.223755
v -0.221069 -0.000241 0.111694
v -0.235352 -0.000240 0.113647
v -0.192871 -0.000241 0.156982
v -0.156006 -0.000241 0.193970
v -0.110718 -0.000241 0.222412
v -0.061005 -0.000240 -0.255127
v -0.112061 -0.000240 -0.236938
v -0.000036 -0.000240 -0.262695
v 0.060455 -0.000240 -0.256104
v -0.112732 -0.000240 0.236572
v -0.057220 -0.000240 0.256104
v -0.000036 -0.000240 0.262695
v 0.060699 -0.000240 0.256104
v 0.113159 -0.000241 -0.223267
v 0.115967 -0.000240 -0.236572
v 0.159058 -0.000241 -0.194458
v 0.196533 -0.000241 -0.156860
v 0.225220 -0.000241 -0.110901
v 0.112000 -0.000241 0.223999
v 0.115295 -0.000240 0.236938
v 0.158447 -0.000241 0.195068
v 0.196289 -0.000241 0.157349
v 0.225342 -0.000241 0.111023
v 0.257812 -0.000240 -0.058319
v 0.238525 -0.000240 -0.113709
v 0.264404 -0.000240 -0.000023
v 0.257812 -0.000240 0.058838
v 0.238281 -0.000240 0.114319
v 0.204468 0.047272 0.157837
v 0.196167 0.047272 0.168335
v 0.204468 0.000913 0.157837
v 0.196167 0.000901 0.168335
v 0.204468 0.000913 0.157837
v 0.196167 0.000901 0.168335
v 0.192627 0.000896 0.144897
v 0.180908 0.000880 0.159790
v 0.006821 0.229980 0.143799
v 0.018646 0.226685 0.153198
v 0.006882 0.223755 0.146362
v -0.006622 0.229980 0.143799
v -0.006744 0.223755 0.146362
v 0.006832 0.299316 0.100891
v -0.006729 0.299316 0.101563
v 0.006718 0.292480 0.138916
v -0.006615 0.292480 0.138916
v 0.006729 0.287598 0.156860
v 0.018127 0.271240 0.170044
v 0.006866 0.261719 0.187744
v 0.018356 0.257568 0.181763
v 0.006992 0.245117 0.195557
v 0.018570 0.242310 0.188965
v 0.006741 0.276855 0.174805
v -0.006565 0.287598 0.156860
v 0.007366 0.222534 0.198853
v 0.019150 0.221313 0.191772
v 0.025192 0.237427 0.177612
v 0.025467 0.219116 0.180298
v 0.025269 0.231689 0.164673
v 0.025574 0.216553 0.167236
v 0.019440 0.214233 0.155151
v 0.007385 0.213013 0.147217
v -0.006516 0.276855 0.174805
v -0.006577 0.261475 0.187744
v -0.006638 0.244995 0.195557
v -0.018066 0.281250 0.153564
v -0.017975 0.271240 0.170044
v -0.006916 0.222534 0.198853
v 0.007744 0.200073 0.198364
v 0.019730 0.200439 0.191162
v 0.025742 0.200928 0.180054
v 0.025879 0.201294 0.167725
v -0.018204 0.257324 0.181763
v -0.018417 0.242065 0.188843
v -0.024490 0.261475 0.161987
v -0.018967 0.221191 0.191650
v -0.007191 0.200073 0.198364
v -0.024750 0.250000 0.171387
v 0.007843 0.167480 0.194824
v 0.020111 0.169312 0.187866
v 0.026260 0.171997 0.176880
v 0.026398 0.174805 0.164795
v -0.025024 0.237183 0.177246
v -0.025284 0.218994 0.179810
v -0.019516 0.200317 0.191040
v -0.020035 0.169189 0.187622
v -0.007427 0.167480 0.194824
v -0.024445 0.250244 0.152710
v -0.024704 0.241577 0.159668
v -0.024963 0.231567 0.164185
v -0.025253 0.216553 0.166748
v -0.025558 0.200928 0.179443
v -0.026077 0.171997 0.176270
v -0.017899 0.240601 0.144775
v -0.018127 0.234253 0.149658
v -0.018372 0.226685 0.152954
v -0.019211 0.214233 0.154907
v -0.025558 0.201416 0.167114
v -0.026215 0.175049 0.164307
v -0.006500 0.234863 0.140259
v -0.006622 0.229980 0.143799
v -0.006744 0.223755 0.146362
v -0.020584 0.177856 0.152710
v -0.020050 0.201904 0.155273
v -0.007343 0.213013 0.147217
v -0.007942 0.202271 0.146729
v -0.008202 0.179932 0.144287
v -0.006489 0.241089 0.133057
v -0.017975 0.247437 0.136108
v -0.006481 0.244507 0.125855
v -0.018051 0.250977 0.127441
v -0.024597 0.258057 0.141602
v -0.024750 0.261963 0.130493
v -0.006592 0.248657 0.101135
v -0.018356 0.255371 0.100037
v -0.024780 0.274902 0.134033
v -0.024628 0.270508 0.147949
v -0.025162 0.267090 0.099487
v -0.018143 0.286133 0.137085
v -0.025208 0.280762 0.100037
v -0.018478 0.292480 0.100342
v -0.007343 0.213013 0.147217
v 0.007889 0.202271 0.146729
v -0.007942 0.202271 0.146729
v 0.007996 0.179932 0.144287
v 0.020248 0.201782 0.155518
v 0.020630 0.177734 0.152832
v -0.008202 0.179932 0.144287
v 0.098938 0.248657 0.006592
v 0.099304 0.248657 -0.006969
v 0.126831 0.244507 0.006481
v 0.126831 0.244507 -0.006855
v 0.128540 0.250977 -0.018387
v 0.098938 0.255371 -0.018692
v 0.137207 0.247437 -0.018295
v 0.134033 0.241211 -0.006805
v 0.131470 0.262207 -0.025024
v 0.134033 0.241089 0.006489
v 0.097778 0.267334 -0.025436
v 0.135010 0.275146 -0.024979
v 0.142700 0.258301 -0.024872
v 0.153931 0.250488 -0.024734
v 0.145996 0.240601 -0.018204
v 0.141235 0.234863 -0.006756
v 0.141235 0.234863 0.006500
v 0.097229 0.280762 -0.025406
v 0.149048 0.270752 -0.024826
v 0.163086 0.261719 -0.024673
v 0.097778 0.292480 -0.018600
v 0.138062 0.286133 -0.018280
v 0.172607 0.250244 -0.024933
v 0.161011 0.241821 -0.025009
v 0.150879 0.234253 -0.018417
v 0.144775 0.229980 -0.006821
v 0.154541 0.281494 -0.018204
v 0.144775 0.229980 0.006622
v 0.182739 0.257568 -0.018356
v 0.171021 0.271240 -0.018127
v 0.098694 0.299316 -0.006832
v 0.139893 0.292480 -0.006718
v 0.157837 0.287598 -0.006729
v 0.189941 0.242310 -0.018570
v 0.178589 0.237427 -0.025192
v 0.165649 0.231689 -0.025269
v 0.154175 0.226685 -0.018646
v 0.147339 0.223755 -0.006882
v 0.147339 0.223755 0.006744
v 0.188721 0.261719 -0.006866
v 0.196533 0.245117 -0.006992
v 0.175781 0.276855 -0.006741
v 0.099365 0.299316 0.006729
v 0.139893 0.292480 0.006615
v 0.157837 0.287598 0.006565
v 0.199829 0.222534 -0.007366
v 0.192749 0.221313 -0.019150
v 0.181274 0.219116 -0.025467
v 0.168213 0.216553 -0.025574
v 0.156128 0.214233 -0.019440
v 0.148193 0.213013 -0.007385
v 0.175781 0.276855 0.006516
v 0.188721 0.261475 0.006577
v 0.196533 0.244995 0.006638
v 0.138062 0.286133 0.018143
v 0.154541 0.281250 0.018066
v 0.171021 0.271240 0.017975
v 0.199829 0.222534 0.006916
v 0.199341 0.200073 -0.007744
v 0.192139 0.200439 -0.019730
v 0.181030 0.200928 -0.025742
v 0.168701 0.201294 -0.025879
v 0.182739 0.257324 0.018204
v 0.189819 0.242065 0.018417
v 0.162964 0.261475 0.024490
v 0.148926 0.270508 0.024628
v 0.192627 0.221191 0.018967
v 0.199341 0.200073 0.007191
v 0.172363 0.250000 0.024750
v 0.195801 0.167480 -0.007843
v 0.188843 0.169312 -0.020111
v 0.177856 0.171997 -0.026260
v 0.165771 0.174805 -0.026398
v 0.180908 0.000880 0.159790
v 0.196167 0.000901 0.168335
v 0.180786 0.047241 0.159790
v 0.196167 0.047272 0.168335
v 0.204468 0.000913 0.157837
v 0.192627 0.000896 0.144897
v 0.204468 0.047272 0.157837
v 0.192627 0.047241 0.144897
v 0.166016 0.047211 0.198486
v 0.155273 0.047211 0.206421
v 0.166016 0.000858 0.198486
v 0.155396 0.000844 0.206421
v 0.166016 0.000858 0.198486
v 0.155396 0.000844 0.206421
v 0.157837 0.000847 0.182861
v 0.142700 0.000825 0.194214
v 0.142700 0.000825 0.194214
v 0.155396 0.000844 0.206421
v 0.142700 0.047180 0.194214
v 0.155273 0.047211 0.206421
v 0.166016 0.000858 0.198486
v 0.157837 0.000847 0.182861
v 0.166016 0.047211 0.198486
v 0.157837 0.047211 0.182861
v 0.157837 0.046967 -0.204468
v 0.168335 0.046967 -0.196167
v 0.157837 0.000623 -0.204468
v 0.168335 0.000623 -0.196167
v 0.157837 0.000623 -0.204468
v 0.168335 0.000623 -0.196167
v 0.144897 0.000623 -0.192627
v 0.159790 0.000623 -0.180908
v 0.159790 0.000623 -0.180908
v 0.168335 0.000623 -0.196167
v 0.159790 0.046967 -0.180908
v 0.168335 0.046967 -0.196167
v 0.157837 0.000623 -0.204468
v 0.144897 0.000623 -0.192627
v 0.157837 0.046967 -0.204468
v 0.144897 0.046967 -0.192627
v 0.198486 0.046967 -0.166016
v 0.206421 0.046967 -0.155396
v 0.198486 0.000623 -0.166016
v 0.206421 0.000623 -0.155396
v 0.198486 0.000623 -0.166016
v 0.206421 0.000623 -0.155396
v 0.182861 0.000623 -0.157837
v 0.194214 0.000623 -0.142700
v 0.194214 0.000623 -0.142700
v 0.206421 0.000623 -0.155396
v 0.194214 0.046967 -0.142700
v 0.206421 0.046967 -0.155396
v 0.198486 0.000623 -0.166016
v 0.182861 0.000623 -0.157837
v 0.198486 0.046967 -0.166016
v 0.182861 0.046967 -0.157837
v -0.204590 0.046692 -0.157837
v -0.196289 0.046692 -0.168335
v -0.204468 0.000334 -0.157837
v -0.196167 0.000345 -0.168335
v -0.204468 0.000334 -0.157837
v -0.196167 0.000345 -0.168335
v -0.192627 0.000350 -0.144897
v -0.180908 0.000367 -0.159790
v -0.180908 0.000367 -0.159790
v -0.196167 0.000345 -0.168335
v -0.181030 0.046722 -0.159790
v -0.196289 0.046692 -0.168335
v -0.204468 0.000334 -0.157837
v -0.192627 0.000350 -0.144897
v -0.204590 0.046692 -0.157837
v -0.192749 0.046692 -0.144897
v -0.166138 0.046753 -0.198486
v -0.155396 0.046753 -0.206421
v -0.166016 0.000388 -0.198486
v -0.155396 0.000403 -0.206421
v -0.166016 0.000388 -0.198486
v -0.155396 0.000403 -0.206421
v -0.157837 0.000400 -0.182861
v -0.142700 0.000421 -0.194214
v -0.142700 0.000421 -0.194214
v -0.155396 0.000403 -0.206421
v -0.142822 0.046783 -0.194214
v -0.155396 0.046753 -0.206421
v -0.166016 0.000388 -0.198486
v -0.157837 0.000400 -0.182861
v -0.166138 0.046753 -0.198486
v -0.157959 0.046753 -0.182861
v -0.157959 0.046753 0.204468
v -0.168457 0.046753 0.196167
v -0.157837 0.000400 0.204468
v -0.168335 0.000385 0.196167
v -0.157837 0.000400 0.204468
v -0.168335 0.000385 0.196167
v -0.144897 0.000418 0.192627
v -0.159790 0.000397 0.180908
v -0.159790 0.000397 0.180908
v -0.168335 0.000385 0.196167
v -0.159790 0.046753 0.180908
v -0.168457 0.046753 0.196167
v -0.157837 0.000400 0.204468
v -0.144897 0.000418 0.192627
v -0.157959 0.046753 0.204468
v -0.145020 0.046783 0.192627
v -0.198486 0.046692 0.166016
v -0.206543 0.046692 0.155396
v -0.198486 0.000342 0.166016
v -0.206421 0.000331 0.155396
v -0.198486 0.000342 0.166016
v -0.206421 0.000331 0.155396
v -0.182861 0.000364 0.157837
v -0.194214 0.000348 0.142700
v -0.194214 0.000348 0.142700
v -0.206421 0.000331 0.155396
v -0.194336 0.046692 0.142700
v -0.206543 0.046692 0.155396
v -0.198486 0.000342 0.166016
v -0.182861 0.000364 0.157837
v -0.198486 0.046692 0.166016
v -0.182983 0.046722 0.157837
v 0.178223 0.237183 0.025024
v 0.153687 0.250244 0.024445
v 0.142578 0.258057 0.024597
v 0.160645 0.241577 0.024704
v 0.180786 0.218994 0.025284
v 0.192017 0.200317 0.019516
v 0.188599 0.169189 0.020035
v 0.195801 0.167480 0.007427
v 0.165161 0.231567 0.024963
v 0.145752 0.240601 0.017899
v 0.137085 0.247437 0.017975
v 0.150635 0.234253 0.018127
v 0.167725 0.216553 0.025253
v 0.180420 0.200928 0.025558
v 0.177246 0.171997 0.026077
v 0.153931 0.226685 0.018372
v 0.141235 0.234863 0.006500
v 0.134033 0.241089 0.006489
v 0.144775 0.229980 0.006622
v 0.155884 0.214233 0.019211
v 0.168091 0.201416 0.025558
v 0.165283 0.175049 0.026215
v 0.147339 0.223755 0.006744
v 0.126831 0.244507 0.006481
v 0.153687 0.177856 0.020584
v 0.156250 0.201904 0.020050
v 0.148193 0.213013 0.007343
v 0.147705 0.202271 0.007942
v 0.145264 0.179932 0.008202
v 0.128418 0.250977 0.018051
v 0.098938 0.248657 0.006592
v 0.097778 0.255371 0.018356
v 0.131470 0.261963 0.024750
v 0.097229 0.267090 0.025162
v 0.097778 0.280762 0.025208
v 0.135010 0.274902 0.024780
v 0.098083 0.292480 0.018478
v 0.148193 0.213013 0.007343
v 0.147705 0.202271 -0.007889
v 0.147705 0.202271 0.007942
v 0.145264 0.179932 -0.007996
v 0.156494 0.201782 -0.020248
v 0.153809 0.177734 -0.020630
v 0.145264 0.179932 0.008202
v 0.006592 0.248657 -0.097778
v -0.006969 0.248657 -0.098206
v 0.006481 0.244507 -0.125854
v -0.006855 0.244507 -0.125854
v -0.018387 0.250977 -0.127563
v -0.018692 0.255371 -0.097778
v -0.018295 0.247437 -0.136230
v -0.006805 0.241211 -0.133057
v -0.025024 0.262207 -0.130493
v 0.006489 0.241089 -0.133057
v -0.025436 0.267334 -0.096680
v -0.024979 0.275146 -0.134033
v -0.024872 0.258301 -0.141724
v -0.024734 0.250488 -0.152954
v -0.018204 0.240601 -0.145020
v -0.006756 0.234863 -0.140259
v 0.006500 0.234863 -0.140259
v -0.025406 0.280762 -0.096130
v -0.024826 0.270752 -0.148071
v -0.024673 0.261719 -0.162109
v -0.018600 0.292480 -0.096680
v -0.018280 0.286133 -0.137085
v -0.024933 0.250244 -0.171631
v -0.025009 0.241821 -0.160034
v -0.018417 0.234253 -0.149902
v -0.006821 0.229980 -0.143799
v -0.018204 0.281494 -0.153564
v 0.006622 0.229980 -0.143799
v -0.018356 0.257568 -0.181763
v -0.018127 0.271240 -0.170044
v -0.006832 0.299316 -0.097595
v -0.006718 0.292480 -0.138916
v -0.006729 0.287598 -0.156860
v -0.018570 0.242310 -0.188965
v -0.025192 0.237427 -0.177612
v -0.025269 0.231689 -0.164673
v -0.018646 0.226685 -0.153198
v -0.006882 0.223755 -0.146362
v 0.006744 0.223755 -0.146362
v -0.006866 0.261719 -0.187744
v -0.006992 0.245117 -0.195557
v -0.006741 0.276855 -0.174805
v 0.006729 0.299316 -0.098267
v 0.006615 0.292480 -0.138916
v 0.006565 0.287598 -0.156860
v -0.007366 0.222534 -0.198853
v -0.019150 0.221313 -0.191772
v -0.025467 0.219116 -0.180298
v -0.025574 0.216553 -0.167358
v -0.019440 0.214233 -0.155151
v -0.007385 0.213013 -0.147217
v 0.006516 0.276855 -0.174805
v 0.006577 0.261475 -0.187744
v 0.006638 0.244995 -0.195557
v 0.018143 0.286133 -0.137085
v 0.018066 0.281250 -0.153564
v 0.017975 0.271240 -0.170044
v 0.006916 0.222534 -0.198853
v -0.007744 0.200073 -0.198364
v -0.019730 0.200439 -0.191162
v -0.025742 0.200928 -0.180054
v -0.025879 0.201294 -0.167725
v 0.018204 0.257324 -0.181763
v 0.018417 0.242065 -0.188843
v 0.024490 0.261475 -0.161987
v 0.024628 0.270508 -0.147949
v 0.018967 0.221191 -0.191650
v 0.007191 0.200073 -0.198364
v 0.024750 0.250000 -0.171387
v -0.007843 0.167480 -0.194824
v -0.020111 0.169312 -0.187866
v -0.026260 0.171997 -0.176880
v -0.026398 0.174805 -0.164795
v 0.025024 0.237183 -0.177246
v 0.024445 0.250244 -0.152710
v 0.024597 0.258057 -0.141602
v 0.024704 0.241577 -0.159668
v 0.025284 0.218994 -0.179810
v 0.019516 0.200317 -0.191040
v 0.020035 0.169189 -0.187622
v 0.007427 0.167480 -0.194824
v 0.024963 0.231567 -0.164185
v 0.017899 0.240601 -0.144775
v 0.017975 0.247437 -0.136108
v 0.018127 0.234253 -0.149658
v 0.025253 0.216553 -0.166748
v 0.025558 0.200928 -0.179565
v 0.026077 0.171997 -0.176270
v 0.018372 0.226685 -0.152954
v 0.006500 0.234863 -0.140259
v 0.006489 0.241089 -0.133057
v 0.006622 0.229980 -0.143799
v 0.019211 0.214233 -0.155029
v 0.025558 0.201416 -0.167114
v 0.026215 0.175049 -0.164307
v 0.006744 0.223755 -0.146362
v 0.006481 0.244507 -0.125854
v 0.020584 0.177856 -0.152710
v 0.020050 0.201904 -0.155273
v 0.007343 0.213013 -0.147217
v 0.007942 0.202271 -0.146729
v 0.008202 0.179932 -0.144287
v 0.018051 0.250977 -0.127441
v 0.006592 0.248657 -0.097778
v 0.018356 0.255371 -0.096680
v 0.024750 0.261963 -0.130493
v 0.025162 0.267090 -0.096130
v 0.025208 0.280762 -0.096680
v 0.024780 0.274902 -0.134033
v 0.018478 0.292480 -0.096985
v 0.007343 0.213013 -0.147217
v -0.007889 0.202271 -0.146729
v 0.007942 0.202271 -0.146729
v -0.007996 0.179932 -0.144287
v -0.020248 0.201782 -0.155518
v -0.020630 0.177734 -0.152832
v 0.008202 0.179932 -0.144287
v -0.101562 0.248657 -0.006592
v -0.101990 0.248657 0.006969
v -0.125854 0.244507 -0.006481
v -0.125854 0.244507 0.006855
v -0.127563 0.250977 0.018387
v -0.101562 0.255371 0.018692
v -0.136230 0.247437 0.018295
v -0.133057 0.241211 0.006805
v -0.130493 0.262207 0.025024
v -0.133057 0.241089 -0.006489
v -0.100464 0.267334 0.025436
v -0.134033 0.275146 0.024979
v -0.141724 0.258301 0.024872
v -0.152954 0.250488 0.024735
v -0.145020 0.240601 0.018204
v -0.140259 0.234863 0.006756
v -0.140259 0.234863 -0.006500
v -0.099915 0.280762 0.025406
v -0.137085 0.286133 0.018280
v -0.148071 0.270752 0.024826
v -0.162109 0.261719 0.024673
v -0.171631 0.250244 0.024933
v -0.160034 0.241821 0.025009
v -0.149902 0.234253 0.018417
v -0.143799 0.229980 0.006821
v -0.153564 0.281494 0.018204
v -0.143799 0.229980 -0.006622
v -0.100464 0.292480 0.018600
v -0.101318 0.299316 0.006832
v -0.138916 0.292480 0.006718
v -0.181763 0.257568 0.018356
v -0.170044 0.271240 0.018127
v -0.156860 0.287598 0.006729
v -0.188965 0.242310 0.018570
v -0.177612 0.237427 0.025192
v -0.164673 0.231689 0.025269
v -0.153198 0.226685 0.018646
v -0.146362 0.223755 0.006882
v -0.146362 0.223755 -0.006744
v -0.101990 0.299316 -0.006729
v -0.138916 0.292480 -0.006615
v -0.187744 0.261719 0.006866
v -0.195557 0.245117 0.006992
v -0.174805 0.276855 0.006741
v -0.156860 0.287598 -0.006565
v -0.198853 0.222534 0.007366
v -0.191772 0.221313 0.019150
v -0.180298 0.219116 0.025467
v -0.167358 0.216553 0.025574
v -0.155151 0.214233 0.019440
v -0.147217 0.213013 0.007385
v -0.174805 0.276855 -0.006515
v -0.187744 0.261475 -0.006577
v -0.195557 0.244995 -0.006638
v -0.153564 0.281250 -0.018066
v -0.170044 0.271240 -0.017975
v -0.198853 0.222534 -0.006916
v -0.198364 0.200073 0.007744
v -0.191162 0.200439 0.019730
v -0.180054 0.200928 0.025742
v -0.167725 0.201294 0.025879
v -0.181763 0.257324 -0.018204
v -0.188843 0.242065 -0.018417
v -0.161987 0.261475 -0.024490
v -0.191650 0.221191 -0.018967
v -0.198364 0.200073 -0.007191
v -0.171387 0.250000 -0.024750
v -0.194824 0.167480 0.007843
v -0.187866 0.169312 0.020111
v -0.176880 0.171997 0.026260
v -0.164795 0.174805 0.026398
v -0.177246 0.237183 -0.025024
v -0.179810 0.218994 -0.025284
v -0.191040 0.200317 -0.019516
v -0.187622 0.169189 -0.020035
v -0.194824 0.167480 -0.007427
v -0.152710 0.250244 -0.024445
v -0.159668 0.241577 -0.024704
v -0.164185 0.231567 -0.024963
v -0.166748 0.216553 -0.025253
v -0.179565 0.200928 -0.025558
v -0.176270 0.171997 -0.026077
v -0.144775 0.240601 -0.017899
v -0.149658 0.234253 -0.018127
v -0.152954 0.226685 -0.018372
v -0.155029 0.214233 -0.019211
v -0.167114 0.201416 -0.025558
v -0.164307 0.175049 -0.026215
v -0.140259 0.234863 -0.006500
v -0.143799 0.229980 -0.006622
v -0.146362 0.223755 -0.006744
v -0.152710 0.177856 -0.020584
v -0.155273 0.201904 -0.020050
v -0.147217 0.213013 -0.007343
v -0.146729 0.202271 -0.007942
v -0.144287 0.179932 -0.008202
v -0.133057 0.241089 -0.006489
v -0.136108 0.247437 -0.017975
v -0.125854 0.244507 -0.006481
v -0.127441 0.250977 -0.018051
v -0.141602 0.258057 -0.024597
v -0.130493 0.261963 -0.024750
v -0.101562 0.248657 -0.006592
v -0.100464 0.255371 -0.018356
v -0.134033 0.274902 -0.024780
v -0.147949 0.270508 -0.024628
v -0.099915 0.267090 -0.025162
v -0.137085 0.286133 -0.018143
v -0.100464 0.280762 -0.025208
v -0.100708 0.292480 -0.018478
v -0.147217 0.213013 -0.007343
v -0.146729 0.202271 0.007889
v -0.146729 0.202271 -0.007942
v -0.144287 0.179932 0.007996
v -0.155518 0.201782 0.020248
v -0.152832 0.177734 0.020630
v -0.144287 0.179932 -0.008202
v 0.115295 0.130371 0.236938
v 0.165161 0.130371 0.205688
v 0.100098 0.145874 0.205200
v 0.060699 0.130371 0.256104
v 0.143311 0.145874 0.178223
v 0.206787 0.130371 0.164062
v 0.052551 0.145874 0.221802
v 0.097961 0.141235 0.200684
v -0.000036 0.130371 0.262695
v 0.179443 0.145874 0.142212
v 0.140259 0.141235 0.174316
v 0.238281 0.130371 0.114319
v -0.000036 0.145874 0.227661
v 0.051392 0.141235 0.217041
v 0.098633 0.066895 0.202148
v 0.051758 0.066895 0.218506
v -0.057220 0.130371 0.256104
v 0.206543 0.145874 0.099060
v 0.175537 0.141235 0.139038
v 0.141235 0.066895 0.175537
v 0.000037 0.066895 -0.000066
v -0.000036 0.066895 0.224243
v -0.000036 0.141235 0.222656
v -0.049347 0.145874 0.221802
v 0.257812 0.130371 0.058838
v 0.176758 0.066895 0.140015
v 0.202148 0.141235 0.096863
v 0.223511 0.145874 0.050964
v -0.048584 0.066895 0.218506
v -0.048248 0.141235 0.217041
v 0.203491 0.066895 0.097595
v 0.218628 0.141235 0.049835
v -0.095947 0.066895 0.201904
v -0.095276 0.141235 0.200439
v 0.264404 0.130371 -0.000023
v 0.229248 0.145874 -0.000023
v 0.224243 0.141235 -0.000023
v 0.220215 0.066895 0.050201
v -0.138428 0.066895 0.175049
v 0.225830 0.066895 -0.000023
v 0.218872 0.141235 -0.049042
v 0.223633 0.145874 -0.050201
v 0.257812 0.130371 -0.058319
v 0.220337 0.066895 -0.049408
v 0.202393 0.141235 -0.096375
v 0.206909 0.145874 -0.098511
v -0.137451 0.141235 0.173828
v -0.173950 0.066895 0.139526
v 0.203857 0.066895 -0.097046
v 0.238525 0.130371 -0.113708
v 0.179810 0.145874 -0.141724
v 0.175903 0.141235 -0.138550
v 0.207275 0.130371 -0.163574
v 0.165771 0.130371 -0.205200
v 0.143799 0.145874 -0.177856
v 0.140747 0.141235 -0.173950
v 0.177124 0.066895 -0.139526
v -0.172607 0.141235 0.138550
v -0.200562 0.066895 0.096985
v 0.141724 0.066895 -0.175171
v 0.115967 0.130371 -0.236572
v 0.100708 0.145874 -0.204956
v 0.098511 0.141235 -0.200439
v 0.099182 0.066895 -0.201904
v -0.199097 0.141235 0.096313
v -0.215942 0.066895 0.054443
v 0.060455 0.130371 -0.256104
v 0.052612 0.145874 -0.221924
v 0.051483 0.141235 -0.217041
v 0.051849 0.066895 -0.218628
v -0.000036 0.130371 -0.262695
v -0.000036 0.145874 -0.227661
v -0.000036 0.141235 -0.222656
v -0.061005 0.130371 -0.255127
v -0.052856 0.145874 -0.221069
v -0.051697 0.141235 -0.216187
v -0.000036 0.066895 -0.224243
v -0.052063 0.066895 -0.217773
v -0.095398 0.066895 -0.202148
v -0.112061 0.130371 -0.236938
v -0.096863 0.145874 -0.205322
v -0.094727 0.141235 -0.200806
v -0.136963 0.141235 -0.174316
v -0.137939 0.066895 -0.175537
v -0.140015 0.145874 -0.178223
v -0.161865 0.130371 -0.205688
v -0.176147 0.145874 -0.142212
v -0.172241 0.141235 -0.139160
v -0.173462 0.066895 -0.140137
v -0.203613 0.130371 -0.164185
v -0.234985 0.130371 -0.114380
v -0.203369 0.145874 -0.099060
v -0.198853 0.141235 -0.096924
v -0.254395 0.130371 -0.058868
v -0.220215 0.145874 -0.050995
v -0.215332 0.141235 -0.049866
v -0.200317 0.066895 -0.097595
v -0.216919 0.066895 -0.050232
v -0.261230 0.130371 -0.000023
v -0.226074 0.145874 -0.000023
v -0.221069 0.141235 -0.000023
v -0.222656 0.066895 -0.000023
v -0.214355 0.141235 0.054077
v -0.219238 0.145874 0.055237
v -0.253418 0.130371 0.063354
v -0.203613 0.145874 0.098450
v -0.235352 0.130371 0.113647
v -0.057281 0.118896 0.250488
v 0.002020 0.118896 0.250488
v -0.057281 0.119080 0.250488
v -0.049347 0.119080 0.283447
v -0.027710 0.119080 0.307373
v 0.001868 0.119080 0.316162
v 0.031433 0.119080 0.307373
v 0.053101 0.119080 0.283447
v 0.061005 0.119080 0.250488
v 0.061005 0.130249 0.250488
v 0.002020 0.130493 0.250488
v 0.053101 0.130249 0.283447
v 0.031433 0.130249 0.307373
v 0.001868 0.130249 0.316162
v -0.027710 0.130249 0.307373
v -0.049347 0.130249 0.283447
v -0.057281 0.130249 0.250488
v -0.057281 0.130493 0.250488
v 0.061005 0.119080 0.250488
v 0.061005 0.130249 0.250488
v 0.053101 0.119080 0.283447
v 0.053101 0.130249 0.283447
v 0.031433 0.130249 0.307373
v 0.031433 0.119080 0.307373
v 0.001868 0.130249 0.316162
v 0.001868 0.119080 0.316162
v -0.027710 0.130249 0.307373
v -0.027710 0.119080 0.307373
v -0.049347 0.130249 0.283447
v -0.049347 0.119080 0.283447
v -0.057281 0.130249 0.250488
v -0.057281 0.119080 0.250488
v 0.252686 0.118896 0.059418
v 0.252686 0.118896 0.000126
v 0.252686 0.119080 0.059418
v 0.285400 0.119080 0.051514
v 0.309570 0.119080 0.029846
v 0.318359 0.119080 0.000278
v 0.309570 0.119080 -0.029297
v 0.285400 0.119080 -0.050934
v 0.252686 0.119080 -0.058868
v 0.252686 0.130127 -0.058868
v 0.252686 0.130371 0.000126
v 0.285400 0.130127 -0.050934
v 0.309570 0.130127 -0.029297
v 0.318359 0.130127 0.000278
v 0.309570 0.130127 0.029846
v 0.285400 0.130127 0.051514
v 0.252686 0.130127 0.059418
v 0.252686 0.130371 0.059418
v 0.252686 0.119080 -0.058868
v 0.252686 0.130127 -0.058868
v 0.285400 0.119080 -0.050934
v 0.285400 0.130127 -0.050934
v 0.309570 0.130127 -0.029297
v 0.309570 0.119080 -0.029297
v 0.318359 0.130127 0.000278
v 0.318359 0.119080 0.000278
v 0.309570 0.130127 0.029846
v 0.309570 0.119080 0.029846
v 0.285400 0.130127 0.051514
v 0.285400 0.119080 0.051514
v 0.252686 0.130127 0.059418
v 0.252686 0.119080 0.059418
v 0.060852 0.118896 -0.251709
v 0.001539 0.118896 -0.251709
v 0.060852 0.119080 -0.251709
v 0.052917 0.119080 -0.284668
v 0.031281 0.119080 -0.308594
v 0.001691 0.119080 -0.317383
v -0.027878 0.119080 -0.308594
v -0.049530 0.119080 -0.284668
v -0.057465 0.119080 -0.251709
v -0.057465 0.130127 -0.251709
v 0.001539 0.130371 -0.251709
v -0.049530 0.130127 -0.284668
v -0.027878 0.130127 -0.308594
v 0.001691 0.130127 -0.317383
v 0.031281 0.130127 -0.308594
v 0.052917 0.130127 -0.284668
v 0.060852 0.130127 -0.251709
v 0.060852 0.130371 -0.251709
v -0.057465 0.119080 -0.251709
v -0.057465 0.130127 -0.251709
v -0.049530 0.119080 -0.284668
v -0.049530 0.130127 -0.284668
v -0.027878 0.130127 -0.308594
v -0.027878 0.119080 -0.308594
v 0.001691 0.130127 -0.317383
v 0.001691 0.119080 -0.317383
v 0.031281 0.130127 -0.308594
v 0.031281 0.119080 -0.308594
v 0.052917 0.130127 -0.284668
v 0.052917 0.119080 -0.284668
v 0.060852 0.130127 -0.251709
v 0.060852 0.119080 -0.251709
v -0.055756 0.355713 -0.054199
v -0.073364 0.364990 -0.028778
v -0.055603 0.364990 -0.054169
v -0.073547 0.355713 -0.028778
v -0.079346 0.364990 -0.000023
v -0.079590 0.355713 -0.000023
v -0.071899 0.355713 0.032074
v -0.071716 0.364990 0.031982
v -0.055389 0.364746 0.057922
v -0.055542 0.355469 0.058075
v -0.029968 0.355469 0.074402
v -0.029846 0.364746 0.074219
v -0.000036 0.355713 0.079773
v -0.000036 0.364990 0.079590
v 0.030502 0.355713 0.073120
v 0.030441 0.364990 0.072998
v 0.052002 0.355713 0.055542
v 0.052002 0.364990 0.055389
v 0.071289 0.355713 0.030411
v 0.071228 0.364990 0.030319
v 0.077271 0.355713 -0.000023
v 0.077209 0.365234 -0.000023
v 0.071228 0.364502 -0.030502
v 0.071228 0.355225 -0.030518
v 0.054382 0.355713 -0.054047
v 0.054382 0.364990 -0.053986
v 0.030396 0.364990 -0.069580
v 0.030365 0.355713 -0.069641
v 0.000618 0.364990 -0.076050
v 0.000618 0.355713 -0.076172
v -0.029785 0.355713 -0.071472
v -0.029755 0.364990 -0.071411
v -0.055603 0.364990 -0.054169
v -0.055756 0.355713 -0.054199
v -0.078735 0.167725 -0.076172
v -0.070374 0.197632 -0.068848
v -0.041687 0.167725 -0.100708
v -0.037598 0.197632 -0.090637
v 0.000618 0.167725 -0.108032
v 0.000618 0.197632 -0.096863
v -0.034454 0.202393 -0.082947
v -0.064514 0.202393 -0.062927
v 0.040619 0.167725 -0.098816
v 0.000618 0.202393 -0.088501
v 0.038330 0.197632 -0.088745
v -0.036652 0.206665 -0.088318
v 0.000618 0.206665 -0.094299
v -0.068604 0.206665 -0.067078
v 0.076782 0.167725 -0.076233
v 0.037354 0.206665 -0.086426
v 0.035126 0.202393 -0.081055
v 0.069031 0.197632 -0.068665
v 0.063171 0.202393 -0.062744
v -0.036652 0.341064 -0.088318
v 0.000618 0.340820 -0.094299
v 0.037354 0.340820 -0.086426
v -0.068604 0.341064 -0.067078
v -0.034973 0.349854 -0.084229
v 0.067261 0.206665 -0.066895
v 0.067261 0.340820 -0.066895
v 0.082703 0.201904 -0.035187
v 0.090393 0.197266 -0.038330
v 0.000618 0.349854 -0.089905
v 0.035645 0.349854 -0.082336
v 0.064148 0.349854 -0.063721
v -0.065491 0.349854 -0.063965
v -0.029785 0.355713 -0.071472
v 0.000618 0.355713 -0.076172
v 0.088074 0.206177 -0.037384
v 0.088074 0.340576 -0.037384
v 0.083984 0.349365 -0.035706
v 0.089661 0.202393 -0.000023
v 0.097961 0.197632 -0.000023
v 0.030365 0.355713 -0.069641
v 0.054382 0.355713 -0.054047
v 0.071228 0.355225 -0.030518
v 0.095459 0.206665 -0.000023
v 0.095459 0.341064 -0.000023
v 0.091064 0.349854 -0.000023
v 0.082703 0.202393 0.035156
v -0.204102 0.130371 0.163574
v -0.176514 0.145874 0.141724
v -0.162476 0.130371 0.205200
v -0.140625 0.145874 0.177734
v -0.112732 0.130371 0.236572
v -0.097412 0.145874 0.204956
v 0.077271 0.355713 -0.000023
v 0.088074 0.206665 0.037384
v 0.088074 0.341064 0.037384
v 0.083984 0.349854 0.035706
v 0.071289 0.355713 0.030411
v 0.063965 0.349854 0.066589
v 0.067078 0.341064 0.069763
v 0.062988 0.202393 0.065613
v 0.067078 0.206665 0.069763
v 0.090393 0.197632 0.038361
v 0.052002 0.355713 0.055542
v 0.035706 0.349854 0.085876
v 0.030502 0.355713 0.073120
v 0.037354 0.341064 0.089966
v 0.035156 0.202393 0.084595
v 0.068848 0.197632 0.071533
v 0.037354 0.206665 0.089966
v 0.100891 0.167725 0.042725
v 0.109375 0.167725 -0.000023
v -0.000036 0.349854 0.093506
v -0.000036 0.355713 0.079773
v -0.000036 0.341064 0.097961
v -0.000036 0.202393 0.092102
v 0.038330 0.197632 0.092285
v 0.078613 0.167725 0.080078
v -0.000036 0.206665 0.097961
v -0.035248 0.349609 0.087097
v -0.029968 0.355469 0.074402
v -0.036926 0.340820 0.091187
v -0.034698 0.202148 0.085815
v -0.000036 0.197632 0.100464
v 0.041687 0.167725 0.105347
v -0.036926 0.206421 0.091187
v -0.065308 0.349609 0.067810
v -0.055542 0.355469 0.058075
v -0.068420 0.341064 0.070923
v -0.064270 0.202148 0.066772
v -0.037903 0.197510 0.093506
v -0.068420 0.206543 0.070923
v -0.000036 0.167725 0.114014
v -0.042328 0.167725 0.104431
v -0.070190 0.197510 0.072693
v -0.088745 0.341064 0.038910
v -0.084656 0.349854 0.037262
v -0.088745 0.206665 0.038910
v -0.071899 0.355713 0.032074
v -0.083374 0.202393 0.036713
v -0.091125 0.197632 0.039886
v -0.079102 0.167603 0.080566
v -0.091919 0.202393 -0.000023
v -0.093323 0.349854 -0.000023
v -0.097717 0.341064 -0.000023
v -0.079590 0.355713 -0.000023
v -0.097717 0.206665 -0.000023
v -0.090332 0.341064 -0.035767
v -0.086243 0.349854 -0.034058
v -0.100281 0.197632 -0.000023
v -0.102539 0.167725 0.044525
v -0.090332 0.206665 -0.035767
v -0.084961 0.202393 -0.033508
v -0.092651 0.197632 -0.036743
v -0.068604 0.341064 -0.067078
v -0.073547 0.355713 -0.028778
v -0.065491 0.349854 -0.063965
v -0.068604 0.206665 -0.067078
v -0.112000 0.167725 -0.000023
v -0.103699 0.167725 -0.040863
v -0.064514 0.202393 -0.062927
v -0.070374 0.197632 -0.068848
v -0.078735 0.167725 -0.076172
v -0.055756 0.355713 -0.054199
v 0.101685 0.167236 -0.040466
v -0.055756 0.355713 -0.054199
v -0.034790 0.372070 -0.082642
v -0.064636 0.364502 -0.062622
v -0.064697 0.372070 -0.062683
v -0.034729 0.364502 -0.082520
v 0.000350 0.372070 -0.088318
v -0.055603 0.364990 -0.054169
v 0.000350 0.364502 -0.088196
v -0.029755 0.364990 -0.071411
v 0.035309 0.372070 -0.081299
v 0.035278 0.364502 -0.081177
v 0.000618 0.364990 -0.076050
v 0.063354 0.372070 -0.062988
v 0.030396 0.364990 -0.069580
v 0.063293 0.364502 -0.062866
v 0.054382 0.364990 -0.053986
v 0.082947 0.371582 -0.035309
v 0.082886 0.364014 -0.035248
v 0.071228 0.364502 -0.030502
v 0.089783 0.364746 -0.000023
v 0.089905 0.372070 -0.000023
v 0.077209 0.365234 -0.000023
v 0.082520 0.372070 0.034576
v 0.082397 0.364502 0.034515
v 0.071228 0.364990 0.030319
v 0.062744 0.372070 0.065063
v 0.062683 0.364502 0.065002
v 0.052002 0.364990 0.055389
v 0.034760 0.372070 0.084106
v 0.034698 0.364502 0.083984
v 0.030441 0.364990 0.072998
v -0.000036 0.372070 0.092163
v -0.000036 0.364502 0.092041
v -0.000036 0.364990 0.079590
v -0.034607 0.371826 0.085815
v -0.034576 0.364258 0.085693
v -0.029846 0.364746 0.074219
v -0.064148 0.364258 0.066711
v -0.055389 0.364746 0.057922
v -0.064270 0.371826 0.066772
v -0.083191 0.364502 0.036652
v -0.071716 0.364990 0.031982
v -0.083313 0.372070 0.036713
v -0.079346 0.364990 -0.000023
v -0.091919 0.372070 -0.000023
v -0.091797 0.364502 -0.000023
v -0.084961 0.372070 -0.033691
v -0.084839 0.364502 -0.033630
v -0.073364 0.364990 -0.028778
v -0.064697 0.372070 -0.062683
v -0.064636 0.364502 -0.062622
v -0.055603 0.364990 -0.054169
v -0.064697 0.372070 -0.062683
v -0.069214 0.372070 -0.067200
v -0.034790 0.372070 -0.082642
v -0.084961 0.372070 -0.033691
v -0.090881 0.372070 -0.036133
v -0.091919 0.372070 -0.000023
v -0.037201 0.372070 -0.088562
v -0.069214 0.381592 -0.067200
v -0.037201 0.381592 -0.088562
v -0.098328 0.372070 -0.000023
v -0.090881 0.381592 -0.036133
v 0.000350 0.372070 -0.094666
v 0.000350 0.381592 -0.094666
v 0.000350 0.372070 -0.088318
v -0.030640 0.401123 -0.072449
v -0.056915 0.401123 -0.054901
v -0.074768 0.401123 -0.029449
v -0.089233 0.372070 0.039124
v -0.098328 0.381592 -0.000023
v -0.080933 0.401123 -0.000023
v 0.037781 0.372070 -0.087158
v 0.037781 0.381592 -0.087158
v 0.000350 0.401123 -0.077271
v -0.050140 0.401123 -0.019073
v -0.038849 0.401367 -0.037170
v -0.019928 0.401123 -0.049164
v -0.089233 0.381592 0.039124
v -0.073120 0.401123 0.032562
v -0.054321 0.401123 0.001970
v 0.067932 0.381592 -0.067505
v 0.031082 0.401123 -0.071106
v 0.055603 0.401123 -0.055176
v 0.018127 0.401367 -0.049225
v 0.000389 0.401367 -0.052765
v 0.035645 0.401123 -0.038177
v -0.056366 0.400879 0.058960
v -0.049805 0.401123 0.023972
v 0.071533 0.400635 -0.031143
v 0.048615 0.400879 -0.019989
v -0.037476 0.401123 0.041840
v 0.088928 0.381104 -0.037720
v 0.077637 0.401123 -0.000023
v 0.052246 0.401123 0.001233
v -0.030380 0.400879 0.075684
v -0.019882 0.401123 0.053070
v -0.037079 0.381348 0.091736
v -0.068787 0.381348 0.071289
v -0.000036 0.381592 0.098572
v -0.000036 0.401123 0.081177
v 0.000103 0.401367 0.056580
v -0.037079 0.371826 0.091736
v -0.000036 0.372070 0.098572
v -0.068787 0.371826 0.071289
v 0.037170 0.372070 0.090027
v 0.037170 0.381592 0.090027
v 0.030609 0.401123 0.073914
v 0.019867 0.401123 0.052307
v -0.064270 0.371826 0.066772
v -0.034607 0.371826 0.085815
v -0.000036 0.372070 0.092163
v 0.034760 0.372070 0.084106
v 0.067261 0.372070 0.069580
v 0.067261 0.381592 0.069580
v 0.054993 0.401123 0.057282
v 0.037720 0.401123 0.039734
v -0.083313 0.372070 0.036713
v 0.062744 0.372070 0.065063
v 0.088440 0.372070 0.037018
v 0.088440 0.381592 0.037018
v 0.071045 0.401123 0.030334
v 0.048950 0.401123 0.021103
v 0.082520 0.372070 0.034576
v 0.089905 0.372070 -0.000023
v 0.096313 0.372070 -0.000023
v 0.096313 0.381592 -0.000023
v 0.082947 0.371582 -0.035309
v 0.088928 0.371582 -0.037720
v 0.067932 0.372070 -0.067505
v 0.063354 0.372070 -0.062988
v 0.035309 0.372070 -0.081299
v -0.250488 0.118896 -0.057281
v -0.250488 0.118896 0.002020
v -0.250488 0.119080 -0.057281
v -0.283447 0.119080 -0.049347
v -0.307373 0.119080 -0.027710
v -0.316162 0.119080 0.001868
v -0.307373 0.119080 0.031433
v -0.283447 0.119080 0.053101
v -0.250488 0.119080 0.061005
v -0.250488 0.130127 0.061005
v -0.250488 0.130371 0.002020
v -0.283447 0.130127 0.053101
v -0.307373 0.130127 0.031433
v -0.316162 0.130127 0.001868
v -0.307373 0.130127 -0.027710
v -0.283447 0.130127 -0.049347
v -0.250488 0.130127 -0.057281
v -0.250488 0.130371 -0.057281
v -0.250488 0.119080 0.061005
v -0.250488 0.130127 0.061005
v -0.283447 0.119080 0.053101
v -0.283447 0.130127 0.053101
v -0.307373 0.130127 0.031433
v -0.307373 0.119080 0.031433
v -0.316162 0.130127 0.001868
v -0.316162 0.119080 0.001868
v -0.307373 0.130127 -0.027710
v -0.307373 0.119080 -0.027710
v -0.283447 0.130127 -0.049347
v -0.283447 0.119080 -0.049347
v -0.250488 0.130127 -0.057281
v -0.250488 0.119080 -0.057281
v 0.008995 0.181519 0.136841
v -0.009583 0.169434 0.132080
v -0.008934 0.181641 0.136963
v -0.024429 0.179443 0.145630
v 0.009628 0.169067 0.131836
v 0.024536 0.179443 0.145508
v -0.026184 0.166504 0.141235
v -0.033356 0.175781 0.160767
v 0.026291 0.166382 0.140869
v 0.033539 0.175781 0.160645
v -0.035736 0.162231 0.157227
v -0.033295 0.171509 0.178223
v 0.035919 0.162720 0.156860
v 0.033600 0.171631 0.178101
v -0.035706 0.157104 0.175659
v -0.024307 0.167969 0.193237
v 0.035980 0.157104 0.175659
v 0.024673 0.168213 0.193237
v -0.026047 0.152832 0.192017
v -0.008751 0.166016 0.202026
v 0.026428 0.152100 0.192261
v 0.009171 0.166138 0.202026
v 0.009819 0.150269 0.201782
v -0.009384 0.150269 0.201660
v 0.008995 0.181519 0.136841
v -0.008934 0.181641 0.136963
v 0.007996 0.179932 0.144287
v 0.024536 0.179443 0.145508
v -0.008202 0.179932 0.144287
v -0.024429 0.179443 0.145630
v 0.020630 0.177734 0.152832
v 0.033539 0.175781 0.160645
v -0.020584 0.177856 0.152710
v -0.033356 0.175781 0.160767
v 0.026398 0.174805 0.164795
v 0.033600 0.171631 0.178101
v -0.026215 0.175049 0.164307
v -0.033295 0.171509 0.178223
v 0.026260 0.171997 0.176880
v -0.026077 0.171997 0.176270
v 0.020111 0.169312 0.187866
v 0.024673 0.168213 0.193237
v -0.020035 0.169189 0.187622
v -0.024307 0.167969 0.193237
v 0.007843 0.167480 0.194824
v 0.009171 0.166138 0.202026
v -0.007427 0.167480 0.194824
v -0.008751 0.166016 0.202026
v 0.007996 0.179932 0.144287
v -0.007072 0.169678 0.140747
v 0.007107 0.169556 0.140747
v 0.019257 0.167969 0.147827
v -0.008202 0.179932 0.144287
v 0.020630 0.177734 0.152832
v -0.019287 0.167969 0.147705
v 0.026245 0.165161 0.159668
v -0.020584 0.177856 0.152710
v 0.026398 0.174805 0.164795
v -0.026138 0.165039 0.159790
v 0.026382 0.161865 0.173340
v -0.026215 0.175049 0.164307
v 0.026260 0.171997 0.176880
v -0.026001 0.161865 0.173462
v 0.019547 0.158936 0.185425
v -0.026077 0.171997 0.176270
v 0.020111 0.169312 0.187866
v -0.020035 0.169189 0.187622
v -0.019028 0.158936 0.185303
v 0.007843 0.167480 0.194824
v 0.007317 0.157349 0.192383
v -0.007427 0.167480 0.194824
v -0.006874 0.157349 0.192383
v 0.008995 0.307373 0.100769
v -0.009583 0.309814 0.090149
v -0.008934 0.307373 0.100891
v -0.024429 0.298340 0.100769
v 0.009628 0.309814 0.089172
v 0.024536 0.298584 0.100708
v -0.026184 0.300049 0.089172
v -0.033356 0.282715 0.100708
v 0.026291 0.300293 0.087952
v 0.033539 0.282959 0.100647
v -0.035736 0.283447 0.087952
v -0.033295 0.264893 0.100647
v 0.035919 0.283691 0.087158
v -0.035706 0.264160 0.087158
v 0.035980 0.264404 0.087952
v 0.033600 0.265137 0.100708
v -0.026047 0.247681 0.087952
v -0.024307 0.249390 0.100708
v 0.026428 0.247803 0.089478
v 0.024673 0.249512 0.100830
v -0.009384 0.238037 0.089478
v -0.008751 0.240479 0.100830
v 0.009819 0.238159 0.090088
v 0.009171 0.240479 0.100891
v -0.024429 0.298340 0.100769
v -0.018478 0.292480 0.100342
v -0.008934 0.307373 0.100891
v -0.033356 0.282715 0.100708
v -0.006729 0.299316 0.101563
v -0.025208 0.280762 0.100037
v -0.033295 0.264893 0.100647
v 0.006832 0.299316 0.100891
v 0.008995 0.307373 0.100769
v -0.025162 0.267090 0.099487
v 0.024536 0.298584 0.100708
v 0.018600 0.292480 0.100037
v -0.018356 0.255371 0.100037
v -0.024307 0.249390 0.100708
v 0.033539 0.282959 0.100647
v 0.025406 0.280762 0.099487
v -0.006592 0.248657 0.101135
v -0.008751 0.240479 0.100830
v 0.025436 0.267334 0.100037
v 0.033600 0.265137 0.100708
v 0.009171 0.240479 0.100891
v 0.006969 0.248657 0.101562
v 0.018692 0.255371 0.101135
v 0.024673 0.249512 0.100830
v -0.006729 0.299316 0.101563
v -0.018478 0.292480 0.100342
v -0.003685 0.288086 0.083923
v 0.006832 0.299316 0.100891
v -0.010147 0.284180 0.083923
v -0.025208 0.280762 0.100037
v 0.003822 0.288086 0.083923
v 0.018600 0.292480 0.100037
v -0.013779 0.277588 0.083923
v -0.025162 0.267090 0.099487
v 0.010254 0.284180 0.083923
v 0.025406 0.280762 0.099487
v -0.013710 0.270264 0.083923
v 0.013954 0.277588 0.083923
v -0.010017 0.263672 0.083923
v -0.018356 0.255371 0.100037
v 0.014030 0.270264 0.083923
v 0.025436 0.267334 0.100037
v -0.003582 0.260010 0.083923
v -0.006592 0.248657 0.101135
v 0.010406 0.263672 0.083923
v 0.018692 0.255371 0.101135
v 0.003933 0.259766 0.083923
v 0.006969 0.248657 0.101562
v 0.137817 0.181519 -0.008995
v 0.133057 0.169434 0.009583
v 0.137939 0.181641 0.008934
v 0.146606 0.179443 0.024429
v 0.132812 0.169067 -0.009628
v 0.146484 0.179443 -0.024536
v 0.142212 0.166504 0.026184
v 0.161743 0.175781 0.033356
v 0.141846 0.166992 -0.026291
v 0.161621 0.175781 -0.033539
v 0.158203 0.162231 0.035736
v 0.179199 0.171509 0.033295
v 0.157837 0.162720 -0.035919
v 0.179077 0.171631 -0.033600
v 0.176636 0.157104 0.035706
v 0.194214 0.167969 0.024307
v 0.176636 0.157104 -0.035980
v 0.194214 0.168213 -0.024673
v 0.192993 0.152832 0.026047
v 0.203003 0.166016 0.008751
v 0.193237 0.152588 -0.026428
v 0.203003 0.166138 -0.009171
v 0.202759 0.150269 -0.009819
v 0.202637 0.150269 0.009384
v 0.137817 0.181519 -0.008995
v 0.137939 0.181641 0.008934
v 0.145264 0.179932 -0.007996
v 0.146484 0.179443 -0.024536
v 0.145264 0.179932 0.008202
v 0.146606 0.179443 0.024429
v 0.153809 0.177734 -0.020630
v 0.161621 0.175781 -0.033539
v 0.153687 0.177856 0.020584
v 0.161743 0.175781 0.033356
v 0.165771 0.174805 -0.026398
v 0.179077 0.171631 -0.033600
v 0.165283 0.175049 0.026215
v 0.179199 0.171509 0.033295
v 0.177856 0.171997 -0.026260
v 0.177246 0.171997 0.026077
v 0.188843 0.169312 -0.020111
v 0.194214 0.168213 -0.024673
v 0.188599 0.169189 0.020035
v 0.194214 0.167969 0.024307
v 0.195801 0.167480 -0.007843
v 0.203003 0.166138 -0.009171
v 0.195801 0.167480 0.007427
v 0.203003 0.166016 0.008751
v 0.145264 0.179932 -0.007996
v 0.141724 0.169678 0.007072
v 0.141724 0.169556 -0.007107
v 0.148804 0.167969 -0.019257
v 0.145264 0.179932 0.008202
v 0.153809 0.177734 -0.020630
v 0.148682 0.167969 0.019287
v 0.160645 0.165161 -0.026245
v 0.153687 0.177856 0.020584
v 0.165771 0.174805 -0.026398
v 0.160767 0.165039 0.026138
v 0.174316 0.161865 -0.026382
v 0.165283 0.175049 0.026215
v 0.177856 0.171997 -0.026260
v 0.174438 0.161865 0.026001
v 0.186401 0.158936 -0.019547
v 0.177246 0.171997 0.026077
v 0.188843 0.169312 -0.020111
v 0.188599 0.169189 0.020035
v 0.186279 0.158936 0.019028
v 0.195801 0.167480 -0.007843
v 0.193359 0.157349 -0.007317
v 0.195801 0.167480 0.007427
v 0.193359 0.157349 0.006874
v 0.098572 0.307373 -0.008995
v 0.087891 0.309814 0.009583
v 0.098633 0.307373 0.008934
v 0.098572 0.298340 0.024429
v 0.086975 0.309814 -0.009628
v 0.098450 0.298584 -0.024536
v 0.086975 0.300049 0.026184
v 0.098450 0.282715 0.033356
v 0.085693 0.300293 -0.026291
v 0.098389 0.282959 -0.033539
v 0.085693 0.283447 0.035736
v 0.098389 0.264893 0.033295
v 0.084961 0.283691 -0.035919
v 0.084961 0.264160 0.035706
v 0.085693 0.264404 -0.035980
v 0.098450 0.265137 -0.033600
v 0.085693 0.247681 0.026047
v 0.098450 0.249390 0.024307
v 0.087280 0.247803 -0.026428
v 0.098633 0.249512 -0.024673
v 0.087280 0.238037 0.009384
v 0.098633 0.240479 0.008751
v 0.087891 0.238159 -0.009819
v 0.098633 0.240479 -0.009171
v 0.098572 0.298340 0.024429
v 0.098083 0.292480 0.018478
v 0.098633 0.307373 0.008934
v 0.098450 0.282715 0.033356
v 0.099365 0.299316 0.006729
v 0.097778 0.280762 0.025208
v 0.098389 0.264893 0.033295
v 0.098694 0.299316 -0.006832
v 0.098572 0.307373 -0.008995
v 0.097229 0.267090 0.025162
v 0.098450 0.298584 -0.024536
v 0.097778 0.292480 -0.018600
v 0.097778 0.255371 0.018356
v 0.098450 0.249390 0.024307
v 0.098389 0.282959 -0.033539
v 0.097229 0.280762 -0.025406
v 0.098938 0.248657 0.006592
v 0.098633 0.240479 0.008751
v 0.097778 0.267334 -0.025436
v 0.098450 0.265137 -0.033600
v 0.098633 0.240479 -0.009171
v 0.099304 0.248657 -0.006969
v 0.098938 0.255371 -0.018692
v 0.098633 0.249512 -0.024673
v 0.099365 0.299316 0.006729
v 0.098083 0.292480 0.018478
v 0.081665 0.288086 0.003685
v 0.098694 0.299316 -0.006832
v 0.081665 0.284180 0.010147
v 0.097778 0.280762 0.025208
v 0.081665 0.288086 -0.003822
v 0.097778 0.292480 -0.018600
v 0.081665 0.277588 0.013779
v 0.097229 0.267090 0.025162
v 0.081665 0.284180 -0.010254
v 0.097229 0.280762 -0.025406
v 0.081665 0.270264 0.013710
v 0.081665 0.277588 -0.013954
v 0.081665 0.263672 0.010017
v 0.097778 0.255371 0.018356
v 0.081665 0.270264 -0.014030
v 0.097778 0.267334 -0.025436
v 0.081665 0.260010 0.003582
v 0.098938 0.248657 0.006592
v 0.081665 0.263672 -0.010406
v 0.098938 0.255371 -0.018692
v 0.081665 0.259766 -0.003933
v 0.099304 0.248657 -0.006969
v -0.008995 0.181519 -0.136841
v 0.009583 0.169434 -0.132080
v 0.008934 0.181641 -0.136963
v 0.024429 0.179443 -0.145630
v -0.009628 0.169067 -0.131836
v -0.024536 0.179443 -0.145508
v 0.026184 0.166504 -0.141357
v 0.033356 0.175781 -0.160767
v -0.026291 0.166504 -0.140869
v -0.033539 0.175781 -0.160645
v 0.035736 0.162231 -0.157227
v 0.033295 0.171509 -0.178223
v -0.035919 0.162720 -0.156860
v -0.033600 0.171631 -0.178101
v 0.035706 0.157105 -0.175659
v 0.024307 0.167969 -0.193359
v -0.035980 0.157105 -0.175659
v -0.024673 0.168213 -0.193237
v 0.026047 0.152832 -0.192017
v 0.008751 0.166016 -0.202026
v -0.026428 0.152344 -0.192261
v -0.009171 0.166138 -0.202026
v -0.009819 0.150269 -0.201782
v 0.009384 0.150269 -0.201660
v -0.008995 0.181519 -0.136841
v 0.008934 0.181641 -0.136963
v -0.007996 0.179932 -0.144287
v -0.024536 0.179443 -0.145508
v 0.008202 0.179932 -0.144287
v 0.024429 0.179443 -0.145630
v -0.020630 0.177734 -0.152832
v -0.033539 0.175781 -0.160645
v 0.020584 0.177856 -0.152710
v 0.033356 0.175781 -0.160767
v -0.026398 0.174805 -0.164795
v -0.033600 0.171631 -0.178101
v 0.026215 0.175049 -0.164307
v 0.033295 0.171509 -0.178223
v -0.026260 0.171997 -0.176880
v 0.026077 0.171997 -0.176270
v -0.020111 0.169312 -0.187866
v -0.024673 0.168213 -0.193237
v 0.020035 0.169189 -0.187622
v 0.024307 0.167969 -0.193359
v -0.007843 0.167480 -0.194824
v -0.009171 0.166138 -0.202026
v 0.007427 0.167480 -0.194824
v 0.008751 0.166016 -0.202026
v -0.007996 0.179932 -0.144287
v 0.007072 0.169678 -0.140747
v -0.007107 0.169556 -0.140869
v -0.019257 0.167969 -0.147827
v 0.008202 0.179932 -0.144287
v -0.020630 0.177734 -0.152832
v 0.019287 0.167969 -0.147705
v -0.026245 0.165161 -0.159668
v 0.020584 0.177856 -0.152710
v -0.026398 0.174805 -0.164795
v 0.026138 0.165039 -0.159790
v -0.026382 0.161865 -0.173340
v 0.026215 0.175049 -0.164307
v -0.026260 0.171997 -0.176880
v 0.026001 0.161865 -0.173462
v -0.019547 0.158936 -0.185425
v 0.026077 0.171997 -0.176270
v -0.020111 0.169312 -0.187866
v 0.020035 0.169189 -0.187622
v 0.019028 0.158936 -0.185303
v -0.007843 0.167480 -0.194824
v -0.007317 0.157349 -0.192383
v 0.007427 0.167480 -0.194824
v 0.006874 0.157349 -0.192383
v -0.008995 0.307373 -0.097473
v 0.009583 0.309814 -0.086792
v 0.008934 0.307373 -0.097534
v 0.024429 0.298340 -0.097473
v -0.009628 0.309814 -0.085876
v -0.024536 0.298584 -0.097351
v 0.026184 0.300049 -0.085876
v 0.033356 0.282715 -0.097351
v -0.026291 0.300293 -0.084595
v -0.033539 0.282959 -0.097290
v 0.035736 0.283447 -0.084595
v 0.033295 0.264893 -0.097290
v -0.035919 0.283691 -0.083801
v 0.035706 0.264160 -0.083801
v -0.035980 0.264404 -0.084595
v -0.033600 0.265137 -0.097351
v 0.026047 0.247681 -0.084595
v 0.024307 0.249390 -0.097351
v -0.026428 0.247803 -0.086182
v -0.024673 0.249512 -0.097473
v 0.009384 0.238037 -0.086182
v 0.008751 0.240479 -0.097473
v -0.009819 0.238159 -0.086792
v -0.009171 0.240479 -0.097534
v 0.024429 0.298340 -0.097473
v 0.018478 0.292480 -0.096985
v 0.008934 0.307373 -0.097534
v 0.033356 0.282715 -0.097351
v 0.006729 0.299316 -0.098267
v 0.025208 0.280762 -0.096680
v 0.033295 0.264893 -0.097290
v -0.006832 0.299316 -0.097595
v -0.008995 0.307373 -0.097473
v 0.025162 0.267090 -0.096130
v -0.024536 0.298584 -0.097351
v -0.018600 0.292480 -0.096680
v 0.018356 0.255371 -0.096680
v 0.024307 0.249390 -0.097351
v -0.033539 0.282959 -0.097290
v -0.025406 0.280762 -0.096130
v 0.006592 0.248657 -0.097778
v 0.008751 0.240479 -0.097473
v -0.025436 0.267334 -0.096680
v -0.033600 0.265137 -0.097351
v -0.009171 0.240479 -0.097534
v -0.006969 0.248657 -0.098206
v -0.018692 0.255371 -0.097778
v -0.024673 0.249512 -0.097473
v 0.006729 0.299316 -0.098267
v 0.018478 0.292480 -0.096985
v 0.003685 0.288086 -0.080566
v -0.006832 0.299316 -0.097595
v 0.010147 0.284180 -0.080566
v 0.025208 0.280762 -0.096680
v -0.003822 0.288086 -0.080566
v -0.018600 0.292480 -0.096680
v 0.013779 0.277588 -0.080566
v 0.025162 0.267090 -0.096130
v -0.010254 0.284180 -0.080566
v -0.025406 0.280762 -0.096130
v 0.013710 0.270264 -0.080566
v -0.013954 0.277588 -0.080566
v 0.010017 0.263672 -0.080566
v 0.018356 0.255371 -0.096680
v -0.014030 0.270264 -0.080566
v -0.025436 0.267334 -0.096680
v 0.003582 0.260010 -0.080566
v 0.006592 0.248657 -0.097778
v -0.010406 0.263672 -0.080566
v -0.018692 0.255371 -0.097778
v -0.003933 0.259766 -0.080566
v -0.006969 0.248657 -0.098206
v -0.136841 0.181519 0.008995
v -0.132080 0.169434 -0.009583
v -0.136963 0.181641 -0.008934
v -0.145630 0.179443 -0.024429
v -0.131836 0.169067 0.009628
v -0.145508 0.179443 0.024536
v -0.141357 0.166504 -0.026184
v -0.160767 0.175781 -0.033356
v -0.140869 0.166382 0.026291
v -0.160645 0.175781 0.033539
v -0.157227 0.162231 -0.035736
v -0.178223 0.171509 -0.033295
v -0.156860 0.162720 0.035919
v -0.178101 0.171631 0.033600
v -0.175659 0.157104 -0.035706
v -0.193359 0.167969 -0.024307
v -0.175659 0.157104 0.035980
v -0.193237 0.168213 0.024673
v -0.192017 0.152832 -0.026047
v -0.202026 0.166016 -0.008751
v -0.192261 0.152100 0.026428
v -0.202026 0.166138 0.009171
v -0.201782 0.150269 0.009819
v -0.201660 0.150269 -0.009384
v -0.136841 0.181519 0.008995
v -0.136963 0.181641 -0.008934
v -0.144287 0.179932 0.007996
v -0.145508 0.179443 0.024536
v -0.144287 0.179932 -0.008202
v -0.145630 0.179443 -0.024429
v -0.152832 0.177734 0.020630
v -0.160645 0.175781 0.033539
v -0.152710 0.177856 -0.020584
v -0.160767 0.175781 -0.033356
v -0.164795 0.174805 0.026398
v -0.178101 0.171631 0.033600
v -0.164307 0.175049 -0.026215
v -0.178223 0.171509 -0.033295
v -0.176880 0.171997 0.026260
v -0.176270 0.171997 -0.026077
v -0.187866 0.169312 0.020111
v -0.193237 0.168213 0.024673
v -0.187622 0.169189 -0.020035
v -0.193359 0.167969 -0.024307
v -0.194824 0.167480 0.007843
v -0.202026 0.166138 0.009171
v -0.194824 0.167480 -0.007427
v -0.202026 0.166016 -0.008751
v -0.144287 0.179932 0.007996
v -0.140747 0.169678 -0.007072
v -0.140869 0.169556 0.007107
v -0.147827 0.167969 0.019257
v -0.144287 0.179932 -0.008202
v -0.152832 0.177734 0.020630
v -0.147705 0.167969 -0.019287
v -0.159668 0.165161 0.026245
v -0.152710 0.177856 -0.020584
v -0.164795 0.174805 0.026398
v -0.159790 0.165039 -0.026138
v -0.173340 0.161865 0.026382
v -0.164307 0.175049 -0.026215
v -0.176880 0.171997 0.026260
v -0.173462 0.161865 -0.026001
v -0.185425 0.158936 0.019547
v -0.176270 0.171997 -0.026077
v -0.187866 0.169312 0.020111
v -0.187622 0.169189 -0.020035
v -0.185303 0.158936 -0.019028
v -0.194824 0.167480 0.007843
v -0.192383 0.157349 0.007317
v -0.194824 0.167480 -0.007427
v -0.192383 0.157349 -0.006874
v -0.101196 0.307373 0.008995
v -0.090515 0.309814 -0.009583
v -0.101318 0.307373 -0.008934
v -0.101196 0.298340 -0.024429
v -0.089600 0.309814 0.009628
v -0.101135 0.298584 0.024536
v -0.089600 0.300049 -0.026184
v -0.101135 0.282715 -0.033356
v -0.088318 0.300293 0.026291
v -0.101013 0.282959 0.033539
v -0.088318 0.283447 -0.035736
v -0.101013 0.264893 -0.033295
v -0.087585 0.283691 0.035919
v -0.087585 0.264160 -0.035706
v -0.088318 0.264404 0.035980
v -0.101135 0.265137 0.033600
v -0.088318 0.247681 -0.026047
v -0.101135 0.249390 -0.024307
v -0.089905 0.247803 0.026428
v -0.101257 0.249512 0.024673
v -0.089905 0.238037 -0.009384
v -0.101257 0.240479 -0.008751
v -0.090515 0.238159 0.009819
v -0.101257 0.240479 0.009171
v -0.101196 0.298340 -0.024429
v -0.100708 0.292480 -0.018478
v -0.101318 0.307373 -0.008934
v -0.101135 0.282715 -0.033356
v -0.101990 0.299316 -0.006729
v -0.100464 0.280762 -0.025208
v -0.101013 0.264893 -0.033295
v -0.101318 0.299316 0.006832
v -0.101196 0.307373 0.008995
v -0.099915 0.267090 -0.025162
v -0.101135 0.298584 0.024536
v -0.100464 0.292480 0.018600
v -0.100464 0.255371 -0.018356
v -0.101135 0.249390 -0.024307
v -0.101013 0.282959 0.033539
v -0.099915 0.280762 0.025406
v -0.101562 0.248657 -0.006592
v -0.101257 0.240479 -0.008751
v -0.100464 0.267334 0.025436
v -0.101135 0.265137 0.033600
v -0.101257 0.240479 0.009171
v -0.101990 0.248657 0.006969
v -0.101562 0.255371 0.018692
v -0.101257 0.249512 0.024673
v -0.101990 0.299316 -0.006729
v -0.100708 0.292480 -0.018478
v -0.084351 0.288086 -0.003685
v -0.101318 0.299316 0.006832
v -0.084351 0.284180 -0.010147
v -0.100464 0.280762 -0.025208
v -0.084351 0.288086 0.003822
v -0.100464 0.292480 0.018600
v -0.084351 0.277588 -0.013779
v -0.099915 0.267090 -0.025162
v -0.084351 0.284180 0.010254
v -0.099915 0.280762 0.025406
v -0.084351 0.270264 -0.013710
v -0.084351 0.277588 0.013954
v -0.084351 0.263672 -0.010017
v -0.100464 0.255371 -0.018356
v -0.084351 0.270264 0.014030
v -0.100464 0.267334 0.025436
v -0.084351 0.260010 -0.003582
v -0.101562 0.248657 -0.006592
v -0.084351 0.263672 0.010406
v -0.101562 0.255371 0.018692
v -0.084351 0.259766 0.003933
v -0.101990 0.248657 0.006969
v -0.006592 0.248657 0.101135
v 0.006969 0.248657 0.101562
v -0.006481 0.244507 0.125855
v 0.006855 0.244507 0.125855
v 0.018387 0.250977 0.127563
v 0.018692 0.255371 0.101135
v 0.018295 0.247437 0.136230
v 0.006805 0.241211 0.133057
v 0.025024 0.262207 0.130493
v -0.006489 0.241089 0.133057
v 0.025436 0.267334 0.100037
v 0.024979 0.275146 0.134033
v 0.024872 0.258301 0.141724
v 0.024734 0.250488 0.152954
v 0.018204 0.240601 0.145020
v 0.006756 0.234863 0.140259
v -0.006500 0.234863 0.140259
v 0.025406 0.280762 0.099487
v 0.018280 0.286133 0.137085
v 0.024826 0.270752 0.148071
v 0.024673 0.261719 0.162109
v 0.024933 0.250244 0.171631
v 0.025009 0.241821 0.160034
v 0.018417 0.234253 0.149902
v 0.018204 0.281494 0.153564
v 0.018600 0.292480 0.100037
v -0.050385 0.348633 -0.048492
v -0.026230 0.348633 -0.064148
v -0.065002 0.348633 -0.026688
v -0.070618 0.348633 0.000989
v -0.065613 0.348633 0.029480
v -0.048920 0.348633 0.053467
v -0.025940 0.348633 0.068298
v 0.000462 0.348633 0.072998
v 0.026642 0.348633 0.067200
v 0.049591 0.348633 0.050934
v 0.064087 0.348633 0.027542
v 0.068726 0.348633 0.000990
v 0.063110 0.348389 -0.026123
v 0.046997 0.348633 -0.049927
v 0.024673 0.348633 -0.064087
v -0.000378 0.348633 -0.069275
v -0.026230 0.348633 -0.064148
v -0.096802 0.139404 0.203613
v -0.092590 0.144165 0.194580
v -0.139648 0.139404 0.176636
v -0.049042 0.139404 0.220459
v -0.134399 0.144165 0.168335
v -0.175415 0.139404 0.140747
v -0.046478 0.144165 0.210693
v -0.086060 0.150269 0.181030
v -0.124939 0.150269 0.156738
v -0.000062 0.139404 0.226196
v -0.168335 0.144165 0.134033
v -0.156616 0.150269 0.124695
v -0.202393 0.139404 0.097839
v -0.110962 0.157471 0.139404
v -0.139038 0.157471 0.110901
v -0.043152 0.150269 0.196045
v -0.076355 0.157471 0.161133
v -0.000054 0.144165 0.217407
v 0.000053 0.150269 0.202393
v 0.052216 0.139404 0.220459
v -0.193604 0.144165 0.093323
v -0.180176 0.150269 0.086853
v -0.160034 0.157471 0.077271
v 0.050751 0.144165 0.211182
v -0.217773 0.139404 0.054932
v -0.124207 0.162109 0.100830
v -0.143555 0.162109 0.069031
v 0.000212 0.157471 0.180054
v -0.038208 0.157471 0.174438
v 0.047333 0.150269 0.196533
v 0.093811 0.144165 0.195801
v 0.099487 0.139404 0.203979
v -0.208740 0.144165 0.052612
v -0.194214 0.150269 0.048981
v -0.172485 0.157471 0.043610
v -0.153809 0.162109 0.041473
v -0.128174 0.166382 0.061584
v -0.135376 0.166382 0.042358
v 0.000339 0.162109 0.162109
v 0.042267 0.157471 0.174805
v 0.087402 0.150269 0.182251
v 0.136353 0.144165 0.169067
v 0.142456 0.139404 0.177002
v -0.200684 0.150269 -0.000010
v -0.178345 0.157471 0.000016
v -0.160522 0.162109 0.000036
v -0.143433 0.166382 0.000056
v -0.099304 0.174927 0.043213
v -0.106445 0.175537 0.000187
v 0.040314 0.162109 0.156738
v 0.077881 0.157471 0.162109
v 0.126953 0.150269 0.157349
v 0.178345 0.139404 0.141235
v 0.169922 0.144165 0.134644
v -0.173462 0.157471 -0.040283
v -0.195190 0.150269 -0.045319
v -0.155640 0.162109 -0.039001
v -0.137329 0.166382 -0.041077
v -0.100464 0.174927 -0.039459
v 0.068604 0.162109 0.146729
v 0.113098 0.157471 0.140015
v 0.158203 0.150269 0.125366
v 0.196289 0.144165 0.094055
v 0.182739 0.150269 0.087585
v 0.205322 0.139404 0.098450
v -0.160034 0.157471 -0.077087
v -0.180054 0.150269 -0.086731
v -0.144531 0.162109 -0.069458
v -0.130859 0.166382 -0.059021
v 0.103210 0.162109 0.124939
v 0.140869 0.157471 0.111511
v 0.162720 0.157471 0.077881
v -0.138062 0.157471 -0.112000
v 0.212402 0.144165 0.048523
v 0.197754 0.150269 0.045166
v 0.176025 0.157471 0.040192
v -0.123718 0.162109 -0.100281
v 0.222168 0.139404 0.050629
v 0.125854 0.162109 0.101685
v 0.146606 0.162109 0.069946
v 0.157593 0.162109 0.038971
v 0.203735 0.150269 -0.000233
v 0.181274 0.157471 -0.000182
v 0.163452 0.162109 -0.000142
v 0.227905 0.139404 -0.000030
v 0.218750 0.144165 -0.000267
v 0.139160 0.166382 0.041321
v 0.131958 0.166382 0.061707
v 0.146484 0.166382 -0.000103
v 0.212769 0.144165 -0.047333
v -0.282471 0.005341 -0.049438
v -0.249634 0.113342 -0.057343
v -0.249634 0.005341 -0.057343
v -0.282471 0.113342 -0.049438
v -0.306396 0.005341 -0.027786
v -0.251221 0.119263 -0.051605
v -0.280762 0.119263 -0.044434
v -0.306396 0.113342 -0.027786
v -0.315186 0.005341 0.001795
v -0.302490 0.119263 -0.024902
v -0.315186 0.113342 0.001795
v -0.306396 0.005341 0.031372
v -0.310547 0.119263 0.001795
v -0.302490 0.119263 0.028488
v -0.306396 0.113342 0.031372
v -0.282471 0.005341 0.053009
v -0.280762 0.119263 0.048035
v -0.282471 0.113342 0.053009
v -0.249634 0.005341 0.060944
v -0.251221 0.119263 0.055176
v -0.249634 0.113342 0.060944
v -0.282471 0.005341 -0.049438
v -0.249634 0.005341 -0.057343
v -0.249634 0.005341 0.001795
v -0.306396 0.005341 -0.027786
v -0.315186 0.005341 0.001795
v -0.306396 0.005341 0.031372
v -0.282471 0.005341 0.053009
v -0.249634 0.005341 0.060944
v -0.049347 0.005341 0.283447
v -0.057281 0.113342 0.250488
v -0.057281 0.005341 0.250488
v -0.049347 0.113342 0.283447
v -0.027710 0.005341 0.307373
v -0.051514 0.119263 0.252197
v -0.044373 0.119263 0.281738
v -0.027710 0.113342 0.307373
v 0.001868 0.005341 0.316162
v -0.024826 0.119263 0.303467
v 0.001868 0.113342 0.316162
v 0.031433 0.005341 0.307373
v 0.001868 0.119263 0.311523
v 0.028564 0.119263 0.303467
v 0.031433 0.113342 0.307373
v 0.053101 0.005341 0.283447
v 0.048096 0.119263 0.281738
v 0.053101 0.113342 0.283447
v 0.061005 0.005341 0.250488
v 0.055267 0.119263 0.252197
v 0.061005 0.113342 0.250488
v -0.049347 0.005341 0.283447
v -0.057281 0.005341 0.250488
v 0.001868 0.005341 0.250488
v -0.027710 0.005341 0.307373
v 0.001868 0.005341 0.316162
v 0.031433 0.005341 0.307373
v 0.053101 0.005341 0.283447
v 0.061005 0.005341 0.250488
v 0.285400 0.005341 0.051514
v 0.252686 0.113342 0.059418
v 0.252686 0.005341 0.059418
v 0.285400 0.113342 0.051514
v 0.309570 0.005341 0.029846
v 0.254150 0.119263 0.053680
v 0.283936 0.119263 0.046509
v 0.309570 0.113342 0.029846
v 0.318359 0.005341 0.000278
v 0.305664 0.119263 0.026978
v 0.318359 0.113342 0.000278
v 0.309570 0.005341 -0.029297
v 0.313477 0.119263 0.000278
v 0.305664 0.119263 -0.026413
v 0.309570 0.113342 -0.029297
v 0.285400 0.005341 -0.050934
v 0.283936 0.119263 -0.045959
v 0.285400 0.113342 -0.050934
v 0.252686 0.005341 -0.058868
v 0.254150 0.119263 -0.053101
v 0.252686 0.113342 -0.058868
v 0.285400 0.005341 0.051514
v 0.252686 0.005341 0.059418
v 0.252686 0.005341 0.000278
v 0.309570 0.005341 0.029846
v 0.318359 0.005341 0.000278
v 0.309570 0.005341 -0.029297
v 0.285400 0.005341 -0.050934
v 0.252686 0.005341 -0.058868
v 0.052917 0.005341 -0.284668
v 0.060852 0.113342 -0.251709
v 0.060852 0.005341 -0.251709
v 0.052917 0.113342 -0.284668
v 0.031281 0.005341 -0.308594
v 0.055084 0.119263 -0.253174
v 0.047943 0.119263 -0.282959
v 0.031281 0.113342 -0.308594
v 0.001691 0.005341 -0.317383
v 0.028381 0.119263 -0.304688
v 0.001691 0.113342 -0.317383
v -0.027878 0.005341 -0.308594
v 0.001691 0.119263 -0.312500
v -0.025009 0.119263 -0.304688
v -0.027878 0.113342 -0.308594
v -0.049530 0.005341 -0.284668
v -0.044556 0.119263 -0.282959
v -0.049530 0.113342 -0.284668
v -0.057465 0.005341 -0.251709
v -0.051697 0.119263 -0.253174
v -0.057465 0.113342 -0.251709
v 0.052917 0.005341 -0.284668
v 0.060852 0.005341 -0.251709
v 0.001691 0.005341 -0.251709
v 0.031281 0.005341 -0.308594
v 0.001691 0.005341 -0.317383
v -0.027878 0.005341 -0.308594
v -0.049530 0.005341 -0.284668
v -0.057465 0.005341 -0.251709
v 0.198120 0.150269 -0.044037
v 0.176392 0.157471 -0.039154
v 0.158447 0.162109 -0.037842
v 0.222290 0.139404 -0.049835
v 0.196533 0.144165 -0.093262
v 0.182983 0.150269 -0.086792
v 0.105896 0.174927 0.000072
v 0.097717 0.174927 0.041473
v 0.140381 0.166382 -0.040283
v 0.162964 0.157471 -0.077148
v 0.147461 0.162109 -0.068665
v 0.205566 0.139404 -0.097900
v 0.178711 0.139404 -0.140869
v 0.170166 0.144165 -0.135010
v 0.158569 0.150269 -0.125610
v 0.141113 0.157471 -0.111694
v 0.098450 0.174438 -0.039581
v 0.133667 0.166382 -0.059418
v 0.126587 0.162109 -0.101318
v 0.110413 0.166382 -0.093689
v 0.142944 0.139404 -0.176758
v 0.137085 0.144165 -0.168579
v 0.127686 0.150269 -0.156860
v 0.113770 0.157471 -0.139526
v 0.103333 0.162109 -0.124878
v 0.095581 0.166382 -0.108704
v 0.074341 0.174927 -0.073730
v 0.095459 0.144165 -0.194336
v 0.088928 0.150269 -0.180786
v 0.079224 0.157471 -0.160767
v 0.100098 0.139404 -0.203735
v 0.070190 0.162109 -0.145264
v 0.061035 0.166382 -0.131226
v 0.039764 0.174927 -0.095459
v 0.050110 0.144165 -0.210815
v 0.046722 0.150269 -0.196167
v 0.041718 0.157471 -0.174438
v 0.039062 0.162109 -0.156616
v 0.039764 0.166382 -0.138916
v 0.052277 0.139404 -0.220459
v 0.000591 0.174927 -0.104553
v 0.000902 0.166382 -0.144653
v 0.000833 0.162109 -0.161743
v 0.000760 0.157471 -0.179565
v 0.000669 0.150269 -0.201904
v 0.000603 0.139404 -0.225342
v 0.000608 0.144165 -0.216919
v -0.039917 0.162109 -0.155640
v -0.041748 0.166382 -0.137695
v -0.041473 0.157471 -0.174072
v -0.046814 0.150269 -0.195801
v -0.050415 0.144165 -0.210449
v -0.040405 0.174927 -0.097412
v -0.052551 0.139404 -0.219727
v -0.075989 0.157471 -0.161499
v -0.068909 0.162109 -0.144897
v -0.061523 0.166382 -0.130493
v -0.085632 0.150269 -0.181519
v -0.092102 0.144165 -0.195068
v -0.096252 0.139404 -0.203979
v -0.109802 0.157471 -0.139771
v -0.123657 0.150269 -0.157104
v -0.099792 0.162109 -0.123718
v -0.093567 0.166382 -0.106995
v -0.132935 0.144165 -0.168945
v -0.076294 0.174927 -0.073669
v -0.139160 0.139404 -0.177124
v -0.155518 0.150269 -0.125977
v -0.108521 0.166382 -0.092285
v -0.167114 0.144165 -0.135376
v -0.175049 0.139404 -0.141357
v -0.193604 0.144165 -0.093201
v -0.202026 0.139404 -0.098450
v -0.218872 0.139404 -0.050690
v -0.209839 0.144165 -0.048706
v -0.215820 0.144165 -0.000028
v -0.224609 0.139404 -0.000030
v 0.109924 0.166382 0.094788
v 0.095337 0.166382 0.109680
v 0.076111 0.174927 0.077637
v 0.058228 0.166382 0.133057
v 0.040344 0.174927 0.101440
v 0.042664 0.166382 0.138550
v -0.000043 0.174927 0.109802
v 0.000460 0.166382 0.145142
v -0.037109 0.162109 0.156616
v -0.040405 0.166382 0.138428
v -0.041016 0.174927 0.100464
v -0.068237 0.162109 0.145630
v -0.058624 0.166382 0.132080
v -0.100708 0.162109 0.124634
v -0.093628 0.166382 0.107849
v -0.076599 0.174805 0.078125
v -0.107361 0.166382 0.093994
v -0.282471 0.104919 -0.040955
v -0.255127 0.108521 0.001795
v -0.255127 0.104919 -0.047577
v -0.302490 0.104919 -0.022888
v -0.309814 0.104919 0.001795
v -0.302490 0.104919 0.026489
v -0.282471 0.104919 0.044556
v -0.255127 0.104919 0.051178
v -0.282471 0.014755 -0.040955
v -0.255127 0.104919 -0.047577
v -0.255127 0.014755 -0.047577
v -0.282471 0.104919 -0.040955
v -0.302490 0.014755 -0.022888
v -0.302490 0.104919 -0.022888
v -0.309814 0.014755 0.001795
v -0.309814 0.104919 0.001795
v -0.302490 0.014755 0.026489
v -0.302490 0.104919 0.026489
v -0.282471 0.014755 0.044556
v -0.282471 0.104919 0.044556
v -0.255127 0.014755 0.051178
v -0.255127 0.104919 0.051178
v -0.282471 0.014755 -0.040955
v -0.255127 0.014755 -0.047577
v -0.255127 0.014755 0.001795
v -0.302490 0.014755 -0.022888
v -0.309814 0.014755 0.001795
v -0.302490 0.014755 0.026489
v -0.282471 0.014755 0.044556
v -0.255127 0.014755 0.051178
v -0.040894 0.104919 0.283447
v 0.001868 0.108521 0.255859
v -0.047516 0.104919 0.255859
v -0.022827 0.104919 0.303467
v 0.001868 0.104919 0.310791
v 0.026550 0.104919 0.303467
v 0.044617 0.104919 0.283447
v 0.051239 0.104919 0.255859
v -0.040894 0.014755 0.283447
v -0.047516 0.104919 0.255859
v -0.047516 0.014755 0.255859
v -0.040894 0.104919 0.283447
v -0.022827 0.014755 0.303467
v -0.022827 0.104919 0.303467
v 0.001868 0.014755 0.310791
v 0.001868 0.104919 0.310791
v 0.026550 0.014755 0.303467
v 0.026550 0.104919 0.303467
v 0.044617 0.014755 0.283447
v 0.044617 0.104919 0.283447
v 0.051239 0.014755 0.255859
v 0.051239 0.104919 0.255859
v -0.040894 0.014755 0.283447
v -0.047516 0.014755 0.255859
v 0.001868 0.014755 0.255859
v -0.022827 0.014755 0.303467
v 0.001868 0.014755 0.310791
v 0.026550 0.014755 0.303467
v 0.044617 0.014755 0.283447
v 0.051239 0.014755 0.255859
v 0.285400 0.104919 0.043030
v 0.258057 0.108521 0.000278
v 0.258057 0.104919 0.049652
v 0.305664 0.104919 0.024963
v 0.312988 0.104919 0.000278
v 0.305664 0.104919 -0.024414
v 0.285400 0.104919 -0.042480
v 0.258057 0.104919 -0.049103
v 0.285400 0.014755 0.043030
v 0.258057 0.104919 0.049652
v 0.258057 0.014755 0.049652
v 0.285400 0.104919 0.043030
v 0.305664 0.014755 0.024963
v 0.305664 0.104919 0.024963
v 0.312988 0.014755 0.000278
v 0.312988 0.104919 0.000278
v 0.305664 0.014755 -0.024414
v 0.305664 0.104919 -0.024414
v 0.285400 0.014755 -0.042480
v 0.285400 0.104919 -0.042480
v 0.258057 0.014755 -0.049103
v 0.258057 0.104919 -0.049103
v 0.285400 0.014755 0.043030
v 0.258057 0.014755 0.049652
v 0.258057 0.014755 0.000278
v 0.305664 0.014755 0.024963
v 0.312988 0.014755 0.000278
v 0.305664 0.014755 -0.024414
v 0.285400 0.014755 -0.042480
v 0.258057 0.014755 -0.049103
v 0.044464 0.104919 -0.284668
v 0.001691 0.108521 -0.257080
v 0.051056 0.104919 -0.257080
v 0.026382 0.104919 -0.304688
v 0.001691 0.104919 -0.312012
v -0.022995 0.104919 -0.304688
v -0.041077 0.104919 -0.284668
v -0.047699 0.104919 -0.257080
v 0.044464 0.014755 -0.284668
v 0.051056 0.104919 -0.257080
v 0.051056 0.014755 -0.257080
v 0.044464 0.104919 -0.284668
v 0.026382 0.014755 -0.304688
v 0.026382 0.104919 -0.304688
v 0.001691 0.014755 -0.312012
v 0.001691 0.104919 -0.312012
v -0.022995 0.014755 -0.304688
v -0.022995 0.104919 -0.304688
v -0.041077 0.014755 -0.284668
v -0.041077 0.104919 -0.284668
v -0.047699 0.014755 -0.257080
v -0.047699 0.104919 -0.257080
v 0.044464 0.014755 -0.284668
v 0.051056 0.014755 -0.257080
v 0.001691 0.014755 -0.257080
v 0.026382 0.014755 -0.304688
v 0.001691 0.014755 -0.312012
v -0.022995 0.014755 -0.304688
v -0.041077 0.014755 -0.284668
v -0.047699 0.014755 -0.257080
v -0.145996 0.157593 0.039398
v -0.155151 0.151611 0.074951
v -0.136230 0.157593 0.065613
v -0.117920 0.157593 0.095825
v -0.115173 0.163574 0.055420
v -0.121582 0.163574 0.038147
v 0.000251 0.151611 0.174561
v 0.000397 0.157593 0.154053
v -0.036987 0.151611 0.169189
v 0.041016 0.151611 0.169556
v 0.046448 0.143799 0.192749
v 0.093811 0.136841 0.195801
v 0.085754 0.143799 0.178711
v 0.099487 0.132202 0.203979
v 0.136353 0.136841 0.169067
v 0.142456 0.132202 0.177002
v -0.196777 0.143799 -0.000006
v -0.208740 0.136841 0.052612
v -0.190430 0.143799 0.048065
v -0.172852 0.151611 0.000022
v -0.167236 0.151611 0.042267
v -0.152344 0.157593 0.000046
v -0.128906 0.163574 0.000073
v -0.102539 0.167725 0.044525
v -0.109863 0.168335 0.000095
v 0.038361 0.157593 0.148926
v 0.075562 0.151611 0.157104
v 0.124573 0.143799 0.154419
v 0.178345 0.132202 0.141235
v 0.169922 0.136841 0.134644
v -0.168091 0.151611 -0.039062
v -0.191406 0.143799 -0.044464
v -0.147705 0.157593 -0.037048
v -0.123413 0.163574 -0.036957
v -0.103699 0.167725 -0.040863
v 0.065247 0.157593 0.139282
v 0.109680 0.151611 0.135742
v 0.155273 0.143799 0.122986
v 0.196289 0.136841 0.094055
v 0.179321 0.143799 0.085876
v 0.205322 0.132202 0.098450
v -0.155151 0.151611 -0.074768
v -0.176636 0.143799 -0.085083
v -0.137207 0.157593 -0.065918
v -0.117554 0.163574 -0.053070
v 0.098145 0.157593 0.118652
v 0.136719 0.151611 0.108154
v 0.157837 0.151611 0.075562
v -0.133911 0.151611 -0.108582
v 0.212402 0.136841 0.048523
v 0.193970 0.143799 0.044281
v 0.170776 0.151611 0.038971
v -0.117432 0.157593 -0.095276
v 0.222168 0.132202 0.050629
v 0.119629 0.157593 0.096619
v 0.139404 0.157593 0.066467
v 0.149780 0.157593 0.037018
v 0.199829 0.143799 -0.000224
v 0.175903 0.151611 -0.000170
v 0.155396 0.157593 -0.000123
v 0.227905 0.132202 -0.000030
v 0.218750 0.136841 -0.000267
v 0.125366 0.163574 0.037201
v 0.118896 0.163574 0.055542
v 0.131836 0.163574 -0.000071
v 0.212769 0.136841 -0.047333
v 0.194336 0.143799 -0.043182
v 0.171143 0.151611 -0.037933
v 0.150513 0.157593 -0.035919
v 0.222290 0.132202 -0.049835
v 0.196533 0.136841 -0.093262
v 0.179443 0.143799 -0.085083
v 0.109375 0.167725 -0.000023
v 0.100891 0.167725 0.042725
v 0.126465 0.163574 -0.036224
v 0.158081 0.151611 -0.074768
v 0.140137 0.157593 -0.065186
v 0.205566 0.132202 -0.097900
v 0.178711 0.132202 -0.140869
v 0.170166 0.136841 -0.135010
v 0.155518 0.143799 -0.123169
v 0.136963 0.151611 -0.108276
v 0.101685 0.167236 -0.040466
v 0.120361 0.163574 -0.053436
v 0.120300 0.157593 -0.096191
v 0.099487 0.163574 -0.084229
v 0.142944 0.132202 -0.176758
v 0.137085 0.136841 -0.168579
v 0.125244 0.143799 -0.153809
v 0.110352 0.151611 -0.135254
v 0.098206 0.157593 -0.118591
v 0.086182 0.163574 -0.097778
v 0.076782 0.167725 -0.076233
v 0.095459 0.136841 -0.194336
v 0.087219 0.143799 -0.177368
v 0.076904 0.151611 -0.155884
v 0.100098 0.132202 -0.203735
v 0.066772 0.157593 -0.138062
v 0.055054 0.163574 -0.118042
v 0.040619 0.167725 -0.098816
v 0.050110 0.136841 -0.210815
v 0.045868 0.143799 -0.192383
v 0.040497 0.151611 -0.169067
v 0.037170 0.157593 -0.148682
v 0.035919 0.163574 -0.124939
v 0.052277 0.132202 -0.220459
v 0.000618 0.167725 -0.108032
v 0.000961 0.163574 -0.130127
v 0.000865 0.157593 -0.153564
v 0.000782 0.151611 -0.174072
v 0.000685 0.143799 -0.197998
v 0.000603 0.132202 -0.225342
v 0.000608 0.136841 -0.216919
v -0.224609 0.132202 -0.000030
v -0.217773 0.132202 0.054932
v -0.215820 0.136841 -0.000028
v -0.218872 0.132202 -0.050690
v -0.209839 0.136841 -0.048706
v -0.193604 0.136841 -0.093201
v -0.202026 0.132202 -0.098450
v -0.167114 0.136841 -0.135376
v -0.152466 0.143799 -0.123535
v -0.175049 0.132202 -0.141357
v -0.139160 0.132202 -0.177124
v -0.132935 0.136841 -0.168945
v -0.121277 0.143799 -0.154175
v -0.092102 0.136841 -0.195068
v -0.083923 0.143799 -0.178101
v -0.096252 0.132202 -0.203979
v -0.106445 0.151611 -0.135498
v -0.073669 0.151611 -0.156494
v -0.050415 0.136841 -0.210449
v -0.045898 0.143799 -0.192017
v -0.040192 0.151611 -0.168823
v -0.094727 0.157593 -0.117554
v -0.065369 0.157593 -0.137695
v -0.037842 0.157593 -0.147827
v -0.052551 0.132202 -0.219727
v 0.000685 0.143799 -0.197998
v 0.000782 0.151611 -0.174072
v 0.000865 0.157593 -0.153564
v 0.000603 0.132202 -0.225342
v 0.000608 0.136841 -0.216919
v -0.084045 0.163574 -0.096252
v -0.055206 0.163574 -0.117371
v -0.037415 0.163574 -0.123901
v 0.000961 0.163574 -0.130127
v -0.041687 0.167725 -0.100708
v 0.000618 0.167725 -0.108032
v -0.078735 0.167725 -0.076172
v -0.097534 0.163574 -0.083008
v 0.099060 0.163574 0.085327
v 0.085938 0.163574 0.098755
v 0.078613 0.167725 0.080078
v 0.052521 0.163574 0.119690
v 0.041687 0.167725 0.105347
v 0.038513 0.163574 0.124695
v -0.000036 0.167725 0.114014
v 0.000564 0.163574 0.130615
v -0.035156 0.157593 0.148682
v -0.036194 0.163574 0.124573
v -0.096802 0.132202 0.203613
v -0.092590 0.136841 0.194580
v -0.139648 0.132202 0.176636
v -0.049042 0.132202 0.220459
v -0.134399 0.136841 0.168335
v -0.175415 0.132202 0.140747
v -0.046478 0.136841 0.210693
v -0.084412 0.143799 0.177612
v -0.122498 0.143799 0.153687
v -0.000062 0.132202 0.226196
v -0.168335 0.136841 0.134033
v -0.153564 0.143799 0.122314
v -0.202393 0.132202 0.097839
v -0.107544 0.151611 0.135132
v -0.134888 0.151611 0.107544
v -0.042267 0.143799 0.192261
v -0.074036 0.151611 0.156250
v -0.000054 0.136841 0.217407
v 0.000081 0.143799 0.198486
v 0.052216 0.132202 0.220459
v -0.193604 0.136841 0.093323
v -0.176636 0.143799 0.085205
v 0.050751 0.136841 0.211182
v -0.042328 0.167725 0.104431
v -0.064758 0.157593 0.138428
v -0.052582 0.163574 0.118835
v -0.095581 0.157593 0.118408
v -0.084106 0.163574 0.097046
v -0.079102 0.167603 0.080566
v -0.096436 0.163574 0.084595
vn 0.3836 -0.9192 -0.0884
vn 1.0000 -0.0000 0.0009
vn 0.3609 -0.9326 0.0002
vn 0.9745 -0.0000 -0.2245
vn 0.8667 -0.1542 -0.4744
vn 0.9534 0.3016 0.0010
vn 0.9311 0.2952 -0.2143
vn 0.8947 -0.0387 -0.4450
vn 0.8608 0.3049 -0.4074
vn 0.7379 0.3126 -0.5982
vn 0.7675 -0.1137 -0.6308
vn 0.6558 -0.2923 -0.6960
vn 0.0925 -0.9905 -0.1021
vn 0.2389 -0.9512 -0.1951
vn 0.7417 -0.2770 -0.6109
vn 0.6295 -0.1136 -0.7687
vn 0.6129 -0.2777 -0.7398
vn 0.1963 -0.9510 -0.2388
vn 0.6001 0.3127 -0.7363
vn 0.6987 -0.2930 -0.6527
vn 0.4466 -0.0384 -0.8939
vn 0.1030 -0.9903 -0.0933
vn 0.4760 -0.1555 -0.8656
vn 0.4100 0.3052 -0.8595
vn 0.2220 -0.0000 -0.9750
vn 0.0876 -0.9190 -0.3845
vn 0.2122 0.2960 -0.9313
vn -0.0027 -0.9315 -0.3638
vn -0.0075 -0.0000 -1.0000
vn -0.0071 0.3018 -0.9533
vn -0.0892 -0.9195 -0.3828
vn -0.2275 -0.0000 -0.9738
vn -0.2168 0.2973 -0.9298
vn -0.5019 -0.1490 -0.8520
vn -0.4517 -0.0433 -0.8911
vn -0.4168 0.3044 -0.8565
vn -0.5961 0.3087 -0.7412
vn -0.6239 -0.1171 -0.7726
vn -0.6955 -0.2814 -0.6611
vn -0.1099 -0.9886 -0.1033
vn -0.1979 -0.9491 -0.2451
vn -0.6061 -0.2753 -0.7462
vn -0.7719 -0.1170 -0.6249
vn -0.7457 -0.2726 -0.6080
vn -0.2433 -0.9497 -0.1974
vn -0.7396 0.3096 -0.5976
vn -0.6639 -0.2778 -0.6943
vn -0.8934 -0.0424 -0.4473
vn -0.0957 -0.9899 -0.1042
vn -0.8626 -0.1418 -0.4856
vn -0.8605 0.3008 -0.4112
vn -0.9734 -0.0000 -0.2291
vn -0.3868 -0.9177 -0.0909
vn -0.9304 0.2943 -0.2183
vn -0.3658 -0.9307 0.0032
vn -1.0000 -0.0000 0.0089
vn -0.9533 0.3019 0.0085
vn -0.3861 -0.9178 0.0924
vn -0.9724 -0.0000 0.2331
vn -0.9309 0.2905 0.2216
vn -0.8525 -0.1456 0.5021
vn -0.8867 -0.0439 0.4603
vn -0.8588 0.2977 0.4169
vn -0.7417 0.3109 0.5943
vn -0.7771 -0.1168 0.6185
vn -0.6702 -0.2832 0.6860
vn -0.0938 -0.9900 0.1053
vn -0.2392 -0.9515 0.1933
vn -0.7457 -0.2760 0.6064
vn -0.6241 -0.1167 0.7726
vn -0.6088 -0.2764 0.7436
vn -0.1942 -0.9514 0.2389
vn -0.5967 0.3107 0.7399
vn -0.6886 -0.2843 0.6671
vn -0.4512 -0.0414 0.8915
vn -0.1018 -0.9907 0.0907
vn -0.4840 -0.1454 0.8629
vn -0.4107 0.2973 0.8619
vn -0.2365 -0.0000 0.9716
vn -0.0935 -0.9182 0.3849
vn -0.2251 0.2904 0.9301
vn 0.0002 -0.9318 0.3630
vn 0.0005 -0.0000 1.0000
vn 0.0005 0.3018 0.9534
vn 0.0896 -0.9179 0.3866
vn 0.2259 -0.0000 0.9742
vn 0.2153 0.2929 0.9316
vn 0.4815 -0.1386 0.8654
vn 0.4477 -0.0424 0.8932
vn 0.4094 0.3007 0.8614
vn 0.5956 0.3111 0.7406
vn 0.6236 -0.1149 0.7733
vn 0.6925 -0.2786 0.6655
vn 0.1016 -0.9905 0.0927
vn 0.1950 -0.9508 0.2407
vn 0.6085 -0.2700 0.7462
vn 0.7716 -0.1150 0.6256
vn 0.7451 -0.2691 0.6103
vn 0.2394 -0.9511 0.1951
vn 0.7388 0.3113 0.5977
vn 0.6649 -0.2776 0.6934
vn 0.8925 -0.0423 0.4490
vn 0.0905 -0.9909 0.1001
vn 0.8666 -0.1339 0.4806
vn 0.8614 0.2992 0.4104
vn 0.9728 -0.0000 0.2316
vn 0.3859 -0.9180 0.0917
vn 0.9308 0.2917 0.2205
vn 0.3609 -0.9326 0.0004
vn 1.0000 -0.0000 0.0011
vn 0.9534 0.3016 0.0011
vn -0.8628 -0.1417 -0.4853
vn -0.0956 -0.9900 -0.1042
vn -0.3865 -0.9178 -0.0909
vn -0.0000 -1.0000 -0.0000
vn -0.2432 -0.9497 -0.1972
vn -0.3657 -0.9307 0.0033
vn -0.1978 -0.9492 -0.2449
vn -0.3859 -0.9179 0.0924
vn -0.1098 -0.9886 -0.1033
vn -0.0937 -0.9900 0.1052
vn -0.8525 -0.1456 0.5020
vn -0.2391 -0.9516 0.1932
vn -0.1941 -0.9515 0.2386
vn -0.1017 -0.9907 0.0906
vn -0.0892 -0.9196 -0.3826
vn -0.0027 -0.9315 -0.3636
vn 0.0875 -0.9191 -0.3842
vn -0.4840 -0.1453 0.8629
vn -0.0936 -0.9183 0.3846
vn 0.0002 -0.9319 0.3628
vn 0.0896 -0.9180 0.3864
vn 0.1029 -0.9903 -0.0932
vn 0.4760 -0.1554 -0.8656
vn 0.1962 -0.9511 -0.2386
vn 0.2387 -0.9513 -0.1949
vn 0.0925 -0.9905 -0.1020
vn 0.1014 -0.9905 0.0927
vn 0.4815 -0.1385 0.8654
vn 0.1949 -0.9509 0.2406
vn 0.2392 -0.9512 0.1950
vn 0.0904 -0.9909 0.1000
vn 0.3834 -0.9194 -0.0883
vn 0.8667 -0.1541 -0.4744
vn 0.3608 -0.9327 0.0004
vn 0.3857 -0.9181 0.0917
vn 0.8664 -0.1362 0.4804
vn 0.7835 0.0011 0.6214
vn 0.0014 -1.0000 -0.0000
vn 0.3052 -0.4553 -0.8364
vn 0.7637 -0.1299 -0.6324
vn 0.2983 -0.1821 -0.9369
vn -0.2997 -0.4559 -0.8380
vn -0.2932 -0.1817 -0.9386
vn 0.2605 0.9505 0.1693
vn -0.2550 0.9516 0.1714
vn 0.2539 0.9466 0.1988
vn -0.2565 0.9456 0.2001
vn 0.2588 0.8837 0.3901
vn 0.7120 0.5367 0.4527
vn 0.2671 0.5288 0.8056
vn 0.7142 0.3881 0.5824
vn 0.2598 0.2679 0.9278
vn 0.7051 0.2020 0.6797
vn 0.2654 0.7378 0.6206
vn -0.2644 0.8818 0.3906
vn 0.2556 0.0635 0.9647
vn 0.7038 0.0562 0.7082
vn 0.9575 0.0920 0.2734
vn 0.9603 0.0341 0.2770
vn 0.9811 -0.0306 -0.1912
vn 0.9790 0.0044 -0.2036
vn 0.7627 -0.0130 -0.6466
vn 0.2989 -0.0155 -0.9542
vn -0.2703 0.7360 0.6207
vn -0.2710 0.5274 0.8052
vn -0.2632 0.2659 0.9274
vn -0.7075 0.6430 0.2934
vn -0.7150 0.5333 0.4522
vn -0.2592 0.0618 0.9638
vn 0.2517 -0.0682 0.9654
vn 0.7016 -0.0420 0.7113
vn 0.9612 -0.0034 0.2759
vn 0.9797 0.0327 -0.1979
vn -0.7169 0.3851 0.5812
vn -0.7075 0.1989 0.6782
vn -0.9597 0.2145 0.1815
vn -0.7056 0.0533 0.7066
vn -0.2554 -0.0683 0.9644
vn -0.9604 0.1628 0.2260
vn 0.2454 -0.1025 0.9640
vn 0.6933 -0.0695 0.7173
vn 0.9586 -0.0149 0.2842
vn 0.9810 0.0389 -0.1902
vn -0.9596 0.0889 0.2669
vn -0.9624 0.0323 0.2697
vn -0.7041 -0.0418 0.7089
vn -0.6974 -0.0673 0.7135
vn -0.2518 -0.1014 0.9625
vn -0.9816 -0.1368 -0.1334
vn -0.9814 -0.0807 -0.1741
vn -0.9800 -0.0314 -0.1965
vn -0.9781 0.0052 -0.2082
vn -0.9633 -0.0021 0.2683
vn -0.9608 -0.0119 0.2771
vn -0.7626 -0.4599 -0.4548
vn -0.7671 -0.3064 -0.5636
vn -0.7593 -0.1297 -0.6377
vn -0.7587 -0.0111 -0.6513
vn -0.9792 0.0355 -0.1999
vn -0.9811 0.0425 -0.1888
vn -0.2933 -0.6659 -0.6860
vn -0.2999 -0.4559 -0.8380
vn -0.2935 -0.1817 -0.9385
vn -0.7727 0.0851 -0.6290
vn -0.7670 0.0679 -0.6381
vn -0.2947 -0.0143 -0.9555
vn -0.3008 0.0874 -0.9497
vn -0.3050 0.1087 -0.9461
vn -0.2877 -0.8033 -0.5215
vn -0.7539 -0.5674 -0.3311
vn -0.2668 -0.9392 -0.2161
vn -0.7256 -0.6734 -0.1418
vn -0.9796 -0.1802 -0.0887
vn -0.9735 -0.2257 -0.0367
vn -0.2733 -0.9492 -0.1561
vn -0.7314 -0.6743 -0.1022
vn -0.9591 0.2747 0.0679
vn -0.9590 0.2539 0.1260
vn -0.9746 -0.2226 -0.0237
vn -0.6979 0.6998 0.1525
vn -0.9573 0.2827 0.0598
vn -0.6967 0.7055 0.1297
vn -0.2945 -0.0143 -0.9555
vn 0.3038 0.0859 -0.9489
vn -0.3007 0.0875 -0.9497
vn 0.3074 0.1069 -0.9456
vn 0.7700 0.0641 -0.6348
vn 0.7749 0.0807 -0.6269
vn -0.3048 0.1086 -0.9462
vn -0.1390 -0.9522 0.2721
vn -0.1411 -0.9526 -0.2697
vn -0.1976 -0.9434 0.2664
vn -0.1993 -0.9411 -0.2732
vn -0.1323 -0.6712 -0.7293
vn -0.0942 -0.6743 -0.7324
vn -0.3279 -0.5635 -0.7583
vn -0.5200 -0.8023 -0.2932
vn -0.0334 -0.2196 -0.9750
vn -0.5215 -0.8033 0.2876
vn -0.0200 -0.2085 -0.9778
vn 0.0643 0.2830 -0.9570
vn -0.0858 -0.1757 -0.9807
vn -0.1297 -0.1334 -0.9825
vn -0.4506 -0.4569 -0.7669
vn -0.6842 -0.6651 -0.2991
vn -0.6860 -0.6660 0.2931
vn 0.0556 0.2934 -0.9544
vn 0.1274 0.2592 -0.9574
vn 0.1847 0.2195 -0.9580
vn 0.1182 0.7104 -0.6938
vn 0.1428 0.7064 -0.6932
vn 0.2308 0.1670 -0.9586
vn -0.1692 -0.0784 -0.9825
vn -0.5582 -0.3050 -0.7716
vn -0.8364 -0.4553 -0.3052
vn 0.2933 0.6471 -0.7037
vn -0.8380 -0.4559 0.2997
vn 0.5824 0.3881 -0.7143
vn 0.4527 0.5367 -0.7120
vn 0.1564 0.9526 -0.2608
vn 0.1885 0.9488 -0.2534
vn 0.3901 0.8837 -0.2588
vn 0.6797 0.2020 -0.7051
vn 0.2734 0.0920 -0.9575
vn -0.1912 -0.0306 -0.9811
vn -0.6324 -0.1299 -0.7637
vn -0.9369 -0.1821 -0.2983
vn -0.9386 -0.1817 0.2932
vn 0.8056 0.5288 -0.2671
vn 0.9278 0.2679 -0.2598
vn 0.6206 0.7378 -0.2654
vn 0.1581 0.9535 0.2564
vn 0.1897 0.9478 0.2561
vn 0.3906 0.8818 0.2644
vn 0.9647 0.0635 -0.2556
vn 0.7082 0.0562 -0.7038
vn 0.2770 0.0341 -0.9603
vn -0.2036 0.0044 -0.9790
vn -0.6466 -0.0130 -0.7627
vn -0.9542 -0.0155 -0.2989
vn 0.6207 0.7360 0.2703
vn 0.8052 0.5274 0.2710
vn 0.9274 0.2659 0.2632
vn 0.1442 0.7022 0.6973
vn 0.2934 0.6430 0.7075
vn 0.4522 0.5333 0.7150
vn 0.9638 0.0618 0.2592
vn 0.9654 -0.0682 -0.2517
vn 0.7113 -0.0420 -0.7016
vn 0.2759 -0.0034 -0.9612
vn -0.1979 0.0327 -0.9797
vn 0.5812 0.3851 0.7169
vn 0.6782 0.1989 0.7075
vn 0.1815 0.2145 0.9597
vn 0.1260 0.2539 0.9590
vn 0.7066 0.0533 0.7056
vn 0.9644 -0.0683 0.2554
vn 0.2260 0.1628 0.9604
vn 0.9640 -0.1025 -0.2454
vn 0.7173 -0.0695 -0.6933
vn 0.2842 -0.0149 -0.9587
vn -0.1900 0.0387 -0.9810
vn -0.4889 -0.0007 0.8723
vn -0.4889 -0.0007 0.8724
vn 0.7379 0.0009 -0.6749
vn 0.7379 0.0008 -0.6749
vn 0.7379 0.0012 -0.6749
vn 0.7379 0.0007 -0.6749
vn 0.6005 0.0009 0.7996
vn 0.6005 0.0009 0.7997
vn 0.6004 0.0009 0.7997
vn 0.0013 -1.0000 -0.0000
vn 0.0015 -1.0000 -0.0000
vn -0.6941 -0.0011 0.7199
vn -0.6940 -0.0010 0.7199
vn -0.6941 -0.0010 0.7199
vn 0.8848 0.0013 -0.4659
vn 0.8849 0.0013 -0.4658
vn 0.8849 0.0012 -0.4658
vn 0.6214 -0.0000 -0.7835
vn 0.8725 -0.0000 0.4886
vn -0.6751 -0.0000 -0.7377
vn 0.7997 -0.0000 -0.6004
vn 0.7996 -0.0000 -0.6005
vn 0.7200 -0.0000 0.6940
vn 0.7199 -0.0000 0.6941
vn -0.4658 -0.0000 -0.8849
vn -0.7835 -0.0012 -0.6213
vn -0.7835 -0.0011 -0.6214
vn -0.7835 -0.0012 -0.6214
vn 0.4886 0.0013 -0.8725
vn 0.4889 0.0008 -0.8724
vn 0.4887 0.0010 -0.8724
vn -0.7379 -0.0011 0.6749
vn -0.7379 -0.0012 0.6749
vn -0.7379 -0.0013 0.6749
vn -0.6005 -0.0009 -0.7996
vn 0.6941 0.0010 -0.7199
vn 0.6940 0.0010 -0.7199
vn -0.8848 -0.0013 0.4659
vn -0.8849 -0.0013 0.4658
vn -0.6214 -0.0009 0.7835
vn -0.6213 -0.0009 0.7836
vn -0.8723 -0.0012 -0.4889
vn -0.8723 -0.0013 -0.4889
vn -0.8724 -0.0013 -0.4889
vn 0.6749 0.0011 0.7379
vn 0.6749 0.0012 0.7379
vn -0.7996 -0.0011 0.6005
vn -0.7997 -0.0012 0.6005
vn -0.7996 -0.0012 0.6005
vn -0.7199 -0.0010 -0.6941
vn -0.7199 -0.0011 -0.6940
vn -0.7200 -0.0011 -0.6940
vn 0.4658 0.0007 0.8849
vn 0.4659 0.0007 0.8849
vn 0.4659 0.0006 0.8848
vn 0.4660 0.0007 0.8848
vn 0.2669 0.0889 0.9596
vn -0.1334 -0.1368 0.9816
vn -0.0887 -0.1802 0.9796
vn -0.1741 -0.0807 0.9814
vn 0.2697 0.0323 0.9624
vn 0.7089 -0.0418 0.7041
vn 0.7135 -0.0673 0.6974
vn 0.9625 -0.1014 0.2518
vn -0.1965 -0.0314 0.9800
vn -0.4548 -0.4599 0.7626
vn -0.3311 -0.5674 0.7539
vn -0.5635 -0.3064 0.7671
vn -0.2082 0.0052 0.9781
vn 0.2683 -0.0021 0.9633
vn 0.2771 -0.0119 0.9608
vn -0.6377 -0.1297 0.7593
vn -0.6860 -0.6659 0.2933
vn -0.5215 -0.8033 0.2877
vn -0.8380 -0.4559 0.2999
vn -0.6513 -0.0111 0.7587
vn -0.1999 0.0355 0.9792
vn -0.1887 0.0425 0.9811
vn -0.9385 -0.1817 0.2934
vn -0.1976 -0.9433 0.2667
vn -0.6290 0.0851 0.7727
vn -0.6381 0.0679 0.7670
vn -0.9555 -0.0143 0.2947
vn -0.9497 0.0874 0.3008
vn -0.9461 0.1087 0.3051
vn -0.1306 -0.6757 0.7255
vn -0.1390 -0.9521 0.2724
vn -0.0921 -0.6780 0.7293
vn -0.0339 -0.2257 0.9736
vn -0.0219 -0.2265 0.9738
vn 0.0545 0.2805 0.9583
vn 0.0641 0.2763 0.9589
vn 0.1194 0.7059 0.6981
vn -0.9555 -0.0143 0.2946
vn -0.9489 0.0859 -0.3038
vn -0.9497 0.0875 0.3007
vn -0.9455 0.1069 -0.3074
vn -0.6348 0.0641 -0.7700
vn -0.6269 0.0808 -0.7749
vn -0.9462 0.1086 0.3048
vn 0.2721 -0.9522 0.1385
vn -0.2698 -0.9526 0.1405
vn 0.2665 -0.9435 0.1971
vn -0.2732 -0.9413 0.1985
vn -0.7294 -0.6713 0.1320
vn -0.7324 -0.6744 0.0938
vn -0.7583 -0.5635 0.3279
vn -0.2932 -0.8023 0.5200
vn -0.9750 -0.2196 0.0333
vn 0.2876 -0.8033 0.5216
vn -0.9778 -0.2086 0.0199
vn -0.9570 0.2829 -0.0642
vn -0.9807 -0.1757 0.0858
vn -0.9825 -0.1334 0.1297
vn -0.7669 -0.4569 0.4506
vn -0.2991 -0.6651 0.6842
vn 0.2931 -0.6660 0.6860
vn -0.9544 0.2934 -0.0554
vn -0.9574 0.2592 -0.1274
vn -0.9580 0.2195 -0.1847
vn -0.6938 0.7104 -0.1177
vn -0.6933 0.7065 -0.1424
vn -0.9586 0.1670 -0.2308
vn -0.9825 -0.0784 0.1692
vn -0.7716 -0.3050 0.5582
vn -0.3052 -0.4553 0.8364
vn -0.7038 0.6471 -0.2933
vn 0.2997 -0.4559 0.8380
vn -0.7142 0.3881 -0.5824
vn -0.7120 0.5367 -0.4527
vn -0.2608 0.9527 -0.1559
vn -0.2535 0.9489 -0.1882
vn -0.2588 0.8837 -0.3901
vn -0.7051 0.2020 -0.6797
vn -0.9575 0.0920 -0.2734
vn -0.9811 -0.0306 0.1912
vn -0.7637 -0.1299 0.6324
vn -0.2983 -0.1821 0.9369
vn 0.2932 -0.1817 0.9386
vn -0.2671 0.5288 -0.8056
vn -0.2598 0.2679 -0.9278
vn -0.2654 0.7378 -0.6206
vn 0.2557 0.9539 -0.1571
vn 0.2562 0.9479 -0.1893
vn 0.2644 0.8818 -0.3906
vn -0.2556 0.0635 -0.9647
vn -0.7038 0.0562 -0.7082
vn -0.9603 0.0341 -0.2770
vn -0.9790 0.0044 0.2036
vn -0.7628 -0.0130 0.6465
vn -0.2989 -0.0155 0.9542
vn 0.2703 0.7360 -0.6207
vn 0.2710 0.5274 -0.8052
vn 0.2632 0.2659 -0.9274
vn 0.6973 0.7022 -0.1438
vn 0.7075 0.6430 -0.2934
vn 0.7150 0.5333 -0.4522
vn 0.2592 0.0618 -0.9638
vn -0.2517 -0.0682 -0.9654
vn -0.7016 -0.0420 -0.7113
vn -0.9612 -0.0034 -0.2759
vn -0.9797 0.0327 0.1979
vn 0.7169 0.3851 -0.5812
vn 0.7075 0.1989 -0.6782
vn 0.9597 0.2145 -0.1815
vn 0.9590 0.2539 -0.1260
vn 0.7056 0.0533 -0.7066
vn 0.2554 -0.0683 -0.9644
vn 0.9604 0.1628 -0.2260
vn -0.2454 -0.1025 -0.9640
vn -0.6933 -0.0695 -0.7173
vn -0.9586 -0.0149 -0.2842
vn -0.9810 0.0389 0.1902
vn 0.9596 0.0889 -0.2669
vn 0.9816 -0.1368 0.1334
vn 0.9796 -0.1802 0.0887
vn 0.9814 -0.0807 0.1741
vn 0.9624 0.0323 -0.2698
vn 0.7041 -0.0418 -0.7089
vn 0.6974 -0.0673 -0.7135
vn 0.2518 -0.1014 -0.9625
vn 0.9800 -0.0314 0.1965
vn 0.7626 -0.4599 0.4548
vn 0.7539 -0.5674 0.3311
vn 0.7671 -0.3064 0.5636
vn 0.9781 0.0048 0.2081
vn 0.9633 -0.0021 -0.2683
vn 0.9608 -0.0119 -0.2771
vn 0.7593 -0.1297 0.6377
vn 0.2933 -0.6659 0.6860
vn 0.2877 -0.8033 0.5215
vn 0.2999 -0.4559 0.8380
vn 0.7587 -0.0111 0.6513
vn 0.9792 0.0355 0.1999
vn 0.9811 0.0425 0.1887
vn 0.2933 -0.1817 0.9386
vn 0.2668 -0.9434 0.1970
vn 0.7727 0.0851 0.6290
vn 0.7670 0.0679 0.6381
vn 0.2947 -0.0143 0.9555
vn 0.3008 0.0874 0.9497
vn 0.3050 0.1087 0.9461
vn 0.7256 -0.6757 0.1301
vn 0.2723 -0.9522 0.1384
vn 0.7291 -0.6783 0.0917
vn 0.9736 -0.2257 0.0338
vn 0.9737 -0.2266 0.0218
vn 0.9583 0.2805 -0.0543
vn 0.9589 0.2763 -0.0639
vn 0.6982 0.7060 -0.1190
vn 0.2945 -0.0143 0.9555
vn -0.3038 0.0859 0.9489
vn 0.3007 0.0875 0.9497
vn -0.3074 0.1069 0.9456
vn -0.7700 0.0641 0.6348
vn -0.7749 0.0807 0.6269
vn 0.3048 0.1086 0.9462
vn 0.1587 -0.9487 -0.2734
vn 0.1613 -0.9489 0.2711
vn 0.2188 -0.9387 -0.2663
vn 0.2205 -0.9364 0.2731
vn 0.1455 -0.6689 0.7290
vn 0.1063 -0.6699 0.7348
vn 0.3279 -0.5635 0.7583
vn 0.5200 -0.8023 0.2932
vn 0.0365 -0.2195 0.9749
vn 0.5215 -0.8033 -0.2876
vn 0.0218 -0.2037 0.9788
vn -0.0688 0.2813 0.9572
vn 0.0858 -0.1757 0.9807
vn 0.1297 -0.1334 0.9825
vn 0.4506 -0.4569 0.7669
vn 0.6842 -0.6651 0.2991
vn 0.6860 -0.6660 -0.2931
vn -0.0617 0.2961 0.9532
vn -0.1520 0.7038 0.6940
vn -0.1274 0.2592 0.9574
vn -0.1847 0.2195 0.9580
vn -0.2308 0.1670 0.9586
vn 0.1692 -0.0784 0.9825
vn 0.5582 -0.3050 0.7716
vn 0.8364 -0.4553 0.3052
vn -0.2933 0.6471 0.7038
vn 0.8380 -0.4559 -0.2997
vn -0.1297 0.7099 0.6923
vn -0.1711 0.9502 0.2605
vn -0.2003 0.9463 0.2539
vn -0.5824 0.3881 0.7142
vn -0.4527 0.5367 0.7120
vn -0.3901 0.8837 0.2588
vn -0.6797 0.2020 0.7051
vn -0.2734 0.0920 0.9575
vn 0.1912 -0.0306 0.9811
vn 0.6324 -0.1299 0.7637
vn 0.9369 -0.1821 0.2983
vn 0.9386 -0.1817 -0.2932
vn -0.1727 0.9514 -0.2549
vn -0.2015 0.9453 -0.2566
vn -0.8056 0.5288 0.2671
vn -0.9278 0.2679 0.2598
vn -0.6206 0.7378 0.2654
vn -0.3906 0.8818 -0.2644
vn -0.9647 0.0635 0.2556
vn -0.7082 0.0562 0.7038
vn -0.2770 0.0341 0.9603
vn 0.2036 0.0044 0.9790
vn 0.6465 -0.0130 0.7628
vn 0.9542 -0.0155 0.2989
vn -0.6207 0.7360 -0.2703
vn -0.8052 0.5274 -0.2710
vn -0.9274 0.2659 -0.2632
vn -0.2934 0.6430 -0.7075
vn -0.4522 0.5333 -0.7150
vn -0.9638 0.0618 -0.2592
vn -0.9654 -0.0682 0.2517
vn -0.7113 -0.0420 0.7016
vn -0.2759 -0.0034 0.9612
vn 0.1979 0.0327 0.9797
vn -0.5812 0.3851 -0.7169
vn -0.6782 0.1989 -0.7075
vn -0.1815 0.2145 -0.9597
vn -0.7066 0.0533 -0.7056
vn -0.9644 -0.0683 -0.2554
vn -0.2260 0.1628 -0.9604
vn -0.9640 -0.1025 0.2454
vn -0.7173 -0.0695 0.6933
vn -0.2842 -0.0149 0.9586
vn 0.1900 0.0387 0.9810
vn -0.2669 0.0889 -0.9596
vn -0.2698 0.0323 -0.9624
vn -0.7089 -0.0418 -0.7041
vn -0.7135 -0.0673 -0.6974
vn -0.9625 -0.1014 -0.2518
vn 0.1334 -0.1368 -0.9816
vn 0.1741 -0.0807 -0.9814
vn 0.1965 -0.0314 -0.9800
vn 0.2081 0.0048 -0.9781
vn -0.2683 -0.0021 -0.9633
vn -0.2771 -0.0119 -0.9608
vn 0.4548 -0.4599 -0.7626
vn 0.5636 -0.3064 -0.7671
vn 0.6377 -0.1297 -0.7593
vn 0.6513 -0.0111 -0.7587
vn 0.1999 0.0355 -0.9792
vn 0.1887 0.0425 -0.9811
vn 0.6860 -0.6659 -0.2933
vn 0.8380 -0.4559 -0.2999
vn 0.9386 -0.1817 -0.2934
vn 0.6290 0.0851 -0.7727
vn 0.6381 0.0679 -0.7670
vn 0.9555 -0.0143 -0.2947
vn 0.9497 0.0874 -0.3008
vn 0.9461 0.1087 -0.3050
vn 0.5215 -0.8033 -0.2877
vn 0.3311 -0.5674 -0.7539
vn 0.2188 -0.9387 -0.2665
vn 0.1433 -0.6732 -0.7254
vn 0.0887 -0.1802 -0.9796
vn 0.0371 -0.2257 -0.9735
vn 0.1587 -0.9487 -0.2735
vn 0.1037 -0.6739 -0.7315
vn -0.0684 0.2745 -0.9592
vn -0.1260 0.2539 -0.9590
vn 0.0240 -0.2220 -0.9747
vn -0.1536 0.6992 -0.6982
vn -0.0606 0.2830 -0.9572
vn -0.1312 0.7056 -0.6963
vn 0.9555 -0.0143 -0.2945
vn 0.9489 0.0859 0.3038
vn 0.9497 0.0875 -0.3007
vn 0.9456 0.1070 0.3073
vn 0.6348 0.0641 0.7700
vn 0.6269 0.0808 0.7749
vn 0.9462 0.1086 -0.3048
vn 0.4095 0.3007 0.8614
vn 0.1248 0.9576 0.2597
vn 0.2154 0.2929 0.9316
vn 0.1795 0.9575 0.2258
vn 0.7389 0.3114 0.5976
vn 0.0669 0.9575 0.2805
vn -0.4332 0.0468 -0.9001
vn 0.0005 0.3016 0.9534
vn 0.2253 0.9575 0.1802
vn -0.6217 0.0469 -0.7819
vn 0.8615 0.2992 0.4104
vn 0.0012 0.9574 0.2888
vn -0.2180 0.0470 -0.9748
vn -0.2521 0.8120 -0.5264
vn -0.1277 0.8110 -0.5709
vn -0.2250 0.2903 0.9301
vn 0.2596 0.9575 0.1255
vn -0.7801 0.0468 -0.6239
vn -0.3633 0.8120 -0.4568
vn -0.0000 1.0000 -0.0000
vn 0.0001 0.8106 -0.5856
vn 0.0001 0.0468 -0.9989
vn -0.0643 0.9575 0.2812
vn 0.9308 0.2917 0.2204
vn -0.4553 0.8124 -0.3643
vn -0.8993 0.0468 -0.4348
vn 0.2812 0.9575 0.0644
vn 0.1328 0.8106 -0.5704
vn 0.2267 0.0468 -0.9728
vn -0.5249 0.8125 -0.2537
vn -0.9737 0.0468 -0.2229
vn 0.2552 0.8100 -0.5279
vn 0.4348 0.0468 -0.8993
vn 0.9534 0.3016 0.0009
vn 0.2888 0.9574 0.0004
vn -0.9989 0.0468 -0.0020
vn -0.5681 0.8126 -0.1300
vn 0.3667 0.8095 -0.4585
vn -0.5825 0.8128 -0.0011
vn -0.9740 0.0468 0.2215
vn 0.2812 0.9575 -0.0636
vn 0.9310 0.2953 -0.2145
vn -0.5679 0.8129 0.1293
vn -0.9008 0.0468 0.4316
vn 0.2598 0.9576 -0.1248
vn 0.6239 0.0468 -0.7801
vn 0.4599 0.8092 -0.3656
vn -0.5259 0.8124 0.2519
vn 0.8608 0.3049 -0.4075
vn 0.2258 0.9575 -0.1795
vn -0.7819 0.0468 0.6217
vn 0.7378 0.3127 -0.5983
vn 0.6000 0.3127 -0.7363
vn 0.1801 0.9575 -0.2253
vn -0.6239 0.0467 0.7801
vn -0.4565 0.8123 0.3630
vn 0.7818 0.0468 -0.6217
vn 0.5259 0.8100 -0.2595
vn -0.3645 0.8120 0.4559
vn 0.4099 0.3054 -0.8595
vn 0.1256 0.9575 -0.2597
vn -0.4348 0.0467 0.8993
vn -0.2542 0.8116 0.5260
vn 0.8957 0.0466 -0.4422
vn 0.5738 0.8085 -0.1305
vn 0.2121 0.2961 -0.9313
vn 0.0635 0.9575 -0.2814
vn -0.2195 0.0467 0.9745
vn -0.1287 0.8105 0.5714
vn -0.0071 0.3020 -0.9533
vn -0.0024 0.9574 -0.2888
vn 0.0081 0.0468 0.9989
vn -0.2170 0.2973 -0.9298
vn -0.0649 0.9575 -0.2810
vn 0.2254 0.0467 0.9732
vn 0.0047 0.8096 0.5870
vn 0.1321 0.8106 0.5705
vn 0.2584 0.8106 0.5255
vn -0.1270 0.9576 -0.2587
vn 0.4406 0.0466 0.8965
vn 0.6217 0.0468 0.7819
vn 0.3655 0.8095 0.4595
vn -0.1796 0.9575 -0.2258
vn -0.5962 0.3087 -0.7411
vn -0.2253 0.9575 -0.1801
vn 0.7801 0.0468 0.6239
vn 0.4589 0.8091 0.3670
vn -0.7396 0.3097 -0.5976
vn -0.8606 0.3008 -0.4111
vn -0.2597 0.9575 -0.1256
vn 0.8993 0.0467 0.4348
vn -0.9304 0.2944 -0.2183
vn -0.2812 0.9575 -0.0644
vn 0.9737 0.0467 0.2230
vn 0.5293 0.8089 0.2558
vn 0.5734 0.8087 0.1314
vn -0.9533 0.3018 0.0085
vn -0.2887 0.9574 0.0028
vn 0.9989 0.0469 -0.0097
vn 0.5899 0.8075 -0.0058
vn 0.9740 0.0468 -0.2215
vn -0.2812 0.9575 0.0640
vn -0.2585 0.9576 0.1275
vn -0.8588 0.2976 0.4171
vn -0.0027 -1.0000 0.0056
vn -0.0000 -1.0000 0.0028
vn -0.3543 -0.9308 0.0900
vn -0.3576 -0.9148 0.1880
vn -0.2120 -0.9197 0.3304
vn -0.0000 -0.9219 0.3874
vn 0.2124 -0.9194 0.3312
vn 0.3590 -0.9145 0.1866
vn 0.4081 -0.9076 0.0984
vn 0.4087 0.9073 0.0985
vn -0.0000 1.0000 0.0037
vn 0.3594 0.9143 0.1869
vn 0.2126 0.9192 0.3316
vn -0.0000 0.9217 0.3878
vn -0.2122 0.9196 0.3307
vn -0.3578 0.9145 0.1886
vn -0.0831 -0.9279 0.3634
vn -0.0033 1.0000 0.0066
vn 0.4082 -0.9076 0.0985
vn 0.4088 0.9073 0.0985
vn 0.3593 -0.9144 0.1866
vn 0.3595 0.9142 0.1869
vn 0.2127 0.9191 0.3317
vn 0.2124 -0.9193 0.3313
vn -0.0000 0.9216 0.3880
vn -0.0000 -0.9219 0.3875
vn -0.2122 0.9195 0.3309
vn -0.2121 -0.9197 0.3305
vn -0.3580 0.9145 0.1887
vn -0.3578 -0.9147 0.1880
vn -0.3546 0.9306 0.0909
vn -0.3544 -0.9307 0.0900
vn 0.0056 -1.0000 0.0027
vn 0.0028 -1.0000 -0.0000
vn 0.0894 -0.9318 0.3519
vn 0.1867 -0.9159 0.3554
vn 0.3283 -0.9208 0.2105
vn 0.3849 -0.9230 -0.0000
vn 0.3290 -0.9205 -0.2110
vn 0.1854 -0.9156 -0.3569
vn 0.0978 -0.9088 -0.4057
vn 0.0978 0.9087 -0.4059
vn 0.0032 1.0000 -0.0000
vn 0.1856 0.9154 -0.3571
vn 0.3292 0.9204 -0.2111
vn 0.3852 0.9228 -0.0000
vn 0.3286 0.9206 0.2108
vn 0.1873 0.9156 0.3557
vn 0.3685 -0.9258 0.0841
vn 0.0066 1.0000 0.0033
vn 0.0979 -0.9087 -0.4058
vn 0.0979 0.9086 -0.4061
vn 0.1855 -0.9155 -0.3571
vn 0.1857 0.9154 -0.3572
vn 0.3294 0.9203 -0.2112
vn 0.3292 -0.9204 -0.2111
vn 0.3853 0.9228 -0.0000
vn 0.3851 -0.9229 -0.0000
vn 0.3288 0.9205 0.2110
vn 0.3284 -0.9208 0.2106
vn 0.1875 0.9156 0.3558
vn 0.1868 -0.9158 0.3555
vn 0.0903 0.9315 0.3524
vn 0.0895 -0.9317 0.3520
vn 0.0027 -1.0000 -0.0056
vn -0.0000 -1.0000 -0.0028
vn 0.3519 -0.9318 -0.0894
vn 0.3554 -0.9159 -0.1867
vn 0.2105 -0.9208 -0.3283
vn -0.0000 -0.9230 -0.3849
vn -0.2110 -0.9205 -0.3290
vn -0.3569 -0.9156 -0.1854
vn -0.4057 -0.9088 -0.0979
vn -0.4059 0.9087 -0.0979
vn -0.0000 1.0000 -0.0037
vn -0.3570 0.9155 -0.1856
vn -0.2111 0.9204 -0.3292
vn -0.0000 0.9228 -0.3852
vn 0.2108 0.9206 -0.3286
vn 0.3557 0.9157 -0.1873
vn 0.0890 -0.9252 -0.3688
vn 0.0033 1.0000 -0.0066
vn -0.4059 -0.9087 -0.0978
vn -0.4061 0.9086 -0.0980
vn -0.3570 -0.9155 -0.1854
vn -0.3572 0.9154 -0.1857
vn -0.2112 0.9203 -0.3294
vn -0.2111 -0.9203 -0.3293
vn -0.0000 0.9227 -0.3854
vn -0.0000 -0.9229 -0.3852
vn 0.2109 0.9205 -0.3288
vn 0.2106 -0.9208 -0.3284
vn 0.3558 0.9156 -0.1874
vn 0.3555 -0.9158 -0.1868
vn 0.3523 0.9315 -0.0904
vn 0.3520 -0.9317 -0.0895
vn -0.4885 0.7151 -0.5000
vn -0.4630 -0.8625 -0.2042
vn -0.3587 -0.8579 -0.3679
vn -0.6366 0.7189 -0.2793
vn -0.5014 -0.8651 0.0135
vn -0.6914 0.7223 0.0183
vn -0.6477 0.7123 0.2704
vn -0.4811 -0.8544 0.1964
vn -0.3587 -0.8648 0.3514
vn -0.4887 0.7232 0.4879
vn -0.2554 0.7189 0.6464
vn -0.1828 -0.8604 0.4757
vn 0.0120 0.7174 0.6966
vn 0.0135 -0.8582 0.5131
vn 0.2805 0.7393 0.6122
vn 0.2059 -0.8730 0.4421
vn 0.4885 0.7361 0.4685
vn 0.3667 -0.8622 0.3496
vn 0.6186 0.7359 0.2754
vn 0.4490 -0.8710 0.1994
vn 0.7021 0.7121 -0.0054
vn 0.5116 -0.8592 0.0064
vn 0.4609 -0.8667 -0.1907
vn 0.6406 0.7183 -0.2714
vn 0.4887 0.7129 -0.5029
vn 0.3399 -0.8668 -0.3649
vn 0.1928 -0.8626 -0.4677
vn 0.2669 0.7126 -0.6489
vn 0.0157 -0.8581 -0.5133
vn 0.0218 0.7129 -0.7009
vn -0.2519 0.7198 -0.6468
vn -0.1840 -0.8621 -0.4721
vn -0.3586 -0.8579 -0.3680
vn -0.4886 0.7150 -0.5000
vn -0.6555 0.3488 -0.6698
vn -0.6157 0.4648 -0.6363
vn -0.3476 0.3445 -0.8721
vn -0.3269 0.4602 -0.8254
vn 0.0213 0.3428 -0.9392
vn 0.0236 0.4620 -0.8865
vn -0.3494 0.2875 -0.8918
vn -0.6698 0.2853 -0.6856
vn 0.3561 0.3322 -0.8734
vn 0.0275 0.2853 -0.9581
vn 0.3459 0.4527 -0.8218
vn -0.3665 -0.0366 -0.9297
vn 0.0254 -0.0369 -0.9990
vn -0.6993 -0.0368 -0.7139
vn 0.6567 0.3326 -0.6768
vn 0.3807 -0.0370 -0.9240
vn 0.3652 0.2853 -0.8861
vn 0.6197 0.4511 -0.6422
vn 0.6664 0.2827 -0.6899
vn -0.3670 0.0288 -0.9298
vn 0.0251 0.0287 -0.9993
vn 0.3808 0.0287 -0.9242
vn -0.6991 0.0287 -0.7144
vn -0.2420 0.7462 -0.6202
vn 0.6953 -0.0365 -0.7178
vn 0.6948 0.0287 -0.7187
vn 0.8802 0.2931 -0.3732
vn 0.8131 0.4628 -0.3531
vn 0.0193 0.7431 -0.6689
vn 0.2559 0.7403 -0.6217
vn 0.4671 0.7432 -0.4790
vn -0.4629 0.7495 -0.4732
vn -0.2519 0.7198 -0.6469
vn 0.0218 0.7128 -0.7010
vn 0.9209 -0.0372 -0.3881
vn 0.9213 0.0284 -0.3879
vn 0.6153 0.7437 -0.2615
vn 0.9591 0.2831 -0.0014
vn 0.8811 0.4729 0.0016
vn 0.2668 0.7126 -0.6489
vn 0.4887 0.7130 -0.5029
vn 0.6405 0.7183 -0.2715
vn 0.9993 -0.0365 -0.0002
vn 0.9996 0.0289 0.0009
vn 0.6607 0.7506 -0.0047
vn 0.8881 0.2854 0.3603
vn -0.7417 0.3109 0.5944
vn -0.2258 0.9575 0.1796
vn -0.1802 0.9575 0.2253
vn -0.4107 0.2972 0.8620
vn -0.1256 0.9575 0.2597
vn 0.9256 -0.0368 0.3767
vn 0.9259 0.0288 0.3767
vn 0.5991 0.7612 0.2483
vn 0.6186 0.7359 0.2753
vn 0.4631 0.7670 0.4441
vn 0.7196 0.0286 0.6938
vn 0.6910 0.2865 0.6636
vn 0.7192 -0.0368 0.6938
vn 0.8168 0.4778 0.3234
vn 0.4886 0.7360 0.4686
vn 0.2561 0.7578 0.6001
vn 0.3873 0.0288 0.9215
vn 0.3728 0.2860 0.8827
vn 0.6279 0.4915 0.6035
vn 0.3872 -0.0368 0.9213
vn 0.8652 0.3660 0.3428
vn 0.9341 0.3571 0.0017
vn 0.0092 0.7499 0.6615
vn 0.0120 0.7173 0.6967
vn 0.0165 0.0287 0.9995
vn 0.0167 0.2848 0.9585
vn 0.3432 0.5045 0.7923
vn 0.6681 0.3873 0.6354
vn 0.0160 -0.0366 0.9992
vn -0.2451 0.7485 0.6162
vn -0.2554 0.7189 0.6465
vn -0.3674 0.0286 0.9296
vn -0.3509 0.2875 0.8912
vn 0.0027 0.5059 0.8626
vn 0.3520 0.4052 0.8438
vn -0.3677 -0.0368 0.9292
vn -0.4700 0.7476 0.4693
vn -0.4887 0.7232 0.4880
vn -0.7100 0.0285 0.7036
vn -0.6792 0.2886 0.6748
vn -0.3318 0.4852 0.8090
vn -0.7093 -0.0366 0.7040
vn 0.0017 0.4033 0.9151
vn -0.3521 0.3775 0.8565
vn -0.6190 0.4803 0.6214
vn -0.9238 0.0288 0.3818
vn -0.6092 0.7513 0.2538
vn -0.9234 -0.0370 0.3821
vn -0.8858 0.2827 0.3680
vn -0.8084 0.4849 0.3337
vn -0.6588 0.3721 0.6539
vn -0.9575 0.2875 0.0220
vn -0.6631 0.7484 0.0149
vn -0.9994 0.0286 0.0212
vn -0.6914 0.7223 0.0184
vn -0.9991 -0.0366 0.0211
vn -0.9166 0.0287 -0.3987
vn -0.6079 0.7485 -0.2649
vn -0.8770 0.4803 0.0156
vn -0.8576 0.3738 0.3533
vn -0.9164 -0.0366 -0.3985
vn -0.8779 0.2865 -0.3836
vn -0.8065 0.4744 -0.3529
vn -0.6993 0.0286 -0.7143
vn -0.6366 0.7188 -0.2793
vn -0.4630 0.7495 -0.4731
vn -0.9286 0.3708 0.0155
vn -0.8554 0.3623 -0.3701
vn -0.6699 0.2853 -0.6854
vn -0.6158 0.4647 -0.6362
vn -0.6557 0.3488 -0.6696
vn 0.8660 0.3498 -0.3574
vn -0.4886 0.7151 -0.5000
vn -0.2553 -0.7169 -0.6488
vn -0.3979 -0.8217 -0.4081
vn -0.4923 -0.7095 -0.5043
vn -0.2130 -0.8128 -0.5421
vn 0.0137 -0.7071 -0.7069
vn 0.0112 -0.8178 -0.5753
vn -0.1841 -0.8621 -0.4721
vn 0.2624 -0.7106 -0.6528
vn 0.2132 -0.8202 -0.5308
vn 0.4841 -0.7115 -0.5093
vn 0.1927 -0.8626 -0.4677
vn 0.3916 -0.8217 -0.4141
vn 0.3399 -0.8668 -0.3648
vn 0.6410 -0.7178 -0.2719
vn 0.5187 -0.8271 -0.2165
vn 0.4610 -0.8667 -0.1907
vn 0.5713 -0.8207 0.0094
vn 0.6917 -0.7221 0.0098
vn 0.6479 -0.7117 0.2717
vn 0.5123 -0.8324 0.2113
vn 0.4490 -0.8710 0.1995
vn 0.5048 -0.7130 0.4866
vn 0.4005 -0.8310 0.3861
vn 0.3667 -0.8622 0.3495
vn 0.2793 -0.7092 0.6474
vn 0.2252 -0.8223 0.5226
vn 0.0194 -0.7146 0.6993
vn 0.0168 -0.8162 0.5776
vn -0.2566 -0.7110 0.6547
vn -0.2077 -0.8213 0.5314
vn -0.1827 -0.8604 0.4757
vn -0.4111 -0.8170 0.4044
vn -0.4963 -0.7174 0.4890
vn -0.5236 -0.8245 0.2147
vn -0.6566 -0.7042 0.2700
vn -0.5014 -0.8651 0.0136
vn -0.6963 -0.7175 0.0160
vn -0.5763 -0.8172 0.0132
vn -0.6423 -0.7138 -0.2790
vn -0.5249 -0.8201 -0.2279
vn -0.4630 -0.8625 -0.2041
vn -0.3980 -0.8217 -0.4080
vn -0.4924 -0.7093 -0.5044
vn -0.6064 -0.4972 -0.6206
vn -0.2554 -0.7167 -0.6490
vn -0.6425 -0.7137 -0.2790
vn -0.7978 -0.4943 -0.3454
vn -0.6965 -0.7174 0.0160
vn -0.3196 -0.4925 -0.8095
vn -0.6098 0.4888 -0.6239
vn -0.3201 0.4893 -0.8112
vn -0.8705 -0.4919 0.0185
vn -0.8003 0.4889 -0.3470
vn 0.0159 -0.4990 -0.8664
vn 0.0160 0.4889 -0.8722
vn 0.0137 -0.7070 -0.7071
vn -0.1875 0.8564 -0.4810
vn -0.3539 0.8622 -0.3625
vn -0.4622 0.8638 -0.2007
vn -0.8002 -0.5005 0.3303
vn -0.8717 0.4897 0.0192
vn -0.5073 0.8617 0.0127
vn 0.3244 -0.4964 -0.8052
vn 0.3256 0.4885 -0.8095
vn 0.0109 0.8529 -0.5219
vn 0.0011 1.0000 0.0024
vn -0.0014 1.0000 0.0001
vn -0.0012 1.0000 -0.0029
vn -0.8044 0.4907 0.3350
vn -0.4656 0.8629 0.1965
vn 0.0046 1.0000 -0.0001
vn 0.6095 0.4949 -0.6193
vn 0.1934 0.8550 -0.4812
vn 0.3558 0.8644 -0.3553
vn 0.0018 1.0000 -0.0029
vn -0.0005 1.0000 -0.0035
vn 0.0071 1.0000 0.0034
vn -0.3662 0.8555 0.3660
vn 0.0017 1.0000 0.0030
vn 0.4626 0.8658 -0.1909
vn 0.0058 1.0000 -0.0018
vn -0.0063 1.0000 0.0076
vn 0.7984 0.5042 -0.3291
vn 0.5024 0.8647 -0.0017
vn -0.0016 1.0000 -0.0065
vn -0.1936 0.8544 0.4821
vn -0.0084 0.9999 0.0072
vn -0.3232 0.4893 0.8100
vn -0.6173 0.4907 0.6149
vn 0.0185 0.4899 0.8716
vn 0.0121 0.8514 0.5243
vn -0.0023 1.0000 0.0044
vn -0.3180 -0.4967 0.8076
vn 0.0212 -0.4933 0.8696
vn -0.6191 -0.4921 0.6120
vn 0.3427 -0.4977 0.7968
vn 0.3444 0.4885 0.8017
vn 0.2066 0.8554 0.4750
vn 0.0015 1.0000 0.0010
vn -0.4964 -0.7172 0.4891
vn -0.2566 -0.7109 0.6548
vn 0.0194 -0.7144 0.6995
vn 0.2793 -0.7090 0.6476
vn 0.6249 -0.4948 0.6039
vn 0.6280 0.4942 0.6011
vn 0.3762 0.8560 0.3547
vn -0.0002 1.0000 -0.0014
vn -0.6568 -0.7040 0.2701
vn 0.5050 -0.7128 0.4867
vn 0.8001 -0.4984 0.3337
vn 0.7978 0.5067 0.3267
vn 0.4684 0.8626 0.1909
vn -0.0025 1.0000 -0.0013
vn 0.6481 -0.7114 0.2718
vn 0.6918 -0.7220 0.0097
vn 0.8700 -0.4930 0.0081
vn 0.8562 0.5166 0.0017
vn 0.6412 -0.7176 -0.2720
vn 0.8002 -0.4964 -0.3366
vn 0.6025 -0.4945 -0.6265
vn 0.4842 -0.7114 -0.5093
vn 0.2625 -0.7104 -0.6530
vn -0.0056 -1.0000 -0.0027
vn -0.0028 -1.0000 -0.0000
vn -0.0893 -0.9318 -0.3519
vn -0.1867 -0.9159 -0.3554
vn -0.3283 -0.9208 -0.2105
vn -0.3849 -0.9230 -0.0000
vn -0.3290 -0.9205 0.2110
vn -0.1854 -0.9156 0.3569
vn -0.0979 -0.9088 0.4057
vn -0.0979 0.9087 0.4059
vn -0.0037 1.0000 -0.0000
vn -0.1856 0.9155 0.3570
vn -0.3292 0.9204 0.2111
vn -0.3852 0.9228 -0.0000
vn -0.3286 0.9206 -0.2108
vn -0.1873 0.9157 -0.3557
vn -0.3648 -0.9271 -0.0860
vn -0.0066 1.0000 -0.0033
vn -0.0977 -0.9087 0.4059
vn -0.0980 0.9085 0.4061
vn -0.1855 -0.9155 0.3570
vn -0.1857 0.9154 0.3572
vn -0.3294 0.9203 0.2112
vn -0.3292 -0.9203 0.2111
vn -0.3853 0.9228 -0.0000
vn -0.3851 -0.9229 -0.0000
vn -0.3288 0.9205 -0.2109
vn -0.3284 -0.9207 -0.2106
vn -0.1874 0.9156 -0.3558
vn -0.1868 -0.9158 -0.3555
vn -0.0904 0.9315 -0.3523
vn -0.0895 -0.9317 -0.3520
vn 0.2529 0.3719 -0.8932
vn -0.2644 0.3667 -0.8920
vn -0.2598 0.3670 -0.8932
vn -0.7011 0.3132 -0.6406
vn 0.2602 0.3716 -0.8912
vn 0.6925 0.3247 -0.6442
vn -0.7113 0.3110 -0.6303
vn -0.9538 0.2198 -0.2048
vn 0.6972 0.3239 -0.6395
vn 0.9525 0.2265 -0.2035
vn -0.9570 0.2170 -0.1927
vn -0.9497 0.1091 0.2934
vn 0.9536 0.2256 -0.1991
vn 0.9494 0.1137 0.2928
vn -0.9470 0.1070 0.3030
vn -0.6958 0.0245 0.7178
vn 0.9446 0.1101 0.3092
vn 0.7005 0.0354 0.7127
vn -0.6884 0.0233 0.7250
vn -0.2571 -0.0107 0.9663
vn 0.6879 0.0336 0.7250
vn 0.2593 -0.0042 0.9658
vn 0.2549 -0.0043 0.9670
vn -0.2508 -0.0109 0.9680
vn 0.0089 0.9755 0.2196
vn -0.0031 0.9756 0.2197
vn 0.0101 0.9754 0.2202
vn 0.0143 0.9741 0.2257
vn -0.0049 0.9753 0.2207
vn -0.0125 0.9738 0.2270
vn 0.0135 0.9738 0.2270
vn 0.0108 0.9732 0.2296
vn -0.0128 0.9734 0.2287
vn -0.0100 0.9719 0.2352
vn 0.0101 0.9732 0.2298
vn 0.0010 0.9737 0.2280
vn -0.0086 0.9716 0.2364
vn 0.0022 0.9725 0.2330
vn -0.0000 0.9737 0.2278
vn 0.0021 0.9725 0.2330
vn -0.0131 0.9765 0.2149
vn -0.0137 0.9769 0.2134
vn 0.0113 0.9763 0.2160
vn 0.0117 0.9768 0.2139
vn -0.0108 0.9803 0.1971
vn -0.0100 0.9805 0.1965
vn 0.0053 0.9802 0.1980
vn 0.0043 0.9803 0.1973
vn -0.2941 -0.3112 0.9037
vn 0.2530 -0.3123 0.9157
vn -0.2595 -0.3145 0.9131
vn -0.7021 -0.2362 0.6718
vn 0.2959 -0.3081 0.9042
vn -0.7592 -0.2171 0.6136
vn 0.7041 -0.2273 0.6728
vn -0.9599 -0.0955 0.2636
vn 0.7588 -0.2081 0.6172
vn -0.9782 -0.0705 0.1954
vn 0.9644 -0.0806 0.2517
vn -0.9717 0.0745 -0.2240
vn 0.9779 -0.0623 0.1997
vn -0.9639 0.0840 -0.2527
vn 0.9682 0.0871 -0.2346
vn -0.7085 0.1969 -0.6777
vn 0.9657 0.0901 -0.2436
vn -0.7187 0.1949 -0.6674
vn 0.7231 0.2020 -0.6606
vn 0.7041 0.2057 -0.6797
vn -0.2670 0.2377 -0.9339
vn -0.2505 0.2380 -0.9384
vn 0.2702 0.2410 -0.9322
vn 0.2542 0.2411 -0.9366
vn 0.2668 0.9412 0.2072
vn -0.2551 0.9424 0.2165
vn -0.2551 0.9424 0.2164
vn -0.7055 0.6777 0.2073
vn 0.2768 0.9384 0.2069
vn 0.7022 0.6856 0.1919
vn -0.7125 0.6705 0.2069
vn -0.9522 0.2375 0.1919
vn 0.7090 0.6787 0.1916
vn 0.9486 0.2567 0.1851
vn -0.9546 0.2279 0.1917
vn -0.9485 -0.2567 0.1855
vn 0.9486 0.2568 0.1852
vn -0.9486 -0.2568 0.1851
vn 0.9553 -0.2242 0.1925
vn 0.9526 -0.2351 0.1929
vn -0.7115 -0.6758 0.1925
vn -0.7038 -0.6837 0.1929
vn 0.7119 -0.6704 0.2092
vn 0.7049 -0.6776 0.2096
vn -0.2766 -0.9379 0.2092
vn -0.2665 -0.9408 0.2096
vn 0.2551 -0.9419 0.2186
vn 0.2551 -0.9419 0.2187
vn 0.0062 -0.0282 0.9996
vn 0.0063 -0.0282 0.9996
vn -0.0100 0.0199 0.9998
vn 0.0834 -0.0326 0.9960
vn -0.0099 0.0200 0.9998
vn 0.0835 -0.0326 0.9960
vn 0.0991 0.0268 0.9947
vn 0.0169 0.0024 0.9999
vn -0.0380 -0.0590 0.9975
vn -0.0382 -0.0591 0.9975
vn 0.0321 0.0560 0.9979
vn 0.0319 0.0559 0.9979
vn -0.0991 -0.0268 0.9947
vn -0.0188 -0.0107 0.9998
vn -0.0188 -0.0106 0.9998
vn -0.0560 0.0321 0.9979
vn -0.0558 0.0322 0.9979
vn 0.0142 -0.0523 0.9985
vn 0.0216 0.0003 0.9998
vn 0.2042 -0.8036 0.5590
vn 0.5573 -0.5968 0.5773
vn 0.2068 -0.8028 0.5592
vn -0.1824 -0.8027 0.5679
vn 0.5631 -0.5909 0.5777
vn 0.7753 -0.2206 0.5918
vn -0.1900 -0.8009 0.5679
vn -0.5497 -0.5927 0.5887
vn 0.7765 -0.2163 0.5919
vn 0.7719 0.2088 0.6005
vn -0.5548 -0.5875 0.5890
vn -0.7720 -0.2092 0.6001
vn 0.7718 0.2089 0.6005
vn -0.7720 -0.2093 0.6001
vn 0.5532 0.5903 0.5878
vn 0.5473 0.5962 0.5874
vn -0.7758 0.2305 0.5874
vn -0.7736 0.2385 0.5870
vn 0.1911 0.8031 0.5644
vn 0.1838 0.8051 0.5639
vn -0.5704 0.5967 0.5645
vn -0.5649 0.6025 0.5639
vn -0.2177 0.8034 0.5543
vn -0.8933 0.3757 -0.2468
vn -0.8920 0.3667 0.2644
vn -0.8932 0.3670 0.2598
vn -0.6406 0.3132 0.7011
vn -0.8919 0.3755 -0.2519
vn -0.6408 0.3318 -0.6923
vn -0.6303 0.3110 0.7113
vn -0.2048 0.2198 0.9538
vn -0.6372 0.3313 -0.6958
vn -0.1980 0.2284 -0.9532
vn -0.1928 0.2170 0.9569
vn 0.2935 0.1091 0.9497
vn -0.1911 0.2267 -0.9550
vn 0.2906 0.1147 -0.9500
vn 0.3030 0.1070 0.9469
vn 0.7178 0.0245 0.6958
vn 0.3054 0.1114 -0.9457
vn 0.7132 0.0359 -0.7000
vn 0.7250 0.0233 0.6884
vn 0.9663 -0.0107 0.2571
vn 0.7247 0.0342 -0.6882
vn 0.9662 -0.0041 -0.2576
vn 0.9679 -0.0044 -0.2513
vn 0.9680 -0.0109 0.2508
vn 0.2196 0.9756 -0.0089
vn 0.2197 0.9756 0.0031
vn 0.2202 0.9754 -0.0101
vn 0.2257 0.9741 -0.0143
vn 0.2208 0.9753 0.0049
vn 0.2270 0.9738 0.0125
vn 0.2270 0.9738 -0.0135
vn 0.2296 0.9732 -0.0108
vn 0.2287 0.9734 0.0128
vn 0.2352 0.9719 0.0100
vn 0.2298 0.9732 -0.0101
vn 0.2280 0.9737 -0.0010
vn 0.2364 0.9716 0.0086
vn 0.2330 0.9725 -0.0022
vn 0.2278 0.9737 -0.0000
vn 0.2330 0.9725 -0.0021
vn 0.2149 0.9766 0.0131
vn 0.2134 0.9769 0.0137
vn 0.2160 0.9763 -0.0113
vn 0.2139 0.9768 -0.0117
vn 0.1971 0.9803 0.0108
vn 0.1965 0.9805 0.0100
vn 0.1980 0.9802 -0.0053
vn 0.1973 0.9803 -0.0043
vn 0.9037 -0.3112 0.2941
vn 0.9157 -0.3123 -0.2530
vn 0.9131 -0.3145 0.2595
vn 0.6718 -0.2362 0.7021
vn 0.9042 -0.3080 -0.2959
vn 0.6136 -0.2171 0.7592
vn 0.6728 -0.2273 -0.7041
vn 0.2637 -0.0955 0.9599
vn 0.6172 -0.2081 -0.7588
vn 0.1954 -0.0705 0.9782
vn 0.2517 -0.0806 -0.9644
vn -0.2240 0.0746 0.9717
vn 0.1997 -0.0623 -0.9779
vn -0.2527 0.0840 0.9639
vn -0.2346 0.0871 -0.9682
vn -0.6777 0.1969 0.7085
vn -0.2436 0.0901 -0.9657
vn -0.6674 0.1949 0.7187
vn -0.6606 0.2020 -0.7231
vn -0.6797 0.2057 -0.7041
vn -0.9339 0.2377 0.2670
vn -0.9384 0.2380 0.2505
vn -0.9322 0.2410 -0.2702
vn -0.9366 0.2411 -0.2542
vn 0.2072 0.9412 -0.2668
vn 0.2164 0.9424 0.2551
vn 0.2073 0.6777 0.7055
vn 0.2069 0.9384 -0.2768
vn 0.1919 0.6856 -0.7022
vn 0.2069 0.6705 0.7125
vn 0.1919 0.2375 0.9522
vn 0.1916 0.6787 -0.7090
vn 0.1851 0.2567 -0.9486
vn 0.1917 0.2279 0.9546
vn 0.1853 -0.2568 0.9485
vn 0.1851 0.2568 -0.9486
vn 0.1851 -0.2568 0.9486
vn 0.1925 -0.2242 -0.9553
vn 0.1929 -0.2351 -0.9526
vn 0.1925 -0.6758 0.7115
vn 0.1929 -0.6837 0.7038
vn 0.2092 -0.6704 -0.7119
vn 0.2096 -0.6776 -0.7049
vn 0.2092 -0.9379 0.2766
vn 0.2096 -0.9407 0.2666
vn 0.2186 -0.9419 -0.2551
vn 0.2186 -0.9419 -0.2550
vn 0.9996 -0.0282 -0.0062
vn 0.9996 -0.0282 -0.0063
vn 0.9998 0.0199 0.0100
vn 0.9960 -0.0326 -0.0834
vn 0.9998 0.0200 0.0099
vn 0.9960 -0.0325 -0.0835
vn 0.9947 0.0268 -0.0991
vn 0.9999 0.0024 -0.0169
vn 0.9975 -0.0590 0.0380
vn 0.9975 -0.0590 0.0382
vn 0.9979 0.0560 -0.0321
vn 0.9979 0.0559 -0.0319
vn 0.9947 -0.0268 0.0991
vn 0.9998 -0.0107 0.0188
vn 0.9998 -0.0106 0.0188
vn 0.9979 0.0322 0.0560
vn 0.9979 0.0322 0.0558
vn 0.9985 -0.0523 -0.0142
vn 0.9998 0.0003 -0.0216
vn 0.5590 -0.8036 -0.2042
vn 0.5773 -0.5968 -0.5573
vn 0.5592 -0.8029 -0.2068
vn 0.5678 -0.8027 0.1824
vn 0.5777 -0.5909 -0.5631
vn 0.5918 -0.2206 -0.7753
vn 0.5679 -0.8009 0.1900
vn 0.5887 -0.5927 0.5497
vn 0.5919 -0.2163 -0.7765
vn 0.6004 0.2088 -0.7719
vn 0.5890 -0.5875 0.5548
vn 0.6001 -0.2092 0.7721
vn 0.6005 0.2089 -0.7718
vn 0.6001 -0.2093 0.7720
vn 0.5878 0.5903 -0.5532
vn 0.5874 0.5962 -0.5473
vn 0.5874 0.2305 0.7758
vn 0.5871 0.2385 0.7736
vn 0.5644 0.8031 -0.1911
vn 0.5639 0.8051 -0.1838
vn 0.5645 0.5967 0.5704
vn 0.5639 0.6025 0.5649
vn 0.5543 0.8034 0.2177
vn -0.2514 0.3728 0.8932
vn 0.2644 0.3666 0.8920
vn 0.2598 0.3670 0.8932
vn 0.7011 0.3132 0.6406
vn -0.2583 0.3723 0.8915
vn -0.6926 0.3264 0.6432
vn 0.7113 0.3110 0.6303
vn 0.9538 0.2198 0.2048
vn -0.6967 0.3255 0.6392
vn -0.9526 0.2271 0.2023
vn 0.9570 0.2170 0.1927
vn 0.9497 0.1091 -0.2934
vn -0.9540 0.2258 0.1972
vn -0.9497 0.1141 -0.2917
vn 0.9470 0.1070 -0.3030
vn 0.6958 0.0245 -0.7178
vn -0.9451 0.1108 -0.3073
vn -0.7003 0.0357 -0.7130
vn 0.6884 0.0233 -0.7250
vn 0.2571 -0.0108 -0.9663
vn -0.6879 0.0338 -0.7250
vn -0.2584 -0.0041 -0.9660
vn -0.2532 -0.0044 -0.9674
vn 0.2508 -0.0109 -0.9680
vn -0.0089 0.9755 -0.2196
vn 0.0031 0.9756 -0.2197
vn -0.0101 0.9754 -0.2202
vn -0.0143 0.9741 -0.2257
vn 0.0049 0.9753 -0.2207
vn 0.0125 0.9738 -0.2270
vn -0.0135 0.9738 -0.2270
vn -0.0108 0.9732 -0.2296
vn 0.0128 0.9734 -0.2287
vn 0.0100 0.9719 -0.2352
vn -0.0101 0.9732 -0.2298
vn -0.0010 0.9737 -0.2280
vn 0.0086 0.9716 -0.2364
vn -0.0022 0.9725 -0.2330
vn -0.0000 0.9737 -0.2278
vn -0.0021 0.9725 -0.2330
vn 0.0131 0.9765 -0.2149
vn 0.0137 0.9769 -0.2134
vn -0.0113 0.9763 -0.2160
vn -0.0117 0.9768 -0.2139
vn 0.0108 0.9803 -0.1971
vn 0.0100 0.9805 -0.1965
vn -0.0052 0.9802 -0.1981
vn -0.0044 0.9803 -0.1972
vn 0.2941 -0.3112 -0.9037
vn -0.2530 -0.3123 -0.9157
vn 0.2595 -0.3145 -0.9131
vn 0.7021 -0.2362 -0.6718
vn -0.2959 -0.3081 -0.9042
vn 0.7592 -0.2171 -0.6136
vn -0.7041 -0.2273 -0.6728
vn 0.9599 -0.0955 -0.2636
vn -0.7588 -0.2081 -0.6172
vn 0.9782 -0.0705 -0.1954
vn -0.9644 -0.0806 -0.2517
vn 0.9717 0.0745 0.2240
vn -0.9779 -0.0623 -0.1997
vn 0.9639 0.0840 0.2527
vn -0.9682 0.0871 0.2346
vn 0.7085 0.1969 0.6777
vn -0.9657 0.0901 0.2436
vn 0.7187 0.1949 0.6674
vn -0.7231 0.2020 0.6606
vn -0.7041 0.2057 0.6797
vn 0.2670 0.2377 0.9339
vn 0.2505 0.2380 0.9384
vn -0.2702 0.2410 0.9322
vn -0.2542 0.2411 0.9366
vn -0.2668 0.9412 -0.2072
vn 0.2551 0.9424 -0.2164
vn 0.7055 0.6777 -0.2073
vn -0.2768 0.9384 -0.2069
vn -0.7022 0.6856 -0.1919
vn 0.7125 0.6705 -0.2069
vn 0.9522 0.2375 -0.1919
vn -0.7090 0.6787 -0.1917
vn -0.9486 0.2567 -0.1851
vn 0.9546 0.2279 -0.1917
vn 0.9485 -0.2567 -0.1855
vn -0.9486 0.2568 -0.1852
vn 0.9486 -0.2568 -0.1851
vn -0.9553 -0.2242 -0.1925
vn -0.9526 -0.2351 -0.1929
vn 0.7115 -0.6758 -0.1925
vn 0.7038 -0.6837 -0.1929
vn -0.7119 -0.6704 -0.2092
vn -0.7049 -0.6776 -0.2096
vn 0.2766 -0.9379 -0.2092
vn 0.2666 -0.9408 -0.2096
vn -0.2551 -0.9419 -0.2186
vn -0.2549 -0.9419 -0.2186
vn -0.0062 -0.0282 -0.9996
vn -0.0063 -0.0283 -0.9996
vn 0.0100 0.0199 -0.9998
vn -0.0834 -0.0326 -0.9960
vn 0.0099 0.0200 -0.9998
vn -0.0835 -0.0326 -0.9960
vn -0.0991 0.0268 -0.9947
vn -0.0169 0.0024 -0.9999
vn 0.0380 -0.0590 -0.9975
vn 0.0382 -0.0590 -0.9975
vn -0.0321 0.0560 -0.9979
vn -0.0319 0.0559 -0.9979
vn 0.0991 -0.0268 -0.9947
vn 0.0188 -0.0107 -0.9998
vn 0.0188 -0.0106 -0.9998
vn 0.0560 0.0321 -0.9979
vn 0.0558 0.0322 -0.9979
vn -0.0142 -0.0523 -0.9985
vn -0.0216 0.0003 -0.9998
vn -0.2042 -0.8036 -0.5590
vn -0.5573 -0.5968 -0.5773
vn -0.2068 -0.8028 -0.5592
vn 0.1824 -0.8027 -0.5678
vn -0.5631 -0.5909 -0.5777
vn -0.7753 -0.2206 -0.5918
vn 0.1900 -0.8009 -0.5679
vn 0.5497 -0.5927 -0.5887
vn -0.7765 -0.2163 -0.5919
vn -0.7719 0.2088 -0.6005
vn 0.5548 -0.5875 -0.5890
vn 0.7720 -0.2092 -0.6001
vn -0.7718 0.2089 -0.6005
vn 0.7720 -0.2093 -0.6001
vn -0.5532 0.5903 -0.5878
vn -0.5473 0.5962 -0.5874
vn 0.7758 0.2305 -0.5874
vn 0.7736 0.2385 -0.5870
vn -0.1911 0.8031 -0.5644
vn -0.1838 0.8051 -0.5639
vn 0.5704 0.5967 -0.5645
vn 0.5649 0.6025 -0.5639
vn 0.2177 0.8034 -0.5543
vn 0.8932 0.3719 0.2529
vn 0.8920 0.3667 -0.2644
vn 0.8932 0.3670 -0.2598
vn 0.6406 0.3132 -0.7011
vn 0.8912 0.3716 0.2603
vn 0.6442 0.3248 0.6925
vn 0.6303 0.3110 -0.7113
vn 0.2048 0.2198 -0.9538
vn 0.6394 0.3239 0.6973
vn 0.2035 0.2265 0.9525
vn 0.1927 0.2170 -0.9570
vn -0.2934 0.1091 -0.9497
vn 0.1991 0.2256 0.9536
vn -0.2928 0.1137 0.9494
vn -0.3030 0.1070 -0.9470
vn -0.7178 0.0245 -0.6958
vn -0.3092 0.1101 0.9446
vn -0.7127 0.0354 0.7006
vn -0.7250 0.0233 -0.6884
vn -0.9663 -0.0108 -0.2571
vn -0.7250 0.0336 0.6879
vn -0.9658 -0.0041 0.2593
vn -0.9670 -0.0044 0.2549
vn -0.9680 -0.0109 -0.2508
vn -0.2196 0.9755 0.0089
vn -0.2197 0.9756 -0.0031
vn -0.2202 0.9754 0.0101
vn -0.2257 0.9741 0.0143
vn -0.2208 0.9753 -0.0049
vn -0.2270 0.9738 -0.0125
vn -0.2270 0.9738 0.0135
vn -0.2296 0.9732 0.0108
vn -0.2287 0.9734 -0.0128
vn -0.2352 0.9719 -0.0100
vn -0.2298 0.9732 0.0101
vn -0.2280 0.9737 0.0010
vn -0.2364 0.9716 -0.0086
vn -0.2330 0.9725 0.0022
vn -0.2278 0.9737 -0.0000
vn -0.2330 0.9725 0.0021
vn -0.2149 0.9765 -0.0131
vn -0.2134 0.9769 -0.0137
vn -0.2160 0.9763 0.0113
vn -0.2142 0.9767 0.0120
vn -0.1971 0.9803 -0.0108
vn -0.1965 0.9805 -0.0100
vn -0.1981 0.9802 0.0052
vn -0.1972 0.9803 0.0044
vn -0.9037 -0.3112 -0.2941
vn -0.9157 -0.3123 0.2530
vn -0.9131 -0.3145 -0.2595
vn -0.6718 -0.2362 -0.7021
vn -0.9042 -0.3080 0.2959
vn -0.6136 -0.2171 -0.7592
vn -0.6728 -0.2273 0.7041
vn -0.2637 -0.0955 -0.9599
vn -0.6172 -0.2081 0.7588
vn -0.1954 -0.0705 -0.9782
vn -0.2517 -0.0806 0.9644
vn 0.2240 0.0746 -0.9717
vn -0.1997 -0.0623 0.9779
vn 0.2527 0.0840 -0.9639
vn 0.2346 0.0871 0.9682
vn 0.6777 0.1969 -0.7085
vn 0.2436 0.0901 0.9657
vn 0.6674 0.1949 -0.7187
vn 0.6606 0.2020 0.7231
vn 0.6797 0.2057 0.7041
vn 0.9339 0.2377 -0.2670
vn 0.9384 0.2380 -0.2505
vn 0.9322 0.2410 0.2702
vn 0.9366 0.2411 0.2542
vn -0.2072 0.9412 0.2668
vn -0.2164 0.9424 -0.2551
vn -0.2073 0.6777 -0.7055
vn -0.2069 0.9384 0.2768
vn -0.1919 0.6856 0.7022
vn -0.2069 0.6705 -0.7125
vn -0.1919 0.2374 -0.9523
vn -0.1916 0.6787 0.7090
vn -0.1852 0.2568 0.9486
vn -0.1917 0.2279 -0.9546
vn -0.1851 -0.2568 -0.9486
vn -0.1851 0.2568 0.9486
vn -0.1925 -0.2242 0.9553
vn -0.1929 -0.2351 0.9526
vn -0.1925 -0.6758 -0.7115
vn -0.1929 -0.6837 -0.7038
vn -0.2092 -0.6704 0.7119
vn -0.2096 -0.6776 0.7049
vn -0.2092 -0.9379 -0.2766
vn -0.2096 -0.9408 -0.2665
vn -0.2185 -0.9419 0.2551
vn -0.2186 -0.9419 0.2550
vn -0.9996 -0.0282 0.0062
vn -0.9996 -0.0283 0.0063
vn -0.9998 0.0199 -0.0100
vn -0.9960 -0.0326 0.0834
vn -0.9998 0.0200 -0.0099
vn -0.9960 -0.0326 0.0835
vn -0.9947 0.0268 0.0991
vn -0.9999 0.0024 0.0169
vn -0.9975 -0.0590 -0.0380
vn -0.9975 -0.0590 -0.0382
vn -0.9979 0.0560 0.0321
vn -0.9979 0.0559 0.0319
vn -0.9947 -0.0268 -0.0991
vn -0.9998 -0.0107 -0.0188
vn -0.9998 -0.0106 -0.0188
vn -0.9979 0.0321 -0.0560
vn -0.9979 0.0322 -0.0558
vn -0.9985 -0.0523 0.0142
vn -0.9998 0.0003 0.0216
vn -0.5590 -0.8036 0.2042
vn -0.5773 -0.5968 0.5573
vn -0.5592 -0.8028 0.2068
vn -0.5678 -0.8027 -0.1824
vn -0.5777 -0.5909 0.5631
vn -0.5917 -0.2206 0.7754
vn -0.5679 -0.8009 -0.1900
vn -0.5887 -0.5927 -0.5497
vn -0.5919 -0.2163 0.7765
vn -0.6005 0.2088 0.7719
vn -0.5890 -0.5875 -0.5548
vn -0.6001 -0.2092 -0.7721
vn -0.6005 0.2089 0.7718
vn -0.6001 -0.2093 -0.7720
vn -0.5878 0.5903 0.5532
vn -0.5874 0.5962 0.5473
vn -0.5874 0.2305 -0.7758
vn -0.5870 0.2385 -0.7736
vn -0.5644 0.8031 0.1911
vn -0.5639 0.8051 0.1838
vn -0.5645 0.5967 -0.5704
vn -0.5639 0.6025 -0.5649
vn -0.5543 0.8034 -0.2177
vn -0.2731 -0.9492 -0.1561
vn 0.2710 -0.9494 -0.1587
vn -0.2664 -0.9393 -0.2162
vn 0.2732 -0.9370 -0.2179
vn 0.7291 -0.6691 -0.1440
vn 0.7345 -0.6705 -0.1048
vn 0.7583 -0.5635 -0.3279
vn 0.2932 -0.8023 -0.5200
vn 0.9749 -0.2195 -0.0362
vn -0.2876 -0.8033 -0.5216
vn 0.9787 -0.2044 -0.0216
vn 0.9571 0.2815 0.0682
vn 0.9807 -0.1757 -0.0858
vn 0.9825 -0.1334 -0.1297
vn 0.7669 -0.4569 -0.4506
vn 0.2991 -0.6651 -0.6842
vn -0.2931 -0.6660 -0.6860
vn 0.9533 0.2959 0.0610
vn 0.6939 0.7041 0.1509
vn 0.9574 0.2592 0.1274
vn 0.9580 0.2195 0.1847
vn 0.9586 0.1670 0.2308
vn 0.9825 -0.0784 -0.1692
vn 0.7716 -0.3050 -0.5582
vn 0.7038 0.6471 0.2933
vn 0.6924 0.7100 0.1283
vn -0.1834 0.9062 0.3809
vn -0.1745 0.9159 0.3614
vn -0.2649 0.9038 0.3362
vn -0.1016 0.9018 0.4201
vn -0.2529 0.9150 0.3142
vn -0.3367 0.9019 0.2705
vn -0.0955 0.9141 0.3941
vn -0.1482 0.9399 0.3076
vn -0.2132 0.9399 0.2667
vn -0.0009 0.8931 0.4499
vn -0.3184 0.9142 0.2505
vn -0.2676 0.9400 0.2116
vn -0.3902 0.9001 0.1940
vn -0.1780 0.9583 0.2236
vn -0.2237 0.9588 0.1754
vn -0.0818 0.9400 0.3313
vn -0.1253 0.9580 0.2581
vn -0.0015 0.9112 0.4119
vn -0.0015 0.9403 0.3403
vn 0.0974 0.8936 0.4382
vn -0.3645 0.9136 0.1802
vn -0.3056 0.9400 0.1515
vn -0.2532 0.9592 0.1258
vn 0.0927 0.9115 0.4008
vn -0.4370 0.8937 0.1019
vn -0.1965 0.9690 0.1501
vn -0.2185 0.9696 0.1103
vn -0.0013 0.9589 0.2836
vn -0.0676 0.9580 0.2786
vn 0.0766 0.9403 0.3317
vn 0.1762 0.9142 0.3650
vn 0.1926 0.9024 0.3855
vn -0.4007 0.9114 0.0940
vn -0.3313 0.9403 0.0785
vn -0.2744 0.9594 0.0645
vn -0.2375 0.9697 0.0573
vn -0.2083 0.9709 0.1182
vn -0.2342 0.9705 0.0565
vn -0.0009 0.9691 0.2467
vn 0.0631 0.9586 0.2778
vn 0.1503 0.9400 0.3062
vn 0.2495 0.9169 0.3115
vn 0.2605 0.9084 0.3269
vn -0.3401 0.9404 0.0038
vn -0.2824 0.9593 0.0038
vn -0.2443 0.9697 0.0048
vn -0.2349 0.9720 0.0045
vn -0.2183 0.9717 0.0903
vn -0.2339 0.9723 0.0044
vn 0.0537 0.9683 0.2438
vn 0.1266 0.9586 0.2549
vn 0.2136 0.9399 0.2664
vn 0.3228 0.9107 0.2576
vn 0.3103 0.9177 0.2480
vn -0.2781 0.9584 -0.0646
vn -0.3308 0.9404 -0.0786
vn -0.2450 0.9679 -0.0553
vn -0.2328 0.9712 -0.0516
vn -0.2089 0.9741 -0.0870
vn 0.1140 0.9682 0.2225
vn 0.1772 0.9586 0.2229
vn 0.2670 0.9398 0.2132
vn 0.3584 0.9168 0.1759
vn 0.3062 0.9399 0.1509
vn 0.3760 0.9083 0.1836
vn -0.2564 0.9581 -0.1276
vn -0.3057 0.9401 -0.1508
vn -0.2230 0.9677 -0.1175
vn -0.2025 0.9721 -0.1181
vn 0.1536 0.9682 0.1974
vn 0.2237 0.9583 0.1776
vn 0.2551 0.9586 0.1265
vn -0.2207 0.9590 -0.1776
vn 0.3947 0.9141 0.0931
vn 0.3316 0.9401 0.0789
vn 0.2762 0.9589 0.0649
vn -0.1939 0.9687 -0.1548
vn 0.4216 0.9015 0.0981
vn 0.1980 0.9678 0.1551
vn 0.2224 0.9683 0.1137
vn 0.2413 0.9688 0.0568
vn 0.3401 0.9404 0.0013
vn 0.2827 0.9592 0.0014
vn 0.2457 0.9693 0.0023
vn 0.4421 0.8970 0.0021
vn 0.4087 0.9127 0.0010
vn 0.2149 0.9754 0.0494
vn 0.1982 0.9741 0.1091
vn 0.2134 0.9770 0.0010
vn 0.3946 0.9142 -0.0928
vn -0.4487 -0.2297 -0.8637
vn -0.2339 0.0346 -0.9716
vn -0.2286 -0.2204 -0.9482
vn -0.4599 0.0393 -0.8871
vn -0.8178 -0.2369 -0.5244
vn -0.1758 0.6609 -0.7296
vn -0.3592 0.6555 -0.6643
vn -0.8408 0.0368 -0.5401
vn -0.9706 -0.2407 -0.0000
vn -0.6533 0.6347 -0.4128
vn -0.9994 0.0359 -0.0000
vn -0.8178 -0.2370 0.5244
vn -0.7774 0.6290 -0.0000
vn -0.6533 0.6347 0.4128
vn -0.8408 0.0367 0.5400
vn -0.4487 -0.2297 0.8637
vn -0.3593 0.6555 0.6643
vn -0.4599 0.0393 0.8871
vn -0.2286 -0.2204 0.9482
vn -0.1759 0.6611 0.7294
vn -0.2342 0.0344 0.9716
vn -0.4487 -0.2299 -0.8636
vn -0.2286 -0.2206 -0.9482
vn -0.8178 -0.2372 -0.5244
vn -0.9705 -0.2409 0.0001
vn -0.8178 -0.2372 0.5244
vn -0.4486 -0.2299 0.8636
vn -0.2287 -0.2206 0.9482
vn -0.8636 -0.2298 0.4487
vn -0.9716 0.0345 0.2339
vn -0.9482 -0.2204 0.2286
vn -0.8871 0.0393 0.4599
vn -0.5244 -0.2370 0.8178
vn -0.7295 0.6610 0.1759
vn -0.6643 0.6555 0.3593
vn -0.5400 0.0367 0.8408
vn -0.0000 -0.2407 0.9706
vn -0.4128 0.6347 0.6533
vn -0.0000 0.0360 0.9994
vn 0.5244 -0.2370 0.8178
vn -0.0000 0.6290 0.7774
vn 0.4128 0.6347 0.6533
vn 0.5400 0.0367 0.8409
vn 0.8636 -0.2298 0.4487
vn 0.6643 0.6555 0.3592
vn 0.8871 0.0394 0.4599
vn 0.9482 -0.2204 0.2286
vn 0.7294 0.6611 0.1759
vn 0.9716 0.0345 0.2342
vn -0.8636 -0.2299 0.4486
vn -0.9482 -0.2206 0.2286
vn -0.5243 -0.2372 0.8178
vn -0.0000 -0.2409 0.9705
vn 0.5244 -0.2372 0.8178
vn 0.8636 -0.2299 0.4487
vn 0.9482 -0.2206 0.2286
vn 0.4487 -0.2298 0.8636
vn 0.2347 0.0345 0.9715
vn 0.2287 -0.2204 0.9482
vn 0.4599 0.0394 0.8871
vn 0.8178 -0.2369 0.5244
vn 0.1759 0.6610 0.7295
vn 0.3592 0.6555 0.6643
vn 0.8408 0.0367 0.5400
vn 0.9706 -0.2407 -0.0000
vn 0.6533 0.6347 0.4128
vn 0.9994 0.0359 -0.0000
vn 0.8178 -0.2370 -0.5244
vn 0.7774 0.6290 -0.0000
vn 0.6533 0.6347 -0.4127
vn 0.8408 0.0367 -0.5401
vn 0.4487 -0.2298 -0.8636
vn 0.3593 0.6555 -0.6643
vn 0.4599 0.0393 -0.8871
vn 0.2286 -0.2204 -0.9482
vn 0.1759 0.6611 -0.7294
vn 0.2342 0.0346 -0.9716
vn 0.4488 -0.2299 0.8636
vn 0.2285 -0.2206 0.9482
vn 0.8178 -0.2372 0.5243
vn 0.9705 -0.2409 -0.0000
vn 0.8178 -0.2372 -0.5244
vn 0.4486 -0.2299 -0.8636
vn 0.2286 -0.2206 -0.9482
vn 0.8636 -0.2298 -0.4487
vn 0.9716 0.0345 -0.2339
vn 0.9483 -0.2204 -0.2286
vn 0.8871 0.0393 -0.4599
vn 0.5244 -0.2370 -0.8178
vn 0.7294 0.6611 -0.1759
vn 0.6643 0.6555 -0.3593
vn 0.5401 0.0368 -0.8408
vn -0.0000 -0.2407 -0.9706
vn 0.4128 0.6347 -0.6532
vn -0.0000 0.0359 -0.9994
vn -0.5244 -0.2370 -0.8178
vn -0.0000 0.6290 -0.7774
vn -0.4128 0.6347 -0.6533
vn -0.5400 0.0367 -0.8408
vn -0.8636 -0.2298 -0.4487
vn -0.6643 0.6555 -0.3592
vn -0.8871 0.0393 -0.4599
vn -0.9483 -0.2204 -0.2286
vn -0.7294 0.6611 -0.1759
vn -0.9716 0.0346 -0.2342
vn 0.8636 -0.2299 -0.4486
vn 0.9482 -0.2206 -0.2286
vn 0.5243 -0.2372 -0.8178
vn -0.0000 -0.2409 -0.9705
vn -0.5243 -0.2372 -0.8178
vn -0.8637 -0.2299 -0.4486
vn -0.9482 -0.2206 -0.2286
vn 0.3310 0.9403 -0.0792
vn 0.2781 0.9583 -0.0652
vn 0.2455 0.9678 -0.0558
vn 0.4219 0.9012 -0.0994
vn 0.3593 0.9169 -0.1737
vn 0.3068 0.9400 -0.1491
vn 0.2006 0.9797 0.0005
vn 0.1931 0.9781 0.0777
vn 0.2113 0.9762 -0.0489
vn 0.2571 0.9581 -0.1261
vn 0.2246 0.9677 -0.1147
vn 0.3767 0.9082 -0.1826
vn 0.3284 0.9087 -0.2579
vn 0.3125 0.9170 -0.2481
vn 0.2679 0.9400 -0.2113
vn 0.2244 0.9584 -0.1764
vn 0.1811 0.9804 -0.0772
vn 0.1893 0.9762 -0.1061
vn 0.1973 0.9683 -0.1533
vn 0.1736 0.9764 -0.1287
vn 0.2590 0.9086 -0.3276
vn 0.2488 0.9170 -0.3118
vn 0.2119 0.9401 -0.2669
vn 0.1763 0.9587 -0.2232
vn 0.1519 0.9687 -0.1963
vn 0.1288 0.9761 -0.1750
vn 0.1381 0.9803 -0.1415
vn 0.1736 0.9174 -0.3581
vn 0.1490 0.9400 -0.3070
vn 0.1251 0.9585 -0.2560
vn 0.1816 0.9096 -0.3737
vn 0.1117 0.9683 -0.2232
vn 0.1049 0.9759 -0.1911
vn 0.0771 0.9798 -0.1843
vn 0.0923 0.9139 -0.3953
vn 0.0791 0.9402 -0.3313
vn 0.0656 0.9585 -0.2774
vn 0.0562 0.9682 -0.2439
vn 0.0491 0.9758 -0.2131
vn 0.0968 0.9004 -0.4241
vn 0.0014 0.9790 -0.2037
vn -0.0003 0.9764 -0.2161
vn -0.0025 0.9692 -0.2461
vn -0.0013 0.9593 -0.2824
vn -0.0013 0.9404 -0.3401
vn -0.0025 0.8882 -0.4595
vn -0.0020 0.9095 -0.4157
vn -0.0565 0.9686 -0.2421
vn -0.0482 0.9746 -0.2186
vn -0.0641 0.9591 -0.2757
vn -0.0781 0.9404 -0.3310
vn -0.0933 0.9111 -0.4014
vn -0.0802 0.9778 -0.1934
vn -0.1002 0.8926 -0.4395
vn -0.1278 0.9591 -0.2525
vn -0.1182 0.9683 -0.2200
vn -0.1181 0.9733 -0.1969
vn -0.1529 0.9403 -0.3042
vn -0.1804 0.9151 -0.3606
vn -0.1904 0.9034 -0.3843
vn -0.1755 0.9594 -0.2207
vn -0.2126 0.9400 -0.2669
vn -0.1556 0.9687 -0.1934
vn -0.1411 0.9731 -0.1822
vn -0.2499 0.9161 -0.3135
vn -0.1555 0.9756 -0.1549
vn -0.2624 0.9065 -0.3306
vn -0.2662 0.9400 -0.2133
vn -0.1859 0.9721 -0.1432
vn -0.3128 0.9161 -0.2510
vn -0.3307 0.9061 -0.2639
vn -0.3648 0.9140 -0.1776
vn -0.3878 0.9014 -0.1927
vn -0.4396 0.8924 -0.1021
vn -0.4014 0.9110 -0.0947
vn -0.4151 0.9098 0.0045
vn -0.4583 0.8888 0.0046
vn 0.1847 0.9736 0.1339
vn 0.1383 0.9723 0.1886
vn 0.1526 0.9764 0.1531
vn 0.1144 0.9723 0.2038
vn 0.0856 0.9745 0.2075
vn 0.0504 0.9717 0.2310
vn -0.0021 0.9737 0.2280
vn -0.0008 0.9727 0.2320
vn -0.0577 0.9674 0.2465
vn -0.0537 0.9712 0.2321
vn -0.0911 0.9735 0.2098
vn -0.1155 0.9676 0.2247
vn -0.1180 0.9712 0.2068
vn -0.1547 0.9683 0.1959
vn -0.1436 0.9713 0.1896
vn -0.1637 0.9726 0.1653
vn -0.1930 0.9708 0.1426
vn -0.4492 0.2266 -0.8642
vn -0.0425 0.9991 -0.0000
vn -0.2290 0.2173 -0.9489
vn -0.8184 0.2337 -0.5250
vn -0.9714 0.2375 -0.0000
vn -0.8185 0.2337 0.5249
vn -0.4492 0.2265 0.8642
vn -0.2288 0.2173 0.9489
vn -0.4487 -0.2298 -0.8636
vn -0.2289 0.2170 -0.9489
vn -0.2286 -0.2205 -0.9482
vn -0.4492 0.2263 -0.8643
vn -0.8178 -0.2371 -0.5244
vn -0.8184 0.2336 -0.5250
vn -0.9714 0.2374 -0.0000
vn -0.8178 -0.2371 0.5244
vn -0.8185 0.2335 0.5249
vn -0.4487 -0.2298 0.8636
vn -0.4492 0.2264 0.8643
vn -0.2286 -0.2205 0.9482
vn -0.2289 0.2170 0.9489
vn -0.8178 -0.2372 -0.5243
vn -0.9705 -0.2409 -0.0000
vn -0.4486 -0.2299 0.8637
vn -0.2286 -0.2206 0.9482
vn -0.8643 0.2265 0.4492
vn -0.0000 0.9991 0.0422
vn -0.9489 0.2173 0.2289
vn -0.5250 0.2338 0.8184
vn -0.0000 0.2375 0.9714
vn 0.5249 0.2338 0.8184
vn 0.8642 0.2266 0.4492
vn 0.9489 0.2173 0.2289
vn -0.8636 -0.2297 0.4487
vn -0.9489 0.2170 0.2289
vn -0.9482 -0.2205 0.2286
vn -0.8643 0.2263 0.4492
vn -0.5244 -0.2371 0.8178
vn -0.5250 0.2335 0.8185
vn -0.0000 0.2374 0.9714
vn 0.5244 -0.2371 0.8178
vn 0.5249 0.2335 0.8185
vn 0.8643 0.2263 0.4492
vn 0.9482 -0.2205 0.2286
vn 0.9489 0.2170 0.2289
vn -0.8636 -0.2299 0.4487
vn -0.5244 -0.2372 0.8178
vn 0.5244 -0.2372 0.8177
vn 0.4492 0.2266 0.8642
vn 0.0423 0.9991 -0.0000
vn 0.2290 0.2173 0.9489
vn 0.8183 0.2338 0.5250
vn 0.9714 0.2375 -0.0000
vn 0.8184 0.2338 -0.5249
vn 0.4492 0.2265 -0.8642
vn 0.2287 0.2173 -0.9489
vn 0.4487 -0.2299 0.8636
vn 0.2289 0.2170 0.9489
vn 0.2286 -0.2205 0.9482
vn 0.4492 0.2263 0.8643
vn 0.8178 -0.2370 0.5244
vn 0.8185 0.2335 0.5250
vn 0.9714 0.2374 -0.0000
vn 0.8178 -0.2371 -0.5244
vn 0.8185 0.2336 -0.5250
vn 0.4492 0.2264 -0.8643
vn 0.2286 -0.2205 -0.9482
vn 0.2289 0.2170 -0.9489
vn 0.2286 -0.2206 0.9482
vn 0.4487 -0.2299 -0.8636
vn 0.8643 0.2265 -0.4492
vn -0.0000 0.9991 -0.0422
vn 0.9489 0.2173 -0.2289
vn 0.5249 0.2338 -0.8184
vn -0.0000 0.2375 -0.9714
vn -0.5249 0.2338 -0.8184
vn -0.8642 0.2265 -0.4492
vn -0.9489 0.2173 -0.2289
vn 0.8636 -0.2299 -0.4487
vn 0.9489 0.2171 -0.2289
vn 0.9482 -0.2205 -0.2286
vn 0.8643 0.2262 -0.4492
vn 0.5244 -0.2371 -0.8178
vn 0.5250 0.2336 -0.8185
vn -0.0000 0.2374 -0.9714
vn -0.5244 -0.2371 -0.8178
vn -0.5249 0.2336 -0.8185
vn -0.8636 -0.2297 -0.4487
vn -0.8643 0.2262 -0.4492
vn -0.9482 -0.2205 -0.2286
vn -0.9489 0.2170 -0.2289
vn -0.5244 -0.2372 -0.8177
vn -0.8636 -0.2299 -0.4487
vn -0.2524 0.9657 0.0612
vn -0.2658 0.9549 0.1320
vn -0.2325 0.9655 0.1174
vn -0.2083 0.9649 0.1597
vn -0.2133 0.9699 0.1176
vn -0.2379 0.9696 0.0577
vn -0.0014 0.9547 0.2976
vn -0.0008 0.9653 0.2610
vn -0.0710 0.9538 0.2920
vn 0.0663 0.9544 0.2911
vn 0.0737 0.9449 0.3189
vn 0.1647 0.9255 0.3411
vn 0.1444 0.9448 0.2942
vn 0.2336 0.9276 0.2915
vn -0.3267 0.9451 0.0036
vn -0.3740 0.9233 0.0877
vn -0.3184 0.9449 0.0756
vn -0.2964 0.9551 0.0039
vn -0.2883 0.9551 0.0679
vn -0.2591 0.9658 0.0051
vn -0.2389 0.9710 0.0051
vn -0.2196 0.9712 0.0928
vn -0.2339 0.9723 0.0045
vn 0.0573 0.9645 0.2578
vn 0.1327 0.9544 0.2675
vn 0.2052 0.9447 0.2558
vn 0.2905 0.9282 0.2323
vn -0.2914 0.9542 -0.0679
vn -0.3182 0.9450 -0.0756
vn -0.2585 0.9642 -0.0589
vn -0.2362 0.9703 -0.0528
vn -0.2038 0.9752 -0.0858
vn 0.1203 0.9644 0.2355
vn 0.1859 0.9544 0.2337
vn 0.2568 0.9444 0.2052
vn 0.3358 0.9274 0.1647
vn 0.2942 0.9447 0.1450
vn 0.3759 0.9083 0.1836
vn -0.2685 0.9540 -0.1337
vn -0.2942 0.9447 -0.1449
vn -0.2357 0.9639 -0.1237
vn -0.2060 0.9715 -0.1170
vn 0.1626 0.9644 0.2086
vn 0.2345 0.9541 0.1864
vn 0.2674 0.9545 0.1324
vn -0.2315 0.9548 -0.1864
vn 0.3683 0.9256 0.0870
vn 0.3187 0.9448 0.0759
vn 0.2899 0.9546 0.0682
vn -0.2052 0.9648 -0.1644
vn 0.4217 0.9014 0.0982
vn 0.2092 0.9640 0.1641
vn 0.2355 0.9644 0.1202
vn 0.2556 0.9649 0.0606
vn 0.3267 0.9451 0.0013
vn 0.2966 0.9550 0.0015
vn 0.2600 0.9656 0.0025
vn 0.3818 0.9242 0.0010
vn 0.2127 0.9759 0.0497
vn 0.1997 0.9739 0.1080
vn 0.2118 0.9773 0.0017
vn 0.3689 0.9254 -0.0867
vn 0.3184 0.9449 -0.0761
vn 0.2915 0.9541 -0.0684
vn 0.2591 0.9640 -0.0594
vn 0.4218 0.9012 -0.0994
vn 0.3364 0.9276 -0.1626
vn 0.2949 0.9447 -0.1432
vn 0.1737 0.9848 0.0001
vn 0.1725 0.9824 0.0710
vn 0.2086 0.9768 -0.0490
vn 0.2692 0.9540 -0.1320
vn 0.2372 0.9639 -0.1210
vn 0.3284 0.9087 -0.2578
vn 0.2925 0.9277 -0.2322
vn 0.2573 0.9448 -0.2030
vn 0.2353 0.9541 -0.1851
vn 0.1533 0.9860 -0.0663
vn 0.1892 0.9765 -0.1031
vn 0.2084 0.9644 -0.1626
vn 0.1704 0.9770 -0.1281
vn 0.2591 0.9087 -0.3274
vn 0.2329 0.9276 -0.2920
vn 0.2037 0.9448 -0.2566
vn 0.1849 0.9545 -0.2341
vn 0.1613 0.9648 -0.2077
vn 0.1294 0.9765 -0.1726
vn 0.1181 0.9856 -0.1214
vn 0.1625 0.9279 -0.3356
vn 0.1431 0.9447 -0.2952
vn 0.1312 0.9543 -0.2686
vn 0.1814 0.9095 -0.3739
vn 0.1182 0.9645 -0.2361
vn 0.1025 0.9762 -0.1913
vn 0.0677 0.9848 -0.1597
vn 0.0864 0.9252 -0.3694
vn 0.0761 0.9449 -0.3185
vn 0.0688 0.9543 -0.2907
vn 0.0598 0.9643 -0.2578
vn 0.0491 0.9761 -0.2116
vn 0.0967 0.9004 -0.4241
vn 0.0012 0.9837 -0.1797
vn -0.0012 0.9765 -0.2154
vn -0.0028 0.9654 -0.2608
vn -0.0015 0.9550 -0.2966
vn -0.0012 0.9452 -0.3266
vn -0.0019 0.9218 -0.3877
vn -0.4371 0.8936 0.1019
vn -0.3873 0.9220 0.0042
vn -0.3746 0.9230 -0.0883
vn -0.3409 0.9253 -0.1660
vn -0.3877 0.9014 -0.1928
vn -0.2928 0.9269 -0.2349
vn -0.2557 0.9448 -0.2050
vn -0.3308 0.9061 -0.2639
vn -0.2622 0.9066 -0.3305
vn -0.2337 0.9271 -0.2931
vn -0.2044 0.9446 -0.2566
vn -0.1688 0.9262 -0.3371
vn -0.1471 0.9449 -0.2925
vn -0.1846 0.9551 -0.2318
vn -0.1342 0.9549 -0.2649
vn -0.0871 0.9232 -0.3742
vn -0.0751 0.9450 -0.3182
vn -0.0674 0.9550 -0.2890
vn -0.1651 0.9648 -0.2046
vn -0.1249 0.9645 -0.2327
vn -0.0602 0.9648 -0.2561
vn -0.1002 0.8927 -0.4395
vn -0.0016 0.9550 -0.2966
vn -0.1430 0.9730 -0.1813
vn -0.1170 0.9729 -0.1993
vn -0.0492 0.9748 -0.2175
vn -0.0013 0.9765 -0.2154
vn -0.0746 0.9816 -0.1758
vn -0.1470 0.9783 -0.1459
vn -0.1867 0.9715 -0.1461
vn 0.1829 0.9737 0.1358
vn 0.1421 0.9715 0.1898
vn 0.1439 0.9791 0.1438
vn 0.1147 0.9714 0.2079
vn 0.0871 0.9753 0.2032
vn 0.0522 0.9701 0.2369
vn -0.0027 0.9731 0.2303
vn -0.0005 0.9711 0.2386
vn -0.0614 0.9637 0.2597
vn -0.0556 0.9696 0.2381
vn -0.1834 0.9063 0.3807
vn -0.1632 0.9268 0.3382
vn -0.2651 0.9036 0.3364
vn -0.2365 0.9261 0.2939
vn -0.3367 0.9019 0.2704
vn -0.0894 0.9254 0.3682
vn -0.1424 0.9446 0.2956
vn -0.2049 0.9447 0.2562
vn -0.0009 0.8930 0.4500
vn -0.2977 0.9255 0.2343
vn -0.2574 0.9447 0.2033
vn -0.1867 0.9541 0.2343
vn -0.2347 0.9545 0.1840
vn -0.0787 0.9446 0.3187
vn -0.1314 0.9537 0.2705
vn -0.0014 0.9231 0.3845
vn -0.0015 0.9452 0.3266
vn -0.3405 0.9251 0.1683
vn -0.2937 0.9447 0.1457
vn 0.0865 0.9233 0.3742
vn -0.0952 0.9732 0.2095
vn -0.1216 0.9638 0.2374
vn -0.1187 0.9699 0.2125
vn -0.1641 0.9644 0.2072
vn -0.1482 0.9702 0.1915
vn -0.1648 0.9723 0.1657
vn -0.1952 0.9699 0.1458
vt 0.044373 0.099609
vt 0.017578 0.130371
vt 0.017578 0.099609
vt 0.044373 0.130371
vt 0.070129 0.099609
vt 0.017578 0.174805
vt 0.044373 0.174805
vt 0.070129 0.130371
vt 0.070129 0.174805
vt 0.102051 0.174805
vt 0.102051 0.130371
vt 0.077637 0.123047
vt 0.077637 0.099609
vt 0.104370 0.099609
vt 0.104370 0.123047
vt 0.134033 0.130371
vt 0.131104 0.123047
vt 0.131104 0.099609
vt 0.134033 0.174805
vt 0.154907 0.123047
vt 0.162354 0.130371
vt 0.154907 0.099609
vt 0.162354 0.099609
vt 0.162354 0.174805
vt 0.191772 0.130371
vt 0.191772 0.099609
vt 0.191772 0.174805
vt 0.219604 0.099609
vt 0.219604 0.130371
vt 0.219604 0.174805
vt 0.246338 0.099609
vt 0.246338 0.130371
vt 0.246338 0.174805
vt 0.272217 0.099609
vt 0.272217 0.130371
vt 0.272217 0.174805
vt 0.303955 0.174805
vt 0.303955 0.130371
vt 0.279541 0.123047
vt 0.279541 0.099609
vt 0.306396 0.099609
vt 0.306396 0.123047
vt 0.335938 0.130371
vt 0.333008 0.123047
vt 0.333008 0.099609
vt 0.335938 0.174805
vt 0.356934 0.123047
vt 0.364502 0.130371
vt 0.356934 0.099609
vt 0.364258 0.099609
vt 0.363037 0.174805
vt 0.393799 0.130371
vt 0.393799 0.099609
vt 0.393799 0.174805
vt 0.421631 0.099609
vt 0.421631 0.130371
vt 0.421631 0.174805
vt 0.448486 0.099609
vt 0.448486 0.130371
vt 0.448486 0.174805
vt 0.474121 0.099609
vt 0.474121 0.130371
vt 0.474121 0.174805
vt 0.505859 0.174805
vt 0.505859 0.130371
vt 0.481689 0.123047
vt 0.481689 0.099609
vt 0.508301 0.099609
vt 0.508301 0.123047
vt 0.538086 0.130371
vt 0.535156 0.123047
vt 0.535156 0.099609
vt 0.538086 0.174805
vt 0.558594 0.123047
vt 0.566406 0.130371
vt 0.558594 0.099609
vt 0.566406 0.099609
vt 0.566406 0.174805
vt 0.595703 0.130371
vt 0.595703 0.099609
vt 0.595703 0.174805
vt 0.623535 0.099609
vt 0.623535 0.130371
vt 0.623535 0.174805
vt 0.650391 0.099609
vt 0.650391 0.130371
vt 0.650391 0.174805
vt 0.676270 0.099609
vt 0.676270 0.130371
vt 0.676270 0.174805
vt 0.708008 0.174805
vt 0.708008 0.130371
vt 0.683594 0.123047
vt 0.683594 0.099609
vt 0.710449 0.099609
vt 0.710449 0.123047
vt 0.739746 0.130371
vt 0.737305 0.123047
vt 0.737305 0.099609
vt 0.739746 0.174805
vt 0.760742 0.123047
vt 0.768555 0.130371
vt 0.760742 0.099609
vt 0.768555 0.099609
vt 0.768555 0.174805
vt 0.797852 0.130371
vt 0.797852 0.099609
vt 0.797852 0.174805
vt 0.825684 0.099609
vt 0.825684 0.130371
vt 0.825684 0.174805
vt 0.716797 0.552002
vt 0.715332 0.552002
vt 0.718262 0.546875
vt 0.694336 0.541504
vt 0.712402 0.556641
vt 0.718750 0.541504
vt 0.708984 0.560059
vt 0.718262 0.535400
vt 0.704590 0.562500
vt 0.714844 0.530762
vt 0.716309 0.530518
vt 0.712402 0.525879
vt 0.708496 0.522705
vt 0.704102 0.520508
vt 0.699707 0.565186
vt 0.704590 0.563477
vt 0.694336 0.565674
vt 0.689453 0.565186
vt 0.704590 0.519531
vt 0.699219 0.517578
vt 0.694336 0.517334
vt 0.688965 0.517822
vt 0.684570 0.562500
vt 0.684570 0.563477
vt 0.680176 0.560303
vt 0.676270 0.556885
vt 0.673340 0.552246
vt 0.684570 0.520508
vt 0.684082 0.519531
vt 0.680176 0.522705
vt 0.676270 0.526123
vt 0.673340 0.530762
vt 0.670410 0.547119
vt 0.671875 0.552490
vt 0.669922 0.541504
vt 0.670410 0.535889
vt 0.671875 0.530762
vt 0.922852 0.678223
vt 0.907227 0.678223
vt 0.922852 0.602295
vt 0.907227 0.602295
vt 0.922852 0.588135
vt 0.907227 0.588135
vt 0.979980 0.295898
vt 0.969727 0.284668
vt 0.979980 0.284668
vt 0.990723 0.295898
vt 0.990723 0.284668
vt 0.932129 0.361328
vt 0.922852 0.361328
vt 0.932129 0.332520
vt 0.922852 0.332520
vt 0.932129 0.319824
vt 0.940918 0.306641
vt 0.932129 0.295898
vt 0.940918 0.295898
vt 0.932129 0.284668
vt 0.940918 0.284668
vt 0.932129 0.306641
vt 0.922852 0.319824
vt 0.932129 0.272461
vt 0.940918 0.272461
vt 0.950195 0.284668
vt 0.950195 0.272461
vt 0.959961 0.284668
vt 0.959961 0.272461
vt 0.969727 0.272461
vt 0.979980 0.272461
vt 0.922852 0.306641
vt 0.922852 0.295898
vt 0.922852 0.284668
vt 0.912109 0.319824
vt 0.912109 0.306641
vt 0.922852 0.272461
vt 0.932129 0.259766
vt 0.940918 0.259766
vt 0.950195 0.259766
vt 0.959961 0.259766
vt 0.912109 0.295898
vt 0.912109 0.284668
vt 0.902832 0.306641
vt 0.912109 0.272461
vt 0.922852 0.259766
vt 0.902832 0.295898
vt 0.932129 0.222168
vt 0.940918 0.222168
vt 0.950195 0.222168
vt 0.959961 0.222168
vt 0.902832 0.284668
vt 0.902832 0.272461
vt 0.912109 0.259766
vt 0.912109 0.222168
vt 0.922852 0.222168
vt 0.894043 0.306641
vt 0.894043 0.295898
vt 0.894043 0.284668
vt 0.894043 0.272461
vt 0.902832 0.259766
vt 0.902832 0.222168
vt 0.884766 0.306641
vt 0.884766 0.295898
vt 0.884766 0.284668
vt 0.884766 0.272461
vt 0.894043 0.259766
vt 0.894043 0.222168
vt 0.875000 0.306641
vt 0.875000 0.295898
vt 0.875000 0.284668
vt 0.884766 0.222168
vt 0.884766 0.259766
vt 0.875000 0.272461
vt 0.875000 0.259766
vt 0.875000 0.222168
vt 0.875000 0.319824
vt 0.884766 0.319824
vt 0.875000 0.332520
vt 0.884766 0.332520
vt 0.894043 0.319824
vt 0.894043 0.332520
vt 0.875000 0.361328
vt 0.884766 0.361328
vt 0.902832 0.332520
vt 0.902832 0.319824
vt 0.894043 0.361328
vt 0.912109 0.332520
vt 0.902832 0.361328
vt 0.912109 0.361328
vt 0.990723 0.272461
vt 0.979980 0.259766
vt 0.990723 0.259766
vt 0.979980 0.222168
vt 0.969727 0.259766
vt 0.969727 0.222168
vt 0.990723 0.222168
vt 0.990723 0.361328
vt 0.979980 0.361328
vt 0.990723 0.332520
vt 0.979980 0.332520
vt 0.969727 0.332520
vt 0.969727 0.361328
vt 0.969727 0.319824
vt 0.979980 0.319824
vt 0.959961 0.332520
vt 0.990723 0.319824
vt 0.959961 0.361328
vt 0.950195 0.332520
vt 0.959961 0.319824
vt 0.959961 0.306641
vt 0.969727 0.306641
vt 0.979980 0.306641
vt 0.990723 0.306641
vt 0.950195 0.361328
vt 0.950195 0.319824
vt 0.950195 0.306641
vt 0.940918 0.361328
vt 0.940918 0.332520
vt 0.950195 0.295898
vt 0.959961 0.295898
vt 0.969727 0.295898
vt 0.940918 0.319824
vt 0.892090 0.602295
vt 0.905762 0.602295
vt 0.892090 0.678223
vt 0.905762 0.678223
vt 0.924316 0.602295
vt 0.938965 0.602295
vt 0.924316 0.678223
vt 0.938965 0.678223
vt 0.685059 0.802246
vt 0.696777 0.767944
vt 0.710449 0.807251
vt 0.682129 0.834717
vt 0.720215 0.779175
vt 0.715820 0.738037
vt 0.707520 0.834839
vt 0.712402 0.806885
vt 0.685547 0.869019
vt 0.735840 0.754272
vt 0.722168 0.780029
vt 0.739746 0.714355
vt 0.710449 0.863525
vt 0.709473 0.834961
vt 0.736328 0.812256
vt 0.733887 0.834961
vt 0.696777 0.901489
vt 0.755859 0.734375
vt 0.737305 0.755981
vt 0.744141 0.790649
vt 0.835938 0.834961
vt 0.736328 0.857788
vt 0.712402 0.863159
vt 0.720215 0.890564
vt 0.769531 0.695557
vt 0.756348 0.771240
vt 0.757324 0.736084
vt 0.780273 0.718994
vt 0.744141 0.879333
vt 0.722168 0.889893
vt 0.772461 0.755005
vt 0.781250 0.720947
vt 0.756348 0.898743
vt 0.737305 0.913940
vt 0.802246 0.684326
vt 0.807617 0.709473
vt 0.808105 0.711426
vt 0.791504 0.742920
vt 0.772461 0.914917
vt 0.813477 0.735352
vt 0.835938 0.708252
vt 0.836426 0.706543
vt 0.836426 0.680664
vt 0.835938 0.732666
vt 0.864258 0.711426
vt 0.863770 0.709473
vt 0.757324 0.933960
vt 0.791504 0.927063
vt 0.858887 0.735352
vt 0.868652 0.684082
vt 0.892090 0.718994
vt 0.891113 0.720947
vt 0.903320 0.695557
vt 0.933105 0.714600
vt 0.916992 0.734619
vt 0.915039 0.736084
vt 0.880371 0.742920
vt 0.781250 0.949097
vt 0.813477 0.934631
vt 0.899902 0.755005
vt 0.956543 0.738525
vt 0.936523 0.754639
vt 0.935059 0.755981
vt 0.916016 0.771240
vt 0.808105 0.958466
vt 0.835938 0.937195
vt 0.975586 0.768311
vt 0.952148 0.779419
vt 0.950195 0.780029
vt 0.928223 0.790649
vt 0.986816 0.800781
vt 0.961426 0.806519
vt 0.959473 0.806763
vt 0.990234 0.835327
vt 0.964844 0.835205
vt 0.962891 0.834961
vt 0.935547 0.812256
vt 0.938477 0.834961
vt 0.935547 0.857788
vt 0.986816 0.867920
vt 0.961914 0.862671
vt 0.959473 0.863159
vt 0.950195 0.889954
vt 0.928223 0.879333
vt 0.952148 0.890869
vt 0.975586 0.902100
vt 0.936523 0.915649
vt 0.935059 0.913940
vt 0.916016 0.898743
vt 0.956543 0.932129
vt 0.932617 0.955536
vt 0.916504 0.935425
vt 0.915039 0.933960
vt 0.902832 0.974411
vt 0.891602 0.951050
vt 0.891113 0.949097
vt 0.899902 0.914917
vt 0.880371 0.927063
vt 0.870117 0.985580
vt 0.864746 0.960419
vt 0.864258 0.958466
vt 0.858887 0.934631
vt 0.835938 0.961609
vt 0.835938 0.963501
vt 0.835938 0.989212
vt 0.808594 0.960632
vt 0.803223 0.985962
vt 0.350098 0.022461
vt 0.366455 0.022461
vt 0.352295 0.031250
vt 0.358398 0.038086
vt 0.366455 0.040527
vt 0.374512 0.038086
vt 0.380615 0.031250
vt 0.382812 0.022461
vt 0.272705 0.022949
vt 0.308594 0.022949
vt 0.277344 0.042969
vt 0.290771 0.057129
vt 0.308838 0.062500
vt 0.326904 0.057129
vt 0.340088 0.042969
vt 0.344971 0.022949
vt 0.386963 0.009277
vt 0.386963 0.017090
vt 0.371338 0.009277
vt 0.371338 0.017090
vt 0.354492 0.017090
vt 0.354492 0.009277
vt 0.335449 0.017090
vt 0.335449 0.009277
vt 0.314941 0.017090
vt 0.314941 0.009277
vt 0.295898 0.017090
vt 0.295898 0.009277
vt 0.272217 0.017090
vt 0.272217 0.009277
vt 0.496338 0.351562
vt 0.515137 0.363281
vt 0.496582 0.363281
vt 0.514648 0.351562
vt 0.534180 0.363281
vt 0.534180 0.351562
vt 0.553223 0.351562
vt 0.553223 0.363281
vt 0.572754 0.363281
vt 0.572266 0.351562
vt 0.591797 0.351562
vt 0.591797 0.363281
vt 0.611328 0.351562
vt 0.611328 0.363281
vt 0.630371 0.351562
vt 0.630371 0.363281
vt 0.649902 0.351562
vt 0.649902 0.363281
vt 0.669434 0.351562
vt 0.669434 0.363281
vt 0.688477 0.351562
vt 0.688477 0.363281
vt 0.708008 0.363281
vt 0.708008 0.351562
vt 0.727051 0.351562
vt 0.727051 0.363281
vt 0.746094 0.363281
vt 0.746582 0.351562
vt 0.764648 0.363281
vt 0.765137 0.351562
vt 0.781738 0.351562
vt 0.781738 0.363281
vt 0.798828 0.363281
vt 0.798340 0.351562
vt 0.991699 0.368652
vt 0.991699 0.391113
vt 0.969238 0.368652
vt 0.969238 0.391113
vt 0.946777 0.368652
vt 0.946777 0.391113
vt 0.969238 0.394531
vt 0.991699 0.394531
vt 0.925781 0.368652
vt 0.946777 0.394531
vt 0.925781 0.391113
vt 0.969238 0.397949
vt 0.946777 0.397949
vt 0.991699 0.397949
vt 0.902344 0.368652
vt 0.925781 0.397949
vt 0.925781 0.394531
vt 0.902344 0.391113
vt 0.902344 0.394531
vt 0.969238 0.489746
vt 0.946777 0.489746
vt 0.925781 0.489746
vt 0.991699 0.489746
vt 0.969238 0.498047
vt 0.902344 0.397949
vt 0.902344 0.489746
vt 0.881836 0.394531
vt 0.881836 0.391113
vt 0.946777 0.498047
vt 0.925781 0.498047
vt 0.902344 0.498047
vt 0.991699 0.498047
vt 0.969238 0.509766
vt 0.946777 0.509766
vt 0.881836 0.397949
vt 0.881836 0.489746
vt 0.881836 0.498047
vt 0.858887 0.394531
vt 0.858887 0.391113
vt 0.925781 0.509766
vt 0.902344 0.509766
vt 0.881836 0.509766
vt 0.858887 0.397949
vt 0.858887 0.489746
vt 0.858887 0.498047
vt 0.837402 0.394531
vt 0.769043 0.974335
vt 0.780273 0.950989
vt 0.739258 0.955261
vt 0.755371 0.935242
vt 0.715332 0.931458
vt 0.735352 0.915344
vt 0.858887 0.509766
vt 0.837402 0.397949
vt 0.837402 0.489746
vt 0.837402 0.498047
vt 0.837402 0.509766
vt 0.813965 0.498047
vt 0.813965 0.489746
vt 0.813965 0.394531
vt 0.813965 0.397949
vt 0.837402 0.391113
vt 0.813965 0.509766
vt 0.791992 0.498047
vt 0.791992 0.509766
vt 0.791992 0.489746
vt 0.791992 0.394531
vt 0.813965 0.391113
vt 0.791992 0.397949
vt 0.837402 0.368652
vt 0.858887 0.368652
vt 0.768555 0.498047
vt 0.768555 0.509766
vt 0.768555 0.489746
vt 0.768555 0.394531
vt 0.791992 0.391113
vt 0.813965 0.368652
vt 0.768555 0.397949
vt 0.746582 0.498047
vt 0.746582 0.509766
vt 0.746582 0.489746
vt 0.746582 0.394531
vt 0.768555 0.391113
vt 0.791992 0.368652
vt 0.746582 0.397949
vt 0.723633 0.498047
vt 0.723633 0.509766
vt 0.723633 0.489746
vt 0.723633 0.394531
vt 0.746582 0.391113
vt 0.723633 0.397949
vt 0.768555 0.368652
vt 0.746582 0.368652
vt 0.723633 0.391113
vt 0.701172 0.489746
vt 0.701172 0.498047
vt 0.701172 0.397949
vt 0.701172 0.509766
vt 0.701172 0.394531
vt 0.701172 0.391113
vt 0.723633 0.368652
vt 0.678223 0.394531
vt 0.678223 0.498047
vt 0.678223 0.489746
vt 0.678223 0.509766
vt 0.678223 0.397949
vt 0.655762 0.489746
vt 0.655762 0.498047
vt 0.678223 0.391113
vt 0.701172 0.368652
vt 0.655762 0.397949
vt 0.655762 0.394531
vt 0.655762 0.391113
vt 0.632812 0.489746
vt 0.655762 0.509766
vt 0.632812 0.498047
vt 0.632812 0.397949
vt 0.678223 0.368652
vt 0.655762 0.368652
vt 0.632812 0.394531
vt 0.632812 0.391113
vt 0.632812 0.368652
vt 0.632812 0.509766
vt 0.881836 0.368652
vt 0.991699 0.509766
vt 0.803711 0.346191
vt 0.827148 0.337402
vt 0.827148 0.346191
vt 0.804199 0.337402
vt 0.781250 0.346191
vt 0.827148 0.329590
vt 0.780762 0.337402
vt 0.803711 0.329590
vt 0.756348 0.346191
vt 0.755859 0.337402
vt 0.780762 0.329590
vt 0.729980 0.346191
vt 0.755859 0.329590
vt 0.730469 0.337402
vt 0.730957 0.329590
vt 0.707520 0.346191
vt 0.707520 0.337402
vt 0.707031 0.329590
vt 0.682617 0.337402
vt 0.682617 0.346191
vt 0.683105 0.329590
vt 0.658691 0.346191
vt 0.659668 0.337402
vt 0.660156 0.329590
vt 0.640625 0.346191
vt 0.640625 0.337402
vt 0.640625 0.329590
vt 0.623047 0.346191
vt 0.622559 0.337402
vt 0.622070 0.329590
vt 0.602051 0.346191
vt 0.601562 0.337402
vt 0.601562 0.329590
vt 0.580078 0.346191
vt 0.580078 0.337402
vt 0.580078 0.329590
vt 0.558105 0.337402
vt 0.558594 0.329590
vt 0.558105 0.346191
vt 0.536621 0.337402
vt 0.536621 0.329590
vt 0.536621 0.346191
vt 0.515137 0.329590
vt 0.515137 0.346191
vt 0.515137 0.337402
vt 0.493408 0.346191
vt 0.493652 0.337402
vt 0.493408 0.329590
vt 0.471924 0.346191
vt 0.471924 0.337402
vt 0.471924 0.329590
vt 0.742188 0.654297
vt 0.747559 0.648926
vt 0.768555 0.671143
vt 0.724121 0.628662
vt 0.731445 0.625732
vt 0.717773 0.598389
vt 0.771484 0.664307
vt 0.751465 0.645020
vt 0.773438 0.659424
vt 0.725098 0.598389
vt 0.736328 0.623779
vt 0.799805 0.669434
vt 0.799805 0.664062
vt 0.799805 0.676758
vt 0.779785 0.644287
vt 0.762695 0.633545
vt 0.751465 0.617188
vt 0.730469 0.570557
vt 0.730957 0.598145
vt 0.747559 0.598145
vt 0.828125 0.663818
vt 0.825684 0.658691
vt 0.799316 0.647949
vt 0.769531 0.609619
vt 0.776855 0.619873
vt 0.787109 0.626465
vt 0.735840 0.572754
vt 0.750977 0.578613
vt 0.767090 0.597900
vt 0.847656 0.644043
vt 0.819336 0.643799
vt 0.835938 0.632812
vt 0.811523 0.626221
vt 0.799316 0.628662
vt 0.821777 0.619385
vt 0.762207 0.562256
vt 0.769531 0.585938
vt 0.846680 0.616211
vt 0.828613 0.609131
vt 0.776367 0.575684
vt 0.862305 0.622314
vt 0.850586 0.596924
vt 0.830566 0.597168
vt 0.778809 0.551025
vt 0.786621 0.568848
vt 0.771973 0.536133
vt 0.750000 0.550781
vt 0.798340 0.530762
vt 0.798340 0.547119
vt 0.798828 0.566406
vt 0.770020 0.531250
vt 0.798340 0.525391
vt 0.746094 0.547119
vt 0.826172 0.530518
vt 0.824219 0.535645
vt 0.818359 0.550781
vt 0.811035 0.568604
vt 0.740723 0.541992
vt 0.767090 0.524414
vt 0.797852 0.518066
vt 0.829102 0.523682
vt 0.850586 0.545898
vt 0.846680 0.549805
vt 0.834961 0.561523
vt 0.821289 0.575195
vt 0.723633 0.567871
vt 0.855469 0.540771
vt 0.866699 0.569092
vt 0.861816 0.571289
vt 0.846191 0.577637
vt 0.828125 0.585205
vt 0.873535 0.566406
vt 0.879883 0.596680
vt 0.872559 0.596680
vt 0.867188 0.596680
vt 0.874023 0.626953
vt 0.867188 0.624268
vt 0.851562 0.647949
vt 0.856934 0.653076
vt 0.831055 0.670410
vt 0.374756 0.038086
vt 0.386719 0.009277
vt 0.386719 0.016602
vt 0.371338 0.016602
vt 0.354492 0.016602
vt 0.335205 0.016602
vt 0.335205 0.009277
vt 0.314941 0.016602
vt 0.295898 0.016602
vt 0.272217 0.016602
vt 0.260742 0.967346
vt 0.246216 0.948517
vt 0.255859 0.948486
vt 0.260742 0.929626
vt 0.252441 0.972107
vt 0.274658 0.981171
vt 0.252441 0.924927
vt 0.274658 0.915833
vt 0.269775 0.989403
vt 0.293457 0.986237
vt 0.269775 0.907654
vt 0.293457 0.910767
vt 0.293213 0.995743
vt 0.312256 0.981186
vt 0.293457 0.901367
vt 0.312256 0.915833
vt 0.316895 0.989433
vt 0.326172 0.967346
vt 0.316895 0.907654
vt 0.325928 0.929626
vt 0.334229 0.972168
vt 0.331055 0.948425
vt 0.340576 0.948578
vt 0.334229 0.924988
vt 0.264404 0.965332
vt 0.259766 0.948486
vt 0.269287 0.961639
vt 0.276611 0.977676
vt 0.265381 0.948120
vt 0.264404 0.931641
vt 0.279541 0.971863
vt 0.293457 0.982208
vt 0.269287 0.933533
vt 0.276611 0.919312
vt 0.293701 0.975586
vt 0.310303 0.977692
vt 0.279541 0.923096
vt 0.293457 0.914795
vt 0.307617 0.971771
vt 0.293701 0.919250
vt 0.317871 0.961609
vt 0.322754 0.965332
vt 0.307617 0.923096
vt 0.310303 0.919312
vt 0.321533 0.948029
vt 0.327148 0.948456
vt 0.317627 0.933533
vt 0.322510 0.931641
vt 0.272217 0.959839
vt 0.279297 0.947784
vt 0.281250 0.954712
vt 0.286377 0.959900
vt 0.269043 0.948029
vt 0.281250 0.968781
vt 0.281250 0.940491
vt 0.293457 0.961731
vt 0.272217 0.935303
vt 0.293701 0.972031
vt 0.286377 0.935120
vt 0.300537 0.959808
vt 0.281250 0.926147
vt 0.305908 0.968689
vt 0.293457 0.933105
vt 0.305664 0.954742
vt 0.293457 0.922852
vt 0.314697 0.959839
vt 0.305908 0.926147
vt 0.300537 0.935059
vt 0.318115 0.947968
vt 0.307617 0.947784
vt 0.314697 0.935303
vt 0.305664 0.940491
vt 0.422363 0.933838
vt 0.407715 0.914795
vt 0.417236 0.914917
vt 0.422363 0.895996
vt 0.414062 0.938446
vt 0.436035 0.947662
vt 0.414062 0.891235
vt 0.436279 0.882202
vt 0.431152 0.955750
vt 0.455078 0.952759
vt 0.431396 0.874023
vt 0.455078 0.877136
vt 0.454834 0.962158
vt 0.455078 0.867798
vt 0.478516 0.955902
vt 0.473877 0.947723
vt 0.478760 0.874146
vt 0.474121 0.882263
vt 0.495850 0.938660
vt 0.487793 0.933899
vt 0.495850 0.891479
vt 0.487793 0.896118
vt 0.501953 0.915100
vt 0.492676 0.914978
vt 0.426025 0.898132
vt 0.431152 0.899841
vt 0.421387 0.914917
vt 0.438232 0.885803
vt 0.427246 0.914612
vt 0.441650 0.889343
vt 0.455078 0.881348
vt 0.431152 0.928406
vt 0.426025 0.931763
vt 0.455811 0.885437
vt 0.438232 0.944061
vt 0.441650 0.938690
vt 0.469971 0.889221
vt 0.471924 0.885864
vt 0.455078 0.948608
vt 0.455811 0.942444
vt 0.480713 0.899780
vt 0.484131 0.898193
vt 0.469971 0.938599
vt 0.471924 0.944122
vt 0.488525 0.914978
vt 0.484131 0.914673
vt 0.480469 0.928345
vt 0.484131 0.931824
vt 0.431152 0.914429
vt 0.434326 0.901672
vt 0.441162 0.914185
vt 0.434570 0.926331
vt 0.442871 0.906982
vt 0.443604 0.892517
vt 0.443115 0.921204
vt 0.443604 0.935303
vt 0.448242 0.901733
vt 0.455811 0.889160
vt 0.448242 0.926208
vt 0.455811 0.938538
vt 0.455322 0.899658
vt 0.455078 0.928040
vt 0.462402 0.901489
vt 0.468262 0.892456
vt 0.462158 0.926208
vt 0.468262 0.935242
vt 0.467529 0.906677
vt 0.477539 0.901550
vt 0.467529 0.921204
vt 0.477295 0.926331
vt 0.469482 0.914246
vt 0.480469 0.914490
vt 0.975586 0.922668
vt 0.975586 0.923157
vt 0.973633 0.923950
vt 0.977539 0.921936
vt 0.973633 0.924377
vt 0.971680 0.925598
vt 0.978027 0.922424
vt 0.976074 0.924011
vt 0.974121 0.925110
vt 0.979980 0.921692
vt 0.972168 0.925964
vt 0.972656 0.926575
vt 0.970703 0.927551
vt 0.975098 0.926025
vt 0.973633 0.927307
vt 0.978027 0.923340
vt 0.976562 0.925049
vt 0.979980 0.922119
vt 0.979980 0.923096
vt 0.982422 0.921936
vt 0.970703 0.927856
vt 0.971680 0.928284
vt 0.972656 0.928833
vt 0.982422 0.922424
vt 0.969727 0.929749
vt 0.974609 0.927917
vt 0.973633 0.929321
vt 0.979980 0.924255
vt 0.978027 0.924500
vt 0.981934 0.923340
vt 0.984375 0.923157
vt 0.984375 0.922729
vt 0.970215 0.929871
vt 0.971191 0.930054
vt 0.972168 0.930359
vt 0.973145 0.930542
vt 0.974609 0.929810
vt 0.974121 0.930664
vt 0.979980 0.925232
vt 0.981934 0.924500
vt 0.983887 0.924011
vt 0.986328 0.924438
vt 0.986328 0.924011
vt 0.970703 0.932190
vt 0.972168 0.932251
vt 0.972656 0.932312
vt 0.974121 0.932373
vt 0.975098 0.930359
vt 0.974609 0.932434
vt 0.981934 0.925476
vt 0.983398 0.925110
vt 0.985840 0.925171
vt 0.988281 0.925659
vt 0.987793 0.926025
vt 0.972168 0.934021
vt 0.971191 0.934204
vt 0.973145 0.934021
vt 0.974121 0.934082
vt 0.975098 0.934387
vt 0.982910 0.925964
vt 0.984863 0.926086
vt 0.986816 0.926636
vt 0.988770 0.927917
vt 0.988281 0.928345
vt 0.989258 0.927673
vt 0.972656 0.935669
vt 0.971680 0.936096
vt 0.973633 0.935303
vt 0.974609 0.934814
vt 0.984375 0.926880
vt 0.986328 0.927368
vt 0.987305 0.928833
vt 0.973633 0.937256
vt 0.989746 0.930054
vt 0.988770 0.930237
vt 0.987793 0.930542
vt 0.974609 0.936707
vt 0.990234 0.929932
vt 0.985352 0.927917
vt 0.986328 0.929321
vt 0.986816 0.930664
vt 0.989258 0.932312
vt 0.987793 0.932373
vt 0.986816 0.932373
vt 0.990234 0.932251
vt 0.989746 0.932251
vt 0.985840 0.930725
vt 0.985352 0.929871
vt 0.985840 0.932434
vt 0.989746 0.934448
vt 0.954590 0.966064
vt 0.951660 0.976242
vt 0.951660 0.966064
vt 0.954590 0.976242
vt 0.957031 0.966064
vt 0.951660 0.976791
vt 0.954590 0.976791
vt 0.957031 0.976242
vt 0.959473 0.966064
vt 0.957031 0.976791
vt 0.959473 0.976242
vt 0.961914 0.966064
vt 0.959473 0.976791
vt 0.961914 0.976791
vt 0.961914 0.976242
vt 0.964844 0.966064
vt 0.964844 0.976791
vt 0.964844 0.976242
vt 0.967285 0.966064
vt 0.967285 0.976791
vt 0.967285 0.976242
vt 0.955078 0.978973
vt 0.954590 0.977539
vt 0.957031 0.977539
vt 0.956055 0.980026
vt 0.957031 0.980408
vt 0.958496 0.980026
vt 0.959473 0.978973
vt 0.959961 0.977539
vt 0.988770 0.934265
vt 0.987793 0.934082
vt 0.986816 0.934021
vt 0.990234 0.934570
vt 0.988770 0.936584
vt 0.988281 0.936218
vt 0.984863 0.932495
vt 0.984863 0.930481
vt 0.985840 0.934143
vt 0.987305 0.935791
vt 0.986328 0.935364
vt 0.989258 0.936768
vt 0.988281 0.938751
vt 0.987793 0.938477
vt 0.986816 0.937958
vt 0.986328 0.937317
vt 0.984863 0.934387
vt 0.985352 0.934937
vt 0.985352 0.936829
vt 0.984375 0.936340
vt 0.986328 0.940430
vt 0.986328 0.940033
vt 0.985352 0.939362
vt 0.984863 0.938538
vt 0.984375 0.937836
vt 0.983887 0.936951
vt 0.983398 0.936096
vt 0.984375 0.941193
vt 0.983887 0.940430
vt 0.983398 0.939484
vt 0.984375 0.941650
vt 0.982910 0.938721
vt 0.982422 0.937866
vt 0.981934 0.937134
vt 0.981934 0.941956
vt 0.981934 0.941101
vt 0.981934 0.940063
vt 0.981445 0.939209
vt 0.981445 0.938202
vt 0.982422 0.942413
vt 0.979980 0.937561
vt 0.979980 0.938416
vt 0.979980 0.939423
vt 0.979980 0.940308
vt 0.979980 0.941376
vt 0.979980 0.942657
vt 0.979980 0.942230
vt 0.978027 0.939117
vt 0.978027 0.938110
vt 0.978027 0.940033
vt 0.977539 0.941071
vt 0.977539 0.941925
vt 0.978027 0.937195
vt 0.977539 0.942383
vt 0.976562 0.939453
vt 0.977051 0.938660
vt 0.977539 0.937805
vt 0.976074 0.940399
vt 0.975586 0.941162
vt 0.975098 0.941589
vt 0.975098 0.938477
vt 0.974121 0.939301
vt 0.975586 0.937714
vt 0.976074 0.936829
vt 0.973633 0.939941
vt 0.976074 0.936035
vt 0.973145 0.940338
vt 0.972656 0.937866
vt 0.975586 0.936218
vt 0.972168 0.938385
vt 0.971680 0.938660
vt 0.970703 0.936401
vt 0.970215 0.936646
vt 0.969727 0.934448
vt 0.970215 0.934387
vt 0.969727 0.932129
vt 0.969238 0.932129
vt 0.984375 0.928467
vt 0.983887 0.927856
vt 0.983887 0.928772
vt 0.982422 0.926880
vt 0.981934 0.927551
vt 0.981934 0.926636
vt 0.979980 0.927124
vt 0.979980 0.926331
vt 0.978516 0.925476
vt 0.978516 0.926636
vt 0.978027 0.927551
vt 0.977051 0.925964
vt 0.977539 0.926880
vt 0.975586 0.926880
vt 0.976074 0.927917
vt 0.976074 0.928650
vt 0.975586 0.928467
vt 0.095215 0.068848
vt 0.078979 0.079102
vt 0.097778 0.079102
vt 0.088379 0.062012
vt 0.078979 0.059082
vt 0.069641 0.062012
vt 0.062744 0.068848
vt 0.060242 0.079102
vt 0.031494 0.010742
vt 0.017380 0.056641
vt 0.017380 0.010742
vt 0.031403 0.056641
vt 0.045013 0.010742
vt 0.044952 0.056641
vt 0.057892 0.010742
vt 0.057922 0.056641
vt 0.070801 0.010742
vt 0.070862 0.056641
vt 0.084290 0.010742
vt 0.084412 0.056641
vt 0.098450 0.010742
vt 0.098450 0.056641
vt 0.027344 0.069336
vt 0.025574 0.076660
vt 0.038727 0.076660
vt 0.032166 0.063965
vt 0.038727 0.062012
vt 0.045319 0.063965
vt 0.050140 0.069336
vt 0.051880 0.076660
vt -0.685547 0.541992
vt -0.668457 0.522217
vt -0.668457 0.541992
vt -0.645020 0.541992
vt -0.669922 0.560791
vt -0.682617 0.560791
vt -0.547852 0.522217
vt -0.547852 0.541992
vt -0.573730 0.522217
vt -0.519531 0.522217
vt -0.519531 0.506836
vt -0.495117 0.495117
vt -0.495605 0.506836
vt -0.494141 0.488770
vt -0.468506 0.495117
vt -0.468018 0.488770
vt -0.712402 0.506836
vt -0.688477 0.495117
vt -0.688477 0.506836
vt -0.711914 0.522217
vt -0.687500 0.522217
vt -0.711426 0.541992
vt -0.711426 0.560791
vt -0.675293 0.574219
vt -0.712891 0.574219
vt -0.517578 0.541992
vt -0.495850 0.522217
vt -0.469727 0.506836
vt -0.444824 0.488770
vt -0.445557 0.495117
vt -0.733398 0.522217
vt -0.734375 0.506836
vt -0.734863 0.541992
vt -0.738770 0.560791
vt -0.745605 0.574219
vt -0.497559 0.541992
vt -0.470703 0.522217
vt -0.446777 0.506836
vt -0.424316 0.495117
vt -0.425537 0.506836
vt -0.423584 0.488770
vt -0.751953 0.522217
vt -0.752441 0.506836
vt -0.750977 0.541992
vt -0.749023 0.560791
vt -0.469482 0.541992
vt -0.447998 0.522217
vt -0.426758 0.522217
vt -0.769043 0.522217
vt -0.404297 0.495117
vt -0.405518 0.506836
vt -0.406738 0.522217
vt -0.769531 0.541992
vt -0.403564 0.488770
vt -0.449951 0.541992
vt -0.426758 0.541992
vt -0.409180 0.541992
vt -0.385986 0.506836
vt -0.386719 0.522217
vt -0.386963 0.541992
vt -0.384277 0.488770
vt -0.384766 0.495117
vt -0.412842 0.560791
vt -0.424805 0.560791
vt -0.386475 0.560791
vt -0.368164 0.495117
vt -0.368652 0.506836
vt -0.369141 0.522217
vt -0.367432 0.541992
vt -0.367676 0.488770
vt -0.353027 0.495117
vt -0.353271 0.506836
vt -0.384521 0.574219
vt -0.419434 0.574219
vt -0.363281 0.560791
vt -0.353271 0.522217
vt -0.353516 0.541992
vt -0.352539 0.488770
vt -0.337891 0.488770
vt -0.337891 0.495117
vt -0.338379 0.506836
vt -0.338623 0.522217
vt -0.355469 0.574219
vt -0.354492 0.560791
vt -0.337891 0.541992
vt -0.335205 0.560791
vt -0.324463 0.488770
vt -0.325195 0.495117
vt -0.325439 0.506836
vt -0.325928 0.522217
vt -0.326416 0.541992
vt -0.327881 0.560791
vt -0.329590 0.574219
vt -0.312500 0.495117
vt -0.312744 0.506836
vt -0.313232 0.522217
vt -0.312256 0.488770
vt -0.312988 0.541992
vt -0.312012 0.560791
vt -0.310059 0.574219
vt -0.300049 0.495117
vt -0.300537 0.506836
vt -0.301025 0.522217
vt -0.302246 0.541992
vt -0.304688 0.560791
vt -0.299805 0.488770
vt -0.288330 0.574219
vt -0.288330 0.560791
vt -0.288330 0.541992
vt -0.288330 0.522217
vt -0.288330 0.506836
vt -0.288330 0.488770
vt -0.288330 0.495117
vt -0.713379 0.488770
vt -0.688477 0.488770
vt -0.713379 0.495117
vt -0.735840 0.488770
vt -0.735352 0.495117
vt -0.753418 0.495117
vt -0.754883 0.488770
vt -0.770020 0.495117
vt -0.769531 0.506836
vt -0.770508 0.488770
vt -0.785156 0.488770
vt -0.784668 0.495117
vt -0.784180 0.506836
vt -0.799316 0.495117
vt -0.798340 0.506836
vt -0.799805 0.488770
vt -0.784180 0.522217
vt -0.797852 0.522217
vt -0.811523 0.495117
vt -0.810547 0.506836
vt -0.809570 0.522217
vt -0.783203 0.541992
vt -0.798340 0.541992
vt -0.808594 0.541992
vt -0.812500 0.488770
vt -0.822754 0.506836
vt -0.822754 0.522217
vt -0.822754 0.541992
vt -0.822754 0.488770
vt -0.822754 0.495117
vt -0.781738 0.560791
vt -0.800293 0.560791
vt -0.807617 0.560791
vt -0.822754 0.560791
vt -0.806152 0.574219
vt -0.822754 0.574219
vt -0.778320 0.574219
vt -0.772461 0.560791
vt -0.453369 0.560791
vt -0.466553 0.560791
vt -0.460449 0.574219
vt -0.500977 0.560791
vt -0.504883 0.574219
vt -0.512207 0.560791
vt -0.547363 0.574219
vt -0.547852 0.560791
vt -0.575684 0.541992
vt -0.581055 0.560791
vt -0.600098 0.488770
vt -0.600098 0.495117
vt -0.626953 0.488770
vt -0.573730 0.488770
vt -0.626465 0.495117
vt -0.650391 0.488770
vt -0.573242 0.495117
vt -0.599609 0.506836
vt -0.625000 0.506836
vt -0.547852 0.488770
vt -0.649414 0.495117
vt -0.647949 0.506836
vt -0.670410 0.488770
vt -0.624023 0.522217
vt -0.646973 0.522217
vt -0.573242 0.506836
vt -0.599121 0.522217
vt -0.547852 0.495117
vt -0.547852 0.506836
vt -0.520020 0.488770
vt -0.669922 0.495117
vt -0.669434 0.506836
vt -0.519531 0.495117
vt -0.589844 0.574219
vt -0.598145 0.541992
vt -0.594238 0.560791
vt -0.624512 0.541992
vt -0.627930 0.560791
vt -0.633789 0.574219
vt -0.641113 0.560791
s 1
f 1/1/1 2/2/2 3/3/3
f 4/4/4 2/2/2 1/1/1
f 5/5/5 4/4/4 1/1/1
f 4/4/4 6/6/6 2/2/2
f 7/7/7 6/6/6 4/4/4
f 8/8/8 4/4/4 5/5/5
f 9/9/9 4/4/4 8/8/8
f 7/7/7 4/4/4 9/9/9
f 9/9/9 8/8/8 10/10/10
f 10/10/10 8/8/8 11/11/11
f 8/8/8 5/5/5 12/12/12
f 8/8/8 12/12/12 11/11/11
f 12/12/12 5/5/5 13/13/13
f 14/14/14 12/12/12 13/13/13
f 15/15/15 12/12/12 14/14/14
f 11/11/11 12/12/12 15/15/15
f 16/16/16 10/10/10 11/11/11
f 17/17/17 11/11/11 15/15/15
f 16/16/16 11/11/11 17/17/17
f 17/17/17 15/15/15 18/18/18
f 18/18/18 15/15/15 14/14/14
f 19/19/19 10/10/10 16/16/16
f 17/17/17 18/18/18 20/20/20
f 20/20/20 16/16/16 17/17/17
f 21/21/21 19/19/19 16/16/16
f 21/21/21 16/16/16 20/20/20
f 20/20/20 18/18/18 22/22/22
f 21/21/21 20/20/20 23/23/23
f 23/23/23 20/20/20 22/22/22
f 24/24/24 19/19/19 21/21/21
f 21/21/21 23/23/23 25/25/25
f 25/25/25 24/24/24 21/21/21
f 25/25/25 23/23/23 26/26/26
f 27/27/27 24/24/24 25/25/25
f 28/28/28 25/25/25 26/26/26
f 29/29/29 25/25/25 28/28/28
f 29/29/29 27/27/27 25/25/25
f 30/30/30 27/27/27 29/29/29
f 31/31/31 29/29/29 28/28/28
f 32/32/32 29/29/29 31/31/31
f 32/32/32 30/30/30 29/29/29
f 33/33/33 30/30/30 32/32/32
f 34/34/34 32/32/32 31/31/31
f 35/35/35 32/32/32 34/34/34
f 36/36/36 32/32/32 35/35/35
f 33/33/33 32/32/32 36/36/36
f 36/36/36 35/35/35 37/37/37
f 37/37/37 35/35/35 38/38/38
f 35/35/35 34/34/34 39/39/39
f 35/35/35 39/39/39 38/38/38
f 39/39/39 34/34/34 40/40/40
f 41/41/41 39/39/39 40/40/40
f 42/42/42 39/39/39 41/41/41
f 38/38/38 39/39/39 42/42/42
f 43/43/43 37/37/37 38/38/38
f 44/44/44 38/38/38 42/42/42
f 43/43/43 38/38/38 44/44/44
f 44/44/44 42/42/42 45/45/45
f 45/45/45 42/42/42 41/41/41
f 46/46/46 37/37/37 43/43/43
f 44/44/44 45/45/45 47/47/47
f 47/47/47 43/43/43 44/44/44
f 48/48/48 46/46/46 43/43/43
f 48/48/48 43/43/43 47/47/47
f 47/47/47 45/45/45 49/49/49
f 48/48/48 47/47/47 50/50/50
f 50/50/50 47/47/47 49/49/49
f 51/51/51 46/46/46 48/48/48
f 48/48/48 50/50/50 52/52/52
f 52/52/52 51/51/51 48/48/48
f 52/52/52 50/50/50 53/53/53
f 54/54/54 51/51/51 52/52/52
f 55/55/55 52/52/52 53/53/53
f 56/56/56 52/52/52 55/55/55
f 56/56/56 54/54/54 52/52/52
f 57/57/57 54/54/54 56/56/56
f 58/58/58 56/56/56 55/55/55
f 59/59/59 56/56/56 58/58/58
f 59/59/59 57/57/57 56/56/56
f 60/60/60 57/57/57 59/59/59
f 61/61/61 59/59/59 58/58/58
f 62/62/62 59/59/59 61/61/61
f 63/63/63 59/59/59 62/62/62
f 60/60/60 59/59/59 63/63/63
f 63/63/63 62/62/62 64/64/64
f 64/64/64 62/62/62 65/65/65
f 62/62/62 61/61/61 66/66/66
f 62/62/62 66/66/66 65/65/65
f 66/66/66 61/61/61 67/67/67
f 68/68/68 66/66/66 67/67/67
f 69/69/69 66/66/66 68/68/68
f 65/65/65 66/66/66 69/69/69
f 70/70/70 64/64/64 65/65/65
f 71/71/71 65/65/65 69/69/69
f 70/70/70 65/65/65 71/71/71
f 71/71/71 69/69/69 72/72/72
f 72/72/72 69/69/69 68/68/68
f 73/73/73 64/64/64 70/70/70
f 71/71/71 72/72/72 74/74/74
f 74/74/74 70/70/70 71/71/71
f 75/75/75 73/73/73 70/70/70
f 75/75/75 70/70/70 74/74/74
f 74/74/74 72/72/72 76/76/76
f 75/75/75 74/74/74 77/77/77
f 77/77/77 74/74/74 76/76/76
f 78/78/78 73/73/73 75/75/75
f 75/75/75 77/77/77 79/79/79
f 79/79/79 78/78/78 75/75/75
f 79/79/79 77/77/77 80/80/80
f 81/81/81 78/78/78 79/79/79
f 82/82/82 79/79/79 80/80/80
f 83/83/83 79/79/79 82/82/82
f 83/83/83 81/81/81 79/79/79
f 84/84/84 81/81/81 83/83/83
f 85/85/85 83/83/83 82/82/82
f 86/86/86 83/83/83 85/85/85
f 86/86/86 84/84/84 83/83/83
f 87/87/87 84/84/84 86/86/86
f 88/88/88 86/86/86 85/85/85
f 89/89/89 86/86/86 88/88/88
f 90/90/90 86/86/86 89/89/89
f 87/87/87 86/86/86 90/90/90
f 90/90/90 89/89/89 91/91/91
f 91/91/91 89/89/89 92/92/92
f 89/89/89 88/88/88 93/93/93
f 89/89/89 93/93/93 92/92/92
f 93/93/93 88/88/88 94/94/94
f 95/95/95 93/93/93 94/94/94
f 96/96/96 93/93/93 95/95/95
f 92/92/92 93/93/93 96/96/96
f 97/97/97 91/91/91 92/92/92
f 98/98/98 92/92/92 96/96/96
f 97/97/97 92/92/92 98/98/98
f 98/98/98 96/96/96 99/99/99
f 99/99/99 96/96/96 95/95/95
f 100/100/100 91/91/91 97/97/97
f 98/98/98 99/99/99 101/101/101
f 101/101/101 97/97/97 98/98/98
f 102/102/102 100/100/100 97/97/97
f 102/102/102 97/97/97 101/101/101
f 101/101/101 99/99/99 103/103/103
f 102/102/102 101/101/101 104/104/104
f 104/104/104 101/101/101 103/103/103
f 105/105/105 100/100/100 102/102/102
f 102/102/102 104/104/104 106/106/106
f 106/106/106 105/105/105 102/102/102
f 106/106/106 104/104/104 107/107/107
f 108/108/108 105/105/105 106/106/106
f 109/109/109 106/106/106 107/107/107
f 110/110/110 106/106/106 109/109/109
f 110/110/110 108/108/108 106/106/106
f 111/111/111 108/108/108 110/110/110
f 112/112/112 113/113/113 114/114/114
f 114/114/114 113/113/113 115/115/115
f 115/115/115 113/113/113 116/116/116
f 117/117/117 114/114/114 115/115/115
f 116/116/116 118/118/118 115/115/115
f 119/119/119 117/117/117 115/115/115
f 118/118/118 120/120/120 115/115/115
f 121/121/121 119/119/119 115/115/115
f 122/122/122 119/119/119 121/121/121
f 121/121/121 115/115/115 123/123/123
f 124/124/124 123/123/123 115/115/115
f 115/115/115 125/125/125 124/124/124
f 120/120/120 126/126/126 115/115/115
f 127/127/34 126/126/126 120/120/120
f 126/126/126 128/128/127 115/115/115
f 128/128/127 129/129/128 115/115/115
f 130/130/129 125/125/125 131/131/130
f 131/131/130 125/125/125 115/115/115
f 132/132/131 131/131/130 115/115/115
f 133/133/132 132/132/131 115/115/115
f 129/129/128 134/134/133 115/115/115
f 135/135/134 134/134/133 129/129/128
f 115/115/115 134/134/133 136/136/135
f 136/136/135 137/137/136 115/115/115
f 138/138/137 115/115/115 137/137/136
f 139/139/138 133/133/132 115/115/115
f 140/140/139 133/133/132 139/139/138
f 139/139/138 115/115/115 141/141/140
f 142/142/141 141/141/140 115/115/115
f 115/115/115 143/143/142 142/142/141
f 138/138/137 144/144/143 115/115/115
f 145/145/144 144/144/143 138/138/137
f 144/144/143 146/146/145 115/115/115
f 146/146/145 147/147/146 115/115/115
f 147/147/146 143/143/142 115/115/115
f 148/148/147 143/143/142 147/147/146
f 149/149/148 150/150/148 151/151/148
f 151/151/148 150/150/148 152/152/148
f 153/151/149 154/152/149 155/153/149
f 155/153/149 154/152/149 156/154/149
f 157/155/150 158/156/151 159/157/152
f 157/155/150 159/157/152 160/158/153
f 160/158/153 159/157/152 161/159/154
f 162/160/155 163/161/156 164/162/157
f 164/162/157 163/161/156 165/163/158
f 164/162/157 165/163/158 166/164/159
f 167/165/160 168/166/161 169/167/162
f 169/167/162 170/168/163 171/169/164
f 168/166/161 170/168/163 169/167/162
f 172/170/165 168/166/161 167/165/160
f 167/165/160 166/164/159 172/170/165
f 166/164/159 165/163/158 173/171/166
f 166/164/159 173/171/166 172/170/165
f 170/168/163 174/172/167 171/169/164
f 171/169/164 175/173/168 176/174/169
f 171/169/164 174/172/167 175/173/168
f 176/174/169 175/173/168 177/175/170
f 176/174/169 177/175/170 178/176/171
f 178/176/171 177/175/170 179/177/172
f 178/176/171 179/177/172 158/156/151
f 158/156/151 179/177/172 180/178/173
f 158/156/151 180/178/173 159/157/152
f 159/157/152 180/178/173 181/179/174
f 159/157/152 181/179/174 161/159/154
f 172/170/165 182/180/175 168/166/161
f 172/170/165 173/171/166 182/180/175
f 168/166/161 182/180/175 183/181/176
f 168/166/161 183/181/176 170/168/163
f 170/168/163 184/182/177 174/172/167
f 170/168/163 183/181/176 184/182/177
f 165/163/158 185/183/178 173/171/166
f 173/171/166 186/184/179 182/180/175
f 185/183/178 186/184/179 173/171/166
f 182/180/175 186/184/179 183/181/176
f 174/172/167 184/182/177 187/185/180
f 174/172/167 187/185/180 188/186/181
f 174/172/167 188/186/181 175/173/168
f 175/173/168 188/186/181 189/187/182
f 175/173/168 189/187/182 177/175/170
f 177/175/170 189/187/182 190/188/183
f 177/175/170 190/188/183 179/177/172
f 179/177/172 190/188/183 191/189/184
f 179/177/172 191/189/184 180/178/173
f 183/181/176 186/184/179 192/190/185
f 183/181/176 192/190/185 184/182/177
f 184/182/177 193/191/186 187/185/180
f 184/182/177 192/190/185 193/191/186
f 186/184/179 194/192/187 192/190/185
f 185/183/178 194/192/187 186/184/179
f 187/185/180 193/191/186 195/193/188
f 188/186/181 187/185/180 196/194/189
f 187/185/180 195/193/188 196/194/189
f 192/190/185 194/192/187 197/195/190
f 192/190/185 197/195/190 193/191/186
f 188/186/181 196/194/189 198/196/191
f 199/197/192 188/186/181 198/196/191
f 189/187/182 188/186/181 199/197/192
f 190/188/183 189/187/182 200/198/193
f 200/198/193 189/187/182 199/197/192
f 191/189/184 190/188/183 201/199/194
f 201/199/194 190/188/183 200/198/193
f 193/191/186 202/200/195 195/193/188
f 193/191/186 197/195/190 202/200/195
f 195/193/188 202/200/195 203/201/196
f 196/194/189 195/193/188 204/202/197
f 195/193/188 203/201/196 204/202/197
f 204/202/197 205/203/198 196/194/189
f 198/196/191 196/194/189 206/204/199
f 196/194/189 205/203/198 206/204/199
f 194/192/187 207/205/200 197/195/190
f 197/195/190 208/206/201 202/200/195
f 197/195/190 207/205/200 208/206/201
f 202/200/195 209/207/202 203/201/196
f 202/200/195 208/206/201 209/207/202
f 203/201/196 209/207/202 210/208/203
f 204/202/197 203/201/196 211/209/204
f 203/201/196 210/208/203 211/209/204
f 211/209/204 212/210/205 204/202/197
f 204/202/197 212/210/205 205/203/198
f 207/205/200 213/211/206 208/206/201
f 208/206/201 214/212/207 209/207/202
f 208/206/201 213/211/206 214/212/207
f 209/207/202 215/213/208 210/208/203
f 209/207/202 214/212/207 215/213/208
f 210/208/203 215/213/208 216/214/209
f 211/209/204 210/208/203 217/215/210
f 210/208/203 216/214/209 217/215/210
f 217/215/210 218/216/211 211/209/204
f 211/209/204 218/216/211 212/210/205
f 213/211/206 219/217/212 214/212/207
f 214/212/207 220/218/213 215/213/208
f 214/212/207 219/217/212 220/218/213
f 215/213/208 221/219/214 216/214/209
f 215/213/208 220/218/213 221/219/214
f 217/215/210 222/220/215 218/216/211
f 223/221/216 222/220/215 217/215/210
f 217/215/210 216/214/209 223/221/216
f 216/214/209 221/219/214 224/222/217
f 216/214/209 225/223/218 223/221/216
f 224/222/217 225/223/218 216/214/209
f 225/223/218 226/224/219 223/221/216
f 223/221/216 226/224/219 222/220/215
f 213/211/206 227/225/220 219/217/212
f 228/226/221 229/227/222 227/225/220
f 228/226/221 227/225/220 213/211/206
f 207/205/200 228/226/221 213/211/206
f 230/228/223 229/227/222 228/226/221
f 231/229/224 228/226/221 207/205/200
f 232/230/225 228/226/221 231/229/224
f 230/228/223 228/226/221 232/230/225
f 230/228/223 233/231/226 229/227/222
f 232/230/225 234/232/227 230/228/223
f 234/232/227 233/231/226 230/228/223
f 194/192/187 231/229/224 207/205/200
f 232/230/225 231/229/224 235/233/228
f 236/234/229 231/229/224 194/192/187
f 235/233/228 231/229/224 236/234/229
f 235/233/228 237/235/230 232/230/225
f 237/235/230 234/232/227 232/230/225
f 236/234/229 194/192/187 185/183/178
f 235/233/228 236/234/229 238/236/231
f 238/236/231 236/234/229 185/183/178
f 238/236/231 239/237/232 235/233/228
f 239/237/232 237/235/230 235/233/228
f 238/236/231 185/183/178 165/163/158
f 163/161/156 238/236/231 165/163/158
f 240/238/233 238/236/231 163/161/156
f 240/238/233 239/237/232 238/236/231
f 161/159/154 181/179/174 241/239/234
f 181/179/174 242/240/235 241/239/234
f 181/179/174 180/178/173 242/240/235
f 241/239/234 242/240/235 243/241/236
f 242/240/235 244/242/237 243/241/236
f 242/240/235 245/243/238 244/242/237
f 242/240/235 180/178/173 245/243/238
f 180/178/173 191/189/184 245/243/238
f 245/243/238 191/189/184 246/244/239
f 244/242/237 245/243/238 246/244/239
f 243/241/236 244/242/237 247/245/240
f 246/244/239 191/189/184 201/199/194
f 248/246/241 249/247/242 250/248/243
f 250/248/243 249/247/242 251/249/244
f 249/247/242 252/250/245 251/249/244
f 253/251/246 252/250/245 249/247/242
f 252/250/245 254/252/247 251/249/244
f 251/249/244 255/253/248 250/248/243
f 251/249/244 254/252/247 255/253/248
f 253/251/246 256/254/249 252/250/245
f 252/250/245 256/254/249 254/252/247
f 250/248/243 255/253/248 257/255/250
f 258/256/251 256/254/249 253/251/246
f 258/256/251 259/257/252 256/254/249
f 254/252/247 256/254/249 260/258/253
f 256/254/249 259/257/252 260/258/253
f 260/258/253 261/259/254 254/252/247
f 254/252/247 262/260/255 255/253/248
f 254/252/247 261/259/254 262/260/255
f 255/253/248 262/260/255 263/261/256
f 264/262/257 255/253/248 263/261/256
f 257/255/250 255/253/248 264/262/257
f 265/263/258 259/257/252 258/256/251
f 260/258/253 259/257/252 266/264/259
f 260/258/253 267/265/260 261/259/254
f 266/264/259 267/265/260 260/258/253
f 265/263/258 268/266/261 259/257/252
f 259/257/252 269/267/262 266/264/259
f 259/257/252 268/266/261 269/267/262
f 267/265/260 270/268/263 261/259/254
f 261/259/254 271/269/264 262/260/255
f 261/259/254 270/268/263 271/269/264
f 262/260/255 271/269/264 272/270/265
f 262/260/255 272/270/265 263/261/256
f 263/261/256 272/270/265 273/155/266
f 263/261/256 273/155/266 264/262/257
f 266/264/259 269/267/262 274/271/267
f 266/264/259 274/271/267 267/265/260
f 264/262/257 273/155/266 275/158/268
f 267/265/260 276/167/269 270/268/263
f 277/165/270 276/167/269 267/265/260
f 267/265/260 274/271/267 277/165/270
f 268/266/261 278/160/271 269/267/262
f 269/267/262 278/160/271 279/162/272
f 269/267/262 279/162/272 274/271/267
f 274/271/267 279/162/272 280/164/273
f 274/271/267 280/164/273 277/165/270
f 276/167/269 281/169/274 270/268/263
f 270/268/263 282/174/275 271/269/264
f 270/268/263 281/169/274 282/174/275
f 271/269/264 282/174/275 283/176/276
f 271/269/264 283/176/276 272/270/265
f 272/270/265 283/176/276 284/156/277
f 272/270/265 284/156/277 273/155/266
f 273/155/266 284/156/277 285/157/278
f 273/155/266 285/157/278 275/158/268
f 275/158/268 285/157/278 286/159/279
f 277/165/270 287/166/280 276/167/269
f 276/167/269 288/168/281 281/169/274
f 287/166/280 288/168/281 276/167/269
f 289/170/282 287/166/280 277/165/270
f 277/165/270 280/164/273 289/170/282
f 278/160/271 290/161/283 279/162/272
f 279/162/272 290/161/283 291/163/284
f 279/162/272 291/163/284 280/164/273
f 280/164/273 291/163/284 292/171/285
f 280/164/273 292/171/285 289/170/282
f 288/168/281 293/172/286 281/169/274
f 281/169/274 294/173/287 282/174/275
f 281/169/274 293/172/286 294/173/287
f 282/174/275 294/173/287 295/175/288
f 282/174/275 295/175/288 283/176/276
f 283/176/276 295/175/288 296/177/289
f 283/176/276 296/177/289 284/156/277
f 284/156/277 296/177/289 297/178/290
f 284/156/277 297/178/290 285/157/278
f 285/157/278 297/178/290 298/179/291
f 285/157/278 298/179/291 286/159/279
f 289/170/282 299/180/292 287/166/280
f 289/170/282 292/171/285 299/180/292
f 287/166/280 299/180/292 300/181/293
f 287/166/280 300/181/293 288/168/281
f 288/168/281 301/182/294 293/172/286
f 288/168/281 300/181/293 301/182/294
f 290/161/283 302/236/295 291/163/284
f 291/163/284 303/183/296 292/171/285
f 302/236/295 303/183/296 291/163/284
f 303/183/296 304/184/297 292/171/285
f 292/171/285 304/184/297 299/180/292
f 299/180/292 304/184/297 300/181/293
f 293/172/286 301/182/294 305/185/298
f 293/172/286 305/185/298 306/186/299
f 293/172/286 306/186/299 294/173/287
f 294/173/287 306/186/299 307/187/300
f 294/173/287 307/187/300 295/175/288
f 295/175/288 307/187/300 308/188/301
f 295/175/288 308/188/301 296/177/289
f 296/177/289 308/188/301 309/189/302
f 296/177/289 309/189/302 297/178/290
f 300/181/293 304/184/297 310/190/303
f 300/181/293 310/190/303 301/182/294
f 301/182/294 311/191/304 305/185/298
f 301/182/294 310/190/303 311/191/304
f 304/184/297 312/192/305 310/190/303
f 303/183/296 312/192/305 304/184/297
f 302/236/295 313/234/306 303/183/296
f 313/234/306 312/192/305 303/183/296
f 305/185/298 311/191/304 314/193/307
f 306/186/299 305/185/298 315/194/308
f 305/185/298 314/193/307 315/194/308
f 310/190/303 312/192/305 316/195/309
f 310/190/303 316/195/309 311/191/304
f 306/186/299 315/194/308 317/196/310
f 318/197/311 306/186/299 317/196/310
f 307/187/300 306/186/299 318/197/311
f 308/188/301 307/187/300 319/198/312
f 319/198/312 307/187/300 318/197/311
f 309/189/302 308/188/301 320/199/313
f 321/272/314 322/273/314 323/274/315
f 323/274/315 322/273/314 324/275/314
f 325/276/316 326/277/317 327/278/318
f 327/278/318 326/277/317 328/279/319
f 329/149/320 330/150/321 331/151/322
f 331/151/322 330/150/321 332/152/320
f 333/151/323 334/152/149 335/153/149
f 335/153/149 334/152/149 336/154/324
f 337/272/325 338/273/326 339/274/327
f 339/274/327 338/273/326 340/275/326
f 341/276/328 342/277/329 343/278/328
f 343/278/328 342/277/329 344/279/330
f 345/149/331 346/150/331 347/151/331
f 347/151/331 346/150/331 348/152/331
f 349/151/115 350/152/115 351/153/115
f 351/153/115 350/152/115 352/154/115
f 353/272/332 354/273/332 355/274/332
f 355/274/332 354/273/332 356/275/332
f 357/276/333 358/277/333 359/278/333
f 359/278/333 358/277/333 360/279/333
f 361/149/334 362/150/335 363/151/335
f 363/151/335 362/150/335 364/152/334
f 365/151/115 366/152/115 367/153/115
f 367/153/115 366/152/115 368/154/115
f 369/272/336 370/273/337 371/274/337
f 371/274/337 370/273/337 372/275/337
f 373/276/338 374/277/338 375/278/338
f 375/278/338 374/277/338 376/279/338
f 377/149/339 378/150/340 379/151/340
f 379/151/340 378/150/340 380/152/341
f 381/151/323 382/152/149 383/153/149
f 383/153/149 382/152/149 384/154/149
f 385/272/342 386/273/343 387/274/344
f 387/274/344 386/273/343 388/275/343
f 389/276/345 390/277/345 391/278/346
f 391/278/346 390/277/345 392/279/347
f 393/149/348 394/150/348 395/151/348
f 395/151/348 394/150/348 396/152/348
f 397/151/149 398/152/149 399/153/149
f 399/153/149 398/152/149 400/154/149
f 401/272/349 402/273/349 403/274/349
f 403/274/349 402/273/349 404/275/350
f 405/276/351 406/277/352 407/278/352
f 407/278/352 406/277/352 408/279/351
f 409/149/353 410/150/353 411/151/353
f 411/151/353 410/150/353 412/152/354
f 413/151/149 414/152/149 415/153/149
f 415/153/149 414/152/149 416/154/149
f 417/272/355 418/273/356 419/274/356
f 419/274/356 418/273/356 420/275/357
f 421/276/358 422/277/358 423/278/359
f 423/278/359 422/277/358 424/279/358
f 425/149/360 426/150/361 427/151/360
f 427/151/360 426/150/361 428/152/362
f 429/151/149 430/152/149 431/153/149
f 431/153/149 430/152/149 432/154/149
f 433/272/363 434/273/364 435/274/365
f 435/274/365 434/273/364 436/275/363
f 437/276/366 438/277/367 439/278/368
f 439/278/368 438/277/367 440/279/369
f 320/199/313 308/188/301 319/198/312
f 311/191/304 441/200/370 314/193/307
f 311/191/304 316/195/309 441/200/370
f 312/192/305 442/205/371 316/195/309
f 312/192/305 443/229/372 442/205/371
f 313/234/306 443/229/372 312/192/305
f 316/195/309 442/205/371 444/206/373
f 316/195/309 444/206/373 441/200/370
f 314/193/307 441/200/370 445/201/374
f 315/194/308 314/193/307 446/202/375
f 314/193/307 445/201/374 446/202/375
f 446/202/375 447/203/376 315/194/308
f 317/196/310 315/194/308 448/204/377
f 315/194/308 447/203/376 448/204/377
f 441/200/370 449/207/378 445/201/374
f 441/200/370 444/206/373 449/207/378
f 442/205/371 450/211/379 444/206/373
f 442/205/371 451/226/380 450/211/379
f 443/229/372 451/226/380 442/205/371
f 444/206/373 450/211/379 452/212/381
f 444/206/373 452/212/381 449/207/378
f 445/201/374 449/207/378 453/208/382
f 446/202/375 445/201/374 454/209/383
f 445/201/374 453/208/382 454/209/383
f 454/209/383 455/210/384 446/202/375
f 446/202/375 455/210/384 447/203/376
f 449/207/378 456/213/385 453/208/382
f 449/207/378 452/212/381 456/213/385
f 450/211/379 457/217/386 452/212/381
f 450/211/379 458/225/387 457/217/386
f 451/226/380 458/225/387 450/211/379
f 452/212/381 457/217/386 459/218/388
f 452/212/381 459/218/388 456/213/385
f 453/208/382 456/213/385 460/214/389
f 454/209/383 453/208/382 461/215/390
f 453/208/382 460/214/389 461/215/390
f 461/215/390 462/216/391 454/209/383
f 454/209/383 462/216/391 455/210/384
f 456/213/385 463/219/392 460/214/389
f 456/213/385 459/218/388 463/219/392
f 451/226/380 464/227/393 458/225/387
f 461/215/390 465/220/394 462/216/391
f 466/221/395 465/220/394 461/215/390
f 461/215/390 460/214/389 466/221/395
f 460/214/389 463/219/392 467/222/396
f 460/214/389 468/223/397 466/221/395
f 467/222/396 468/223/397 460/214/389
f 468/223/397 469/224/398 466/221/395
f 466/221/395 469/224/398 465/220/394
f 470/228/399 471/231/400 464/227/393
f 470/228/399 464/227/393 451/226/380
f 472/232/401 471/231/400 470/228/399
f 473/230/402 472/232/401 470/228/399
f 470/228/399 451/226/380 473/230/402
f 473/230/402 451/226/380 443/229/372
f 474/235/403 472/232/401 473/230/402
f 474/235/403 473/230/402 475/237/404
f 473/230/402 443/229/372 476/233/405
f 475/237/404 473/230/402 476/233/405
f 476/233/405 443/229/372 313/234/306
f 302/236/295 475/237/404 476/233/405
f 476/233/405 313/234/306 302/236/295
f 477/238/406 475/237/404 302/236/295
f 477/238/406 302/236/295 290/161/283
f 286/159/279 298/179/291 478/239/407
f 298/179/291 479/240/408 478/239/407
f 298/179/291 297/178/290 479/240/408
f 478/239/407 479/240/408 480/241/409
f 479/240/408 481/242/410 480/241/409
f 479/240/408 482/243/411 481/242/410
f 479/240/408 297/178/290 482/243/411
f 297/178/290 309/189/302 482/243/411
f 482/243/411 309/189/302 483/244/412
f 481/242/410 482/243/411 483/244/412
f 480/241/409 481/242/410 484/245/413
f 483/244/412 309/189/302 320/199/313
f 485/246/414 486/247/415 487/248/416
f 487/248/416 486/247/415 488/249/417
f 486/247/415 489/250/418 488/249/417
f 490/251/419 489/250/418 486/247/415
f 489/250/418 491/252/420 488/249/417
f 488/249/417 492/253/421 487/248/416
f 488/249/417 491/252/420 492/253/421
f 490/251/419 493/254/422 489/250/418
f 489/250/418 493/254/422 491/252/420
f 487/248/416 492/253/421 494/255/423
f 495/256/424 493/254/422 490/251/419
f 495/256/424 496/257/425 493/254/422
f 491/252/420 493/254/422 497/258/426
f 493/254/422 496/257/425 497/258/426
f 497/258/426 498/259/427 491/252/420
f 491/252/420 499/260/428 492/253/421
f 491/252/420 498/259/427 499/260/428
f 492/253/421 499/260/428 500/261/429
f 501/262/430 492/253/421 500/261/429
f 494/255/423 492/253/421 501/262/430
f 502/263/431 496/257/425 495/256/424
f 497/258/426 496/257/425 503/264/432
f 497/258/426 504/265/433 498/259/427
f 503/264/432 504/265/433 497/258/426
f 502/263/431 505/266/434 496/257/425
f 496/257/425 506/267/435 503/264/432
f 496/257/425 505/266/434 506/267/435
f 504/265/433 507/268/436 498/259/427
f 498/259/427 508/269/437 499/260/428
f 498/259/427 507/268/436 508/269/437
f 499/260/428 508/269/437 509/270/438
f 499/260/428 509/270/438 500/261/429
f 500/261/429 509/270/438 510/155/439
f 500/261/429 510/155/439 501/262/430
f 503/264/432 506/267/435 511/271/440
f 503/264/432 511/271/440 504/265/433
f 501/262/430 510/155/439 512/158/441
f 504/265/433 513/167/442 507/268/436
f 514/165/443 513/167/442 504/265/433
f 504/265/433 511/271/440 514/165/443
f 505/266/434 515/160/444 506/267/435
f 506/267/435 515/160/444 516/162/445
f 506/267/435 516/162/445 511/271/440
f 511/271/440 516/162/445 517/164/446
f 511/271/440 517/164/446 514/165/443
f 513/167/442 518/169/447 507/268/436
f 507/268/436 519/174/448 508/269/437
f 507/268/436 518/169/447 519/174/448
f 508/269/437 519/174/448 520/176/449
f 508/269/437 520/176/449 509/270/438
f 509/270/438 520/176/449 521/156/450
f 509/270/438 521/156/450 510/155/439
f 510/155/439 521/156/450 522/157/451
f 510/155/439 522/157/451 512/158/441
f 512/158/441 522/157/451 523/159/452
f 514/165/443 524/166/453 513/167/442
f 513/167/442 525/168/454 518/169/447
f 524/166/453 525/168/454 513/167/442
f 526/170/455 524/166/453 514/165/443
f 514/165/443 517/164/446 526/170/455
f 515/160/444 527/161/456 516/162/445
f 516/162/445 527/161/456 528/163/457
f 516/162/445 528/163/457 517/164/446
f 517/164/446 528/163/457 529/171/458
f 517/164/446 529/171/458 526/170/455
f 525/168/454 530/172/459 518/169/447
f 518/169/447 531/173/460 519/174/448
f 518/169/447 530/172/459 531/173/460
f 519/174/448 531/173/460 532/175/461
f 519/174/448 532/175/461 520/176/449
f 520/176/449 532/175/461 533/177/462
f 520/176/449 533/177/462 521/156/450
f 521/156/450 533/177/462 534/178/463
f 521/156/450 534/178/463 522/157/451
f 522/157/451 534/178/463 535/179/464
f 522/157/451 535/179/464 523/159/452
f 526/170/455 536/180/465 524/166/453
f 526/170/455 529/171/458 536/180/465
f 524/166/453 536/180/465 537/181/466
f 524/166/453 537/181/466 525/168/454
f 525/168/454 538/182/467 530/172/459
f 525/168/454 537/181/466 538/182/467
f 527/161/456 539/236/468 528/163/457
f 528/163/457 540/183/469 529/171/458
f 539/236/468 540/183/469 528/163/457
f 540/183/469 541/184/470 529/171/458
f 529/171/458 541/184/470 536/180/465
f 536/180/465 541/184/470 537/181/466
f 530/172/459 538/182/467 542/185/471
f 530/172/459 542/185/471 543/186/472
f 530/172/459 543/186/472 531/173/460
f 531/173/460 543/186/472 544/187/473
f 531/173/460 544/187/473 532/175/461
f 532/175/461 544/187/473 545/188/474
f 532/175/461 545/188/474 533/177/462
f 533/177/462 545/188/474 546/189/475
f 533/177/462 546/189/475 534/178/463
f 537/181/466 541/184/470 547/190/476
f 537/181/466 547/190/476 538/182/467
f 538/182/467 548/191/477 542/185/471
f 538/182/467 547/190/476 548/191/477
f 541/184/470 549/192/478 547/190/476
f 540/183/469 549/192/478 541/184/470
f 539/236/468 550/234/479 540/183/469
f 550/234/479 549/192/478 540/183/469
f 542/185/471 548/191/477 551/193/480
f 543/186/472 542/185/471 552/194/481
f 542/185/471 551/193/480 552/194/481
f 547/190/476 549/192/478 553/195/482
f 547/190/476 553/195/482 548/191/477
f 543/186/472 552/194/481 554/196/483
f 555/197/484 543/186/472 554/196/483
f 544/187/473 543/186/472 555/197/484
f 545/188/474 544/187/473 556/198/485
f 556/198/485 544/187/473 555/197/484
f 546/189/475 545/188/474 557/199/486
f 557/199/486 545/188/474 556/198/485
f 548/191/477 558/200/487 551/193/480
f 548/191/477 553/195/482 558/200/487
f 549/192/478 559/205/488 553/195/482
f 549/192/478 560/229/489 559/205/488
f 550/234/479 560/229/489 549/192/478
f 553/195/482 559/205/488 561/206/490
f 553/195/482 561/206/490 558/200/487
f 551/193/480 558/200/487 562/201/491
f 552/194/481 551/193/480 563/202/492
f 551/193/480 562/201/491 563/202/492
f 563/202/492 564/203/493 552/194/481
f 554/196/483 552/194/481 565/204/494
f 552/194/481 564/203/493 565/204/494
f 558/200/487 566/207/495 562/201/491
f 558/200/487 561/206/490 566/207/495
f 559/205/488 567/211/496 561/206/490
f 559/205/488 568/226/497 567/211/496
f 560/229/489 568/226/497 559/205/488
f 561/206/490 567/211/496 569/212/498
f 561/206/490 569/212/498 566/207/495
f 562/201/491 566/207/495 570/208/499
f 563/202/492 562/201/491 571/209/500
f 562/201/491 570/208/499 571/209/500
f 571/209/500 572/210/501 563/202/492
f 563/202/492 572/210/501 564/203/493
f 566/207/495 573/213/502 570/208/499
f 566/207/495 569/212/498 573/213/502
f 567/211/496 574/217/503 569/212/498
f 567/211/496 575/225/504 574/217/503
f 568/226/497 575/225/504 567/211/496
f 569/212/498 574/217/503 576/218/505
f 569/212/498 576/218/505 573/213/502
f 570/208/499 573/213/502 577/214/506
f 571/209/500 570/208/499 578/215/507
f 570/208/499 577/214/506 578/215/507
f 578/215/507 579/216/508 571/209/500
f 571/209/500 579/216/508 572/210/501
f 573/213/502 580/219/509 577/214/506
f 573/213/502 576/218/505 580/219/509
f 568/226/497 581/227/510 575/225/504
f 578/215/507 582/220/511 579/216/508
f 583/221/512 582/220/511 578/215/507
f 578/215/507 577/214/506 583/221/512
f 577/214/506 580/219/509 584/222/513
f 577/214/506 585/223/514 583/221/512
f 584/222/513 585/223/514 577/214/506
f 585/223/514 586/224/515 583/221/512
f 583/221/512 586/224/515 582/220/511
f 587/228/516 588/231/517 581/227/510
f 587/228/516 581/227/510 568/226/497
f 589/232/518 588/231/517 587/228/516
f 590/230/519 589/232/518 587/228/516
f 587/228/516 568/226/497 590/230/519
f 590/230/519 568/226/497 560/229/489
f 591/235/520 589/232/518 590/230/519
f 591/235/520 590/230/519 592/237/521
f 590/230/519 560/229/489 593/233/522
f 592/237/521 590/230/519 593/233/522
f 593/233/522 560/229/489 550/234/479
f 539/236/468 592/237/521 593/233/522
f 593/233/522 550/234/479 539/236/468
f 594/238/523 592/237/521 539/236/468
f 594/238/523 539/236/468 527/161/456
f 523/159/452 535/179/464 595/239/524
f 535/179/464 596/240/525 595/239/524
f 535/179/464 534/178/463 596/240/525
f 595/239/524 596/240/525 597/241/526
f 596/240/525 598/242/527 597/241/526
f 596/240/525 599/243/528 598/242/527
f 596/240/525 534/178/463 599/243/528
f 534/178/463 546/189/475 599/243/528
f 599/243/528 546/189/475 600/244/529
f 598/242/527 599/243/528 600/244/529
f 597/241/526 598/242/527 601/245/530
f 600/244/529 546/189/475 557/199/486
f 602/246/531 603/247/532 604/248/533
f 604/248/533 603/247/532 605/249/534
f 603/247/532 606/250/535 605/249/534
f 607/251/536 606/250/535 603/247/532
f 606/250/535 608/252/537 605/249/534
f 605/249/534 609/253/538 604/248/533
f 605/249/534 608/252/537 609/253/538
f 607/251/536 610/254/539 606/250/535
f 606/250/535 610/254/539 608/252/537
f 604/248/533 609/253/538 611/255/540
f 612/256/541 610/254/539 607/251/536
f 612/256/541 613/257/542 610/254/539
f 608/252/537 610/254/539 614/258/543
f 610/254/539 613/257/542 614/258/543
f 614/258/543 615/259/544 608/252/537
f 608/252/537 616/260/545 609/253/538
f 608/252/537 615/259/544 616/260/545
f 609/253/538 616/260/545 617/261/546
f 618/262/547 609/253/538 617/261/546
f 611/255/540 609/253/538 618/262/547
f 619/263/548 613/257/542 612/256/541
f 619/263/548 620/267/549 613/257/542
f 614/258/543 613/257/542 621/264/550
f 613/257/542 620/267/549 621/264/550
f 621/264/550 622/265/551 614/258/543
f 614/258/543 622/265/551 615/259/544
f 622/265/551 623/268/552 615/259/544
f 615/259/544 624/269/553 616/260/545
f 615/259/544 623/268/552 624/269/553
f 616/260/545 624/269/553 625/270/554
f 616/260/545 625/270/554 617/261/546
f 617/261/546 625/270/554 626/155/555
f 617/261/546 626/155/555 618/262/547
f 621/264/550 620/267/549 627/271/556
f 621/264/550 627/271/556 622/265/551
f 618/262/547 626/155/555 628/158/557
f 629/266/558 620/267/549 619/263/548
f 629/266/558 630/160/559 620/267/549
f 620/267/549 631/162/560 627/271/556
f 620/267/549 630/160/559 631/162/560
f 622/265/551 632/167/561 623/268/552
f 633/165/562 632/167/561 622/265/551
f 622/265/551 627/271/556 633/165/562
f 627/271/556 631/162/560 634/164/563
f 627/271/556 634/164/563 633/165/562
f 632/167/561 635/169/564 623/268/552
f 623/268/552 636/174/565 624/269/553
f 623/268/552 635/169/564 636/174/565
f 624/269/553 636/174/565 637/176/566
f 624/269/553 637/176/566 625/270/554
f 625/270/554 637/176/566 638/156/567
f 625/270/554 638/156/567 626/155/555
f 626/155/555 638/156/567 639/157/568
f 626/155/555 639/157/568 628/158/557
f 628/158/557 639/157/568 640/159/569
f 630/160/559 641/161/570 631/162/560
f 631/162/560 641/161/570 642/163/571
f 631/162/560 642/163/571 634/164/563
f 633/165/562 643/166/572 632/167/561
f 632/167/561 644/168/573 635/169/564
f 643/166/572 644/168/573 632/167/561
f 645/170/574 643/166/572 633/165/562
f 633/165/562 634/164/563 645/170/574
f 634/164/563 642/163/571 646/171/575
f 634/164/563 646/171/575 645/170/574
f 644/168/573 647/172/576 635/169/564
f 635/169/564 648/173/577 636/174/565
f 635/169/564 647/172/576 648/173/577
f 636/174/565 648/173/577 649/175/578
f 636/174/565 649/175/578 637/176/566
f 637/176/566 649/175/578 650/177/579
f 637/176/566 650/177/579 638/156/567
f 638/156/567 650/177/579 651/178/580
f 638/156/567 651/178/580 639/157/568
f 639/157/568 651/178/580 652/179/581
f 639/157/568 652/179/581 640/159/569
f 645/170/574 653/180/582 643/166/572
f 645/170/574 646/171/575 653/180/582
f 643/166/572 653/180/582 654/181/583
f 643/166/572 654/181/583 644/168/573
f 644/168/573 655/182/584 647/172/576
f 644/168/573 654/181/583 655/182/584
f 642/163/571 656/183/585 646/171/575
f 646/171/575 657/184/586 653/180/582
f 656/183/585 657/184/586 646/171/575
f 653/180/582 657/184/586 654/181/583
f 647/172/576 655/182/584 658/185/587
f 647/172/576 658/185/587 659/186/588
f 647/172/576 659/186/588 648/173/577
f 648/173/577 659/186/588 660/187/589
f 648/173/577 660/187/589 649/175/578
f 649/175/578 660/187/589 661/188/590
f 649/175/578 661/188/590 650/177/579
f 650/177/579 661/188/590 662/189/591
f 650/177/579 662/189/591 651/178/580
f 654/181/583 657/184/586 663/190/592
f 654/181/583 663/190/592 655/182/584
f 655/182/584 664/191/593 658/185/587
f 655/182/584 663/190/592 664/191/593
f 657/184/586 665/192/594 663/190/592
f 656/183/585 665/192/594 657/184/586
f 658/185/587 664/191/593 666/193/595
f 659/186/588 658/185/587 667/194/596
f 658/185/587 666/193/595 667/194/596
f 663/190/592 665/192/594 668/195/597
f 663/190/592 668/195/597 664/191/593
f 659/186/588 667/194/596 669/196/598
f 670/197/599 659/186/588 669/196/598
f 660/187/589 659/186/588 670/197/599
f 661/188/590 660/187/589 671/198/600
f 671/198/600 660/187/589 670/197/599
f 662/189/591 661/188/590 672/199/601
f 672/199/601 661/188/590 671/198/600
f 664/191/593 673/200/602 666/193/595
f 664/191/593 668/195/597 673/200/602
f 666/193/595 673/200/602 674/201/603
f 667/194/596 666/193/595 675/202/604
f 666/193/595 674/201/603 675/202/604
f 675/202/604 676/203/605 667/194/596
f 669/196/598 667/194/596 677/204/606
f 667/194/596 676/203/605 677/204/606
f 665/192/594 678/205/607 668/195/597
f 668/195/597 679/206/608 673/200/602
f 668/195/597 678/205/607 679/206/608
f 673/200/602 680/207/609 674/201/603
f 673/200/602 679/206/608 680/207/609
f 674/201/603 680/207/609 681/208/610
f 675/202/604 674/201/603 682/209/611
f 674/201/603 681/208/610 682/209/611
f 682/209/611 683/210/612 675/202/604
f 675/202/604 683/210/612 676/203/605
f 678/205/607 684/211/613 679/206/608
f 679/206/608 685/212/614 680/207/609
f 679/206/608 684/211/613 685/212/614
f 680/207/609 686/213/615 681/208/610
f 680/207/609 685/212/614 686/213/615
f 681/208/610 686/213/615 687/214/616
f 682/209/611 681/208/610 688/215/617
f 681/208/610 687/214/616 688/215/617
f 688/215/617 689/216/618 682/209/611
f 682/209/611 689/216/618 683/210/612
f 684/211/613 690/217/619 685/212/614
f 685/212/614 691/218/620 686/213/615
f 685/212/614 690/217/619 691/218/620
f 686/213/615 692/219/621 687/214/616
f 686/213/615 691/218/620 692/219/621
f 688/215/617 693/220/622 689/216/618
f 694/221/623 693/220/622 688/215/617
f 688/215/617 687/214/616 694/221/623
f 687/214/616 692/219/621 695/222/624
f 687/214/616 696/223/625 694/221/623
f 695/222/624 696/223/625 687/214/616
f 696/223/625 697/224/626 694/221/623
f 694/221/623 697/224/626 693/220/622
f 684/211/613 698/225/627 690/217/619
f 699/226/628 700/227/629 698/225/627
f 699/226/628 698/225/627 684/211/613
f 678/205/607 699/226/628 684/211/613
f 701/228/630 700/227/629 699/226/628
f 702/229/631 699/226/628 678/205/607
f 703/230/632 699/226/628 702/229/631
f 701/228/630 699/226/628 703/230/632
f 701/228/630 704/231/633 700/227/629
f 703/230/632 705/232/634 701/228/630
f 705/232/634 704/231/633 701/228/630
f 665/192/594 702/229/631 678/205/607
f 703/230/632 702/229/631 706/233/635
f 707/234/636 702/229/631 665/192/594
f 706/233/635 702/229/631 707/234/636
f 706/233/635 708/235/637 703/230/632
f 708/235/637 705/232/634 703/230/632
f 707/234/636 665/192/594 656/183/585
f 706/233/635 707/234/636 709/236/638
f 709/236/638 707/234/636 656/183/585
f 709/236/638 710/237/639 706/233/635
f 710/237/639 708/235/637 706/233/635
f 709/236/638 656/183/585 642/163/571
f 641/161/570 709/236/638 642/163/571
f 711/238/640 709/236/638 641/161/570
f 711/238/640 710/237/639 709/236/638
f 640/159/569 652/179/581 712/239/641
f 652/179/581 713/240/642 712/239/641
f 652/179/581 651/178/580 713/240/642
f 712/239/641 713/240/642 714/241/643
f 713/240/642 715/242/644 714/241/643
f 713/240/642 716/243/645 715/242/644
f 713/240/642 651/178/580 716/243/645
f 651/178/580 662/189/591 716/243/645
f 716/243/645 662/189/591 717/244/646
f 715/242/644 716/243/645 717/244/646
f 714/241/643 715/242/644 718/245/647
f 717/244/646 662/189/591 672/199/601
f 719/280/648 720/281/91 721/282/649
f 719/280/648 721/282/649 722/283/650
f 721/282/649 720/281/91 723/284/651
f 720/281/91 724/285/652 723/284/651
f 722/283/650 721/282/649 725/286/653
f 721/282/649 726/287/654 725/286/653
f 721/282/649 723/284/651 726/287/654
f 722/283/650 725/286/653 727/288/655
f 723/284/651 724/285/652 728/289/656
f 726/287/654 723/284/651 729/290/657
f 723/284/651 728/289/656 729/290/657
f 724/285/652 730/291/658 728/289/656
f 727/288/655 725/286/653 731/292/659
f 725/286/653 732/293/660 731/292/659
f 725/286/653 726/287/654 732/293/660
f 726/287/654 729/290/657 733/294/661
f 734/295/662 726/287/654 733/294/661
f 732/293/660 726/287/654 734/295/662
f 727/288/655 731/292/659 735/296/663
f 728/289/656 730/291/658 736/297/664
f 729/290/657 728/289/656 737/298/665
f 728/289/656 736/297/664 737/298/665
f 729/290/657 737/298/665 738/299/666
f 733/294/661 729/290/657 738/299/666
f 733/294/661 738/299/666 739/300/667
f 734/295/662 733/294/661 739/300/667
f 740/301/668 732/293/660 734/295/662
f 740/301/668 734/295/662 739/300/667
f 731/292/659 732/293/660 741/302/669
f 741/302/669 732/293/660 740/301/668
f 735/296/663 731/292/659 742/303/670
f 731/292/659 741/302/669 742/303/670
f 730/291/658 743/304/671 736/297/664
f 738/299/666 737/298/665 744/305/672
f 738/299/666 744/305/672 739/300/667
f 737/298/665 736/297/664 745/306/673
f 737/298/665 745/306/673 744/305/672
f 736/297/664 743/304/671 746/307/674
f 736/297/664 746/307/674 745/306/673
f 747/308/675 741/302/669 740/301/668
f 747/308/675 740/301/668 739/300/667
f 742/303/670 741/302/669 748/309/676
f 748/309/676 741/302/669 747/308/675
f 744/305/672 745/306/673 749/310/677
f 744/305/672 749/310/677 739/300/667
f 745/306/673 746/307/674 750/311/678
f 745/306/673 750/311/678 749/310/677
f 751/312/679 748/309/676 747/308/675
f 751/312/679 747/308/675 739/300/667
f 752/313/680 742/303/670 748/309/676
f 752/313/680 748/309/676 751/312/679
f 743/304/671 753/314/681 746/307/674
f 746/307/674 753/314/681 754/315/682
f 746/307/674 754/315/682 750/311/678
f 750/311/678 754/315/682 755/316/683
f 749/310/677 750/311/678 756/317/684
f 750/311/678 755/316/683 756/317/684
f 749/310/677 756/317/684 739/300/667
f 757/318/685 752/313/680 751/312/679
f 757/318/685 751/312/679 739/300/667
f 756/317/684 755/316/683 758/319/686
f 756/317/684 758/319/686 739/300/667
f 754/315/682 759/320/687 755/316/683
f 755/316/683 759/320/687 758/319/686
f 753/314/681 760/321/688 754/315/682
f 760/321/688 759/320/687 754/315/682
f 761/322/689 760/321/688 753/314/681
f 758/319/686 759/320/687 762/323/690
f 758/319/686 762/323/690 739/300/667
f 760/321/688 763/324/691 759/320/687
f 759/320/687 763/324/691 762/323/690
f 761/322/689 764/325/692 760/321/688
f 764/325/692 763/324/691 760/321/688
f 765/326/693 752/313/680 757/318/685
f 766/327/694 757/318/685 739/300/667
f 766/327/694 765/326/693 757/318/685
f 762/323/690 763/324/691 767/328/695
f 762/323/690 767/328/695 739/300/667
f 768/329/696 764/325/692 761/322/689
f 764/325/692 768/329/696 769/330/697
f 764/325/692 769/330/697 763/324/691
f 763/324/691 769/330/697 770/331/698
f 763/324/691 770/331/698 767/328/695
f 769/330/697 768/329/696 771/332/699
f 771/332/699 772/333/700 769/330/697
f 769/330/697 773/334/701 770/331/698
f 769/330/697 772/333/700 773/334/701
f 770/331/698 773/334/701 774/335/702
f 767/328/695 770/331/698 775/336/703
f 770/331/698 774/335/702 775/336/703
f 767/328/695 775/336/703 739/300/667
f 776/337/704 765/326/693 766/327/694
f 777/338/705 766/327/694 739/300/667
f 777/338/705 776/337/704 766/327/694
f 775/336/703 774/335/702 778/339/706
f 775/336/703 778/339/706 739/300/667
f 772/333/700 779/340/707 773/334/701
f 773/334/701 779/340/707 780/341/708
f 773/334/701 780/341/708 774/335/702
f 774/335/702 780/341/708 781/342/709
f 774/335/702 781/342/709 778/339/706
f 778/339/706 781/342/709 782/343/710
f 778/339/706 782/343/710 739/300/667
f 783/344/711 776/337/704 777/338/705
f 784/345/712 777/338/705 739/300/667
f 784/345/712 783/344/711 777/338/705
f 779/340/707 785/346/713 780/341/708
f 780/341/708 785/346/713 786/347/714
f 780/341/708 786/347/714 781/342/709
f 781/342/709 786/347/714 787/348/715
f 781/342/709 787/348/715 782/343/710
f 782/343/710 787/348/715 788/349/716
f 782/343/710 788/349/716 739/300/667
f 785/346/713 789/350/717 786/347/714
f 786/347/714 789/350/717 790/351/718
f 786/347/714 790/351/718 787/348/715
f 787/348/715 790/351/718 791/352/719
f 787/348/715 791/352/719 788/349/716
f 789/350/717 792/353/720 790/351/718
f 790/351/718 792/353/720 793/354/721
f 790/351/718 793/354/721 791/352/719
f 791/352/719 793/354/721 794/355/722
f 788/349/716 791/352/719 795/356/723
f 794/355/722 795/356/723 791/352/719
f 788/349/716 795/356/723 739/300/667
f 796/357/724 795/356/723 794/355/722
f 796/357/724 739/300/667 795/356/723
f 794/355/722 797/358/725 796/357/724
f 796/357/724 797/358/725 739/300/667
f 792/353/720 798/359/36 793/354/721
f 793/354/721 798/359/36 799/360/726
f 793/354/721 799/360/726 794/355/722
f 794/355/722 799/360/726 800/361/727
f 800/361/727 797/358/725 794/355/722
f 800/361/727 801/362/728 797/358/725
f 797/358/725 802/363/729 739/300/667
f 797/358/725 801/362/728 802/363/729
f 799/360/726 803/364/730 800/361/727
f 800/361/727 803/364/730 801/362/728
f 798/359/36 804/365/731 799/360/726
f 799/360/726 804/365/731 803/364/730
f 803/364/730 805/366/732 801/362/728
f 801/362/728 806/367/733 802/363/729
f 801/362/728 805/366/732 806/367/733
f 802/363/729 806/367/733 807/368/734
f 802/363/729 807/368/734 739/300/667
f 804/365/731 808/369/735 803/364/730
f 803/364/730 808/369/735 805/366/732
f 808/369/735 809/370/736 805/366/732
f 805/366/732 810/371/737 806/367/733
f 805/366/732 809/370/736 810/371/737
f 806/367/733 810/371/737 811/372/738
f 806/367/733 811/372/738 807/368/734
f 809/370/736 812/373/739 810/371/737
f 810/371/737 812/373/739 813/374/740
f 810/371/737 813/374/740 811/372/738
f 811/372/738 813/374/740 814/375/741
f 807/368/734 811/372/738 815/376/742
f 811/372/738 814/375/741 815/376/742
f 807/368/734 815/376/742 739/300/667
f 815/376/742 814/375/741 816/377/743
f 815/376/742 816/377/743 739/300/667
f 812/373/739 817/378/744 813/374/740
f 813/374/740 817/378/744 818/379/745
f 813/374/740 818/379/745 814/375/741
f 814/375/741 818/379/745 819/380/746
f 814/375/741 819/380/746 816/377/743
f 816/377/743 819/380/746 820/381/747
f 816/377/743 820/381/747 739/300/667
f 820/381/747 784/345/712 739/300/667
f 819/380/746 821/382/748 820/381/747
f 820/381/747 821/382/748 784/345/712
f 818/379/745 822/383/749 819/380/746
f 819/380/746 822/383/749 821/382/748
f 817/378/744 823/384/60 818/379/745
f 818/379/745 823/384/60 822/383/749
f 821/382/748 783/344/711 784/345/712
f 822/383/749 824/385/750 821/382/748
f 821/382/748 824/385/750 783/344/711
f 823/384/60 825/386/751 822/383/749
f 826/387/752 827/388/753 828/387/754
f 827/388/753 829/389/755 828/387/754
f 827/388/753 830/390/756 829/389/755
f 827/388/753 831/391/757 830/390/756
f 827/388/753 832/392/758 831/391/757
f 827/388/753 833/393/759 832/392/758
f 827/388/753 834/394/760 833/393/759
f 835/395/761 836/396/762 837/397/763
f 838/398/764 837/397/763 836/396/762
f 839/399/765 838/398/764 836/396/762
f 840/400/766 839/399/765 836/396/762
f 841/401/767 840/400/766 836/396/762
f 842/402/768 841/401/767 836/396/762
f 843/402/769 842/402/768 836/396/762
f 844/403/770 845/404/771 846/405/772
f 846/405/772 845/404/771 847/406/773
f 848/407/774 846/405/772 847/406/773
f 849/408/775 846/405/772 848/407/774
f 850/409/776 849/408/775 848/407/774
f 851/410/777 849/408/775 850/409/776
f 852/411/778 851/410/777 850/409/776
f 853/412/779 851/410/777 852/411/778
f 854/413/780 853/412/779 852/411/778
f 855/414/781 853/412/779 854/413/780
f 856/415/782 855/414/781 854/413/780
f 857/416/783 855/414/781 856/415/782
f 858/387/784 859/388/785 860/387/786
f 859/388/785 861/389/787 860/387/786
f 859/388/785 862/390/788 861/389/787
f 859/388/785 863/391/789 862/390/788
f 859/388/785 864/392/790 863/391/789
f 859/388/785 865/393/791 864/392/790
f 859/388/785 866/394/792 865/393/791
f 867/395/793 868/396/794 869/397/795
f 870/398/796 869/397/795 868/396/794
f 871/399/797 870/398/796 868/396/794
f 872/400/798 871/399/797 868/396/794
f 873/401/799 872/400/798 868/396/794
f 874/402/800 873/401/799 868/396/794
f 875/402/801 874/402/800 868/396/794
f 876/403/802 877/404/803 878/405/804
f 878/405/804 877/404/803 879/406/805
f 880/407/806 878/405/804 879/406/805
f 881/408/807 878/405/804 880/407/806
f 882/409/808 881/408/807 880/407/806
f 883/410/809 881/408/807 882/409/808
f 884/411/810 883/410/809 882/409/808
f 885/412/811 883/410/809 884/411/810
f 886/413/812 885/412/811 884/411/810
f 887/414/813 885/412/811 886/413/812
f 888/415/814 887/414/813 886/413/812
f 889/416/815 887/414/813 888/415/814
f 890/387/816 891/388/817 892/387/818
f 891/388/817 893/389/819 892/387/818
f 891/388/817 894/390/820 893/389/819
f 891/388/817 895/391/821 894/390/820
f 891/388/817 896/392/822 895/391/821
f 891/388/817 897/393/823 896/392/822
f 891/388/817 898/394/824 897/393/823
f 899/395/825 900/396/826 901/397/827
f 902/398/828 901/397/827 900/396/826
f 903/399/829 902/398/828 900/396/826
f 904/400/830 903/399/829 900/396/826
f 905/401/831 904/400/830 900/396/826
f 906/402/832 905/401/831 900/396/826
f 907/402/833 906/402/832 900/396/826
f 908/403/834 909/404/835 910/405/836
f 910/405/836 909/404/835 911/406/837
f 912/407/838 910/405/836 911/406/837
f 913/408/839 910/405/836 912/407/838
f 914/409/840 913/408/839 912/407/838
f 915/410/841 913/408/839 914/409/840
f 916/411/842 915/410/841 914/409/840
f 917/412/843 915/410/841 916/411/842
f 918/413/844 917/412/843 916/411/842
f 919/414/845 917/412/843 918/413/844
f 920/415/846 919/414/845 918/413/844
f 921/416/847 919/414/845 920/415/846
f 922/417/848 923/418/849 924/419/850
f 925/420/851 923/418/849 922/417/848
f 925/420/851 926/421/852 923/418/849
f 927/422/853 926/421/852 925/420/851
f 927/422/853 928/423/854 926/421/852
f 926/421/852 928/423/854 929/424/855
f 928/423/854 930/425/856 929/424/855
f 931/426/857 930/425/856 928/423/854
f 931/426/857 932/427/858 930/425/856
f 930/425/856 932/427/858 933/428/859
f 932/427/858 934/429/860 933/428/859
f 933/428/859 934/429/860 935/430/861
f 934/429/860 936/431/862 935/430/861
f 935/430/861 936/431/862 937/432/863
f 936/431/862 938/433/864 937/432/863
f 937/432/863 938/433/864 939/434/865
f 938/433/864 940/435/866 939/434/865
f 939/434/865 940/435/866 941/436/867
f 940/435/866 942/437/868 941/436/867
f 941/436/867 942/437/868 943/438/869
f 942/437/868 944/439/870 943/438/869
f 945/440/871 944/439/870 942/437/868
f 945/440/871 946/441/872 944/439/870
f 944/439/870 946/441/872 947/442/873
f 946/441/872 948/443/874 947/442/873
f 949/444/875 948/443/874 946/441/872
f 949/444/875 950/445/876 948/443/874
f 951/446/877 950/445/876 949/444/875
f 951/446/877 952/447/878 950/445/876
f 950/445/876 952/447/878 953/448/879
f 952/447/878 954/449/880 953/448/879
f 955/450/881 954/449/880 952/447/878
f 956/451/882 957/452/883 958/453/884
f 958/453/884 957/452/883 959/454/885
f 959/454/885 960/455/886 958/453/884
f 961/456/887 960/455/886 959/454/885
f 959/454/885 962/457/888 961/456/887
f 959/454/885 957/452/883 962/457/888
f 962/457/888 957/452/883 963/458/889
f 960/455/886 961/456/887 964/459/890
f 961/456/887 962/457/888 965/460/891
f 964/459/890 961/456/887 966/461/892
f 961/456/887 965/460/891 966/461/892
f 962/457/888 963/458/889 967/462/893
f 968/463/894 962/457/888 967/462/893
f 965/460/891 962/457/888 968/463/894
f 967/462/893 963/458/889 969/464/895
f 966/461/892 970/465/896 964/459/890
f 971/466/897 965/460/891 968/463/894
f 972/467/898 965/460/891 971/466/897
f 966/461/892 965/460/891 972/467/898
f 973/468/899 970/465/896 966/461/892
f 974/469/900 966/461/892 972/467/898
f 973/468/899 966/461/892 974/469/900
f 972/467/898 971/466/897 974/469/900
f 967/462/893 969/464/895 975/470/901
f 976/471/902 967/462/893 975/470/901
f 968/463/894 967/462/893 976/471/902
f 971/466/897 968/463/894 977/472/903
f 977/472/903 968/463/894 976/471/902
f 975/470/901 969/464/895 978/473/904
f 975/470/901 978/473/904 979/474/905
f 975/470/901 979/474/905 976/471/902
f 974/469/900 971/466/897 980/475/906
f 981/476/907 971/466/897 977/472/903
f 980/475/906 971/466/897 981/476/907
f 974/469/900 980/475/906 982/477/908
f 982/477/908 973/468/899 974/469/900
f 983/478/909 973/468/899 982/477/908
f 983/478/909 970/465/896 973/468/899
f 976/471/902 984/479/910 977/472/903
f 976/471/902 979/474/905 984/479/910
f 977/472/903 984/479/910 985/480/911
f 986/481/912 977/472/903 985/480/911
f 981/476/907 977/472/903 986/481/912
f 979/474/905 978/473/904 987/482/913
f 979/474/905 987/482/913 988/483/914
f 979/474/905 988/483/914 984/479/910
f 984/479/910 988/483/914 989/484/915
f 984/479/910 989/484/915 985/480/911
f 982/477/908 980/475/906 990/485/916
f 991/486/917 980/475/906 981/476/907
f 990/485/916 980/475/906 991/486/917
f 991/486/917 981/476/907 992/487/918
f 992/487/918 981/476/907 986/481/912
f 982/477/908 990/485/916 993/488/919
f 994/489/920 982/477/908 993/488/919
f 983/478/909 982/477/908 994/489/920
f 985/480/911 989/484/915 995/490/921
f 996/491/922 985/480/911 995/490/921
f 986/481/912 985/480/911 996/491/922
f 992/487/918 986/481/912 997/492/923
f 997/492/923 986/481/912 996/491/922
f 993/488/919 990/485/916 998/493/924
f 990/485/916 991/486/917 998/493/924
f 991/486/917 992/487/918 999/494/925
f 998/493/924 991/486/917 999/494/925
f 999/494/925 992/487/918 1000/495/926
f 992/487/918 997/492/923 1000/495/926
f 993/488/919 998/493/924 1001/496/927
f 1001/496/927 994/489/920 993/488/919
f 822/383/749 825/386/751 824/385/750
f 825/386/751 1002/497/928 824/385/750
f 824/385/750 1003/498/929 783/344/711
f 824/385/750 1002/497/928 1003/498/929
f 783/344/711 1003/498/929 776/337/704
f 1002/497/928 1004/499/73 1003/498/929
f 1003/498/929 1004/499/73 1005/500/930
f 1003/498/929 1005/500/930 776/337/704
f 776/337/704 1005/500/930 765/326/693
f 1004/499/73 1006/501/931 1005/500/930
f 1005/500/930 1006/501/931 1007/502/932
f 1005/500/930 1007/502/932 765/326/693
f 765/326/693 1007/502/932 752/313/680
f 1006/501/931 735/296/663 1007/502/932
f 1007/502/932 735/296/663 742/303/670
f 1007/502/932 742/303/670 752/313/680
f 1000/495/926 997/492/923 1008/503/868
f 1001/496/927 998/493/924 1009/504/933
f 1010/505/934 998/493/924 999/494/925
f 1009/504/933 998/493/924 1010/505/934
f 1010/505/934 999/494/925 1011/506/935
f 1011/506/935 999/494/925 1000/495/926
f 1011/506/935 1000/495/926 1012/507/936
f 1012/507/936 1000/495/926 1008/503/868
f 1013/508/937 1010/505/934 1011/506/935
f 1011/506/935 1012/507/936 1013/508/937
f 1014/509/938 1010/505/934 1013/508/937
f 1014/509/938 1009/504/933 1010/505/934
f 1001/496/927 1009/504/933 1015/510/939
f 1016/511/940 1009/504/933 1014/509/938
f 1015/510/939 1009/504/933 1016/511/940
f 1015/510/939 1017/512/941 1001/496/927
f 1017/512/941 994/489/920 1001/496/927
f 1013/508/937 1012/507/936 1018/513/942
f 1019/514/943 1014/509/938 1013/508/937
f 1020/515/862 1013/508/937 1018/513/942
f 1019/514/943 1013/508/937 1020/515/862
f 1021/516/944 1014/509/938 1019/514/943
f 1021/516/944 1016/511/940 1014/509/938
f 1015/510/939 1016/511/940 1022/517/945
f 1022/517/945 1023/518/946 1015/510/939
f 1023/518/946 1017/512/941 1015/510/939
f 1022/517/945 1016/511/940 1024/519/947
f 1024/519/947 1016/511/940 1021/516/944
f 1017/512/941 1023/518/946 1025/520/948
f 1017/512/941 1026/521/949 994/489/920
f 1025/520/948 1026/521/949 1017/512/941
f 1027/522/950 1021/516/944 1019/514/943
f 1028/523/951 1019/514/943 1020/515/862
f 1027/522/950 1019/514/943 1028/523/951
f 1029/524/952 1021/516/944 1027/522/950
f 1029/524/952 1024/519/947 1021/516/944
f 1022/517/945 1024/519/947 1030/525/953
f 1030/525/953 1031/526/954 1022/517/945
f 1031/526/954 1023/518/946 1022/517/945
f 1025/520/948 1023/518/946 1032/527/955
f 1031/526/954 1032/527/955 1023/518/946
f 1030/525/953 1024/519/947 1033/528/956
f 1033/528/956 1024/519/947 1029/524/952
f 1034/529/957 1029/524/952 1027/522/950
f 1035/530/958 1027/522/950 1028/523/951
f 1034/529/957 1027/522/950 1035/530/958
f 1036/531/959 1029/524/952 1034/529/957
f 1036/531/959 1033/528/956 1029/524/952
f 1030/525/953 1033/528/956 1037/532/960
f 1037/532/960 1038/533/961 1030/525/953
f 1038/533/961 1031/526/954 1030/525/953
f 1031/526/954 1038/533/961 1039/534/962
f 1039/534/962 1032/527/955 1031/526/954
f 1037/532/960 1033/528/956 1040/535/963
f 1040/535/963 1033/528/956 1036/531/959
f 1041/536/964 1036/531/959 1034/529/957
f 1042/537/965 1034/529/957 1035/530/958
f 1041/536/964 1034/529/957 1042/537/965
f 1043/538/966 1036/531/959 1041/536/964
f 1043/538/966 1040/535/963 1036/531/959
f 1037/532/960 1040/535/963 1044/539/967
f 1044/539/967 1045/540/968 1037/532/960
f 1045/540/968 1038/533/961 1037/532/960
f 1044/539/967 1040/535/963 1046/541/969
f 1046/541/969 1040/535/963 1043/538/966
f 1039/534/962 1038/533/961 1047/542/970
f 1048/543/971 1038/533/961 1045/540/968
f 1047/542/970 1038/533/961 1048/543/971
f 1045/540/968 1049/544/972 1048/543/971
f 1049/544/972 1045/540/968 1044/539/967
f 1043/538/966 1041/536/964 1050/545/973
f 1041/536/964 1042/537/965 1051/546/974
f 1050/545/973 1041/536/964 1051/546/974
f 1046/541/969 1043/538/966 1052/547/975
f 1052/547/975 1043/538/966 1050/545/973
f 1052/547/975 1044/539/967 1046/541/969
f 1051/546/974 1042/537/965 1053/548/854
f 1054/549/976 1044/539/967 1052/547/975
f 1055/550/977 1044/539/967 1054/549/976
f 1049/544/972 1044/539/967 1055/550/977
f 1048/543/971 1049/544/972 1056/551/978
f 1055/550/977 1056/551/978 1049/544/972
f 1054/549/976 1052/547/975 1057/552/979
f 1057/552/979 1055/550/977 1054/549/976
f 1058/553/980 1050/545/973 1051/546/974
f 1059/554/981 1050/545/973 1058/553/980
f 1059/554/981 1052/547/975 1050/545/973
f 1058/553/980 1051/546/974 1060/555/982
f 1060/555/982 1051/546/974 1053/548/854
f 1057/552/979 1052/547/975 1061/556/983
f 1061/556/983 1052/547/975 1059/554/981
f 1059/554/981 1058/553/980 1062/557/984
f 1062/557/984 1061/556/983 1059/554/981
f 1062/557/984 1058/553/980 1063/558/985
f 1058/553/980 1060/555/982 1063/558/985
f 1064/559/986 1055/550/977 1057/552/979
f 1055/550/977 1064/559/986 1065/560/987
f 1065/560/987 1056/551/978 1055/550/977
f 1066/561/988 1057/552/979 1061/556/983
f 1066/561/988 1061/556/983 1062/557/984
f 1067/562/989 1057/552/979 1066/561/988
f 1068/563/990 1057/552/979 1067/562/989
f 1064/559/986 1057/552/979 1068/563/990
f 1062/557/984 1063/558/985 1069/564/991
f 1069/564/991 1066/561/988 1062/557/984
f 1063/558/985 1060/555/982 1070/565/992
f 1069/564/991 1063/558/985 1071/566/993
f 1063/558/985 1070/565/992 1071/566/993
f 1072/567/895 1067/562/989 1066/561/988
f 1072/567/895 1066/561/988 1069/564/991
f 1065/560/987 1064/559/986 1073/568/994
f 1074/569/995 1064/559/986 1068/563/990
f 1073/568/994 1064/559/986 1074/569/995
f 1075/570/996 1067/562/989 1072/567/895
f 1076/571/997 1067/562/989 1075/570/996
f 1068/563/990 1067/562/989 1076/571/997
f 1076/571/997 1077/572/998 1068/563/990
f 1068/563/990 1077/572/998 1074/569/995
f 1071/566/993 1070/565/992 1078/573/881
f 1079/574/999 994/489/920 1026/521/949
f 983/478/909 994/489/920 1079/574/999
f 1079/574/999 970/465/896 983/478/909
f 988/483/914 987/482/913 1080/575/1000
f 1081/576/1001 1082/577/1002 1083/578/1003
f 1084/579/1004 1082/577/1002 1081/576/1001
f 1085/580/1005 1084/579/1004 1081/576/1001
f 1082/577/1002 1084/579/1004 1086/581/850
f 1087/582/1006 1084/579/1004 1085/580/1005
f 1086/581/850 1084/579/1004 1088/583/1007
f 1084/579/1004 1087/582/1006 1088/583/1007
f 1089/584/1008 1087/582/1006 1085/580/1005
f 1090/585/1009 1087/582/1006 1089/584/1008
f 1087/582/1006 1090/585/1009 1091/586/876
f 1088/583/1007 1087/582/1006 1091/586/876
f 1092/587/1010 1090/585/1009 1089/584/1008
f 1091/586/876 1090/585/1009 1093/588/1011
f 1094/589/1012 1090/585/1009 1092/587/1010
f 1090/585/1009 1095/590/1013 1093/588/1011
f 1094/589/1012 1095/590/1013 1090/585/1009
f 1096/591/1014 1094/589/1012 1092/587/1010
f 1097/592/1015 1094/589/1012 1096/591/1014
f 1094/589/1012 1098/593/1016 1095/590/1013
f 1097/592/1015 1098/593/1016 1094/589/1012
f 1097/592/1015 1096/591/1014 1099/594/1017
f 1097/592/1015 1099/594/1017 1098/593/1016
f 1099/594/1017 1096/591/1014 1100/595/1018
f 1098/593/1016 1099/594/1017 1101/596/869
f 1102/597/1019 1099/594/1017 1100/595/1018
f 1103/598/1020 1099/594/1017 1102/597/1019
f 1099/594/1017 1103/598/1020 1101/596/869
f 1101/596/869 1103/598/1020 1104/599/1021
f 1105/600/1022 1103/598/1020 1102/597/1019
f 1106/601/1023 1103/598/1020 1105/600/1022
f 1103/598/1020 1106/601/1023 1104/599/1021
f 1104/599/1021 1106/601/1023 1107/602/1024
f 1108/603/1025 1106/601/1023 1105/600/1022
f 1109/604/1026 1106/601/1023 1108/603/1025
f 1106/601/1023 1110/605/863 1107/602/1024
f 1109/604/1026 1110/605/863 1106/601/1023
f 1111/606/1027 1109/604/1026 1108/603/1025
f 1112/607/1028 1109/604/1026 1111/606/1027
f 1109/604/1026 1113/608/861 1110/605/863
f 1112/607/1028 1113/608/861 1109/604/1026
f 1114/609/1029 1112/607/1028 1111/606/1027
f 1115/610/1030 1112/607/1028 1114/609/1029
f 1112/607/1028 1116/611/1031 1113/608/861
f 1115/610/1030 1116/611/1031 1112/607/1028
f 1115/610/1030 1114/609/1029 1117/612/1032
f 1115/610/1030 1118/613/856 1116/611/1031
f 1117/612/1032 1118/613/856 1115/610/1030
f 1117/612/1032 1114/609/1029 1119/614/1033
f 1117/612/1032 1119/614/1033 1120/615/1034
f 1117/612/1032 1120/615/1034 1118/613/856
f 1118/613/856 1120/615/1034 1121/616/855
f 1120/615/1034 1119/614/1033 1122/617/1035
f 1120/615/1034 1123/618/1036 1121/616/855
f 1124/619/1037 1120/615/1034 1122/617/1035
f 1125/620/1038 1120/615/1034 1124/619/1037
f 1125/620/1038 1123/618/1036 1120/615/1034
f 1126/621/1039 1125/620/1038 1124/619/1037
f 1127/622/1040 1125/620/1038 1126/621/1039
f 1125/620/1038 1127/622/1040 1123/618/1036
f 1123/618/1036 1127/622/1040 1128/623/1041
f 1129/624/1003 1127/622/1040 1126/621/1039
f 1130/625/1042 1127/622/1040 1129/624/1003
f 1127/622/1040 1130/625/1042 1128/623/1041
f 1128/623/1041 1130/625/1042 1131/626/850
f 1132/627/1043 1133/628/1044 1134/629/1045
f 1132/627/1043 1135/630/1046 1133/628/1044
f 1133/628/1044 1135/630/1046 1136/631/1047
f 1135/630/1046 1137/632/1048 1136/631/1047
f 1134/629/1045 1133/628/1044 1138/633/1049
f 1133/628/1044 1136/631/1047 1139/634/1050
f 1140/635/1051 1133/628/1044 1139/634/1050
f 1138/633/1049 1133/628/1044 1140/635/1051
f 1136/631/1047 1137/632/1048 1141/636/1052
f 1136/631/1047 1141/636/1052 1142/637/1053
f 1139/634/1050 1136/631/1047 1142/637/1053
f 1143/638/1054 1134/629/1045 1138/633/1049
f 1144/639/1055 1138/633/1049 1140/635/1051
f 1143/638/1054 1138/633/1049 1144/639/1055
f 1145/640/1056 1134/629/1045 1143/638/1054
f 1140/635/1051 1139/634/1050 1146/641/1057
f 1140/635/1051 1146/641/1057 1144/639/1055
f 1146/641/1057 1139/634/1050 1147/642/1058
f 1139/634/1050 1148/643/1059 1147/642/1058
f 1142/637/1053 1148/643/1059 1139/634/1050
f 1137/632/1048 1149/644/1060 1141/636/1052
f 1141/636/1052 1149/644/1060 1150/645/1061
f 1142/637/1053 1141/636/1052 1150/645/1061
f 1150/645/1061 1151/646/1062 1142/637/1053
f 1142/637/1053 1151/646/1062 1148/643/1059
f 1152/647/1063 1145/640/1056 1143/638/1054
f 1153/648/1064 1143/638/1054 1144/639/1055
f 1152/647/1063 1143/638/1054 1153/648/1064
f 1144/639/1055 1154/649/1065 1153/648/1064
f 1144/639/1055 1146/641/1057 1154/649/1065
f 1148/643/1059 1155/650/1066 1147/642/1058
f 1148/643/1059 1151/646/1062 1155/650/1066
f 1147/642/1058 1156/651/1067 1146/641/1057
f 1147/642/1058 1155/650/1066 1156/651/1067
f 1146/641/1057 1156/651/1067 1157/652/1068
f 1146/641/1057 1157/652/1068 1154/649/1065
f 1150/645/1061 1149/644/1060 1158/653/1069
f 1150/645/1061 1158/653/1069 1151/646/1062
f 1151/646/1062 1158/653/1069 1159/654/1070
f 1151/646/1062 1159/654/1070 1160/655/1071
f 1155/650/1066 1151/646/1062 1160/655/1071
f 1161/656/1072 1152/647/1063 1153/648/1064
f 1153/648/1064 1154/649/1065 1162/657/1073
f 1163/658/1074 1153/648/1064 1162/657/1073
f 1161/656/1072 1153/648/1064 1163/658/1074
f 1162/657/1073 1154/649/1065 1164/659/1075
f 1154/649/1065 1157/652/1068 1165/660/1076
f 1164/659/1075 1154/649/1065 1165/660/1076
f 1163/658/1074 1162/657/1073 1166/661/1077
f 1166/661/1077 1162/657/1073 1164/659/1075
f 1158/653/1069 1167/662/1078 1159/654/1070
f 1159/654/1070 1167/662/1078 1168/663/1079
f 1160/655/1071 1159/654/1070 1168/663/1079
f 1169/664/1080 1161/656/1072 1163/658/1074
f 1170/665/1081 1163/658/1074 1166/661/1077
f 1169/664/1080 1163/658/1074 1170/665/1081
f 1168/663/1079 1167/662/1078 1171/666/1082
f 1172/667/1083 1161/656/1072 1169/664/1080
f 1173/668/1084 1172/667/1083 1169/664/1080
f 1169/664/1080 1170/665/1081 1173/668/1084
f 1173/668/1084 1170/665/1081 1174/669/1085
f 1167/662/1078 1175/670/1086 1171/666/1082
f 1171/666/1082 1175/670/1086 1176/671/1087
f 1167/662/1078 1177/672/1088 1175/670/1086
f 1178/673/1089 1177/672/1088 1167/662/1078
f 1178/673/1089 1167/662/1078 1158/653/1069
f 1177/672/1088 1179/674/1090 1175/670/1086
f 1175/670/1086 1180/675/1091 1176/671/1087
f 1175/670/1086 1179/674/1090 1180/675/1091
f 1176/671/1087 1180/675/1091 1181/676/1092
f 1178/673/1089 1182/677/1093 1177/672/1088
f 1177/672/1088 1183/678/1094 1179/674/1090
f 1182/677/1093 1183/678/1094 1177/672/1088
f 1149/644/1060 1178/673/1089 1158/653/1069
f 1184/679/1095 1178/673/1089 1149/644/1060
f 1184/679/1095 1182/677/1093 1178/673/1089
f 1183/678/1094 1185/680/1096 1179/674/1090
f 1179/674/1090 1186/681/1097 1180/675/1091
f 1179/674/1090 1185/680/1096 1186/681/1097
f 1180/675/1091 1186/681/1097 1187/682/1098
f 1180/675/1091 1188/683/1099 1181/676/1092
f 1187/682/1098 1188/683/1099 1180/675/1091
f 1149/644/1060 1189/684/1100 1184/679/1095
f 1189/684/1100 1182/677/1093 1184/679/1095
f 1190/685/1101 1182/677/1093 1189/684/1100
f 1190/685/1101 1183/678/1094 1182/677/1093
f 1191/686/1102 1183/678/1094 1190/685/1101
f 1191/686/1102 1185/680/1096 1183/678/1094
f 1192/687/1103 1185/680/1096 1191/686/1102
f 1185/680/1096 1193/688/1104 1186/681/1097
f 1192/687/1103 1193/688/1104 1185/680/1096
f 1186/681/1097 1193/688/1104 1194/689/1105
f 1186/681/1097 1194/689/1105 1187/682/1098
f 1187/682/1098 1194/689/1105 1195/690/1106
f 1187/682/1098 1196/691/1107 1188/683/1099
f 1195/690/1106 1196/691/1107 1187/682/1098
f 1197/692/1108 1189/684/1100 1149/644/1060
f 1198/693/1109 1193/688/1104 1192/687/1103
f 1198/693/1109 1199/694/1110 1193/688/1104
f 1193/688/1104 1199/694/1110 1194/689/1105
f 1194/689/1105 1199/694/1110 1200/695/1111
f 1194/689/1105 1200/695/1111 1195/690/1106
f 1195/690/1106 1200/695/1111 1201/696/1112
f 1195/690/1106 1201/696/1112 1196/691/1107
f 1196/691/1107 1201/696/1112 1202/697/1113
f 1203/698/1114 1199/694/1110 1198/693/1109
f 1203/698/1114 1204/699/1115 1199/694/1110
f 1199/694/1110 1205/700/1116 1200/695/1111
f 1199/694/1110 1204/699/1115 1205/700/1116
f 1200/695/1111 1205/700/1116 1206/701/1117
f 1200/695/1111 1173/668/1084 1201/696/1112
f 1206/701/1117 1173/668/1084 1200/695/1111
f 1173/668/1084 1174/669/1085 1201/696/1112
f 1201/696/1112 1174/669/1085 1202/697/1113
f 1205/700/1116 1172/667/1083 1206/701/1117
f 1206/701/1117 1172/667/1083 1173/668/1084
f 1204/699/1115 1207/702/1118 1205/700/1116
f 1205/700/1116 1207/702/1118 1208/703/1119
f 1208/703/1119 1172/667/1083 1205/700/1116
f 1207/702/1118 1209/704/1120 1208/703/1119
f 1208/703/1119 1209/704/1120 1172/667/1083
f 1172/667/1083 1209/704/1120 1161/656/1072
f 1210/705/1121 1209/704/1120 1207/702/1118
f 1210/705/1121 1152/647/1063 1209/704/1120
f 1209/704/1120 1152/647/1063 1161/656/1072
f 1211/706/1122 1152/647/1063 1210/705/1121
f 1211/706/1122 1145/640/1056 1152/647/1063
f 1197/692/1108 1149/644/1060 1137/632/1048
f 1212/387/1123 1213/388/1124 1214/387/1125
f 1213/388/1124 1215/389/1126 1214/387/1125
f 1213/388/1124 1216/390/1127 1215/389/1126
f 1213/388/1124 1217/391/1128 1216/390/1127
f 1213/388/1124 1218/707/1129 1217/391/1128
f 1213/388/1124 1219/393/1130 1218/707/1129
f 1213/388/1124 1220/394/1131 1219/393/1130
f 1221/395/1132 1222/396/1133 1223/397/1134
f 1224/398/1135 1223/397/1134 1222/396/1133
f 1225/399/1136 1224/398/1135 1222/396/1133
f 1226/400/1137 1225/399/1136 1222/396/1133
f 1227/401/1138 1226/400/1137 1222/396/1133
f 1228/402/1139 1227/401/1138 1222/396/1133
f 1229/402/1140 1228/402/1139 1222/396/1133
f 1230/708/1141 1231/709/1142 1232/405/1143
f 1232/405/1143 1231/709/1142 1233/710/1144
f 1234/711/1145 1232/405/1143 1233/710/1144
f 1235/408/1146 1232/405/1143 1234/711/1145
f 1236/712/1147 1235/408/1146 1234/711/1145
f 1237/713/1148 1235/408/1146 1236/712/1147
f 1238/714/1149 1237/713/1148 1236/712/1147
f 1239/412/1150 1237/713/1148 1238/714/1149
f 1240/715/1151 1239/412/1150 1238/714/1149
f 1241/414/1152 1239/412/1150 1240/715/1151
f 1242/716/1153 1241/414/1152 1240/715/1151
f 1243/416/1154 1241/414/1152 1242/716/1153
f 1244/717/1155 1245/718/1156 1246/719/1157
f 1245/718/1156 1247/720/1158 1246/719/1157
f 1248/721/1159 1245/718/1156 1244/717/1155
f 1249/722/1160 1248/721/1159 1244/717/1155
f 1250/723/1161 1247/720/1158 1245/718/1156
f 1250/723/1161 1251/724/1162 1247/720/1158
f 1252/725/1163 1248/721/1159 1249/722/1160
f 1253/726/1164 1252/725/1163 1249/722/1160
f 1254/727/1165 1251/724/1162 1250/723/1161
f 1254/727/1165 1255/728/1166 1251/724/1162
f 1256/729/1167 1252/725/1163 1253/726/1164
f 1257/730/1168 1256/729/1167 1253/726/1164
f 1258/731/1169 1255/728/1166 1254/727/1165
f 1258/731/1169 1259/732/1170 1255/728/1166
f 1260/733/1171 1256/729/1167 1257/730/1168
f 1261/734/1172 1260/733/1171 1257/730/1168
f 1262/735/1173 1259/732/1170 1258/731/1169
f 1262/735/1173 1263/736/1174 1259/732/1170
f 1264/737/1175 1260/733/1171 1261/734/1172
f 1265/738/1176 1264/737/1175 1261/734/1172
f 1263/736/1174 1266/739/1177 1265/738/1176
f 1266/739/1177 1264/737/1175 1265/738/1176
f 1267/740/1178 1263/736/1174 1262/735/1173
f 1267/740/1178 1266/739/1177 1263/736/1174
f 1268/741/1179 1269/742/1180 1270/743/1181
f 1268/741/1179 1270/743/1181 1271/744/1182
f 1270/743/1181 1269/742/1180 1272/745/1183
f 1269/742/1180 1273/746/1184 1272/745/1183
f 1271/744/1182 1270/743/1181 1274/747/1185
f 1271/744/1182 1274/747/1185 1275/748/1186
f 1272/745/1183 1273/746/1184 1276/749/1187
f 1273/746/1184 1277/750/1188 1276/749/1187
f 1275/748/1186 1274/747/1185 1278/751/1189
f 1275/748/1186 1278/751/1189 1279/752/1190
f 1276/749/1187 1277/750/1188 1280/753/1191
f 1277/750/1188 1281/754/1192 1280/753/1191
f 1279/752/1190 1278/751/1189 1282/755/1193
f 1280/753/1191 1281/754/1192 1283/756/1194
f 1284/757/1195 1279/752/1190 1282/755/1193
f 1285/758/1196 1279/752/1190 1284/757/1195
f 1281/754/1192 1286/759/1197 1283/756/1194
f 1287/760/1198 1286/759/1197 1281/754/1192
f 1288/761/1199 1285/758/1196 1284/757/1195
f 1289/762/1200 1285/758/1196 1288/761/1199
f 1287/760/1198 1290/763/1201 1286/759/1197
f 1290/763/1201 1289/762/1200 1288/761/1199
f 1291/764/1202 1289/762/1200 1290/763/1201
f 1291/764/1202 1290/763/1201 1287/760/1198
f 1292/765/1203 1293/766/1204 1294/767/1205
f 1295/768/1206 1292/765/1203 1294/767/1205
f 1296/769/1207 1293/766/1204 1292/765/1203
f 1297/770/1208 1292/765/1203 1295/768/1206
f 1296/769/1207 1298/771/1209 1293/766/1204
f 1299/772/1210 1297/770/1208 1295/768/1206
f 1300/773/1211 1298/771/1209 1296/769/1207
f 1301/774/1212 1297/770/1208 1299/772/1210
f 1300/773/1211 1302/775/1213 1298/771/1209
f 1303/776/1214 1301/774/1212 1299/772/1210
f 1304/777/1215 1302/775/1213 1300/773/1211
f 1305/778/1216 1301/774/1212 1303/776/1214
f 1304/777/1215 1306/779/1217 1302/775/1213
f 1307/780/1218 1305/778/1216 1303/776/1214
f 1308/781/1219 1306/779/1217 1304/777/1215
f 1309/782/1220 1305/778/1216 1307/780/1218
f 1308/781/1219 1310/783/1221 1306/779/1217
f 1306/779/1217 1310/783/1221 1311/784/1222
f 1309/782/1220 1307/780/1218 1312/785/1223
f 1312/785/1223 1307/780/1218 1313/786/1224
f 1310/783/1221 1314/787/1225 1311/784/1222
f 1312/785/1223 1313/786/1224 1314/787/1225
f 1314/787/1225 1313/786/1224 1315/788/1226
f 1311/784/1222 1314/787/1225 1315/788/1226
f 1316/789/1227 1317/790/1228 1318/791/1229
f 1317/790/1228 1319/792/1230 1318/791/1229
f 1320/793/1231 1317/790/1228 1316/789/1227
f 1321/794/1232 1320/793/1231 1316/789/1227
f 1322/795/1233 1319/792/1230 1317/790/1228
f 1322/795/1233 1323/796/1234 1319/792/1230
f 1324/797/1235 1320/793/1231 1321/794/1232
f 1325/798/1236 1324/797/1235 1321/794/1232
f 1326/799/1237 1323/796/1234 1322/795/1233
f 1326/799/1237 1327/800/1238 1323/796/1234
f 1328/801/1239 1324/797/1235 1325/798/1236
f 1329/802/1240 1327/800/1238 1326/799/1237
f 1328/801/1239 1325/798/1236 1330/803/1241
f 1330/803/1241 1325/798/1236 1331/804/1242
f 1329/802/1240 1332/805/1243 1327/800/1238
f 1327/800/1238 1332/805/1243 1333/806/1244
f 1330/803/1241 1331/804/1242 1334/807/1245
f 1334/807/1245 1331/804/1242 1335/808/1246
f 1332/805/1243 1336/809/1247 1333/806/1244
f 1333/806/1244 1336/809/1247 1337/810/1248
f 1334/807/1245 1335/808/1246 1338/811/1249
f 1336/809/1247 1338/811/1249 1337/810/1248
f 1337/810/1248 1338/811/1249 1339/812/1250
f 1338/811/1249 1335/808/1246 1339/812/1250
f 1340/813/1251 1341/814/1252 1342/815/1253
f 1340/813/1251 1343/816/1254 1341/814/1252
f 1342/815/1253 1341/814/1252 1344/817/1255
f 1341/814/1252 1343/816/1254 1345/818/1256
f 1343/816/1254 1346/819/1257 1345/818/1256
f 1347/820/1258 1342/815/1253 1344/817/1255
f 1348/821/1258 1342/815/1253 1347/820/1258
f 1345/818/1256 1346/819/1257 1349/822/1257
f 1348/821/1258 1347/820/1258 1350/823/1259
f 1350/823/1259 1347/820/1258 1351/824/1260
f 1346/819/1257 1352/825/1261 1349/822/1257
f 1353/826/1262 1352/825/1261 1346/819/1257
f 1350/823/1259 1351/824/1260 1354/827/1263
f 1354/827/1263 1351/824/1260 1355/828/1263
f 1353/826/1262 1356/829/1264 1352/825/1261
f 1357/830/1265 1356/829/1264 1353/826/1262
f 1358/831/1266 1354/827/1263 1355/828/1263
f 1359/832/1267 1354/827/1263 1358/831/1266
f 1357/830/1265 1360/833/1268 1356/829/1264
f 1356/829/1264 1360/833/1268 1361/834/1268
f 1362/835/1269 1359/832/1267 1358/831/1266
f 1360/833/1268 1362/835/1269 1361/834/1268
f 1363/836/1269 1359/832/1267 1362/835/1269
f 1363/836/1269 1362/835/1269 1360/833/1268
f 1364/837/1270 1365/838/1271 1366/839/1272
f 1364/837/1270 1366/839/1272 1367/840/1273
f 1366/839/1272 1365/838/1271 1368/841/1274
f 1365/838/1271 1369/842/1275 1368/841/1274
f 1367/840/1273 1366/839/1272 1370/843/1276
f 1367/840/1273 1370/843/1276 1371/844/1277
f 1368/841/1274 1369/842/1275 1372/845/1278
f 1369/842/1275 1373/846/1279 1372/845/1278
f 1371/844/1277 1370/843/1276 1374/847/1280
f 1371/844/1277 1374/847/1280 1375/848/1281
f 1372/845/1278 1373/846/1279 1376/849/1282
f 1375/848/1281 1374/847/1280 1377/850/1283
f 1373/846/1279 1378/851/1284 1376/849/1282
f 1379/852/1285 1378/851/1284 1373/846/1279
f 1380/853/1286 1375/848/1281 1377/850/1283
f 1381/854/1287 1375/848/1281 1380/853/1286
f 1379/852/1285 1382/855/1288 1378/851/1284
f 1383/856/1289 1382/855/1288 1379/852/1285
f 1384/857/1290 1381/854/1287 1380/853/1286
f 1385/858/1291 1381/854/1287 1384/857/1290
f 1383/856/1289 1386/859/1292 1382/855/1288
f 1386/859/1292 1385/858/1291 1384/857/1290
f 1387/860/1292 1385/858/1291 1386/859/1292
f 1387/860/1292 1386/859/1292 1383/856/1289
f 1388/717/1293 1389/718/1294 1390/719/1295
f 1389/718/1294 1391/720/1296 1390/719/1295
f 1392/721/1297 1389/718/1294 1388/717/1293
f 1393/722/1298 1392/721/1297 1388/717/1293
f 1394/723/1299 1391/720/1296 1389/718/1294
f 1394/723/1299 1395/724/1300 1391/720/1296
f 1396/725/1301 1392/721/1297 1393/722/1298
f 1397/726/1302 1396/725/1301 1393/722/1298
f 1398/727/1303 1395/724/1300 1394/723/1299
f 1398/727/1303 1399/728/1304 1395/724/1300
f 1400/729/1305 1396/725/1301 1397/726/1302
f 1401/730/1306 1400/729/1305 1397/726/1302
f 1402/731/1307 1399/728/1304 1398/727/1303
f 1402/731/1307 1403/732/1308 1399/728/1304
f 1404/733/1309 1400/729/1305 1401/730/1306
f 1405/734/1310 1404/733/1309 1401/730/1306
f 1406/735/1311 1403/732/1308 1402/731/1307
f 1406/735/1311 1407/736/1312 1403/732/1308
f 1408/737/1313 1404/733/1309 1405/734/1310
f 1409/738/1314 1408/737/1313 1405/734/1310
f 1407/736/1312 1410/739/1315 1409/738/1314
f 1410/739/1315 1408/737/1313 1409/738/1314
f 1411/740/1316 1407/736/1312 1406/735/1311
f 1411/740/1316 1410/739/1315 1407/736/1312
f 1412/741/1317 1413/742/1318 1414/743/1319
f 1412/741/1317 1414/743/1319 1415/744/1320
f 1414/743/1319 1413/742/1318 1416/745/1321
f 1413/742/1318 1417/746/1322 1416/745/1321
f 1415/744/1320 1414/743/1319 1418/747/1323
f 1415/744/1320 1418/747/1323 1419/748/1324
f 1416/745/1321 1417/746/1322 1420/749/1325
f 1417/746/1322 1421/750/1326 1420/749/1325
f 1419/748/1324 1418/747/1323 1422/751/1327
f 1419/748/1324 1422/751/1327 1423/752/1328
f 1420/749/1325 1421/750/1326 1424/753/1329
f 1421/750/1326 1425/754/1330 1424/753/1329
f 1423/752/1328 1422/751/1327 1426/755/1331
f 1424/753/1329 1425/754/1330 1427/756/1332
f 1428/757/1333 1423/752/1328 1426/755/1331
f 1429/758/1334 1423/752/1328 1428/757/1333
f 1425/754/1330 1430/759/1335 1427/756/1332
f 1431/760/1336 1430/759/1335 1425/754/1330
f 1432/761/1337 1429/758/1334 1428/757/1333
f 1433/762/1338 1429/758/1334 1432/761/1337
f 1431/760/1336 1434/763/1339 1430/759/1335
f 1434/763/1339 1433/762/1338 1432/761/1337
f 1435/764/1340 1433/762/1338 1434/763/1339
f 1435/764/1340 1434/763/1339 1431/760/1336
f 1436/765/1341 1437/766/1342 1438/767/1343
f 1439/768/1344 1436/765/1341 1438/767/1343
f 1440/769/1345 1437/766/1342 1436/765/1341
f 1441/770/1346 1436/765/1341 1439/768/1344
f 1440/769/1345 1442/771/1347 1437/766/1342
f 1443/772/1348 1441/770/1346 1439/768/1344
f 1444/773/1349 1442/771/1347 1440/769/1345
f 1445/774/1350 1441/770/1346 1443/772/1348
f 1444/773/1349 1446/775/1351 1442/771/1347
f 1447/776/1352 1445/774/1350 1443/772/1348
f 1448/777/1353 1446/775/1351 1444/773/1349
f 1449/778/1354 1445/774/1350 1447/776/1352
f 1448/777/1353 1450/779/1355 1446/775/1351
f 1451/780/1356 1449/778/1354 1447/776/1352
f 1452/781/1357 1450/779/1355 1448/777/1353
f 1453/782/1358 1449/778/1354 1451/780/1356
f 1452/781/1357 1454/783/1359 1450/779/1355
f 1450/779/1355 1454/783/1359 1455/784/1360
f 1453/782/1358 1451/780/1356 1456/785/1361
f 1456/785/1361 1451/780/1356 1457/786/1362
f 1454/783/1359 1458/787/1363 1455/784/1360
f 1456/785/1361 1457/786/1362 1458/787/1363
f 1458/787/1363 1457/786/1362 1459/788/1364
f 1455/784/1360 1458/787/1363 1459/788/1364
f 1460/789/1365 1461/790/1366 1462/791/1366
f 1461/790/1366 1463/792/1367 1462/791/1366
f 1464/793/1368 1461/790/1366 1460/789/1365
f 1465/794/1369 1464/793/1368 1460/789/1365
f 1466/795/1370 1463/792/1367 1461/790/1366
f 1466/795/1370 1467/796/1371 1463/792/1367
f 1468/797/1372 1464/793/1368 1465/794/1369
f 1469/798/1373 1468/797/1372 1465/794/1369
f 1470/799/1374 1467/796/1371 1466/795/1370
f 1470/799/1374 1471/800/1375 1467/796/1371
f 1472/801/1376 1468/797/1372 1469/798/1373
f 1473/802/1377 1471/800/1375 1470/799/1374
f 1472/801/1376 1469/798/1373 1474/803/1378
f 1474/803/1378 1469/798/1373 1475/804/1379
f 1473/802/1377 1476/805/1380 1471/800/1375
f 1471/800/1375 1476/805/1380 1477/806/1381
f 1474/803/1378 1475/804/1379 1478/807/1382
f 1478/807/1382 1475/804/1379 1479/808/1383
f 1476/805/1380 1480/809/1384 1477/806/1381
f 1477/806/1381 1480/809/1384 1481/810/1385
f 1478/807/1382 1479/808/1383 1482/811/1386
f 1480/809/1384 1482/811/1386 1481/810/1385
f 1481/810/1385 1482/811/1386 1483/812/1387
f 1482/811/1386 1479/808/1383 1483/812/1387
f 1484/813/1388 1485/814/1389 1486/815/1390
f 1484/813/1388 1487/816/1391 1485/814/1389
f 1486/815/1390 1485/814/1389 1488/817/1392
f 1485/814/1389 1487/816/1391 1489/818/1393
f 1487/816/1391 1490/819/1394 1489/818/1393
f 1491/820/1395 1486/815/1390 1488/817/1392
f 1492/821/1395 1486/815/1390 1491/820/1395
f 1489/818/1393 1490/819/1394 1493/822/1394
f 1492/821/1395 1491/820/1395 1494/823/1396
f 1494/823/1396 1491/820/1395 1495/824/1397
f 1490/819/1394 1496/825/1398 1493/822/1394
f 1497/826/1399 1496/825/1398 1490/819/1394
f 1494/823/1396 1495/824/1397 1498/827/1400
f 1498/827/1400 1495/824/1397 1499/828/1400
f 1497/826/1399 1500/829/1401 1496/825/1398
f 1501/830/1402 1500/829/1401 1497/826/1399
f 1502/831/1403 1498/827/1400 1499/828/1400
f 1503/832/1404 1498/827/1400 1502/831/1403
f 1501/830/1402 1504/833/1405 1500/829/1401
f 1500/829/1401 1504/833/1405 1505/834/1405
f 1506/835/1406 1503/832/1404 1502/831/1403
f 1504/833/1405 1506/835/1406 1505/834/1405
f 1507/836/1406 1503/832/1404 1506/835/1406
f 1507/836/1406 1506/835/1406 1504/833/1405
f 1508/837/1407 1509/838/1408 1510/839/1409
f 1508/837/1407 1510/839/1409 1511/840/1410
f 1510/839/1409 1509/838/1408 1512/841/1411
f 1509/838/1408 1513/842/1412 1512/841/1411
f 1511/840/1410 1510/839/1409 1514/843/1413
f 1511/840/1410 1514/843/1413 1515/844/1414
f 1512/841/1411 1513/842/1412 1516/845/1415
f 1513/842/1412 1517/846/1416 1516/845/1415
f 1515/844/1414 1514/843/1413 1518/847/1417
f 1515/844/1414 1518/847/1417 1519/848/1418
f 1516/845/1415 1517/846/1416 1520/849/1419
f 1519/848/1418 1518/847/1417 1521/850/1420
f 1517/846/1416 1522/851/1421 1520/849/1419
f 1523/852/1422 1522/851/1421 1517/846/1416
f 1524/853/1423 1519/848/1418 1521/850/1420
f 1525/854/1424 1519/848/1418 1524/853/1423
f 1523/852/1422 1526/855/1425 1522/851/1421
f 1527/856/1426 1526/855/1425 1523/852/1422
f 1528/857/1427 1525/854/1424 1524/853/1423
f 1529/858/1428 1525/854/1424 1528/857/1427
f 1527/856/1426 1530/859/1429 1526/855/1425
f 1530/859/1429 1529/858/1428 1528/857/1427
f 1531/860/1429 1529/858/1428 1530/859/1429
f 1531/860/1429 1530/859/1429 1527/856/1426
f 1532/717/1430 1533/718/1431 1534/719/1432
f 1533/718/1431 1535/720/1433 1534/719/1432
f 1536/721/1434 1533/718/1431 1532/717/1430
f 1537/722/1435 1536/721/1434 1532/717/1430
f 1538/723/1436 1535/720/1433 1533/718/1431
f 1538/723/1436 1539/724/1437 1535/720/1433
f 1540/725/1438 1536/721/1434 1537/722/1435
f 1541/726/1439 1540/725/1438 1537/722/1435
f 1542/727/1440 1539/724/1437 1538/723/1436
f 1542/727/1440 1543/728/1441 1539/724/1437
f 1544/729/1442 1540/725/1438 1541/726/1439
f 1545/730/1443 1544/729/1442 1541/726/1439
f 1546/731/1444 1543/728/1441 1542/727/1440
f 1546/731/1444 1547/732/1445 1543/728/1441
f 1548/733/1446 1544/729/1442 1545/730/1443
f 1549/734/1447 1548/733/1446 1545/730/1443
f 1550/735/1448 1547/732/1445 1546/731/1444
f 1550/735/1448 1551/736/1449 1547/732/1445
f 1552/737/1450 1548/733/1446 1549/734/1447
f 1553/738/1451 1552/737/1450 1549/734/1447
f 1551/736/1449 1554/739/1452 1553/738/1451
f 1554/739/1452 1552/737/1450 1553/738/1451
f 1555/740/1453 1551/736/1449 1550/735/1448
f 1555/740/1453 1554/739/1452 1551/736/1449
f 1556/741/1454 1557/742/1455 1558/743/1456
f 1556/741/1454 1558/743/1456 1559/744/1457
f 1558/743/1456 1557/742/1455 1560/745/1458
f 1557/742/1455 1561/746/1459 1560/745/1458
f 1559/744/1457 1558/743/1456 1562/747/1460
f 1559/744/1457 1562/747/1460 1563/748/1461
f 1560/745/1458 1561/746/1459 1564/749/1462
f 1561/746/1459 1565/750/1463 1564/749/1462
f 1563/748/1461 1562/747/1460 1566/751/1464
f 1563/748/1461 1566/751/1464 1567/752/1465
f 1564/749/1462 1565/750/1463 1568/753/1466
f 1565/750/1463 1569/754/1467 1568/753/1466
f 1567/752/1465 1566/751/1464 1570/755/1468
f 1568/753/1466 1569/754/1467 1571/756/1469
f 1572/757/1470 1567/752/1465 1570/755/1468
f 1573/758/1471 1567/752/1465 1572/757/1470
f 1569/754/1467 1574/759/1472 1571/756/1469
f 1575/760/1473 1574/759/1472 1569/754/1467
f 1576/761/1474 1573/758/1471 1572/757/1470
f 1577/762/1475 1573/758/1471 1576/761/1474
f 1575/760/1473 1578/763/1476 1574/759/1472
f 1578/763/1476 1577/762/1475 1576/761/1474
f 1579/764/1477 1577/762/1475 1578/763/1476
f 1579/764/1477 1578/763/1476 1575/760/1473
f 1580/765/1478 1581/766/1479 1582/767/1480
f 1583/768/1481 1580/765/1478 1582/767/1480
f 1584/769/1482 1581/766/1479 1580/765/1478
f 1585/770/1483 1580/765/1478 1583/768/1481
f 1584/769/1482 1586/771/1484 1581/766/1479
f 1587/772/1485 1585/770/1483 1583/768/1481
f 1588/773/1486 1586/771/1484 1584/769/1482
f 1589/774/1487 1585/770/1483 1587/772/1485
f 1588/773/1486 1590/775/1488 1586/771/1484
f 1591/776/1489 1589/774/1487 1587/772/1485
f 1592/777/1490 1590/775/1488 1588/773/1486
f 1593/778/1491 1589/774/1487 1591/776/1489
f 1592/777/1490 1594/779/1492 1590/775/1488
f 1595/780/1493 1593/778/1491 1591/776/1489
f 1596/781/1494 1594/779/1492 1592/777/1490
f 1597/782/1495 1593/778/1491 1595/780/1493
f 1596/781/1494 1598/783/1496 1594/779/1492
f 1594/779/1492 1598/783/1496 1599/784/1497
f 1597/782/1495 1595/780/1493 1600/785/1498
f 1600/785/1498 1595/780/1493 1601/786/1499
f 1598/783/1496 1602/787/1500 1599/784/1497
f 1600/785/1498 1601/786/1499 1602/787/1500
f 1602/787/1500 1601/786/1499 1603/788/1501
f 1599/784/1497 1602/787/1500 1603/788/1501
f 1604/789/1502 1605/790/1503 1606/791/1503
f 1605/790/1503 1607/792/1504 1606/791/1503
f 1608/793/1505 1605/790/1503 1604/789/1502
f 1609/794/1506 1608/793/1505 1604/789/1502
f 1610/795/1507 1607/792/1504 1605/790/1503
f 1610/795/1507 1611/796/1508 1607/792/1504
f 1612/797/1509 1608/793/1505 1609/794/1506
f 1613/798/1510 1612/797/1509 1609/794/1506
f 1614/799/1511 1611/796/1508 1610/795/1507
f 1614/799/1511 1615/800/1512 1611/796/1508
f 1616/801/1513 1612/797/1509 1613/798/1510
f 1617/802/1514 1615/800/1512 1614/799/1511
f 1616/801/1513 1613/798/1510 1618/803/1515
f 1618/803/1515 1613/798/1510 1619/804/1516
f 1617/802/1514 1620/805/1517 1615/800/1512
f 1615/800/1512 1620/805/1517 1621/806/1518
f 1618/803/1515 1619/804/1516 1622/807/1519
f 1622/807/1519 1619/804/1516 1623/808/1520
f 1620/805/1517 1624/809/1521 1621/806/1518
f 1621/806/1518 1624/809/1521 1625/810/1522
f 1622/807/1519 1623/808/1520 1626/811/1523
f 1624/809/1521 1626/811/1523 1625/810/1522
f 1625/810/1522 1626/811/1523 1627/812/1524
f 1626/811/1523 1623/808/1520 1627/812/1524
f 1628/813/1525 1629/814/1526 1630/815/1527
f 1628/813/1525 1631/816/1528 1629/814/1526
f 1630/815/1527 1629/814/1526 1632/817/1529
f 1629/814/1526 1631/816/1528 1633/818/1530
f 1631/816/1528 1634/819/1531 1633/818/1530
f 1635/820/1532 1630/815/1527 1632/817/1529
f 1636/821/1532 1630/815/1527 1635/820/1532
f 1633/818/1530 1634/819/1531 1637/822/1531
f 1636/821/1532 1635/820/1532 1638/823/1533
f 1638/823/1533 1635/820/1532 1639/824/1534
f 1634/819/1531 1640/825/1535 1637/822/1531
f 1641/826/1536 1640/825/1535 1634/819/1531
f 1638/823/1533 1639/824/1534 1642/827/1537
f 1642/827/1537 1639/824/1534 1643/828/1537
f 1641/826/1536 1644/829/1538 1640/825/1535
f 1645/830/1539 1644/829/1538 1641/826/1536
f 1646/831/1540 1642/827/1537 1643/828/1537
f 1647/832/1541 1642/827/1537 1646/831/1540
f 1645/830/1539 1648/833/1542 1644/829/1538
f 1644/829/1538 1648/833/1542 1649/834/1542
f 1650/835/1543 1647/832/1541 1646/831/1540
f 1648/833/1542 1650/835/1543 1649/834/1542
f 1651/836/1543 1647/832/1541 1650/835/1543
f 1651/836/1543 1650/835/1543 1648/833/1542
f 1652/837/1544 1653/838/1545 1654/839/1546
f 1652/837/1544 1654/839/1546 1655/840/1547
f 1654/839/1546 1653/838/1545 1656/841/1548
f 1653/838/1545 1657/842/1549 1656/841/1548
f 1655/840/1547 1654/839/1546 1658/843/1550
f 1655/840/1547 1658/843/1550 1659/844/1551
f 1656/841/1548 1657/842/1549 1660/845/1552
f 1657/842/1549 1661/846/1553 1660/845/1552
f 1659/844/1551 1658/843/1550 1662/847/1554
f 1659/844/1551 1662/847/1554 1663/848/1555
f 1660/845/1552 1661/846/1553 1664/849/1556
f 1663/848/1555 1662/847/1554 1665/850/1557
f 1661/846/1553 1666/851/1558 1664/849/1556
f 1667/852/1559 1666/851/1558 1661/846/1553
f 1668/853/1560 1663/848/1555 1665/850/1557
f 1669/854/1561 1663/848/1555 1668/853/1560
f 1667/852/1559 1670/855/1562 1666/851/1558
f 1671/856/1563 1670/855/1562 1667/852/1559
f 1672/857/1564 1669/854/1561 1668/853/1560
f 1673/858/1565 1669/854/1561 1672/857/1564
f 1671/856/1563 1674/859/1566 1670/855/1562
f 1674/859/1566 1673/858/1565 1672/857/1564
f 1675/860/1566 1673/858/1565 1674/859/1566
f 1675/860/1566 1674/859/1566 1671/856/1563
f 1676/717/1567 1677/718/1568 1678/719/1569
f 1677/718/1568 1679/720/1570 1678/719/1569
f 1680/721/1571 1677/718/1568 1676/717/1567
f 1681/722/1572 1680/721/1571 1676/717/1567
f 1682/723/1573 1679/720/1570 1677/718/1568
f 1682/723/1573 1683/724/1574 1679/720/1570
f 1684/725/1575 1680/721/1571 1681/722/1572
f 1685/726/1576 1684/725/1575 1681/722/1572
f 1686/727/1577 1683/724/1574 1682/723/1573
f 1686/727/1577 1687/728/1578 1683/724/1574
f 1688/729/1579 1684/725/1575 1685/726/1576
f 1689/730/1580 1688/729/1579 1685/726/1576
f 1690/731/1581 1687/728/1578 1686/727/1577
f 1690/731/1581 1691/732/1582 1687/728/1578
f 1692/733/1583 1688/729/1579 1689/730/1580
f 1693/734/1584 1692/733/1583 1689/730/1580
f 1694/735/1585 1691/732/1582 1690/731/1581
f 1694/735/1585 1695/736/1586 1691/732/1582
f 1696/737/1587 1692/733/1583 1693/734/1584
f 1697/738/1588 1696/737/1587 1693/734/1584
f 1695/736/1586 1698/739/1589 1697/738/1588
f 1698/739/1589 1696/737/1587 1697/738/1588
f 1699/740/1590 1695/736/1586 1694/735/1585
f 1699/740/1590 1698/739/1589 1695/736/1586
f 1700/741/1591 1701/742/1592 1702/743/1593
f 1700/741/1591 1702/743/1593 1703/744/1594
f 1702/743/1593 1701/742/1592 1704/745/1595
f 1701/742/1592 1705/746/1596 1704/745/1595
f 1703/744/1594 1702/743/1593 1706/747/1597
f 1703/744/1594 1706/747/1597 1707/748/1598
f 1704/745/1595 1705/746/1596 1708/749/1599
f 1705/746/1596 1709/750/1600 1708/749/1599
f 1707/748/1598 1706/747/1597 1710/751/1601
f 1707/748/1598 1710/751/1601 1711/752/1602
f 1708/749/1599 1709/750/1600 1712/753/1603
f 1709/750/1600 1713/754/1604 1712/753/1603
f 1711/752/1602 1710/751/1601 1714/755/1605
f 1712/753/1603 1713/754/1604 1715/756/1606
f 1716/757/1607 1711/752/1602 1714/755/1605
f 1717/758/1608 1711/752/1602 1716/757/1607
f 1713/754/1604 1718/759/1609 1715/756/1606
f 1719/760/1610 1718/759/1609 1713/754/1604
f 1720/761/1611 1717/758/1608 1716/757/1607
f 1721/762/1612 1717/758/1608 1720/761/1611
f 1719/760/1610 1722/763/1613 1718/759/1609
f 1722/763/1613 1721/762/1612 1720/761/1611
f 1723/764/1614 1721/762/1612 1722/763/1613
f 1723/764/1614 1722/763/1613 1719/760/1610
f 1724/765/1615 1725/766/1616 1726/767/1617
f 1727/768/1618 1724/765/1615 1726/767/1617
f 1728/769/1619 1725/766/1616 1724/765/1615
f 1729/770/1620 1724/765/1615 1727/768/1618
f 1728/769/1619 1730/771/1621 1725/766/1616
f 1731/772/1622 1729/770/1620 1727/768/1618
f 1732/773/1623 1730/771/1621 1728/769/1619
f 1733/774/1624 1729/770/1620 1731/772/1622
f 1732/773/1623 1734/775/1625 1730/771/1621
f 1735/776/1626 1733/774/1624 1731/772/1622
f 1736/777/1627 1734/775/1625 1732/773/1623
f 1737/778/1628 1733/774/1624 1735/776/1626
f 1736/777/1627 1738/779/1629 1734/775/1625
f 1739/780/1630 1737/778/1628 1735/776/1626
f 1740/781/1631 1738/779/1629 1736/777/1627
f 1741/782/1632 1737/778/1628 1739/780/1630
f 1740/781/1631 1742/783/1633 1738/779/1629
f 1738/779/1629 1742/783/1633 1743/784/1634
f 1741/782/1632 1739/780/1630 1744/785/1635
f 1744/785/1635 1739/780/1630 1745/786/1636
f 1742/783/1633 1746/787/1637 1743/784/1634
f 1744/785/1635 1745/786/1636 1746/787/1637
f 1746/787/1637 1745/786/1636 1747/788/1638
f 1743/784/1634 1746/787/1637 1747/788/1638
f 1748/789/1639 1749/790/1640 1750/791/1640
f 1749/790/1640 1751/792/1641 1750/791/1640
f 1752/793/1642 1749/790/1640 1748/789/1639
f 1753/794/1643 1752/793/1642 1748/789/1639
f 1754/795/1644 1751/792/1641 1749/790/1640
f 1754/795/1644 1755/796/1645 1751/792/1641
f 1756/797/1646 1752/793/1642 1753/794/1643
f 1757/798/1647 1756/797/1646 1753/794/1643
f 1758/799/1648 1755/796/1645 1754/795/1644
f 1758/799/1648 1759/800/1649 1755/796/1645
f 1760/801/1650 1756/797/1646 1757/798/1647
f 1761/802/1649 1759/800/1649 1758/799/1648
f 1760/801/1650 1757/798/1647 1762/803/1651
f 1762/803/1651 1757/798/1647 1763/804/1652
f 1761/802/1649 1764/805/1653 1759/800/1649
f 1759/800/1649 1764/805/1653 1765/806/1654
f 1762/803/1651 1763/804/1652 1766/807/1655
f 1766/807/1655 1763/804/1652 1767/808/1656
f 1764/805/1653 1768/809/1657 1765/806/1654
f 1765/806/1654 1768/809/1657 1769/810/1658
f 1766/807/1655 1767/808/1656 1770/811/1659
f 1768/809/1657 1770/811/1659 1769/810/1658
f 1769/810/1658 1770/811/1659 1771/812/1660
f 1770/811/1659 1767/808/1656 1771/812/1660
f 1772/813/1661 1773/814/1662 1774/815/1663
f 1772/813/1661 1775/816/1664 1773/814/1662
f 1774/815/1663 1773/814/1662 1776/817/1665
f 1773/814/1662 1775/816/1664 1777/818/1666
f 1775/816/1664 1778/819/1667 1777/818/1666
f 1779/820/1668 1774/815/1663 1776/817/1665
f 1780/821/1668 1774/815/1663 1779/820/1668
f 1777/818/1666 1778/819/1667 1781/822/1667
f 1780/821/1668 1779/820/1668 1782/823/1669
f 1782/823/1669 1779/820/1668 1783/824/1670
f 1778/819/1667 1784/825/1671 1781/822/1667
f 1785/826/1672 1784/825/1671 1778/819/1667
f 1782/823/1669 1783/824/1670 1786/827/1673
f 1786/827/1673 1783/824/1670 1787/828/1673
f 1785/826/1672 1788/829/1674 1784/825/1671
f 1789/830/1675 1788/829/1674 1785/826/1672
f 1790/831/1676 1786/827/1673 1787/828/1673
f 1791/832/1677 1786/827/1673 1790/831/1676
f 1789/830/1675 1792/833/1678 1788/829/1674
f 1788/829/1674 1792/833/1678 1793/834/1678
f 1794/835/1679 1791/832/1677 1790/831/1676
f 1792/833/1678 1794/835/1679 1793/834/1678
f 1795/836/1679 1791/832/1677 1794/835/1679
f 1795/836/1679 1794/835/1679 1792/833/1678
f 1796/837/1680 1797/838/1681 1798/839/1682
f 1796/837/1680 1798/839/1682 1799/840/1683
f 1798/839/1682 1797/838/1681 1800/841/1684
f 1797/838/1681 1801/842/1685 1800/841/1684
f 1799/840/1683 1798/839/1682 1802/843/1686
f 1799/840/1683 1802/843/1686 1803/844/1687
f 1800/841/1684 1801/842/1685 1804/845/1688
f 1801/842/1685 1805/846/1689 1804/845/1688
f 1803/844/1687 1802/843/1686 1806/847/1690
f 1803/844/1687 1806/847/1690 1807/848/1691
f 1804/845/1688 1805/846/1689 1808/849/1692
f 1807/848/1691 1806/847/1690 1809/850/1693
f 1805/846/1689 1810/851/1694 1808/849/1692
f 1811/852/1695 1810/851/1694 1805/846/1689
f 1812/853/1696 1807/848/1691 1809/850/1693
f 1813/854/1697 1807/848/1691 1812/853/1696
f 1811/852/1695 1814/855/1698 1810/851/1694
f 1815/856/1699 1814/855/1698 1811/852/1695
f 1816/857/1700 1813/854/1697 1812/853/1696
f 1817/858/1701 1813/854/1697 1816/857/1700
f 1815/856/1699 1818/859/1702 1814/855/1698
f 1818/859/1702 1817/858/1701 1816/857/1700
f 1819/860/1702 1817/858/1701 1818/859/1702
f 1819/860/1702 1818/859/1702 1815/856/1699
f 1820/246/1703 1821/247/1704 1822/248/1705
f 1822/248/1705 1821/247/1704 1823/249/1706
f 1821/247/1704 1824/250/1707 1823/249/1706
f 1825/251/1708 1824/250/1707 1821/247/1704
f 1824/250/1707 1826/252/1709 1823/249/1706
f 1823/249/1706 1827/253/1710 1822/248/1705
f 1823/249/1706 1826/252/1709 1827/253/1710
f 1825/251/1708 1828/254/1711 1824/250/1707
f 1824/250/1707 1828/254/1711 1826/252/1709
f 1822/248/1705 1827/253/1710 1829/255/1712
f 1830/256/1713 1828/254/1711 1825/251/1708
f 1830/256/1713 1831/257/1714 1828/254/1711
f 1826/252/1709 1828/254/1711 1832/258/1715
f 1828/254/1711 1831/257/1714 1832/258/1715
f 1832/258/1715 1833/259/1716 1826/252/1709
f 1826/252/1709 1834/260/1717 1827/253/1710
f 1826/252/1709 1833/259/1716 1834/260/1717
f 1827/253/1710 1834/260/1717 1835/261/1718
f 1836/262/1719 1827/253/1710 1835/261/1718
f 1829/255/1712 1827/253/1710 1836/262/1719
f 1837/263/1720 1831/257/1714 1830/256/1713
f 1837/263/1720 1838/267/1721 1831/257/1714
f 1832/258/1715 1831/257/1714 1839/264/1722
f 1831/257/1714 1838/267/1721 1839/264/1722
f 1839/264/1722 1840/265/1723 1832/258/1715
f 1832/258/1715 1840/265/1723 1833/259/1716
f 1840/265/1723 1841/268/1724 1833/259/1716
f 1833/259/1716 1842/269/1725 1834/260/1717
f 1833/259/1716 1841/268/1724 1842/269/1725
f 1834/260/1717 1842/269/1725 1843/270/1726
f 1834/260/1717 1843/270/1726 1835/261/1718
f 1835/261/1718 1843/270/1726 157/155/150
f 1835/261/1718 157/155/150 1836/262/1719
f 1839/264/1722 1838/267/1721 1844/271/1727
f 1839/264/1722 1844/271/1727 1840/265/1723
f 1836/262/1719 157/155/150 160/158/153
f 1845/266/1728 1838/267/1721 1837/263/1720
f 1845/266/1728 162/160/155 1838/267/1721
f 1838/267/1721 164/162/157 1844/271/1727
f 1838/267/1721 162/160/155 164/162/157
f 1840/265/1723 169/167/162 1841/268/1724
f 167/165/160 169/167/162 1840/265/1723
f 1840/265/1723 1844/271/1727 167/165/160
f 1844/271/1727 164/162/157 166/164/159
f 1844/271/1727 166/164/159 167/165/160
f 169/167/162 171/169/164 1841/268/1724
f 1841/268/1724 176/174/169 1842/269/1725
f 1841/268/1724 171/169/164 176/174/169
f 1842/269/1725 176/174/169 178/176/171
f 1842/269/1725 178/176/171 1843/270/1726
f 1843/270/1726 178/176/171 158/156/151
f 1843/270/1726 158/156/151 157/155/150
f 1863/861/1729 1864/862/1730 1865/863/1731
f 1863/861/1729 1866/864/1732 1864/862/1730
f 1865/863/1731 1864/862/1730 1867/865/1733
f 1867/865/1733 1868/866/1734 1865/863/1731
f 1864/862/1730 1866/864/1732 1869/867/1735
f 1864/862/1730 1869/867/1735 1870/868/1736
f 1871/869/1737 1864/862/1730 1870/868/1736
f 1867/865/1733 1864/862/1730 1871/869/1737
f 1866/864/1732 1872/870/1738 1869/867/1735
f 1873/871/1739 1868/866/1734 1867/865/1733
f 1874/872/1740 1867/865/1733 1871/869/1737
f 1873/871/1739 1867/865/1733 1874/872/1740
f 1868/866/1734 1873/871/1739 1875/873/1741
f 1871/869/1737 1870/868/1736 1876/874/1742
f 1877/875/1743 1871/869/1737 1876/874/1742
f 1874/872/1740 1871/869/1737 1877/875/1743
f 1870/868/1736 1869/867/1735 1878/876/1744
f 1876/874/1742 1870/868/1736 1879/877/1745
f 1870/868/1736 1878/876/1744 1879/877/1745
f 1869/867/1735 1872/870/1738 1880/878/1746
f 1869/867/1735 1881/879/1747 1878/876/1744
f 1880/878/1746 1881/879/1747 1869/867/1735
f 1872/870/1738 1882/880/1748 1880/878/1746
f 1875/873/1741 1873/871/1739 1883/881/1749
f 1884/882/1750 1873/871/1739 1874/872/1740
f 1883/881/1749 1873/871/1739 1884/882/1750
f 1884/882/1750 1874/872/1740 1885/883/1751
f 1885/883/1751 1874/872/1740 1877/875/1743
f 1880/878/1746 1882/880/1748 1886/884/1752
f 1880/878/1746 1886/884/1752 1881/879/1747
f 1883/881/1749 1887/885/1753 1875/873/1741
f 1877/875/1743 1876/874/1742 1888/886/1754
f 1889/887/1755 1877/875/1743 1888/886/1754
f 1885/883/1751 1877/875/1743 1889/887/1755
f 1881/879/1747 1890/888/1756 1878/876/1744
f 1879/877/1745 1878/876/1744 1891/889/1757
f 1878/876/1744 1890/888/1756 1891/889/1757
f 1881/879/1747 1886/884/1752 1892/890/1758
f 1881/879/1747 1892/890/1758 1890/888/1756
f 1886/884/1752 1882/880/1748 1893/891/1759
f 1886/884/1752 1893/891/1759 1892/890/1758
f 1893/891/1759 1882/880/1748 1894/892/1760
f 1895/893/1761 1887/885/1753 1883/881/1749
f 1896/894/1762 1883/881/1749 1884/882/1750
f 1895/893/1761 1883/881/1749 1896/894/1762
f 1896/894/1762 1884/882/1750 1897/895/1763
f 1897/895/1763 1884/882/1750 1885/883/1751
f 1897/895/1763 1885/883/1751 1898/896/1764
f 1898/896/1764 1885/883/1751 1889/887/1755
f 1889/887/1755 1888/886/1754 1899/897/1765
f 1900/898/1766 1889/887/1755 1899/897/1765
f 1898/896/1764 1889/887/1755 1900/898/1766
f 1890/888/1756 1901/899/1767 1891/889/1757
f 1890/888/1756 1902/900/1768 1901/899/1767
f 1890/888/1756 1892/890/1758 1902/900/1768
f 1892/890/1758 1893/891/1759 1903/901/1769
f 1892/890/1758 1903/901/1769 1902/900/1768
f 1894/892/1760 1904/902/1770 1893/891/1759
f 1893/891/1759 1904/902/1770 1903/901/1769
f 1905/903/1771 1904/902/1770 1894/892/1760
f 1906/904/1772 1895/893/1761 1896/894/1762
f 1907/905/1773 1896/894/1762 1897/895/1763
f 1906/904/1772 1896/894/1762 1907/905/1773
f 1907/905/1773 1897/895/1763 1908/906/1774
f 1908/906/1774 1897/895/1763 1898/896/1764
f 1908/906/1774 1898/896/1764 1909/907/1775
f 1909/907/1775 1898/896/1764 1900/898/1766
f 1900/898/1766 1899/897/1765 1910/908/1776
f 1911/909/1777 1900/898/1766 1910/908/1776
f 1909/907/1775 1900/898/1766 1911/909/1777
f 1901/899/1767 1902/900/1768 1912/910/1778
f 1902/900/1768 1913/911/1779 1912/910/1778
f 1902/900/1768 1903/901/1769 1913/911/1779
f 1903/901/1769 1904/902/1770 1914/912/1780
f 1903/901/1769 1914/912/1780 1913/911/1779
f 1905/903/1771 1915/913/1781 1904/902/1770
f 1904/902/1770 1916/914/1782 1914/912/1780
f 1904/902/1770 1915/913/1781 1916/914/1782
f 1907/905/1773 1908/906/1774 1917/915/1783
f 1918/916/1784 1907/905/1773 1917/915/1783
f 1906/904/1772 1907/905/1773 1918/916/1784
f 1917/915/1783 1908/906/1774 1919/917/1785
f 1908/906/1774 1909/907/1775 1919/917/1785
f 1919/917/1785 1909/907/1775 1920/918/1786
f 1909/907/1775 1911/909/1777 1920/918/1786
f 1920/918/1786 1911/909/1777 1921/919/1787
f 1912/910/1778 1913/911/1779 1922/920/1788
f 1913/911/1779 1923/921/1789 1922/920/1788
f 1913/911/1779 1914/912/1780 1923/921/1789
f 1914/912/1780 1916/914/1782 1924/922/1790
f 1914/912/1780 1924/922/1790 1923/921/1789
f 1915/913/1781 1925/923/1791 1916/914/1782
f 1916/914/1782 1926/924/1792 1924/922/1790
f 1925/923/1791 1926/924/1792 1916/914/1782
f 1927/925/1793 1925/923/1791 1915/913/1781
f 1917/915/1783 1919/917/1785 1928/926/1794
f 1929/927/1795 1917/915/1783 1928/926/1794
f 1918/916/1784 1917/915/1783 1929/927/1795
f 1928/926/1794 1919/917/1785 1930/928/1796
f 1919/917/1785 1920/918/1786 1930/928/1796
f 1930/928/1796 1920/918/1786 1931/929/1797
f 1931/929/1797 1920/918/1786 1921/919/1787
f 1922/920/1788 1923/921/1789 1932/930/1798
f 1923/921/1789 1933/931/1799 1932/930/1798
f 1923/921/1789 1924/922/1790 1933/931/1799
f 1926/924/1792 1934/932/1800 1924/922/1790
f 1924/922/1790 1934/932/1800 1933/931/1799
f 1928/926/1794 1930/928/1796 1935/933/1801
f 1935/933/1801 1929/927/1795 1928/926/1794
f 1925/923/1791 1927/925/1793 1936/934/1802
f 1925/923/1791 1937/935/1803 1926/924/1792
f 1936/934/1802 1937/935/1803 1925/923/1791
f 1937/935/1803 1938/936/1804 1926/924/1792
f 1926/924/1792 1938/936/1804 1934/932/1800
f 1935/933/1801 1930/928/1796 1939/937/1805
f 1930/928/1796 1931/929/1797 1939/937/1805
f 1936/934/1802 1927/925/1793 1940/938/1806
f 1932/930/1798 1933/931/1799 1941/939/1807
f 1933/931/1799 1942/940/1808 1941/939/1807
f 1934/932/1800 1942/940/1808 1933/931/1799
f 1938/936/1804 1943/941/1809 1934/932/1800
f 1934/932/1800 1943/941/1809 1942/940/1808
f 1936/934/1802 1944/942/1810 1937/935/1803
f 1937/935/1803 1945/943/1811 1938/936/1804
f 1944/942/1810 1945/943/1811 1937/935/1803
f 1945/943/1811 1946/944/1812 1938/936/1804
f 1938/936/1804 1946/944/1812 1943/941/1809
f 1940/938/1806 1947/945/1813 1936/934/1802
f 1948/946/1814 1944/942/1810 1936/934/1802
f 1936/934/1802 1947/945/1813 1948/946/1814
f 1943/941/1809 1949/947/1815 1942/940/1808
f 1942/940/1808 1950/948/1816 1941/939/1807
f 1942/940/1808 1949/947/1815 1950/948/1816
f 1946/944/1812 1951/949/1817 1943/941/1809
f 1943/941/1809 1951/949/1817 1949/947/1815
f 1947/945/1813 1952/950/1818 1948/946/1814
f 1953/951/1819 1954/952/1820 1955/953/1821
f 1956/954/1822 1954/952/1820 1953/951/1819
f 1957/955/1823 1956/954/1822 1953/951/1819
f 1956/954/1822 1958/956/1824 1954/952/1820
f 1959/957/1825 1958/956/1824 1956/954/1822
f 1960/958/1826 1956/954/1822 1957/955/1823
f 1960/958/1826 1959/957/1825 1956/954/1822
f 1961/959/1827 1960/958/1826 1957/955/1823
f 1962/960/1828 1959/957/1825 1960/958/1826
f 1963/961/1829 1962/960/1828 1960/958/1826
f 1963/961/1829 1960/958/1826 1961/959/1827
f 1964/962/1830 1963/961/1829 1961/959/1827
f 1965/963/1831 1962/960/1828 1963/961/1829
f 1963/961/1829 1966/964/1832 1965/963/1831
f 1967/965/1833 1966/964/1832 1963/961/1829
f 1967/965/1833 1963/961/1829 1964/962/1830
f 1968/966/1834 1967/965/1833 1964/962/1830
f 1967/965/1833 1969/967/1835 1966/964/1832
f 1970/968/1836 1969/967/1835 1967/965/1833
f 1970/968/1836 1967/965/1833 1968/966/1834
f 1971/969/1837 1970/968/1836 1968/966/1834
f 1970/968/1836 1972/970/1838 1969/967/1835
f 1973/971/1839 1972/970/1838 1970/968/1836
f 1973/971/1839 1970/968/1836 1971/969/1837
f 1974/972/1840 1975/973/1841 1976/974/115
f 1977/975/1842 1974/972/1840 1976/974/115
f 1978/976/1843 1977/975/1842 1976/974/115
f 1979/977/1844 1978/976/1843 1976/974/115
f 1980/978/1845 1979/977/1844 1976/974/115
f 1981/979/1846 1980/978/1845 1976/974/115
f 1982/951/1847 1983/952/1848 1984/953/1849
f 1985/954/1850 1983/952/1848 1982/951/1847
f 1986/955/1851 1985/954/1850 1982/951/1847
f 1985/954/1850 1987/956/1852 1983/952/1848
f 1988/957/1853 1987/956/1852 1985/954/1850
f 1989/958/1854 1985/954/1850 1986/955/1851
f 1989/958/1854 1988/957/1853 1985/954/1850
f 1990/959/1855 1989/958/1854 1986/955/1851
f 1991/960/1856 1988/957/1853 1989/958/1854
f 1992/961/1857 1991/960/1856 1989/958/1854
f 1992/961/1857 1989/958/1854 1990/959/1855
f 1993/962/1858 1992/961/1857 1990/959/1855
f 1994/963/1859 1991/960/1856 1992/961/1857
f 1992/961/1857 1995/964/1860 1994/963/1859
f 1996/965/1861 1995/964/1860 1992/961/1857
f 1996/965/1861 1992/961/1857 1993/962/1858
f 1997/966/1862 1996/965/1861 1993/962/1858
f 1996/965/1861 1998/967/1863 1995/964/1860
f 1999/968/1864 1998/967/1863 1996/965/1861
f 1999/968/1864 1996/965/1861 1997/966/1862
f 2000/969/1865 1999/968/1864 1997/966/1862
f 1999/968/1864 2001/970/1866 1998/967/1863
f 2002/971/1867 2001/970/1866 1999/968/1864
f 2002/971/1867 1999/968/1864 2000/969/1865
f 2003/972/1868 2004/973/1869 2005/974/115
f 2006/975/1870 2003/972/1868 2005/974/115
f 2007/976/1871 2006/975/1870 2005/974/115
f 2008/977/1872 2007/976/1871 2005/974/115
f 2009/978/1873 2008/977/1872 2005/974/115
f 2010/979/1874 2009/978/1873 2005/974/115
f 2011/951/1875 2012/952/1876 2013/953/1877
f 2014/954/1878 2012/952/1876 2011/951/1875
f 2015/955/1879 2014/954/1878 2011/951/1875
f 2014/954/1878 2016/956/1880 2012/952/1876
f 2017/957/1881 2016/956/1880 2014/954/1878
f 2018/958/1882 2014/954/1878 2015/955/1879
f 2018/958/1882 2017/957/1881 2014/954/1878
f 2019/959/1883 2018/958/1882 2015/955/1879
f 2020/960/1884 2017/957/1881 2018/958/1882
f 2021/961/1885 2020/960/1884 2018/958/1882
f 2021/961/1885 2018/958/1882 2019/959/1883
f 2022/962/1886 2021/961/1885 2019/959/1883
f 2023/963/1887 2020/960/1884 2021/961/1885
f 2021/961/1885 2024/964/1888 2023/963/1887
f 2025/965/1889 2024/964/1888 2021/961/1885
f 2025/965/1889 2021/961/1885 2022/962/1886
f 2026/966/1890 2025/965/1889 2022/962/1886
f 2025/965/1889 2027/967/1891 2024/964/1888
f 2028/968/1892 2027/967/1891 2025/965/1889
f 2028/968/1892 2025/965/1889 2026/966/1890
f 2029/969/1893 2028/968/1892 2026/966/1890
f 2028/968/1892 2030/970/1894 2027/967/1891
f 2031/971/1895 2030/970/1894 2028/968/1892
f 2031/971/1895 2028/968/1892 2029/969/1893
f 2032/972/1896 2033/973/1897 2034/974/115
f 2035/975/1898 2032/972/1896 2034/974/115
f 2036/976/1899 2035/975/1898 2034/974/115
f 2037/977/1900 2036/976/1899 2034/974/115
f 2038/978/1901 2037/977/1900 2034/974/115
f 2039/979/1902 2038/978/1901 2034/974/115
f 2040/951/1903 2041/952/1904 2042/953/1905
f 2043/954/1906 2041/952/1904 2040/951/1903
f 2044/955/1907 2043/954/1906 2040/951/1903
f 2043/954/1906 2045/956/1908 2041/952/1904
f 2046/957/1909 2045/956/1908 2043/954/1906
f 2047/958/1910 2043/954/1906 2044/955/1907
f 2047/958/1910 2046/957/1909 2043/954/1906
f 2048/959/1911 2047/958/1910 2044/955/1907
f 2049/960/1912 2046/957/1909 2047/958/1910
f 2050/961/1913 2049/960/1912 2047/958/1910
f 2050/961/1913 2047/958/1910 2048/959/1911
f 2051/962/1914 2050/961/1913 2048/959/1911
f 2052/963/1915 2049/960/1912 2050/961/1913
f 2050/961/1913 2053/964/1916 2052/963/1915
f 2054/965/1917 2053/964/1916 2050/961/1913
f 2054/965/1917 2050/961/1913 2051/962/1914
f 2055/966/1918 2054/965/1917 2051/962/1914
f 2054/965/1917 2056/967/1919 2053/964/1916
f 2057/968/1920 2056/967/1919 2054/965/1917
f 2057/968/1920 2054/965/1917 2055/966/1918
f 2058/969/1921 2057/968/1920 2055/966/1918
f 2057/968/1920 2059/970/1922 2056/967/1919
f 2060/971/1923 2059/970/1922 2057/968/1920
f 2060/971/1923 2057/968/1920 2058/969/1921
f 2061/972/1924 2062/973/1925 2063/974/115
f 2064/975/1926 2061/972/1924 2063/974/115
f 2065/976/1927 2064/975/1926 2063/974/115
f 2066/977/1928 2065/976/1927 2063/974/115
f 2067/978/1929 2066/977/1928 2063/974/115
f 2068/979/1930 2067/978/1929 2063/974/115
f 1948/946/1814 1952/950/1818 1944/942/1810
f 1944/942/1810 1952/950/1818 2069/980/1931
f 1944/942/1810 2069/980/1931 1945/943/1811
f 1945/943/1811 2070/981/1932 1946/944/1812
f 1945/943/1811 2069/980/1931 2070/981/1932
f 1946/944/1812 2070/981/1932 2071/982/1933
f 1946/944/1812 2071/982/1933 1951/949/1817
f 2072/983/1934 1952/950/1818 1947/945/1813
f 1952/950/1818 2072/983/1934 2073/984/1935
f 1952/950/1818 2073/984/1935 2069/980/1931
f 2069/980/1931 2073/984/1935 2074/985/1936
f 2069/980/1931 2074/985/1936 2070/981/1932
f 1951/949/1817 2075/986/1937 1949/947/1815
f 1950/948/1816 1949/947/1815 2076/987/1938
f 1949/947/1815 2075/986/1937 2076/987/1938
f 1951/949/1817 2071/982/1933 2077/988/1939
f 1951/949/1817 2077/988/1939 2075/986/1937
f 2070/981/1932 2078/989/1940 2071/982/1933
f 2070/981/1932 2074/985/1936 2078/989/1940
f 2071/982/1933 2078/989/1940 2079/990/1941
f 2071/982/1933 2079/990/1941 2077/988/1939
f 2073/984/1935 2072/983/1934 2080/991/1942
f 2080/991/1942 2081/992/1943 2073/984/1935
f 2073/984/1935 2082/993/1944 2074/985/1936
f 2073/984/1935 2081/992/1943 2082/993/1944
f 2074/985/1936 2082/993/1944 2083/994/1945
f 2074/985/1936 2083/994/1945 2078/989/1940
f 2078/989/1940 2084/995/1946 2079/990/1941
f 2078/989/1940 2083/994/1945 2084/995/1946
f 2075/986/1937 2077/988/1939 2085/996/1947
f 2077/988/1939 2079/990/1941 2086/997/1948
f 2077/988/1939 2086/997/1948 2085/996/1947
f 2079/990/1941 2084/995/1946 2087/998/1949
f 2079/990/1941 2087/998/1949 2086/997/1948
f 2086/997/1948 2087/998/1949 2088/999/1950
f 2086/997/1948 2088/999/1950 2085/996/1947
f 2081/992/1943 2089/1000/1951 2082/993/1944
f 2082/993/1944 2089/1000/1951 2090/1001/1952
f 2082/993/1944 2091/1002/1953 2083/994/1945
f 2090/1001/1952 2091/1002/1953 2082/993/1944
f 2091/1002/1953 2092/1003/1954 2083/994/1945
f 2083/994/1945 2092/1003/1954 2084/995/1946
f 2092/1003/1954 2093/1004/1955 2084/995/1946
f 2084/995/1946 2093/1004/1955 2087/998/1949
f 2093/1004/1955 2094/1005/1956 2087/998/1949
f 2087/998/1949 2094/1005/1956 2088/999/1950
f 2088/999/1950 2094/1005/1956 2095/1006/1957
f 2085/996/1947 2088/999/1950 2095/1006/1957
f 2089/1000/1951 2096/1007/1958 2090/1001/1952
f 2090/1001/1952 2096/1007/1958 2091/1002/1953
f 2091/1002/1953 2096/1007/1958 2097/1008/1959
f 2091/1002/1953 2097/1008/1959 2092/1003/1954
f 2092/1003/1954 2098/1009/1960 2093/1004/1955
f 2092/1003/1954 2097/1008/1959 2098/1009/1960
f 2099/1010/1961 2096/1007/1958 2089/1000/1951
f 2093/1004/1955 2098/1009/1960 2100/1011/1962
f 2093/1004/1955 2101/1012/1963 2094/1005/1956
f 2100/1011/1962 2101/1012/1963 2093/1004/1955
f 2101/1012/1963 2102/1013/1964 2094/1005/1956
f 2094/1005/1956 2102/1013/1964 2095/1006/1957
f 2096/1007/1958 2099/1010/1961 2103/1014/1965
f 2096/1007/1958 2104/1015/1966 2097/1008/1959
f 2103/1014/1965 2104/1015/1966 2096/1007/1958
f 2104/1015/1966 2105/1016/1967 2097/1008/1959
f 2097/1008/1959 2105/1016/1967 2098/1009/1960
f 2105/1016/1967 2106/1017/1968 2098/1009/1960
f 2098/1009/1960 2106/1017/1968 2100/1011/1962
f 2106/1017/1968 2107/1018/1969 2100/1011/1962
f 2100/1011/1962 2107/1018/1969 2101/1012/1963
f 2101/1012/1963 2107/1018/1969 2102/1013/1964
f 2103/1014/1965 2099/1010/1961 2108/1019/1970
f 2107/1018/1969 2109/1020/1971 2102/1013/1964
f 2106/1017/1968 2110/1021/1972 2107/1018/1969
f 2110/1021/1972 2109/1020/1971 2107/1018/1969
f 2105/1016/1967 2111/1022/1973 2106/1017/1968
f 2111/1022/1973 2110/1021/1972 2106/1017/1968
f 2112/1023/1974 2111/1022/1973 2105/1016/1967
f 2104/1015/1966 2112/1023/1974 2105/1016/1967
f 2103/1014/1965 2113/1024/1975 2104/1015/1966
f 2113/1024/1975 2112/1023/1974 2104/1015/1966
f 2108/1019/1970 2114/1025/1976 2103/1014/1965
f 2115/1026/1977 2113/1024/1975 2103/1014/1965
f 2103/1014/1965 2114/1025/1976 2115/1026/1977
f 2111/1022/1973 2116/1027/1978 2110/1021/1972
f 2110/1021/1972 2117/1028/1979 2109/1020/1971
f 2110/1021/1972 2116/1027/1978 2117/1028/1979
f 2112/1023/1974 2118/1029/1980 2111/1022/1973
f 2111/1022/1973 2118/1029/1980 2116/1027/1978
f 2113/1024/1975 2119/1030/1981 2112/1023/1974
f 2112/1023/1974 2119/1030/1981 2118/1029/1980
f 2115/1026/1977 2120/1031/1982 2113/1024/1975
f 2113/1024/1975 2120/1031/1982 2119/1030/1981
f 2114/1025/1976 2120/1031/1982 2115/1026/1977
f 2109/1020/1971 2117/1028/1979 2121/1032/1983
f 2122/1033/1984 2120/1031/1982 2114/1025/1976
f 2118/1029/1980 2123/1034/1985 2116/1027/1978
f 2116/1027/1978 2124/1035/1986 2117/1028/1979
f 2116/1027/1978 2123/1034/1985 2124/1035/1986
f 2117/1028/1979 2124/1035/1986 2125/1036/1987
f 2117/1028/1979 2125/1036/1987 2121/1032/1983
f 2119/1030/1981 2126/1037/1988 2118/1029/1980
f 2118/1029/1980 2126/1037/1988 2123/1034/1985
f 2120/1031/1982 2127/1038/1989 2119/1030/1981
f 2119/1030/1981 2127/1038/1989 2126/1037/1988
f 2122/1033/1984 2128/1039/1990 2120/1031/1982
f 2120/1031/1982 2128/1039/1990 2127/1038/1989
f 2123/1034/1985 2129/1040/1991 2124/1035/1986
f 2123/1034/1985 2130/1041/1992 2129/1040/1991
f 2126/1037/1988 2130/1041/1992 2123/1034/1985
f 2124/1035/1986 2129/1040/1991 2131/1042/1993
f 2124/1035/1986 2131/1042/1993 2125/1036/1987
f 2125/1036/1987 2131/1042/1993 2132/1043/1994
f 2125/1036/1987 2132/1043/1994 2121/1032/1983
f 2127/1038/1989 2133/1044/1995 2126/1037/1988
f 2126/1037/1988 2133/1044/1995 2130/1041/1992
f 2121/1032/1983 2132/1043/1994 2134/1045/1996
f 2128/1039/1990 2135/1046/1997 2127/1038/1989
f 2127/1038/1989 2135/1046/1997 2133/1044/1995
f 2129/1040/1991 1935/933/1801 2131/1042/1993
f 2130/1041/1992 1935/933/1801 2129/1040/1991
f 2133/1044/1995 2136/1047/1998 2130/1041/1992
f 2136/1047/1998 1935/933/1801 2130/1041/1992
f 2131/1042/1993 1935/933/1801 1939/937/1805
f 2131/1042/1993 1939/937/1805 2132/1043/1994
f 2132/1043/1994 1939/937/1805 2137/1048/1999
f 2132/1043/1994 2137/1048/1999 2134/1045/1996
f 2133/1044/1995 2135/1046/1997 2138/1049/2000
f 2138/1049/2000 2136/1047/1998 2133/1044/1995
f 2137/1048/1999 1921/919/1787 2134/1045/1996
f 1939/937/1805 1931/929/1797 2137/1048/1999
f 1931/929/1797 1921/919/1787 2137/1048/1999
f 2138/1049/2000 2135/1046/1997 2139/1050/2001
f 2136/1047/1998 1929/927/1795 1935/933/1801
f 2138/1049/2000 2140/1051/2002 2136/1047/1998
f 2136/1047/1998 2140/1051/2002 1929/927/1795
f 2139/1050/2001 2141/1052/2003 2138/1049/2000
f 2138/1049/2000 2141/1052/2003 2140/1051/2002
f 2140/1051/2002 1918/916/1784 1929/927/1795
f 2141/1052/2003 2142/1053/2004 2140/1051/2002
f 2143/1054/2005 1918/916/1784 2140/1051/2002
f 2140/1051/2002 2142/1053/2004 2143/1054/2005
f 2143/1054/2005 1906/904/1772 1918/916/1784
f 2142/1053/2004 2144/1055/2006 2143/1054/2005
f 2144/1055/2006 1906/904/1772 2143/1054/2005
f 2145/1056/2007 2144/1055/2006 2142/1053/2004
f 2144/1055/2006 1895/893/1761 1906/904/1772
f 2145/1056/2007 1887/885/1753 2144/1055/2006
f 2144/1055/2006 1887/885/1753 1895/893/1761
f 1941/939/1807 2146/1057/2008 1932/930/1798
f 1941/939/1807 1950/948/1816 2146/1057/2008
f 1950/948/1816 2076/987/1938 2146/1057/2008
f 1932/930/1798 2146/1057/2008 2147/1058/2009
f 2147/1058/2009 2146/1057/2008 2148/1059/2010
f 2146/1057/2008 2076/987/1938 2148/1059/2010
f 1932/930/1798 2147/1058/2009 1922/920/1788
f 1922/920/1788 2147/1058/2009 2149/1060/2011
f 2150/1061/2012 2147/1058/2009 2148/1059/2010
f 2149/1060/2011 2147/1058/2009 2150/1061/2012
f 2151/1062/2013 1922/920/1788 2149/1060/2011
f 2151/1062/2013 2149/1060/2011 2150/1061/2012
f 1912/910/1778 1922/920/1788 2151/1062/2013
f 2152/1063/2014 2151/1062/2013 2150/1061/2012
f 2153/1064/2015 1912/910/1778 2151/1062/2013
f 2153/1064/2015 2151/1062/2013 2152/1063/2014
f 1901/899/1767 1912/910/1778 2153/1064/2015
f 1901/899/1767 2153/1064/2015 2154/1065/2016
f 2153/1064/2015 2152/1063/2014 2155/1066/2017
f 2154/1065/2016 2153/1064/2015 2155/1066/2017
f 2155/1066/2017 2152/1063/2014 2156/1067/2018
f 1891/889/1757 1901/899/1767 2154/1065/2016
f 1891/889/1757 2154/1065/2016 1879/877/1745
f 2154/1065/2016 2155/1066/2017 2157/1068/2019
f 1879/877/1745 2154/1065/2016 2157/1068/2019
f 2157/1068/2019 2155/1066/2017 2158/1069/2020
f 2158/1069/2020 2155/1066/2017 2156/1067/2018
f 1879/877/1745 2157/1068/2019 1876/874/1742
f 1876/874/1742 2157/1068/2019 2159/1070/2021
f 2157/1068/2019 2158/1069/2020 2159/1070/2021
f 2159/1070/2021 2158/1069/2020 2160/1071/2022
f 2158/1069/2020 2156/1067/2018 2160/1071/2022
f 2160/1071/2022 2156/1067/2018 2161/1072/2023
f 2162/1073/2024 2159/1070/2021 2160/1071/2022
f 2162/1073/2024 2160/1071/2022 2161/1072/2023
f 1888/886/1754 1876/874/1742 2159/1070/2021
f 1888/886/1754 2159/1070/2021 2162/1073/2024
f 1910/908/1776 2162/1073/2024 2161/1072/2023
f 1899/897/1765 1888/886/1754 2162/1073/2024
f 1899/897/1765 2162/1073/2024 1910/908/1776
f 2163/1074/2025 2164/1075/2026 2165/1076/2027
f 2166/1077/2028 2164/1075/2026 2163/1074/2025
f 2167/1078/2029 2164/1075/2026 2166/1077/2028
f 2168/1079/2030 2164/1075/2026 2167/1078/2029
f 2169/1080/2031 2164/1075/2026 2168/1079/2030
f 2170/1081/2032 2164/1075/2026 2169/1080/2031
f 2171/1082/2033 2172/1083/2034 2173/1084/2035
f 2174/1085/2036 2172/1083/2034 2171/1082/2033
f 2175/1086/2037 2174/1085/2036 2171/1082/2033
f 2176/1087/2038 2174/1085/2036 2175/1086/2037
f 2177/1088/1827 2176/1087/2038 2175/1086/2037
f 2178/1089/2039 2176/1087/2038 2177/1088/1827
f 2179/1090/2040 2178/1089/2039 2177/1088/1827
f 2180/1091/2041 2178/1089/2039 2179/1090/2040
f 2181/1092/2042 2180/1091/2041 2179/1090/2040
f 2182/1093/2043 2180/1091/2041 2181/1092/2042
f 2183/1094/2044 2182/1093/2043 2181/1092/2042
f 2184/1095/2045 2182/1093/2043 2183/1094/2044
f 2185/1096/1840 2186/1097/1841 2187/1098/115
f 2188/1099/2046 2185/1096/1840 2187/1098/115
f 2189/1100/2047 2188/1099/2046 2187/1098/115
f 2190/1101/1844 2189/1100/2047 2187/1098/115
f 2191/1102/2048 2190/1101/1844 2187/1098/115
f 2192/1103/2049 2191/1102/2048 2187/1098/115
f 2193/1074/2050 2194/1075/2051 2195/1076/2052
f 2196/1077/2053 2194/1075/2051 2193/1074/2050
f 2197/1078/2054 2194/1075/2051 2196/1077/2053
f 2198/1079/2055 2194/1075/2051 2197/1078/2054
f 2199/1080/2056 2194/1075/2051 2198/1079/2055
f 2200/1081/2057 2194/1075/2051 2199/1080/2056
f 2201/1082/2058 2202/1083/2059 2203/1084/2060
f 2204/1085/2061 2202/1083/2059 2201/1082/2058
f 2205/1086/2062 2204/1085/2061 2201/1082/2058
f 2206/1087/2063 2204/1085/2061 2205/1086/2062
f 2207/1088/1855 2206/1087/2063 2205/1086/2062
f 2208/1089/2064 2206/1087/2063 2207/1088/1855
f 2209/1090/2065 2208/1089/2064 2207/1088/1855
f 2210/1091/2066 2208/1089/2064 2209/1090/2065
f 2211/1092/1862 2210/1091/2066 2209/1090/2065
f 2212/1093/2067 2210/1091/2066 2211/1092/1862
f 2213/1094/2068 2212/1093/2067 2211/1092/1862
f 2214/1095/2069 2212/1093/2067 2213/1094/2068
f 2215/1096/2070 2216/1097/1869 2217/1098/115
f 2218/1099/2071 2215/1096/2070 2217/1098/115
f 2219/1100/1871 2218/1099/2071 2217/1098/115
f 2220/1101/2072 2219/1100/1871 2217/1098/115
f 2221/1102/1873 2220/1101/2072 2217/1098/115
f 2222/1103/1874 2221/1102/1873 2217/1098/115
f 2223/1074/2073 2224/1075/2074 2225/1076/2075
f 2226/1077/2076 2224/1075/2074 2223/1074/2073
f 2227/1078/2077 2224/1075/2074 2226/1077/2076
f 2228/1079/2078 2224/1075/2074 2227/1078/2077
f 2229/1080/2079 2224/1075/2074 2228/1079/2078
f 2230/1081/2080 2224/1075/2074 2229/1080/2079
f 2231/1082/2081 2232/1083/2082 2233/1084/2083
f 2234/1085/2084 2232/1083/2082 2231/1082/2081
f 2235/1086/2085 2234/1085/2084 2231/1082/2081
f 2236/1087/2086 2234/1085/2084 2235/1086/2085
f 2237/1088/1883 2236/1087/2086 2235/1086/2085
f 2238/1089/2087 2236/1087/2086 2237/1088/1883
f 2239/1090/2088 2238/1089/2087 2237/1088/1883
f 2240/1091/2089 2238/1089/2087 2239/1090/2088
f 2241/1092/1890 2240/1091/2089 2239/1090/2088
f 2242/1093/2090 2240/1091/2089 2241/1092/1890
f 2243/1094/2091 2242/1093/2090 2241/1092/1890
f 2244/1095/2092 2242/1093/2090 2243/1094/2091
f 2245/1096/2081 2246/1097/2093 2247/1098/115
f 2248/1099/1898 2245/1096/2081 2247/1098/115
f 2249/1100/1899 2248/1099/1898 2247/1098/115
f 2250/1101/1900 2249/1100/1899 2247/1098/115
f 2251/1102/2094 2250/1101/1900 2247/1098/115
f 2252/1103/1902 2251/1102/2094 2247/1098/115
f 2253/1074/2095 2254/1075/2096 2255/1076/2097
f 2256/1077/2098 2254/1075/2096 2253/1074/2095
f 2257/1078/2099 2254/1075/2096 2256/1077/2098
f 2258/1079/2100 2254/1075/2096 2257/1078/2099
f 2259/1080/2101 2254/1075/2096 2258/1079/2100
f 2260/1081/2102 2254/1075/2096 2259/1080/2101
f 2261/1082/2103 2262/1083/2104 2263/1084/2105
f 2264/1085/2106 2262/1083/2104 2261/1082/2103
f 2265/1086/2107 2264/1085/2106 2261/1082/2103
f 2266/1087/2108 2264/1085/2106 2265/1086/2107
f 2267/1088/1911 2266/1087/2108 2265/1086/2107
f 2268/1089/2109 2266/1087/2108 2267/1088/1911
f 2269/1090/2110 2268/1089/2109 2267/1088/1911
f 2270/1091/2111 2268/1089/2109 2269/1090/2110
f 2271/1092/2112 2270/1091/2111 2269/1090/2110
f 2272/1093/2113 2270/1091/2111 2271/1092/2112
f 2273/1094/2114 2272/1093/2113 2271/1092/2112
f 2274/1095/2115 2272/1093/2113 2273/1094/2114
f 2275/1096/2103 2276/1097/1925 2277/1098/115
f 2278/1099/1926 2275/1096/2103 2277/1098/115
f 2279/1100/1927 2278/1099/1926 2277/1098/115
f 2280/1101/2116 2279/1100/1927 2277/1098/115
f 2281/1102/2117 2280/1101/2116 2277/1098/115
f 2282/1103/1930 2281/1102/2117 2277/1098/115
f 2283/1104/2118 2284/1105/2119 2285/1106/2120
f 2285/1106/2120 2286/1107/2121 2287/1108/2122
f 2288/1109/2123 2285/1106/2120 2287/1108/2122
f 2283/1104/2118 2285/1106/2120 2288/1109/2123
f 2289/1110/2124 2290/1111/2125 2291/1112/2126
f 2289/1110/2124 2292/1113/2127 2290/1111/2125
f 2289/1110/2124 2293/1114/2128 2292/1113/2127
f 2293/1114/2128 2294/1115/2129 2295/1116/2130
f 2293/1114/2128 2295/1116/2130 2292/1113/2127
f 2296/1117/1760 2297/1118/2131 2294/1115/2129
f 2294/1115/2129 2297/1118/2131 2295/1116/2130
f 2298/1119/1771 2297/1118/2131 2296/1117/1760
f 2299/1120/2132 2300/1121/2133 2301/1122/2134
f 2302/1123/2135 2301/1122/2134 2303/1124/2136
f 2299/1120/2132 2301/1122/2134 2302/1123/2135
f 2302/1123/2135 2303/1124/2136 2304/1125/2137
f 2304/1125/2137 2303/1124/2136 2283/1104/2118
f 2304/1125/2137 2283/1104/2118 2305/1126/2138
f 2305/1126/2138 2283/1104/2118 2288/1109/2123
f 2288/1109/2123 2287/1108/2122 2306/1127/2139
f 2307/1128/2140 2288/1109/2123 2306/1127/2139
f 2305/1126/2138 2288/1109/2123 2307/1128/2140
f 2290/1111/2125 2292/1113/2127 2308/1129/2141
f 2292/1113/2127 2309/1130/2142 2308/1129/2141
f 2292/1113/2127 2295/1116/2130 2309/1130/2142
f 2295/1116/2130 2297/1118/2131 2310/1131/2143
f 2295/1116/2130 2310/1131/2143 2309/1130/2142
f 2298/1119/1771 2311/1132/1781 2297/1118/2131
f 2297/1118/2131 2312/1133/2144 2310/1131/2143
f 2297/1118/2131 2311/1132/1781 2312/1133/2144
f 2302/1123/2135 2304/1125/2137 2313/1134/2145
f 2314/1135/2146 2302/1123/2135 2313/1134/2145
f 2299/1120/2132 2302/1123/2135 2314/1135/2146
f 2313/1134/2145 2304/1125/2137 2315/1136/2147
f 2304/1125/2137 2305/1126/2138 2315/1136/2147
f 2315/1136/2147 2305/1126/2138 2316/1137/2148
f 2305/1126/2138 2307/1128/2140 2316/1137/2148
f 2316/1137/2148 2307/1128/2140 2317/1138/2149
f 2308/1129/2141 2309/1130/2142 2318/1139/2150
f 2309/1130/2142 2319/1140/2151 2318/1139/2150
f 2309/1130/2142 2310/1131/2143 2319/1140/2151
f 2310/1131/2143 2312/1133/2144 2320/1141/2152
f 2310/1131/2143 2320/1141/2152 2319/1140/2151
f 2311/1132/1781 2321/1142/2153 2312/1133/2144
f 2312/1133/2144 2322/1143/2154 2320/1141/2152
f 2321/1142/2153 2322/1143/2154 2312/1133/2144
f 2323/1144/2155 2321/1142/2153 2311/1132/1781
f 2313/1134/2145 2315/1136/2147 2324/1145/2156
f 2325/1146/2157 2313/1134/2145 2324/1145/2156
f 2314/1135/2146 2313/1134/2145 2325/1146/2157
f 2324/1145/2156 2315/1136/2147 2326/1147/2158
f 2315/1136/2147 2316/1137/2148 2326/1147/2158
f 2326/1147/2158 2316/1137/2148 2327/1148/2159
f 2327/1148/2159 2316/1137/2148 2317/1138/2149
f 2318/1139/2150 2319/1140/2151 2328/1149/2160
f 2319/1140/2151 2329/1150/2161 2328/1149/2160
f 2319/1140/2151 2320/1141/2152 2329/1150/2161
f 2322/1143/2154 2330/1151/2162 2320/1141/2152
f 2320/1141/2152 2330/1151/2162 2329/1150/2161
f 2324/1145/2156 2326/1147/2158 2331/1152/2163
f 2331/1152/2163 2325/1146/2157 2324/1145/2156
f 2321/1142/2153 2323/1144/2155 2332/1153/2164
f 2321/1142/2153 2333/1154/2165 2322/1143/2154
f 2332/1153/2164 2333/1154/2165 2321/1142/2153
f 2333/1154/2165 2334/1155/2166 2322/1143/2154
f 2322/1143/2154 2334/1155/2166 2330/1151/2162
f 2331/1152/2163 2326/1147/2158 2335/1156/2167
f 2326/1147/2158 2327/1148/2159 2335/1156/2167
f 2332/1153/2164 2323/1144/2155 2336/1157/2168
f 2328/1149/2160 2329/1150/2161 2337/1158/2169
f 2329/1150/2161 2338/1159/2170 2337/1158/2169
f 2330/1151/2162 2338/1159/2170 2329/1150/2161
f 2334/1155/2166 2339/1160/2171 2330/1151/2162
f 2330/1151/2162 2339/1160/2171 2338/1159/2170
f 2332/1153/2164 2340/1161/2172 2333/1154/2165
f 2333/1154/2165 2341/1162/2173 2334/1155/2166
f 2340/1161/2172 2341/1162/2173 2333/1154/2165
f 2341/1162/2173 2342/1163/2174 2334/1155/2166
f 2334/1155/2166 2342/1163/2174 2339/1160/2171
f 2336/1157/2168 2343/1164/1813 2332/1153/2164
f 2344/1165/2175 2340/1161/2172 2332/1153/2164
f 2332/1153/2164 2343/1164/1813 2344/1165/2175
f 2339/1160/2171 2345/1166/2176 2338/1159/2170
f 2338/1159/2170 2346/1167/2177 2337/1158/2169
f 2338/1159/2170 2345/1166/2176 2346/1167/2177
f 2342/1163/2174 2347/1168/2178 2339/1160/2171
f 2339/1160/2171 2347/1168/2178 2345/1166/2176
f 2343/1164/1813 2348/1169/2179 2344/1165/2175
f 2344/1165/2175 2348/1169/2179 2340/1161/2172
f 2340/1161/2172 2348/1169/2179 2349/1170/2180
f 2340/1161/2172 2349/1170/2180 2341/1162/2173
f 2341/1162/2173 2350/1171/2181 2342/1163/2174
f 2341/1162/2173 2349/1170/2180 2350/1171/2181
f 2342/1163/2174 2350/1171/2181 2351/1172/2182
f 2342/1163/2174 2351/1172/2182 2347/1168/2178
f 2352/1173/2183 2348/1169/2179 2343/1164/1813
f 2348/1169/2179 2352/1173/2183 2353/1174/2184
f 2348/1169/2179 2353/1174/2184 2349/1170/2180
f 2349/1170/2180 2353/1174/2184 2354/1175/2185
f 2349/1170/2180 2354/1175/2185 2350/1171/2181
f 2347/1168/2178 2355/1176/2186 2345/1166/2176
f 2346/1167/2177 2345/1166/2176 2356/1177/2187
f 2345/1166/2176 2355/1176/2186 2356/1177/2187
f 2347/1168/2178 2351/1172/2182 2357/1178/2188
f 2347/1168/2178 2357/1178/2188 2355/1176/2186
f 2350/1171/2181 2358/1179/2189 2351/1172/2182
f 2350/1171/2181 2354/1175/2185 2358/1179/2189
f 2351/1172/2182 2358/1179/2189 2359/1180/2190
f 2351/1172/2182 2359/1180/2190 2357/1178/2188
f 2353/1174/2184 2352/1173/2183 2360/1181/1942
f 2360/1181/1942 2361/1182/2191 2353/1174/2184
f 2353/1174/2184 2362/1183/2192 2354/1175/2185
f 2353/1174/2184 2361/1182/2191 2362/1183/2192
f 2354/1175/2185 2362/1183/2192 2363/1184/2193
f 2354/1175/2185 2363/1184/2193 2358/1179/2189
f 2358/1179/2189 2364/1185/2194 2359/1180/2190
f 2358/1179/2189 2363/1184/2193 2364/1185/2194
f 2355/1176/2186 2357/1178/2188 2365/1186/2195
f 2357/1178/2188 2359/1180/2190 2366/1187/2196
f 2357/1178/2188 2366/1187/2196 2365/1186/2195
f 2359/1180/2190 2364/1185/2194 2367/1188/2197
f 2359/1180/2190 2367/1188/2197 2366/1187/2196
f 2366/1187/2196 2367/1188/2197 2368/1189/2198
f 2366/1187/2196 2368/1189/2198 2365/1186/2195
f 2361/1182/2191 2369/1190/2199 2362/1183/2192
f 2362/1183/2192 2369/1190/2199 2370/1191/2200
f 2362/1183/2192 2371/1192/2201 2363/1184/2193
f 2370/1191/2200 2371/1192/2201 2362/1183/2192
f 2371/1192/2201 2372/1193/2202 2363/1184/2193
f 2363/1184/2193 2372/1193/2202 2364/1185/2194
f 2372/1193/2202 2373/1194/2203 2364/1185/2194
f 2364/1185/2194 2373/1194/2203 2367/1188/2197
f 2373/1194/2203 2374/1195/2204 2367/1188/2197
f 2367/1188/2197 2374/1195/2204 2368/1189/2198
f 2368/1189/2198 2374/1195/2204 2375/1196/2205
f 2365/1186/2195 2368/1189/2198 2375/1196/2205
f 2369/1190/2199 2376/1197/2206 2370/1191/2200
f 2370/1191/2200 2376/1197/2206 2371/1192/2201
f 2371/1192/2201 2376/1197/2206 2377/1198/2207
f 2371/1192/2201 2377/1198/2207 2372/1193/2202
f 2372/1193/2202 2378/1199/2208 2373/1194/2203
f 2372/1193/2202 2377/1198/2207 2378/1199/2208
f 2379/1200/2209 2376/1197/2206 2369/1190/2199
f 2373/1194/2203 2378/1199/2208 2380/1201/2210
f 2373/1194/2203 2381/1202/2211 2374/1195/2204
f 2380/1201/2210 2381/1202/2211 2373/1194/2203
f 2381/1202/2211 2382/1203/2212 2374/1195/2204
f 2374/1195/2204 2382/1203/2212 2375/1196/2205
f 2376/1197/2206 2379/1200/2209 2383/1204/2213
f 2376/1197/2206 2384/1205/2214 2377/1198/2207
f 2383/1204/2213 2384/1205/2214 2376/1197/2206
f 2384/1205/2214 2385/1206/2215 2377/1198/2207
f 2377/1198/2207 2385/1206/2215 2378/1199/2208
f 2385/1206/2215 2386/1207/2216 2378/1199/2208
f 2378/1199/2208 2386/1207/2216 2380/1201/2210
f 2386/1207/2216 2387/1208/2217 2380/1201/2210
f 2380/1201/2210 2387/1208/2217 2381/1202/2211
f 2381/1202/2211 2387/1208/2217 2382/1203/2212
f 2383/1204/2213 2379/1200/2209 2388/1209/2218
f 2387/1208/2217 2389/1210/2219 2382/1203/2212
f 2386/1207/2216 2390/1211/2220 2387/1208/2217
f 2390/1211/2220 2389/1210/2219 2387/1208/2217
f 2385/1206/2215 2391/1212/2221 2386/1207/2216
f 2391/1212/2221 2390/1211/2220 2386/1207/2216
f 2392/1213/2222 2391/1212/2221 2385/1206/2215
f 2384/1205/2214 2392/1213/2222 2385/1206/2215
f 2383/1204/2213 2393/1214/2223 2384/1205/2214
f 2393/1214/2223 2392/1213/2222 2384/1205/2214
f 2388/1209/2218 2394/1215/1976 2383/1204/2213
f 2395/1216/2224 2393/1214/2223 2383/1204/2213
f 2383/1204/2213 2394/1215/1976 2395/1216/2224
f 2396/1217/2007 2397/1218/2225 2398/1219/2226
f 2396/1217/2007 2398/1219/2226 2399/1220/2004
f 2398/1219/2226 2397/1218/2225 2300/1121/2133
f 2399/1220/2004 2398/1219/2226 2400/1221/2227
f 2398/1219/2226 2299/1120/2132 2400/1221/2227
f 2398/1219/2226 2300/1121/2133 2299/1120/2132
f 2401/1222/2228 2399/1220/2004 2400/1221/2227
f 2400/1221/2227 2314/1135/2146 2401/1222/2228
f 2400/1221/2227 2299/1120/2132 2314/1135/2146
f 2402/1223/2229 2399/1220/2004 2401/1222/2228
f 2401/1222/2228 2314/1135/2146 2325/1146/2157
f 2403/1224/2230 2402/1223/2229 2401/1222/2228
f 2404/1225/2231 2401/1222/2228 2325/1146/2157
f 2403/1224/2230 2401/1222/2228 2404/1225/2231
f 2405/1226/2232 2402/1223/2229 2403/1224/2230
f 2404/1225/2231 2325/1146/2157 2331/1152/2163
f 2403/1224/2230 2406/1227/2233 2405/1226/2232
f 2407/1228/2234 2406/1227/2233 2403/1224/2230
f 2403/1224/2230 2404/1225/2231 2407/1228/2234
f 2407/1228/2234 2404/1225/2231 2408/1229/2235
f 2404/1225/2231 2331/1152/2163 2408/1229/2235
f 2409/1230/2236 2406/1227/2233 2407/1228/2234
f 2410/1231/2237 2407/1228/2234 2408/1229/2235
f 2409/1230/2236 2407/1228/2234 2410/1231/2237
f 2411/1232/1990 2406/1227/2233 2409/1230/2236
f 2408/1229/2235 2331/1152/2163 2412/1233/2238
f 2413/1234/2239 2408/1229/2235 2412/1233/2238
f 2410/1231/2237 2408/1229/2235 2413/1234/2239
f 2414/1235/2240 2411/1232/1990 2409/1230/2236
f 2415/1236/2241 2409/1230/2236 2410/1231/2237
f 2414/1235/2240 2409/1230/2236 2415/1236/2241
f 2415/1236/2241 2410/1231/2237 2416/1237/2242
f 2416/1237/2242 2410/1231/2237 2413/1234/2239
f 2412/1233/2238 2331/1152/2163 2417/1238/2243
f 2417/1238/2243 2331/1152/2163 2335/1156/2167
f 2413/1234/2239 2412/1233/2238 2418/1239/2244
f 2418/1239/2244 2412/1233/2238 2417/1238/2243
f 2416/1237/2242 2413/1234/2239 2419/1240/2245
f 2419/1240/2245 2413/1234/2239 2418/1239/2244
f 2420/1241/2246 2411/1232/1990 2414/1235/2240
f 2421/1242/2223 2414/1235/2240 2415/1236/2241
f 2422/1243/2247 2415/1236/2241 2416/1237/2242
f 2421/1242/2223 2415/1236/2241 2422/1243/2247
f 2422/1243/2247 2416/1237/2242 2423/1244/2221
f 2423/1244/2221 2416/1237/2242 2419/1240/2245
f 2420/1241/2246 2414/1235/2240 2424/1245/1976
f 2425/1246/2224 2414/1235/2240 2421/1242/2223
f 2424/1245/1976 2414/1235/2240 2425/1246/2224
f 2417/1238/2243 2335/1156/2167 2426/1247/2248
f 2427/1248/2249 2417/1238/2243 2426/1247/2248
f 2418/1239/2244 2417/1238/2243 2427/1248/2249
f 2419/1240/2245 2418/1239/2244 2428/1249/2250
f 2428/1249/2250 2418/1239/2244 2427/1248/2249
f 2423/1244/2221 2419/1240/2245 2429/1250/2251
f 2429/1250/2251 2419/1240/2245 2428/1249/2250
f 2427/1248/2249 2426/1247/2248 2430/1251/2252
f 2428/1249/2250 2427/1248/2249 2430/1251/2252
f 2429/1250/2251 2428/1249/2250 2431/1252/2219
f 2431/1252/2219 2428/1249/2250 2430/1251/2252
f 2430/1251/2252 2426/1247/2248 2432/1253/2253
f 2426/1247/2248 2433/1254/2254 2432/1253/2253
f 2426/1247/2248 2335/1156/2167 2433/1254/2254
f 2433/1254/2254 2317/1138/2149 2432/1253/2253
f 2335/1156/2167 2327/1148/2159 2433/1254/2254
f 2327/1148/2159 2317/1138/2149 2433/1254/2254
f 2337/1158/2169 2434/1255/2255 2328/1149/2160
f 2337/1158/2169 2346/1167/2177 2434/1255/2255
f 2346/1167/2177 2356/1177/2187 2434/1255/2255
f 2328/1149/2160 2434/1255/2255 2435/1256/2256
f 2435/1256/2256 2434/1255/2255 2436/1257/2257
f 2434/1255/2255 2356/1177/2187 2436/1257/2257
f 2328/1149/2160 2435/1256/2256 2318/1139/2150
f 2318/1139/2150 2435/1256/2256 2437/1258/2258
f 2438/1259/2259 2435/1256/2256 2436/1257/2257
f 2437/1258/2258 2435/1256/2256 2438/1259/2259
f 2439/1260/2260 2318/1139/2150 2437/1258/2258
f 2439/1260/2260 2437/1258/2258 2438/1259/2259
f 2308/1129/2141 2318/1139/2150 2439/1260/2260
f 2440/1261/2261 2439/1260/2260 2438/1259/2259
f 2441/1262/2262 2308/1129/2141 2439/1260/2260
f 2441/1262/2262 2439/1260/2260 2440/1261/2261
f 2290/1111/2125 2308/1129/2141 2441/1262/2262
f 2290/1111/2125 2441/1262/2262 2442/1263/2263
f 2441/1262/2262 2440/1261/2261 2443/1264/2264
f 2442/1263/2263 2441/1262/2262 2443/1264/2264
f 2444/1265/2265 2445/1266/2266 2446/1267/2267
f 2444/1265/2265 2447/1268/1732 2445/1266/2266
f 2446/1267/2267 2445/1266/2266 2448/1269/2268
f 2448/1269/2268 2449/1270/2269 2446/1267/2267
f 2445/1266/2266 2447/1268/1732 2450/1271/2270
f 2445/1266/2266 2450/1271/2270 2451/1272/2271
f 2452/1273/2272 2445/1266/2266 2451/1272/2271
f 2448/1269/2268 2445/1266/2266 2452/1273/2272
f 2447/1268/1732 2453/1274/2273 2450/1271/2270
f 2454/1275/2274 2449/1270/2269 2448/1269/2268
f 2455/1276/2275 2448/1269/2268 2452/1273/2272
f 2454/1275/2274 2448/1269/2268 2455/1276/2275
f 2449/1270/2269 2454/1275/2274 2456/1277/1741
f 2452/1273/2272 2451/1272/2271 2457/1278/2276
f 2458/1279/2277 2452/1273/2272 2457/1278/2276
f 2455/1276/2275 2452/1273/2272 2458/1279/2277
f 2451/1272/2271 2450/1271/2270 2459/1280/2278
f 2457/1278/2276 2451/1272/2271 2460/1281/2279
f 2451/1272/2271 2459/1280/2278 2460/1281/2279
f 2450/1271/2270 2453/1274/2273 2461/1282/2280
f 2450/1271/2270 2462/1283/2281 2459/1280/2278
f 2461/1282/2280 2462/1283/2281 2450/1271/2270
f 2453/1274/2273 2463/1284/1748 2461/1282/2280
f 2456/1277/1741 2454/1275/2274 2464/1285/2282
f 2465/1286/2283 2454/1275/2274 2455/1276/2275
f 2464/1285/2282 2454/1275/2274 2465/1286/2283
f 2465/1286/2283 2455/1276/2275 2284/1105/2119
f 2284/1105/2119 2455/1276/2275 2458/1279/2277
f 2461/1282/2280 2463/1284/1748 2466/1287/2284
f 2461/1282/2280 2466/1287/2284 2462/1283/2281
f 2464/1285/2282 2397/1218/2225 2456/1277/1741
f 2458/1279/2277 2457/1278/2276 2286/1107/2121
f 2285/1106/2120 2458/1279/2277 2286/1107/2121
f 2284/1105/2119 2458/1279/2277 2285/1106/2120
f 2462/1283/2281 2289/1110/2124 2459/1280/2278
f 2460/1281/2279 2459/1280/2278 2291/1112/2126
f 2459/1280/2278 2289/1110/2124 2291/1112/2126
f 2462/1283/2281 2466/1287/2284 2293/1114/2128
f 2462/1283/2281 2293/1114/2128 2289/1110/2124
f 2466/1287/2284 2463/1284/1748 2294/1115/2129
f 2466/1287/2284 2294/1115/2129 2293/1114/2128
f 2294/1115/2129 2463/1284/1748 2296/1117/1760
f 2300/1121/2133 2397/1218/2225 2464/1285/2282
f 2301/1122/2134 2464/1285/2282 2465/1286/2283
f 2300/1121/2133 2464/1285/2282 2301/1122/2134
f 2301/1122/2134 2465/1286/2283 2303/1124/2136
f 2303/1124/2136 2465/1286/2283 2284/1105/2119
f 2303/1124/2136 2284/1105/2119 2283/1104/2118
f 2443/1264/2264 2440/1261/2261 2467/1288/2285
f 2291/1112/2126 2290/1111/2125 2442/1263/2263
f 2291/1112/2126 2442/1263/2263 2460/1281/2279
f 2442/1263/2263 2443/1264/2264 2468/1289/2286
f 2460/1281/2279 2442/1263/2263 2468/1289/2286
f 2468/1289/2286 2443/1264/2264 2469/1290/2287
f 2469/1290/2287 2443/1264/2264 2467/1288/2285
f 2460/1281/2279 2468/1289/2286 2457/1278/2276
f 2457/1278/2276 2468/1289/2286 2470/1291/2288
f 2468/1289/2286 2469/1290/2287 2470/1291/2288
f 2470/1291/2288 2469/1290/2287 2471/1292/2289
f 2469/1290/2287 2467/1288/2285 2471/1292/2289
f 2471/1292/2289 2467/1288/2285 2472/1293/2290
f 2473/1294/2291 2470/1291/2288 2471/1292/2289
f 2473/1294/2291 2471/1292/2289 2472/1293/2290
f 2286/1107/2121 2457/1278/2276 2470/1291/2288
f 2286/1107/2121 2470/1291/2288 2473/1294/2291
f 2306/1127/2139 2473/1294/2291 2472/1293/2290
f 2287/1108/2122 2286/1107/2121 2473/1294/2291
f 2287/1108/2122 2473/1294/2291 2306/1127/2139
l 1847 1846
l 1846 1848
l 1848 1849
l 1849 1850
l 1850 1851
l 1851 1852
l 1852 1853
l 1853 1854
l 1854 1855
l 1855 1856
l 1856 1857
l 1857 1858
l 1858 1859
l 1859 1860
l 1860 1861
l 1861 1862
o rot
v -0.046417 0.348633 -0.044434
v -0.024185 0.580566 -0.058838
v -0.024185 0.348633 -0.058838
v -0.046417 0.581055 -0.044434
v -0.059845 0.580566 -0.024384
v -0.059845 0.348633 -0.024384
v -0.064941 0.348633 0.001060
v -0.064941 0.580566 0.001060
v -0.060425 0.348633 0.027252
v -0.060425 0.580566 0.027252
v -0.045044 0.348633 0.049286
v -0.045044 0.580566 0.049286
v -0.023926 0.348633 0.062927
v -0.023926 0.580566 0.062927
v 0.000349 0.348633 0.067261
v 0.000349 0.580566 0.067261
v 0.024414 0.348633 0.061951
v 0.024414 0.580566 0.061951
v 0.045502 0.348633 0.046997
v 0.045502 0.580566 0.046997
v 0.058868 0.348633 0.025467
v 0.058868 0.580566 0.025467
v 0.063110 0.348633 0.001060
v 0.063110 0.580566 0.001061
v 0.057922 0.580566 -0.023865
v 0.057922 0.348389 -0.023865
v 0.043121 0.348633 -0.045746
v 0.043121 0.580566 -0.045746
v 0.022614 0.348633 -0.058746
v 0.022614 0.580566 -0.058746
v -0.000423 0.348633 -0.063538
v -0.000423 0.580566 -0.063538
v -0.024185 0.348633 -0.058838
v -0.024185 0.580566 -0.058838
v -0.106934 0.796387 -0.106079
v -0.055145 1.336914 -0.139648
v -0.055145 0.796387 -0.139648
v -0.106934 1.337891 -0.106079
v -0.138306 1.336914 -0.059326
v -0.138306 0.796387 -0.059326
v -0.150269 0.796387 -0.000012
v -0.150269 1.336914 -0.000012
v -0.139648 0.796387 0.061035
v -0.139648 1.336914 0.061035
v -0.103821 0.796387 0.112427
v -0.103821 1.336914 0.112427
v -0.054535 0.796387 0.144165
v -0.054535 1.336914 0.144165
v 0.002062 0.796387 0.154297
v 0.002062 1.336914 0.154297
v 0.058167 0.796387 0.141968
v 0.058167 1.336914 0.141968
v 0.107361 0.796387 0.107056
v 0.107361 1.336914 0.107056
v 0.138428 0.796387 0.056885
v 0.138428 1.336914 0.056885
v 0.148315 0.796387 -0.000009
v 0.148315 1.336914 -0.000009
v 0.136230 1.336914 -0.058105
v 0.136230 0.795898 -0.058105
v 0.101807 0.796387 -0.109131
v 0.101807 1.336914 -0.109131
v 0.053955 0.796387 -0.139526
v 0.053955 1.336914 -0.139526
v 0.000262 0.796387 -0.150635
v 0.000262 1.336914 -0.150635
v -0.055145 0.796387 -0.139648
v -0.055145 1.336914 -0.139648
v -0.070496 1.541992 -0.177978
v -0.134155 1.524414 -0.139770
v -0.131104 1.541992 -0.136841
v -0.072144 1.524414 -0.181885
v 0.000151 1.541992 -0.192627
v -0.068848 1.484375 -0.174072
v -0.132568 1.484375 -0.131958
v 0.000733 1.484375 -0.186768
v 0.000757 1.524414 -0.196655
v -0.056396 1.452148 -0.141724
v 0.070801 1.541992 -0.178711
v -0.108521 1.452148 -0.107605
v 0.002962 1.453125 -0.152100
v 0.066772 1.484375 -0.173218
v 0.072327 1.524414 -0.182617
v 0.130981 1.541016 -0.139160
v -0.107971 1.424805 -0.107544
v -0.055756 1.424805 -0.140747
v 0.000396 1.424805 -0.151733
v 0.055786 1.452148 -0.140747
v 0.054169 1.424805 -0.142700
v 0.126221 1.484375 -0.134399
v 0.133911 1.523438 -0.142212
v 0.103699 1.452148 -0.109619
v 0.103149 1.424805 -0.110474
v 0.169312 1.484375 -0.071533
v 0.179077 1.524414 -0.075256
v 0.175293 1.541992 -0.073669
v 0.138794 1.453125 -0.059112
v 0.138550 1.424805 -0.059845
v 0.183594 1.484375 -0.000068
v 0.192993 1.524414 -0.000113
v 0.188843 1.541992 -0.000113
v 0.150513 1.452148 -0.000068
v 0.151123 1.424805 -0.000381
v 0.180908 1.523438 0.068176
v 0.177124 1.541016 0.066589
v 0.140503 1.452148 0.055176
v 0.172119 1.484375 0.068726
v 0.140015 1.424805 0.055359
v 0.109497 1.452148 0.107422
v 0.141968 1.524414 0.134033
v 0.138916 1.541992 0.131104
v 0.134766 1.484375 0.132690
v 0.109009 1.424805 0.107178
v 0.060150 1.452148 0.144043
v 0.073303 1.524414 0.181274
v 0.071716 1.541992 0.177368
v 0.071533 1.484375 0.177368
v 0.058533 1.424805 0.144653
v 0.002287 1.452148 0.156738
v 0.000150 1.524414 0.195679
v 0.000150 1.541992 0.191406
v 0.000057 1.484375 0.192871
v -0.069946 1.524414 0.181885
v 0.000396 1.424805 0.156738
v -0.058624 1.452148 0.146118
v -0.070679 1.484375 0.179565
v -0.068359 1.541992 0.177979
v -0.132324 1.522461 0.141357
v -0.129150 1.541016 0.138794
v -0.127686 1.483398 0.135742
v -0.057922 1.424805 0.145630
v -0.107117 1.452148 0.111511
v -0.107239 1.424805 0.111755
v -0.171143 1.484375 0.073914
v -0.172119 1.541992 0.073914
v -0.177002 1.524414 0.075867
v -0.191040 1.524414 -0.000113
v -0.140991 1.452148 0.061188
v -0.140137 1.424805 0.060913
v -0.150513 1.452148 -0.000068
v -0.187988 1.484375 -0.000068
v -0.186890 1.541992 -0.000113
v -0.172363 1.484375 -0.072205
v -0.175171 1.524414 -0.077698
v -0.150635 1.424805 -0.000381
v -0.140625 1.453125 -0.059601
v -0.132568 1.484375 -0.131958
v -0.171265 1.541992 -0.076111
v -0.134155 1.524414 -0.139770
v -0.131104 1.541992 -0.136841
v -0.138428 1.424805 -0.059845
v -0.108521 1.452148 -0.107605
v -0.107971 1.424805 -0.107544
v 0.175293 1.541992 -0.073669
v 0.130981 1.541016 -0.139160
v 0.000038 1.541992 -0.000069
v 0.188843 1.541992 -0.000113
v 0.175293 1.541992 -0.073669
v 0.000038 1.541992 -0.000069
v 0.177124 1.541016 0.066589
v 0.188843 1.541992 -0.000113
v 0.000038 1.541992 -0.000069
v 0.138916 1.541992 0.131104
v 0.177124 1.541016 0.066589
v 0.000038 1.541992 -0.000069
v 0.071716 1.541992 0.177368
v 0.138916 1.541992 0.131104
v 0.000038 1.541992 -0.000069
v 0.000150 1.541992 0.191406
v 0.071716 1.541992 0.177368
v 0.000038 1.541992 -0.000069
v -0.068359 1.541992 0.177979
v 0.000150 1.541992 0.191406
v 0.000038 1.541992 -0.000069
v -0.172119 1.541992 0.073914
v -0.129150 1.541016 0.138794
v 0.000038 1.541992 -0.000069
v -0.171265 1.541992 -0.076111
v -0.186890 1.541992 -0.000113
v 0.000038 1.541992 -0.000069
v -0.131104 1.541992 -0.136841
v -0.171265 1.541992 -0.076111
v 0.000038 1.541992 -0.000069
v -0.070496 1.541992 -0.177978
v -0.131104 1.541992 -0.136841
v 0.000038 1.541992 -0.000069
v 0.000151 1.541992 -0.192627
v -0.070496 1.541992 -0.177978
v 0.000038 1.541992 -0.000069
v 0.070801 1.541992 -0.178711
v 0.000151 1.541992 -0.192627
v 0.000038 1.541992 -0.000069
v 0.130981 1.541016 -0.139160
v 0.070801 1.541992 -0.178711
v 0.000038 1.541992 -0.000069
v -0.186890 1.541992 -0.000113
v -0.172119 1.541992 0.073914
v 0.000038 1.541992 -0.000069
v -0.129150 1.541016 0.138794
v -0.068359 1.541992 0.177979
v 0.000038 1.541992 -0.000069
v -0.038849 0.564453 -0.037170
v -0.028473 0.575684 -0.071533
v -0.019928 0.564453 -0.049164
v -0.055634 0.575684 -0.054108
v -0.038116 0.598633 -0.096741
v -0.072083 0.575684 -0.028046
v -0.050140 0.564453 -0.019073
v -0.096741 0.598145 -0.038116
v -0.074524 0.598633 -0.073120
v -0.045441 0.627930 -0.116150
v -0.077942 0.575684 0.002035
v -0.054321 0.564453 0.001970
v -0.115601 0.627930 -0.045990
v -0.088989 0.628418 -0.087891
v -0.124939 0.627930 0.002182
v -0.104553 0.598145 0.002131
v -0.129028 0.662109 -0.051361
v -0.050659 0.662109 -0.129761
v -0.099182 0.662598 -0.098206
v -0.071533 0.575684 0.033478
v -0.049805 0.564453 0.023972
v -0.095947 0.598145 0.044128
v -0.139282 0.662109 0.002239
v -0.114624 0.627930 0.052460
v -0.147217 0.703125 0.002262
v -0.136230 0.703125 -0.054382
v -0.127808 0.662109 0.058197
v -0.053467 0.703125 -0.137329
v -0.104797 0.703125 -0.103882
v -0.053802 0.575684 0.059204
v -0.037476 0.564453 0.041840
v -0.072266 0.598145 0.078674
v -0.086304 0.627930 0.093811
v -0.135010 0.703125 0.061401
v -0.096252 0.662109 0.104370
v -0.028412 0.575684 0.075501
v -0.019882 0.564453 0.053070
v -0.038055 0.598633 0.100708
v -0.045380 0.627930 0.120117
v -0.101685 0.703125 0.110168
v -0.050598 0.662109 0.133789
v 0.000592 0.575684 0.080627
v 0.000103 0.564453 0.056580
v 0.001137 0.598633 0.107666
v 0.001549 0.627930 0.128540
v -0.053436 0.703125 0.141357
v 0.001842 0.662109 0.143189
v 0.039978 0.598633 0.099121
v 0.029327 0.575684 0.074341
v 0.048065 0.627930 0.118286
v 0.053833 0.662109 0.131714
v 0.019867 0.564453 0.052307
v 0.002001 0.703125 0.151245
v 0.056946 0.703125 0.139038
v 0.089294 0.627930 0.088928
v 0.074463 0.598145 0.074585
v 0.055023 0.575684 0.056152
v 0.099792 0.662109 0.098938
v 0.105530 0.703125 0.104431
v 0.037720 0.564453 0.039734
v 0.128784 0.662109 0.051300
v 0.115234 0.627930 0.046204
v 0.096130 0.598145 0.038910
v 0.071167 0.575684 0.029480
v 0.136108 0.703125 0.054108
v 0.048950 0.564453 0.021103
v 0.145264 0.703125 0.000085
v 0.137451 0.662109 0.000181
v 0.123047 0.627930 0.000434
v 0.102661 0.598145 0.000671
v 0.075989 0.575684 0.000985
v 0.052246 0.564453 0.001233
v 0.134766 0.702637 -0.057037
v 0.127441 0.661621 -0.053864
v 0.114136 0.627441 -0.048157
v 0.095154 0.598145 -0.039917
v 0.070496 0.575195 -0.029373
v 0.048615 0.564453 -0.019989
v 0.094666 0.662109 -0.100891
v 0.084595 0.627930 -0.090332
v 0.070557 0.598145 -0.075195
v 0.052032 0.575684 -0.055634
v 0.035645 0.564453 -0.038177
v 0.100098 0.703125 -0.106689
v 0.049469 0.662109 -0.130005
v 0.044128 0.627930 -0.116333
v 0.036713 0.598633 -0.096863
v 0.026855 0.575684 -0.071655
v 0.018127 0.564453 -0.049225
v 0.052338 0.703125 -0.137451
v 0.001842 0.662109 -0.139404
v 0.001629 0.627930 -0.124756
v 0.001204 0.598633 -0.103943
v 0.000791 0.575684 -0.076843
v 0.000389 0.564453 -0.052765
v 0.002001 0.703125 -0.147461
v -0.053467 0.703125 -0.137329
v -0.050659 0.662109 -0.129761
v -0.045441 0.627930 -0.116150
v -0.038116 0.598633 -0.096741
v -0.028473 0.575684 -0.071533
v -0.019928 0.564453 -0.049164
v 0.032776 0.573242 -0.082642
v 0.062622 0.580566 -0.062622
v 0.062683 0.573242 -0.062683
v 0.032745 0.580566 -0.082520
v -0.002352 0.573242 -0.088318
v 0.053589 0.580078 -0.054169
v -0.002352 0.580566 -0.088196
v 0.027740 0.580078 -0.071411
v -0.037323 0.573242 -0.081299
v -0.037262 0.580566 -0.081177
v -0.002621 0.580078 -0.076050
v -0.065369 0.573242 -0.062988
v -0.032410 0.580078 -0.069580
v -0.065308 0.580566 -0.062866
v -0.056366 0.580078 -0.053986
v -0.084961 0.573730 -0.035309
v -0.084839 0.581055 -0.035248
v -0.073181 0.580566 -0.030502
v -0.091797 0.580566 -0.000023
v -0.091919 0.573242 -0.000023
v -0.079224 0.580078 -0.000023
v -0.084534 0.573242 0.034576
v -0.084412 0.580566 0.034515
v -0.073242 0.580078 0.030319
v -0.064758 0.573242 0.065063
v -0.064697 0.580566 0.065002
v -0.053986 0.580078 0.055389
v -0.036743 0.573242 0.084106
v -0.036713 0.580566 0.083984
v -0.032440 0.580078 0.072998
v -0.001966 0.573242 0.092163
v -0.001966 0.580566 0.092041
v -0.001966 0.580078 0.079590
v 0.032623 0.573242 0.085815
v 0.032562 0.581055 0.085693
v 0.027832 0.580566 0.074219
v 0.062164 0.581055 0.066711
v 0.053375 0.580566 0.057922
v 0.062256 0.573242 0.066772
v 0.081238 0.580566 0.036652
v 0.069702 0.580078 0.031982
v 0.081299 0.573242 0.036713
v 0.077393 0.580078 -0.000023
v 0.089905 0.573242 -0.000023
v 0.089783 0.580566 -0.000023
v 0.082947 0.573242 -0.033691
v 0.082825 0.580566 -0.033630
v 0.071350 0.580078 -0.028778
v 0.062683 0.573242 -0.062683
v 0.062622 0.580566 -0.062622
v 0.053589 0.580078 -0.054169
v 0.189941 1.012695 -0.196411
v 0.113647 1.017578 -0.123474
v 0.182739 1.009766 -0.202270
v 0.120667 1.019531 -0.117248
v 0.195557 1.019531 -0.192505
v 0.125610 1.026367 -0.112976
v 0.198120 1.028320 -0.191650
v 0.127441 1.036133 -0.111145
v 0.196899 1.038086 -0.194214
v 0.125610 1.044922 -0.112610
v 0.192261 1.044922 -0.199341
v 0.120483 1.051758 -0.116943
v 0.185425 1.046875 -0.205688
v 0.113403 1.054688 -0.122986
v 0.106384 1.052734 -0.129150
v 0.178223 1.044922 -0.211670
v 0.101135 1.045898 -0.133789
v 0.172485 1.038086 -0.215576
v 0.099121 1.036133 -0.135620
v 0.169922 1.028320 -0.216309
v 0.100952 1.026367 -0.134033
v 0.171143 1.019531 -0.213745
v 0.106628 1.019531 -0.129517
v 0.175781 1.012695 -0.208618
v 0.113647 1.017578 -0.123474
v 0.182739 1.009766 -0.202270
v 0.193359 1.048828 -0.183227
v 0.188599 1.028320 -0.178711
v 0.194092 1.051758 -0.178589
v 0.188721 1.027344 -0.173462
v 0.195312 1.008789 -0.186279
v 0.205444 1.050781 -0.167969
v 0.196411 1.005859 -0.182007
v 0.200073 1.027344 -0.162842
v 0.211060 1.047852 -0.168579
v 0.212402 0.998535 -0.199219
v 0.207642 1.005859 -0.171387
v 0.206665 1.028320 -0.164307
v 0.209473 1.001953 -0.201538
v 0.227539 1.009766 -0.214966
v 0.223755 0.998535 -0.188477
v 0.212891 1.009766 -0.171387
v 0.222900 1.012695 -0.215454
v 0.232788 1.033203 -0.220093
v 0.238770 1.009766 -0.204224
v 0.226074 1.003906 -0.185547
v 0.227539 1.033203 -0.219971
v 0.238647 1.013672 -0.198608
v 0.244141 1.033203 -0.209351
v 0.220825 1.052734 -0.212402
v 0.225220 1.055664 -0.211548
v 0.243042 1.033203 -0.202759
v 0.236572 1.054688 -0.200806
v 0.206665 1.059570 -0.197266
v 0.209229 1.062500 -0.194336
v 0.236694 1.050781 -0.195679
v 0.220459 1.062500 -0.183716
v 0.193359 1.048828 -0.183227
v 0.194092 1.051758 -0.178589
v 0.223511 1.056641 -0.181519
v 0.205444 1.050781 -0.167969
v 0.224854 1.030273 -0.183594
v 0.238647 1.013672 -0.198608
v 0.223511 1.056641 -0.181519
v 0.211060 1.047852 -0.168579
v 0.226074 1.003906 -0.185547
v 0.211060 1.047852 -0.168579
v 0.206665 1.028320 -0.164307
v 0.212891 1.009766 -0.171387
v 0.144043 1.048828 -0.226685
v 0.139771 1.028320 -0.222046
v 0.145264 1.051758 -0.221069
v 0.140259 1.028320 -0.215698
v 0.145874 1.009766 -0.229736
v 0.157227 1.050781 -0.211060
v 0.147339 1.005859 -0.224609
v 0.152222 1.027344 -0.205688
v 0.158691 1.002930 -0.245239
v 0.161743 1.047852 -0.212036
v 0.162354 0.998535 -0.242676
v 0.159302 1.005859 -0.214600
v 0.157471 1.028320 -0.207397
v 0.170898 1.012695 -0.259521
v 0.176514 1.009766 -0.259277
v 0.174316 0.998535 -0.232666
v 0.163452 1.009766 -0.215088
v 0.175171 1.033203 -0.264160
v 0.181519 1.033203 -0.264648
v 0.188477 1.009766 -0.249268
v 0.188354 1.012695 -0.244507
v 0.176270 1.002930 -0.230347
v 0.169189 1.051758 -0.256348
v 0.174438 1.055664 -0.255615
v 0.193481 1.033203 -0.254639
v 0.192627 1.033203 -0.249145
v 0.156250 1.058594 -0.240845
v 0.159424 1.062500 -0.237671
v 0.186401 1.055664 -0.245727
v 0.186646 1.051758 -0.241455
v 0.171387 1.062500 -0.227661
v 0.144043 1.048828 -0.226685
v 0.145264 1.051758 -0.221069
v 0.173828 1.057617 -0.226196
v 0.157227 1.050781 -0.211060
v 0.161743 1.047852 -0.212036
v 0.163452 1.009766 -0.215088
v 0.195312 1.008789 -0.186279
v 0.157471 1.028320 -0.207397
v 0.188599 1.028320 -0.178711
v 0.161743 1.047852 -0.212036
v 0.193359 1.048828 -0.183227
v 0.173828 1.057617 -0.226196
v 0.206665 1.059570 -0.197266
v 0.186646 1.051758 -0.241455
v 0.220825 1.052734 -0.212402
v 0.227539 1.033203 -0.219971
v 0.192627 1.033203 -0.249145
v 0.222900 1.012695 -0.215454
v 0.188354 1.012695 -0.244507
v 0.209473 1.001953 -0.201538
v 0.176270 1.002930 -0.230347
v 0.195312 1.008789 -0.186279
v 0.163452 1.009766 -0.215088
v 0.202759 1.024414 -0.227417
v 0.271729 1.118164 -0.304687
v 0.209473 1.027344 -0.217285
v 0.288574 1.124023 -0.279297
v 0.272949 1.129883 -0.305176
v 0.283936 1.139648 -0.253418
v 0.207642 1.033203 -0.206787
v 0.287109 1.134766 -0.283935
v 0.283203 1.148438 -0.261719
v 0.260742 1.156250 -0.241821
v 0.263428 1.163086 -0.252197
v 0.198242 1.040039 -0.202148
v 0.274658 1.154297 -0.290283
v 0.272949 1.160156 -0.280762
v 0.264648 1.166016 -0.276611
v 0.268555 1.152344 -0.299316
v 0.239624 1.169922 -0.260254
v 0.232422 1.164062 -0.251709
v 0.186890 1.042969 -0.206055
v 0.282471 1.180664 -0.314209
v 0.288574 1.182617 -0.304932
v 0.286865 1.188477 -0.295410
v 0.278320 1.194336 -0.291016
v 0.254150 1.168945 -0.280029
v 0.268066 1.197266 -0.294678
v 0.225342 1.164062 -0.281738
v 0.215698 1.158203 -0.276855
v 0.180176 1.041016 -0.216309
v 0.248169 1.166992 -0.289307
v 0.261719 1.195312 -0.303955
v 0.220337 1.142578 -0.302734
v 0.229248 1.151367 -0.303711
v 0.182007 1.034180 -0.226685
v 0.249878 1.161133 -0.298828
v 0.263428 1.189453 -0.313477
v 0.191406 1.028320 -0.231323
v 0.243530 1.125977 -0.314453
v 0.248901 1.136719 -0.313477
v 0.258301 1.155273 -0.302978
v 0.271973 1.183594 -0.317627
v 0.268555 1.152344 -0.299316
v 0.202759 1.024414 -0.227417
v 0.271729 1.118164 -0.304687
v 0.272949 1.129883 -0.305176
v 0.282471 1.180664 -0.314209
v -0.182007 1.376953 0.080261
v -0.136230 1.376953 0.146973
v -0.193970 1.384766 0.085510
v -0.145752 1.384766 0.157349
v -0.071777 1.376953 0.188599
v -0.206177 1.417969 0.091370
v -0.076782 1.384766 0.201904
v -0.154785 1.417969 0.167358
v 0.062683 0.573242 -0.062683
v 0.067200 0.573242 -0.067200
v 0.032776 0.573242 -0.082642
v 0.082947 0.573242 -0.033691
v 0.088867 0.573242 -0.036133
v 0.089905 0.573242 -0.000023
v 0.035187 0.573242 -0.088562
v 0.067200 0.563477 -0.067200
v 0.035187 0.563477 -0.088562
v 0.096313 0.573242 -0.000023
v 0.088867 0.563477 -0.036133
v -0.002352 0.573242 -0.094666
v -0.002352 0.563477 -0.094666
v -0.002352 0.573242 -0.088318
v 0.028625 0.543945 -0.072449
v 0.054932 0.543945 -0.054901
v 0.072754 0.543945 -0.029449
v 0.087280 0.573242 0.039124
v 0.096313 0.563477 -0.000023
v 0.078918 0.543945 -0.000023
v -0.039764 0.573242 -0.087158
v -0.039764 0.563477 -0.087158
v -0.002352 0.543945 -0.077270
v 0.048126 0.543945 -0.019073
v 0.036865 0.543945 -0.037170
v 0.017929 0.543945 -0.049164
v 0.087280 0.563477 0.039124
v 0.071106 0.543945 0.032562
v 0.052338 0.543945 0.001970
v -0.069946 0.563477 -0.067505
v -0.033081 0.543945 -0.071106
v -0.057587 0.543945 -0.055176
v -0.020142 0.543945 -0.049225
v -0.002392 0.543945 -0.052765
v -0.037659 0.543945 -0.038177
v 0.054352 0.544434 0.058960
v 0.047821 0.543945 0.023972
v 0.002035 1.376953 0.201782
v 0.002035 1.384766 0.216065
v -0.081482 1.417969 0.214600
v -0.078186 1.425781 0.205933
v -0.148438 1.425781 0.160645
v 0.002102 1.417969 0.229614
v -0.197632 1.425781 0.087891
v 0.081055 1.384766 0.198731
v 0.086243 1.417969 0.211182
v 0.002102 1.425781 0.220337
v 0.075745 1.376953 0.185547
v 0.000396 1.424805 0.156738
v -0.057922 1.424805 0.145630
v -0.107239 1.424805 0.111755
v 0.082703 1.425781 0.202637
v 0.159302 1.417969 0.159302
v 0.150024 1.384766 0.149780
v -0.140137 1.424805 0.060913
v 0.140015 1.376953 0.140015
v 0.058533 1.424805 0.144653
v 0.152588 1.425781 0.152954
v 0.205566 1.417969 0.084717
v 0.193604 1.384766 0.079529
v 0.180786 1.376953 0.074341
v 0.109009 1.424805 0.107178
v 0.197021 1.425781 0.081360
v 0.220337 1.417969 0.002319
v 0.207397 1.384766 0.002340
v 0.193726 1.376953 0.002340
v 0.140015 1.424805 0.055359
v 0.211060 1.425781 0.002319
v 0.203979 1.417969 -0.083801
v 0.195435 1.425781 -0.080322
v 0.151123 1.424805 -0.000381
v 0.179443 1.376953 -0.073730
v 0.192139 1.383789 -0.078918
v 0.146362 1.425781 -0.153076
v 0.138550 1.424805 -0.059845
v 0.143921 1.384766 -0.150879
v 0.152710 1.417969 -0.160034
v 0.134399 1.376953 -0.140869
v 0.079163 1.425781 -0.197021
v 0.103149 1.424805 -0.110474
v 0.072876 1.376953 -0.181030
v 0.077820 1.384766 -0.193970
v 0.082520 1.417969 -0.205933
v 0.002102 1.425781 -0.214355
v 0.054169 1.424805 -0.142700
v 0.002035 1.376953 -0.197143
v 0.002035 1.384766 -0.211060
v 0.002102 1.417969 -0.223877
v -0.076721 1.425781 -0.200073
v 0.000396 1.424805 -0.151733
v -0.070312 1.376953 -0.184082
v -0.075562 1.384766 -0.196899
v -0.080322 1.417969 -0.208862
v -0.055756 1.424805 -0.140747
v -0.153320 1.426758 -0.150391
v -0.107971 1.424805 -0.107544
v -0.140625 1.377930 -0.138672
v -0.150635 1.384766 -0.148193
v -0.160034 1.418945 -0.156982
v -0.195435 1.384766 -0.077454
v -0.207642 1.417969 -0.081909
v -0.198975 1.425781 -0.078430
v -0.138428 1.424805 -0.059845
v -0.182617 1.376953 -0.072571
v -0.197021 1.376953 0.001679
v -0.210815 1.384766 0.001679
v -0.223755 1.417969 0.001658
v -0.214600 1.425781 0.002319
v -0.150635 1.424805 -0.000381
v -0.182007 1.376953 0.080261
v -0.193970 1.384766 0.085510
v -0.206177 1.417969 0.091370
v -0.197632 1.425781 0.087891
v -0.140137 1.424805 0.060913
v -0.176514 0.744141 0.079041
v -0.132812 0.744141 0.143311
v -0.188965 0.750977 0.084106
v -0.141968 0.750977 0.153320
v -0.069946 0.744141 0.183716
v -0.197510 0.788086 0.087585
v -0.074829 0.750977 0.196655
v -0.148193 0.788086 0.160278
v 0.001937 0.744141 0.196655
v 0.001937 0.750977 0.210449
v -0.078064 0.788086 0.205566
v -0.074890 0.795410 0.197266
v -0.142090 0.795410 0.153809
v 0.001937 0.788086 0.219971
v -0.189331 0.795410 0.084229
v 0.078918 0.750977 0.193604
v 0.082458 0.788086 0.202271
v 0.001937 0.795410 0.211060
v -0.054535 0.796387 0.144165
v -0.103821 0.796387 0.112427
v 0.073730 0.744141 0.180786
v -0.139648 0.796387 0.061035
v 0.146484 0.750977 0.145386
v 0.152954 0.788086 0.152100
v 0.079102 0.795410 0.194092
v 0.002062 0.796387 0.154297
v 0.136841 0.744141 0.135864
v 0.189087 0.750977 0.075806
v 0.197388 0.788086 0.079529
v 0.146484 0.795410 0.145996
v 0.058167 0.796387 0.141968
v 0.176636 0.744141 0.070740
v 0.201904 0.750977 0.001830
v 0.210815 0.788086 0.001830
v 0.189087 0.795410 0.076355
v 0.107361 0.796387 0.107056
v 0.188599 0.744141 0.001267
v 0.202026 0.795410 0.001830
v 0.138428 0.796387 0.056885
v 0.194946 0.787598 -0.080872
v 0.186646 0.794922 -0.077515
v 0.174683 0.743652 -0.071777
v 0.186890 0.750977 -0.077576
v 0.148315 0.796387 -0.000009
v 0.140015 0.795410 -0.146484
v 0.136230 0.795898 -0.058105
v 0.140015 0.750977 -0.146851
v 0.146118 0.788086 -0.153076
v 0.130859 0.744141 -0.137085
v 0.073730 0.795410 -0.189575
v 0.101807 0.796387 -0.109131
v 0.076904 0.788086 -0.198120
v 0.068176 0.744141 -0.177002
v 0.072815 0.750977 -0.190430
v 0.053955 0.796387 -0.139526
v 0.001937 0.795410 -0.205078
v 0.000262 0.796387 -0.150635
v 0.001937 0.788086 -0.214233
v -0.073547 0.795410 -0.191406
v 0.001937 0.744141 -0.192017
v 0.001937 0.750977 -0.205566
v -0.055145 0.796387 -0.139648
v -0.073669 0.750977 -0.191772
v -0.076965 0.788086 -0.199829
v -0.068542 0.744141 -0.179199
v -0.146851 0.795898 -0.143921
v -0.106934 0.796387 -0.106079
v -0.136963 0.744629 -0.135010
v -0.146729 0.751465 -0.144287
v -0.153198 0.788574 -0.150146
v -0.190430 0.750977 -0.075378
v -0.198853 0.788086 -0.078247
v -0.190552 0.795410 -0.074951
v -0.138306 0.796387 -0.059326
v -0.177856 0.744141 -0.070618
v -0.191895 0.744141 0.002342
v -0.205322 0.750977 0.002342
v -0.214355 0.788086 0.002342
v -0.188965 0.750977 0.084106
v -0.205444 0.795410 0.002342
v -0.150269 0.796387 -0.000012
v -0.197510 0.788086 0.087585
v -0.176514 0.744141 0.079041
v -0.189331 0.795410 0.084229
v -0.139648 0.796387 0.061035
v 0.065430 1.454102 0.186890
v 0.056671 1.453125 0.189453
v 0.059814 1.509766 0.233643
v 0.054749 1.449219 0.197510
v 0.061584 1.446289 0.203125
v 0.070312 1.447266 0.200562
v 0.072205 1.451172 0.192383
v 0.065430 1.454102 0.186890
v 0.068054 1.423828 0.162842
v 0.067444 1.441406 0.169312
v 0.084717 1.423828 0.177612
v -0.073486 0.544434 -0.031143
v -0.050598 0.544434 -0.019989
v 0.035461 0.543945 0.041840
v -0.090881 0.563965 -0.037720
v -0.079651 0.543945 -0.000023
v -0.054260 0.543945 0.001233
v 0.028381 0.544434 0.075684
v 0.017883 0.543945 0.053070
v 0.035065 0.563965 0.091736
v 0.066772 0.563965 0.071289
v -0.001966 0.563477 0.098572
v -0.001966 0.543945 0.081177
v -0.002106 0.543945 0.056580
v 0.035065 0.573242 0.091736
v -0.001966 0.573242 0.098572
v 0.066772 0.573242 0.071289
v -0.039185 0.573242 0.090027
v -0.039185 0.563477 0.090027
v -0.032593 0.543945 0.073914
v -0.021866 0.543945 0.052307
v 0.062256 0.573242 0.066772
v 0.032623 0.573242 0.085815
v -0.001966 0.573242 0.092163
v -0.036743 0.573242 0.084106
v -0.069275 0.573242 0.069580
v -0.069275 0.563477 0.069580
v -0.056976 0.543945 0.057282
v -0.039734 0.543945 0.039734
v 0.081299 0.573242 0.036713
v -0.064758 0.573242 0.065063
v -0.090393 0.573242 0.037018
v -0.090393 0.563477 0.037018
v -0.073059 0.543945 0.030334
v -0.050964 0.543945 0.021103
v -0.084534 0.573242 0.034576
v -0.091919 0.573242 -0.000023
v -0.098328 0.573242 -0.000023
v -0.098328 0.563477 -0.000023
v -0.084961 0.573730 -0.035309
v -0.090881 0.573730 -0.037720
v -0.069946 0.573242 -0.067505
v -0.065369 0.573242 -0.062988
v -0.037323 0.573242 -0.081299
v 0.081726 1.438477 0.181519
v 0.066772 1.456055 0.180664
v 0.080261 1.421875 0.199463
v 0.078552 1.452148 0.190308
v 0.077820 1.434570 0.199585
v 0.065430 1.454102 0.186890
v 0.059082 1.421875 0.206543
v 0.075256 1.445312 0.204346
v 0.072205 1.451172 0.192383
v 0.059631 1.433594 0.205444
v 0.060181 1.443359 0.208740
v 0.070312 1.447266 0.200562
v 0.048431 1.448242 0.199219
v 0.045349 1.436523 0.193115
v 0.042389 1.422852 0.191650
v 0.061584 1.446289 0.203125
v 0.054749 1.449219 0.197510
v 0.051727 1.454102 0.185181
v 0.056671 1.453125 0.189453
v 0.049225 1.440430 0.175049
v 0.046844 1.423828 0.169922
v 0.066772 1.456055 0.180664
v 0.065430 1.454102 0.186890
v 0.067444 1.441406 0.169312
v 0.068054 1.423828 0.162842
v -0.062225 1.453125 -0.183350
v -0.053497 1.452148 -0.185913
v -0.056610 1.508789 -0.230102
v -0.051575 1.448242 -0.193970
v -0.058380 1.445312 -0.199585
v -0.067139 1.446289 -0.197021
v -0.069031 1.450195 -0.188843
v -0.062225 1.453125 -0.183350
v -0.064880 1.422852 -0.159302
v -0.064270 1.440430 -0.165771
v -0.081543 1.421875 -0.174072
v -0.078552 1.437500 -0.177978
v -0.063599 1.455078 -0.177124
v -0.077087 1.420898 -0.195923
v -0.075378 1.450195 -0.186768
v -0.074646 1.433594 -0.196045
v -0.062225 1.453125 -0.183350
v -0.055908 1.420898 -0.203003
v -0.072083 1.444336 -0.200806
v -0.069031 1.450195 -0.188843
v -0.056458 1.432617 -0.201782
v -0.057007 1.442383 -0.205200
v -0.067139 1.446289 -0.197021
v -0.045258 1.446289 -0.195679
v -0.042145 1.434570 -0.189575
v -0.039215 1.420898 -0.188110
v -0.058380 1.445312 -0.199585
v -0.051575 1.448242 -0.193970
v -0.048553 1.453125 -0.181641
v -0.053497 1.452148 -0.185913
v -0.046051 1.438477 -0.171509
v -0.043671 1.422852 -0.166260
v -0.063599 1.455078 -0.177124
v -0.062225 1.453125 -0.183350
v -0.064270 1.440430 -0.165771
v -0.064880 1.422852 -0.159302
v 0.139771 1.028320 -0.222046
v 0.144043 1.048828 -0.226685
v 0.157471 1.031250 -0.243042
v 0.145874 1.009766 -0.229736
v 0.156250 1.058594 -0.240845
v 0.158691 1.002930 -0.245239
v 0.169189 1.051758 -0.256348
v 0.170898 1.012695 -0.259521
v 0.175171 1.033203 -0.264160
v 0.108948 1.037109 -0.120239
v 0.091614 1.077148 -0.132446
v 0.076294 1.060547 -0.141357
v 0.110596 1.083984 -0.118591
v 0.071045 1.038086 -0.144897
v 0.123352 1.078125 -0.100342
v 0.075745 1.014648 -0.141846
v 0.132446 1.061523 -0.086121
v 0.090576 0.998047 -0.132080
v 0.135986 1.039062 -0.080383
v 0.132446 1.015625 -0.086365
v 0.110535 0.990723 -0.118530
v 0.123169 0.997559 -0.100037
v 0.132446 1.061523 -0.086121
v 0.141113 1.054688 -0.106873
v 0.123352 1.078125 -0.100342
v 0.135986 1.039062 -0.080383
v 0.131348 1.068359 -0.115967
v 0.118958 1.034180 -0.129028
v 0.144775 1.036133 -0.103516
v 0.110596 1.083984 -0.118591
v 0.117859 1.073242 -0.128418
v 0.132446 1.015625 -0.086365
v 0.141113 1.017578 -0.106873
v 0.091614 1.077148 -0.132446
v 0.104370 1.068359 -0.140869
v 0.094543 1.054688 -0.149902
v 0.123169 0.997559 -0.100037
v 0.131348 1.004883 -0.115967
v 0.076294 1.060547 -0.141357
v 0.090942 1.036133 -0.153198
v 0.071045 1.038086 -0.144897
v 0.110535 0.990723 -0.118530
v 0.075745 1.014648 -0.141846
v 0.117859 0.999512 -0.128418
v 0.094543 1.017578 -0.149902
v 0.104370 1.004883 -0.140869
v 0.090576 0.998047 -0.132080
v 0.054138 1.480469 0.231690
v 0.066040 1.480469 0.233276
v 0.048645 1.487305 0.245483
v 0.062012 1.483398 0.217529
v 0.067871 1.487305 0.247925
v 0.075378 1.484375 0.227051
v 0.083008 1.494141 0.237915
v 0.047577 1.501953 0.253662
v 0.066833 1.501953 0.256104
v 0.035492 1.508789 0.240112
v 0.051392 1.517578 0.252930
v 0.043915 1.521484 0.244629
v 0.036530 1.494141 0.231934
v 0.054138 1.480469 0.231690
v 0.081970 1.508789 0.246094
v 0.063293 1.517578 0.254639
v 0.058624 1.529297 0.243897
v 0.045258 1.527344 0.234375
v 0.037628 1.517578 0.223389
v 0.072632 1.521484 0.248291
v 0.046661 1.484375 0.223267
v 0.038666 1.503906 0.215332
v 0.054596 1.532227 0.228149
v 0.052734 1.524414 0.213379
v 0.062012 1.483398 0.217529
v 0.047974 1.490234 0.213013
v 0.073975 1.527344 0.238037
v 0.066467 1.532227 0.229614
v 0.084106 1.517578 0.229370
v 0.072021 1.524414 0.215820
v 0.053802 1.510742 0.205200
v 0.047974 1.490234 0.213013
v 0.073059 1.510742 0.207642
v 0.057312 1.494141 0.206787
v 0.062012 1.483398 0.217529
v 0.069214 1.494141 0.208374
v 0.085144 1.503906 0.221191
v 0.069214 1.494141 0.208374
v 0.076721 1.490234 0.216675
v 0.062012 1.483398 0.217529
v 0.075378 1.484375 0.227051
v -0.050659 1.478516 -0.227173
v -0.062622 1.477539 -0.227539
v -0.047028 1.485352 -0.241699
v -0.057251 1.481445 -0.212402
v -0.066406 1.484375 -0.242187
v -0.071533 1.481445 -0.220459
v -0.080811 1.490234 -0.230957
v -0.047699 1.499023 -0.250488
v -0.067078 1.498047 -0.250977
v -0.034790 1.506836 -0.238525
v -0.052460 1.514648 -0.250000
v -0.044495 1.519531 -0.242676
v -0.034088 1.493164 -0.229736
v -0.050659 1.478516 -0.227173
v -0.081543 1.503906 -0.239624
v -0.064453 1.514648 -0.250244
v -0.059479 1.526367 -0.240601
v -0.045166 1.526367 -0.232422
v -0.035889 1.517578 -0.222046
v -0.073364 1.518555 -0.243408
v -0.042664 1.483398 -0.219727
v -0.035187 1.503906 -0.213257
v -0.054077 1.530273 -0.225464
v -0.050323 1.523438 -0.210693
v -0.191895 0.744141 0.002342
v -0.182129 0.736328 0.081299
v -0.176514 0.744141 0.079041
v -0.197998 0.736328 0.002342
v -0.177856 0.744141 -0.070618
v -0.183594 0.736328 -0.073120
v -0.177246 0.703125 0.002342
v -0.162720 0.703125 0.073669
v -0.136963 0.744629 -0.135010
v -0.141357 0.736816 -0.139526
v -0.164185 0.703125 -0.065979
v -0.135010 0.703125 0.061401
v -0.147217 0.703125 0.002262
v -0.136353 0.703125 -0.054382
v -0.068542 0.744141 -0.179199
v -0.070984 0.736328 -0.185181
v -0.126221 0.703125 -0.125610
v -0.104797 0.703125 -0.103882
v 0.001937 0.736328 -0.198486
v -0.064270 0.703125 -0.166016
v -0.053467 0.703125 -0.137329
v 0.001937 0.744141 -0.192017
v 0.002605 0.703125 -0.178223
v 0.002001 0.703125 -0.147461
v 0.068176 0.744141 -0.177002
v 0.071350 0.736816 -0.182617
v 0.063293 0.703125 -0.166138
v 0.052338 0.703125 -0.137451
v 0.120911 0.703125 -0.129028
v 0.130859 0.744141 -0.137085
v 0.135132 0.736328 -0.141846
v 0.100098 0.703125 -0.106689
v 0.162720 0.702637 -0.069153
v 0.180542 0.735840 -0.074158
v 0.174683 0.743652 -0.071777
v 0.134766 0.702637 -0.057037
v 0.175415 0.703125 -0.000282
v 0.194824 0.736328 0.001267
v 0.188599 0.744141 0.001267
v 0.145264 0.703125 0.000085
v 0.164307 0.703125 0.064880
v 0.136108 0.703125 0.054108
v 0.176636 0.744141 0.070740
v 0.182373 0.736328 0.072815
v 0.127441 0.703125 0.125610
v 0.105530 0.703125 0.104431
v 0.141357 0.736328 0.139893
v 0.136841 0.744141 0.135864
v 0.068909 0.703125 0.167358
v 0.056946 0.703125 0.139038
v -0.057251 1.481445 -0.212402
v -0.043335 1.490234 -0.209595
v -0.074036 1.524414 -0.233154
v -0.066040 1.529297 -0.225830
v -0.082581 1.514648 -0.223144
v -0.069702 1.522461 -0.211182
v -0.049652 1.509766 -0.202026
v -0.043335 1.490234 -0.209595
v -0.068970 1.508789 -0.202515
v -0.052277 1.494141 -0.202637
v -0.057251 1.481445 -0.212402
v -0.064270 1.493164 -0.202881
v -0.081909 1.500977 -0.214477
v -0.064270 1.493164 -0.202881
v -0.072205 1.488281 -0.210327
v -0.057251 1.481445 -0.212402
v -0.071533 1.481445 -0.220459
v -0.220825 1.026367 -0.143555
v -0.225464 1.045898 -0.147827
v -0.241821 1.028320 -0.161255
v -0.228516 1.006836 -0.149658
v -0.239746 1.055664 -0.160034
v -0.244019 1.000977 -0.162598
v -0.255127 1.049805 -0.172974
v -0.258301 1.010742 -0.174683
v -0.262939 1.031250 -0.179077
v -0.374756 1.133789 -0.298096
v -0.374512 1.123047 -0.286377
v -0.357666 1.122070 -0.301758
v -0.391357 1.138672 -0.285400
v -0.352539 1.108398 -0.291260
v -0.339844 1.114258 -0.314453
v -0.347656 1.126953 -0.320068
v -0.423340 1.055664 -0.368408
v -0.395508 1.129883 -0.270752
v -0.436768 1.060547 -0.360107
v -0.450439 1.069336 -0.355469
v -0.410645 1.149414 -0.280273
v -0.403320 1.154297 -0.292725
v -0.331787 1.123047 -0.333740
v -0.411865 1.054688 -0.380371
v -0.319824 1.110352 -0.331787
v -0.402588 1.056641 -0.394043
v -0.320312 1.126953 -0.353271
v -0.462891 1.080078 -0.355713
v -0.420166 1.166992 -0.291016
v -0.431885 1.166016 -0.277832
v -0.473389 1.091797 -0.359863
v -0.332275 1.136719 -0.350586
v -0.434814 1.183594 -0.298096
v -0.397705 1.063477 -0.408447
v -0.422363 1.181641 -0.307129
v -0.323730 1.142578 -0.369141
v -0.396240 1.072266 -0.422363
v -0.309570 1.134766 -0.376709
v -0.480469 1.104492 -0.368652
v -0.322998 1.155273 -0.388916
v -0.433105 1.197266 -0.316406
v -0.448242 1.204102 -0.309814
v -0.483643 1.115234 -0.380127
v -0.334229 1.159180 -0.378906
v -0.437500 1.211914 -0.333252
v -0.399658 1.083984 -0.433838
v -0.424561 1.203125 -0.334717
v -0.482422 1.125000 -0.394043
v -0.336670 1.172852 -0.394287
v -0.406494 1.095703 -0.442627
v -0.325928 1.172852 -0.408691
v -0.347412 1.188477 -0.406250
v -0.425049 1.216797 -0.351807
v -0.437988 1.228516 -0.354736
v -0.477295 1.130859 -0.408447
v -0.418701 1.224609 -0.372559
v -0.353516 1.185547 -0.392334
v -0.416992 1.108398 -0.446777
v -0.409668 1.213867 -0.365967
v -0.468506 1.133789 -0.422363
v -0.365479 1.201172 -0.399902
v -0.429688 1.119141 -0.447021
v -0.362549 1.208984 -0.415771
v -0.383545 1.214844 -0.399902
v -0.399170 1.217773 -0.383545
v -0.405273 1.230469 -0.395019
v -0.456543 1.132812 -0.434082
v -0.382080 1.206055 -0.387451
v -0.443359 1.126953 -0.442383
v -0.399170 1.217773 -0.383545
v -0.456543 1.132812 -0.434082
v -0.405273 1.230469 -0.395019
v -0.501465 1.022461 -0.459717
v -0.522949 0.996582 -0.460205
v -0.528320 1.003906 -0.464111
v -0.514648 0.991211 -0.463135
v -0.527832 1.009766 -0.472412
v -0.508301 0.991699 -0.471191
v -0.507812 0.997559 -0.479492
v -0.521484 1.010742 -0.480469
v -0.513184 1.004883 -0.483398
v 0.073730 0.744141 0.180786
v 0.075989 0.736328 0.186401
v 0.002605 0.703125 0.182007
v 0.002001 0.703125 0.151245
v 0.001937 0.744141 0.196655
v 0.001937 0.736328 0.202637
v -0.064270 0.703125 0.170044
v -0.053436 0.703125 0.141357
v -0.069946 0.744141 0.183716
v -0.072144 0.736328 0.189331
v -0.122437 0.703125 0.132446
v -0.101685 0.703125 0.110168
v -0.132812 0.744141 0.143311
v -0.136963 0.736328 0.147583
v -0.162720 0.703125 0.073669
v -0.135010 0.703125 0.061401
v -0.176514 0.744141 0.079041
v -0.182129 0.736328 0.081299
v -0.197021 1.376953 0.001679
v -0.187744 1.369141 0.082642
v -0.182007 1.376953 0.080261
v -0.203369 1.369141 0.001016
v -0.182617 1.376953 -0.072571
v -0.164795 1.338867 0.071777
v -0.188477 1.369141 -0.076843
v -0.177246 1.338867 -0.000352
v -0.140625 1.377930 -0.138672
v -0.139648 1.336914 0.061035
v -0.145142 1.370117 -0.143310
v -0.163208 1.338867 -0.070435
v -0.150269 1.336914 -0.000012
v -0.138306 1.336914 -0.059326
v -0.070312 1.376953 -0.184082
v -0.126221 1.338867 -0.125610
v -0.106934 1.337891 -0.106079
v -0.072876 1.369141 -0.190185
v -0.064941 1.338867 -0.165283
v -0.055145 1.336914 -0.139648
v 0.002035 1.369141 -0.203857
v 0.000479 1.338867 -0.178223
v 0.000262 1.336914 -0.150635
v 0.002035 1.376953 -0.197143
v 0.063904 1.338867 -0.165161
v 0.075195 1.369141 -0.187378
v 0.053955 1.336914 -0.139526
v 0.120422 1.338867 -0.129272
v 0.072876 1.376953 -0.181030
v 0.138794 1.369141 -0.145752
v 0.101807 1.336914 -0.109131
v 0.161133 1.337891 -0.068970
v 0.134399 1.376953 -0.140869
v 0.185425 1.369141 -0.076172
v 0.136230 1.336914 -0.058105
v 0.175415 1.338867 -0.000348
v 0.179443 1.376953 -0.073730
v 0.200073 1.369141 0.002340
v 0.148315 1.336914 -0.000009
v 0.163696 1.338867 0.066834
v 0.138428 1.336914 0.056885
v 0.193726 1.376953 0.002340
v 0.186646 1.369141 0.076416
v 0.126953 1.338867 0.126099
v 0.107361 1.336914 0.107056
v 0.180786 1.376953 0.074341
v 0.144653 1.369141 0.144165
v 0.068909 1.338867 0.167358
v 0.058167 1.336914 0.141968
v 0.140015 1.376953 0.140015
v 0.075745 1.376953 0.185547
v 0.078064 1.369141 0.191406
v 0.002605 1.338867 0.182007
v 0.002062 1.336914 0.154297
v 0.002035 1.376953 0.201782
v 0.002035 1.369141 0.208008
v -0.064270 1.338867 0.170044
v -0.054535 1.336914 0.144165
v -0.071777 1.376953 0.188599
v -0.074036 1.369141 0.194458
v -0.140625 1.369141 0.151489
v -0.122437 1.338867 0.132446
v -0.136230 1.376953 0.146973
v -0.103821 1.336914 0.112427
v -0.182007 1.376953 0.080261
v -0.187744 1.369141 0.082642
v -0.164795 1.338867 0.071777
v -0.139648 1.336914 0.061035
v -0.195190 1.009766 -0.193726
v -0.122314 1.014648 -0.117493
v -0.201050 1.007812 -0.186523
v -0.116089 1.017578 -0.124451
v -0.191284 1.016602 -0.199341
v -0.111755 1.024414 -0.129394
v -0.190430 1.026367 -0.201904
v -0.109924 1.033203 -0.131348
v -0.192993 1.036133 -0.200684
v -0.111389 1.042969 -0.129394
v -0.198120 1.041992 -0.196045
v -0.115723 1.049805 -0.124268
v -0.204468 1.044922 -0.189209
v -0.121765 1.052734 -0.117248
v -0.127930 1.049805 -0.110168
v -0.210449 1.041992 -0.182007
v -0.132568 1.042969 -0.104980
v -0.214355 1.035156 -0.176269
v -0.134399 1.033203 -0.102905
v -0.215088 1.026367 -0.173706
v -0.132812 1.024414 -0.104736
v -0.212646 1.016602 -0.174927
v -0.128296 1.017578 -0.110413
v -0.207397 1.009766 -0.179565
v -0.122314 1.014648 -0.117493
v -0.201050 1.007812 -0.186523
v -0.182007 1.046875 -0.197144
v -0.177490 1.025391 -0.192383
v -0.177368 1.048828 -0.197876
v -0.172241 1.025391 -0.192627
v -0.185059 1.006836 -0.199097
v -0.166748 1.048828 -0.209228
v -0.180786 1.003906 -0.200195
v -0.161621 1.025391 -0.203857
v -0.167358 1.044922 -0.214844
v -0.197998 0.996094 -0.216186
v -0.170166 1.002930 -0.211426
v -0.163086 1.025391 -0.210449
v -0.200317 1.000000 -0.213257
v -0.213745 1.007812 -0.231323
v -0.187256 0.996094 -0.227539
v -0.170166 1.007812 -0.216675
v -0.214233 1.009766 -0.226685
v -0.218872 1.031250 -0.236572
v -0.203003 1.007812 -0.242554
v -0.184326 1.001953 -0.229858
v -0.218750 1.031250 -0.231445
v -0.197388 1.010742 -0.242432
v -0.208130 1.031250 -0.247925
v -0.211182 1.049805 -0.224731
v -0.210327 1.052734 -0.229004
v -0.201538 1.030273 -0.246826
v -0.199585 1.052734 -0.240356
v -0.196045 1.056641 -0.210449
v -0.193115 1.060547 -0.213013
v -0.194580 1.048828 -0.240478
v -0.182495 1.060547 -0.224365
v -0.182007 1.046875 -0.197144
v -0.177368 1.048828 -0.197876
v -0.180298 1.054688 -0.227295
v -0.166748 1.048828 -0.209228
v -0.182373 1.028320 -0.228638
v -0.197388 1.010742 -0.242432
v -0.180298 1.054688 -0.227295
v -0.167358 1.044922 -0.214844
v -0.184326 1.001953 -0.229858
v -0.167358 1.044922 -0.214844
v -0.163086 1.025391 -0.210449
v -0.170166 1.007812 -0.216675
v -0.225464 1.045898 -0.147827
v -0.220825 1.026367 -0.143555
v -0.219849 1.048828 -0.149048
v -0.214478 1.025391 -0.144043
v -0.228516 1.006836 -0.149658
v -0.209839 1.048828 -0.161011
v -0.223389 1.003906 -0.151123
v -0.204468 1.025391 -0.156006
v -0.244019 1.000977 -0.162598
v -0.210815 1.045898 -0.165527
v -0.241455 0.996582 -0.166138
v -0.213379 1.003906 -0.163086
v -0.206177 1.025391 -0.161255
v -0.258301 1.010742 -0.174683
v -0.258057 1.007812 -0.180298
v -0.231445 0.996094 -0.178101
v -0.213867 1.006836 -0.167358
v -0.262939 1.031250 -0.179077
v -0.263428 1.031250 -0.185425
v -0.248047 1.007812 -0.192261
v -0.243286 1.010742 -0.192139
v -0.229126 1.000977 -0.180054
v -0.119019 1.035156 -0.112793
v -0.131226 1.075195 -0.095398
v -0.140137 1.058594 -0.080078
v -0.117371 1.081055 -0.114441
v -0.143677 1.035156 -0.074829
v -0.099121 1.076172 -0.127197
v -0.140625 1.011719 -0.079590
v -0.084900 1.059570 -0.136230
v -0.130859 0.995605 -0.094360
v -0.079163 1.036133 -0.139770
v -0.085144 1.012695 -0.136230
v -0.117310 0.988281 -0.114319
v -0.098816 0.995117 -0.126953
v -0.084900 1.059570 -0.136230
v -0.105652 1.052734 -0.145019
v -0.099121 1.076172 -0.127197
v -0.079163 1.036133 -0.139770
v -0.114746 1.065430 -0.135132
v -0.127808 1.032227 -0.122742
v -0.102295 1.034180 -0.148560
v -0.117371 1.081055 -0.114441
v -0.127197 1.070312 -0.121643
v -0.085144 1.012695 -0.136230
v -0.105652 1.015625 -0.145019
v -0.131226 1.075195 -0.095398
v -0.139648 1.065430 -0.108154
v -0.148682 1.052734 -0.098328
v -0.098816 0.995117 -0.126953
v -0.114746 1.001953 -0.135132
v -0.140137 1.058594 -0.080078
v -0.151978 1.034180 -0.094727
v -0.143677 1.035156 -0.074829
v -0.117310 0.988281 -0.114319
v -0.140625 1.011719 -0.079590
v -0.127197 0.997559 -0.121643
v -0.148682 1.015625 -0.098328
v -0.139648 1.001953 -0.108154
v -0.130859 0.995605 -0.094360
v -0.142700 1.024414 0.225464
v -0.146973 1.044922 0.230103
v -0.160400 1.027344 0.246460
v -0.148682 1.005859 0.233032
v -0.159180 1.054688 0.244263
v -0.161621 1.000000 0.248535
v -0.171997 1.048828 0.259766
v -0.173828 1.009766 0.262939
v -0.178101 1.029297 0.267578
v -0.111877 1.033203 0.123657
v -0.094482 1.074219 0.135864
v -0.079163 1.057617 0.144775
v -0.113525 1.080078 0.122009
v -0.073975 1.034180 0.148315
v -0.126221 1.074219 0.103699
v -0.078674 1.010742 0.145264
v -0.135254 1.058594 0.089478
v -0.093445 0.994629 0.135376
v -0.138794 1.035156 0.083740
v -0.135376 1.011719 0.089783
v -0.113403 0.987305 0.121948
v -0.125977 0.994141 0.103455
v -0.135254 1.058594 0.089478
v -0.144043 1.050781 0.110230
v -0.126221 1.074219 0.103699
v -0.138794 1.035156 0.083740
v -0.134155 1.064453 0.119324
v -0.121826 1.031250 0.132446
v -0.147705 1.033203 0.106934
v -0.113525 1.080078 0.122009
v -0.120728 1.069336 0.131714
v -0.135376 1.011719 0.089783
v -0.144043 1.014648 0.110230
v -0.094482 1.074219 0.135864
v -0.107239 1.064453 0.144165
v -0.097412 1.050781 0.153320
v -0.125977 0.994141 0.103455
v -0.134155 1.000977 0.119324
v -0.079163 1.057617 0.144775
v -0.093811 1.033203 0.156616
v -0.073975 1.034180 0.148315
v -0.113403 0.987305 0.121948
v -0.078674 1.010742 0.145264
v -0.120728 0.996094 0.131714
v -0.097412 1.014648 0.153320
v -0.107239 1.000977 0.144165
v -0.093445 0.994629 0.135376
v 0.220215 1.022461 0.145508
v 0.224854 1.041992 0.149780
v 0.241211 1.024414 0.163208
v 0.227905 1.002930 0.151611
v 0.239136 1.051758 0.161987
v 0.243408 0.997070 0.164429
v 0.254639 1.045898 0.174927
v 0.257568 1.006836 0.176636
v 0.262207 1.027344 0.180908
v 0.374268 1.129883 0.299805
v 0.373779 1.119141 0.288330
v 0.356934 1.118164 0.303711
v 0.390869 1.134766 0.287354
v 0.352051 1.104492 0.293213
v 0.339355 1.110352 0.316162
v 0.347168 1.123047 0.321777
v 0.422852 1.051758 0.370361
v 0.394775 1.125977 0.272705
v 0.436035 1.056641 0.362061
v 0.449707 1.065430 0.357422
v 0.409912 1.145508 0.282227
v 0.402832 1.150391 0.294678
v 0.331299 1.119141 0.335693
v 0.411133 1.050781 0.382324
v 0.319336 1.106445 0.333740
v 0.402100 1.052734 0.395996
v 0.319824 1.123047 0.355225
v 0.462402 1.076172 0.357666
v 0.419678 1.163086 0.292969
v 0.431396 1.162109 0.279541
v 0.472900 1.087891 0.361816
v 0.331787 1.132812 0.352539
v 0.434082 1.179688 0.300049
v 0.396973 1.059570 0.410400
v 0.421875 1.177734 0.309082
v 0.323242 1.138672 0.371094
v 0.395752 1.068359 0.424316
v 0.309082 1.130859 0.378662
v 0.479736 1.100586 0.370606
v 0.322510 1.151367 0.390869
v 0.432617 1.193359 0.318359
v 0.447754 1.200195 0.311768
v 0.483154 1.111328 0.382080
v 0.333740 1.155273 0.380859
v 0.437012 1.208008 0.335205
v 0.399170 1.080078 0.435791
v 0.424072 1.199219 0.336670
v 0.481934 1.121094 0.395996
v 0.336182 1.168945 0.396240
v 0.406006 1.091797 0.444580
v 0.325439 1.168945 0.410645
v 0.346680 1.184570 0.407959
v 0.424561 1.212891 0.353516
v 0.437500 1.224609 0.356445
v -0.255127 1.049805 -0.172974
v -0.254395 1.052734 -0.178345
v -0.253418 1.031250 -0.197266
v -0.247925 1.030273 -0.196411
v -0.239746 1.055664 -0.160034
v -0.236450 1.060547 -0.163208
v -0.244507 1.052734 -0.190186
v -0.240234 1.048828 -0.190430
v -0.226440 1.060547 -0.175171
v -0.225464 1.045898 -0.147827
v -0.219849 1.048828 -0.149048
v -0.224976 1.055664 -0.177612
v -0.209839 1.048828 -0.161011
v -0.210815 1.045898 -0.165527
v -0.213867 1.006836 -0.167358
v -0.185059 1.006836 -0.199097
v -0.206177 1.025391 -0.161255
v -0.177490 1.025391 -0.192383
v -0.210815 1.045898 -0.165527
v -0.182007 1.046875 -0.197144
v -0.224976 1.055664 -0.177612
v -0.196045 1.056641 -0.210449
v -0.240234 1.048828 -0.190430
v -0.211182 1.049805 -0.224731
v -0.218750 1.031250 -0.231445
v -0.247925 1.030273 -0.196411
v -0.214233 1.009766 -0.226685
v -0.243286 1.010742 -0.192139
v -0.200317 1.000000 -0.213257
v -0.229126 1.000977 -0.180054
v -0.185059 1.006836 -0.199097
v -0.213867 1.006836 -0.167358
v -0.508301 0.991699 -0.471191
v -0.507812 0.997559 -0.479492
v -0.500000 0.983398 -0.470459
v -0.498779 0.994629 -0.486572
v -0.513184 1.004883 -0.483398
v -0.509277 1.008789 -0.493896
v -0.521484 1.010742 -0.480469
v -0.524902 1.019531 -0.488281
v -0.527832 1.009766 -0.472412
v -0.536621 1.018555 -0.472900
v -0.538086 1.007812 -0.457031
v -0.528320 1.003906 -0.464111
v -0.527832 0.993164 -0.449707
v -0.522949 0.996582 -0.460205
v -0.512207 0.982910 -0.455322
v -0.514648 0.991211 -0.463135
v -0.500000 0.983398 -0.470459
v -0.508301 0.991699 -0.471191
v -0.500000 0.983398 -0.470459
v -0.498779 0.994629 -0.486572
v -0.483643 0.997559 -0.458984
v -0.482178 1.009766 -0.477051
v -0.509277 1.008789 -0.493896
v -0.483887 1.000977 -0.457520
v -0.493652 1.026367 -0.485596
v -0.482666 1.012695 -0.473877
v -0.524902 1.019531 -0.488281
v -0.511719 1.038086 -0.479248
v -0.492920 1.027344 -0.481445
v -0.406006 1.072266 -0.412842
v -0.411865 1.064453 -0.394043
v -0.417969 1.099609 -0.436035
v -0.408203 1.084961 -0.427490
v -0.508789 1.038086 -0.475830
v -0.432129 1.113281 -0.437988
v -0.524902 1.037109 -0.461914
v -0.520996 1.037109 -0.460205
v -0.536621 1.018555 -0.472900
v -0.448242 1.122070 -0.430908
v -0.463135 1.125977 -0.418457
v -0.526367 1.024414 -0.443603
v -0.522461 1.026367 -0.443848
v -0.475098 1.111328 -0.384766
v -0.471924 1.121094 -0.401611
v -0.538086 1.007812 -0.457031
v -0.515137 1.007812 -0.435303
v -0.512207 1.010742 -0.436279
v -0.469727 1.096680 -0.372070
v -0.527832 0.993164 -0.449707
v -0.497070 0.996582 -0.441650
v -0.496094 1.000977 -0.442139
v -0.442383 1.070312 -0.367432
v -0.458496 1.082031 -0.365234
v -0.512207 0.982910 -0.455322
v -0.500000 0.983398 -0.470459
v -0.483643 0.997559 -0.458984
v -0.425049 1.063477 -0.377441
v -0.411865 1.064453 -0.394043
v -0.483887 1.000977 -0.457520
v -0.324951 1.138672 -0.331543
v -0.328613 1.172852 -0.333496
v -0.334717 1.166016 -0.318115
v -0.320557 1.150391 -0.351807
v -0.342773 1.123047 -0.345459
v -0.329834 1.184570 -0.346680
v -0.339600 1.132812 -0.365478
v -0.339844 1.147461 -0.381348
v -0.322021 1.164062 -0.369629
v -0.332031 1.182617 -0.381592
v -0.337891 1.198242 -0.354004
v -0.350830 1.164062 -0.393799
v -0.362793 1.180664 -0.397705
v -0.346436 1.200195 -0.387451
v -0.350830 1.210938 -0.353760
v -0.364990 1.213867 -0.384033
v -0.383057 1.194336 -0.395019
v -0.365234 1.218750 -0.345947
v -0.397705 1.203125 -0.385254
v -0.383789 1.223633 -0.374023
v -0.414307 1.204102 -0.370605
v -0.401123 1.226562 -0.356201
v -0.376953 1.218750 -0.332519
v -0.424561 1.201172 -0.351318
v -0.412354 1.221680 -0.337646
v -0.383057 1.211914 -0.317139
v -0.417236 1.211914 -0.317383
v -0.430176 1.190430 -0.333496
v -0.381836 1.200195 -0.303955
v -0.427246 1.176758 -0.315430
v -0.415527 1.196289 -0.299316
v -0.405762 1.178711 -0.287353
v -0.373535 1.185547 -0.296387
v -0.418213 1.158203 -0.304443
v -0.391113 1.161133 -0.281738
v -0.360596 1.173828 -0.296631
v -0.404541 1.144531 -0.298828
v -0.371582 1.146484 -0.285644
v -0.385498 1.127930 -0.303955
v -0.353516 1.136719 -0.295166
v -0.346436 1.166016 -0.304687
v -0.369385 1.122070 -0.311279
v -0.335938 1.135742 -0.313477
v -0.334717 1.166016 -0.318115
v -0.352295 1.119141 -0.331787
v -0.324951 1.138672 -0.331543
v -0.342773 1.123047 -0.345459
v -0.456543 1.132812 -0.434082
v -0.443359 1.126953 -0.442383
v -0.448242 1.122070 -0.430908
v -0.432129 1.113281 -0.437988
v -0.429688 1.119141 -0.447021
v -0.416992 1.108398 -0.446777
v -0.417969 1.099609 -0.436035
v -0.406494 1.095703 -0.442627
v -0.408203 1.084961 -0.427490
v -0.399658 1.083984 -0.433838
v -0.396240 1.072266 -0.422363
v -0.406006 1.072266 -0.412842
v -0.397705 1.063477 -0.408447
v -0.411865 1.064453 -0.394043
v -0.402588 1.056641 -0.394043
v -0.411865 1.054688 -0.380371
v -0.425049 1.063477 -0.377441
v -0.423340 1.055664 -0.368408
v -0.436768 1.060547 -0.360107
v -0.442383 1.070312 -0.367432
v -0.450439 1.069336 -0.355469
v -0.458496 1.082031 -0.365234
v -0.462891 1.080078 -0.355713
v -0.473389 1.091797 -0.359863
v -0.469727 1.096680 -0.372070
v -0.480469 1.104492 -0.368652
v -0.475098 1.111328 -0.384766
v -0.483643 1.115234 -0.380127
v -0.482422 1.125000 -0.394043
v -0.471924 1.121094 -0.401611
v -0.477295 1.130859 -0.408447
v -0.463135 1.125977 -0.418457
v -0.468506 1.133789 -0.422363
v -0.456543 1.132812 -0.434082
v -0.448242 1.122070 -0.430908
v -0.370605 1.195312 -0.404541
v -0.387207 1.199219 -0.391113
v -0.383057 1.194336 -0.395019
v -0.382080 1.206055 -0.387451
v -0.404541 1.211914 -0.388184
v -0.397705 1.203125 -0.385254
v -0.414307 1.204102 -0.370605
v -0.414795 1.208008 -0.370361
v -0.409668 1.213867 -0.365967
v -0.399170 1.217773 -0.383545
v -0.365479 1.201172 -0.399902
v -0.358643 1.179688 -0.396728
v -0.362793 1.180664 -0.397705
v -0.425049 1.216797 -0.351807
v -0.353516 1.185547 -0.392334
v -0.430176 1.209961 -0.356201
v -0.424561 1.201172 -0.351318
v -0.424561 1.203125 -0.334717
v -0.429688 1.197266 -0.339355
v -0.341797 1.166016 -0.398926
v -0.350830 1.164062 -0.393799
v -0.336670 1.172852 -0.394287
v -0.430176 1.190430 -0.333496
v -0.433105 1.197266 -0.316406
v -0.438232 1.191406 -0.320801
v -0.334229 1.159180 -0.378906
v -0.339600 1.152344 -0.382812
v -0.427246 1.176758 -0.315430
v -0.422363 1.181641 -0.307129
v -0.427490 1.174805 -0.311768
v -0.323730 1.142578 -0.369141
v -0.418213 1.158203 -0.304443
v -0.420166 1.166992 -0.291016
v -0.425293 1.161133 -0.295654
v -0.408447 1.148438 -0.297607
v -0.328857 1.136719 -0.373535
v -0.339844 1.147461 -0.381348
v -0.403320 1.154297 -0.292725
v -0.337402 1.129883 -0.355225
v -0.332275 1.136719 -0.350586
v -0.339600 1.132812 -0.365478
v -0.391357 1.138672 -0.285400
v -0.396484 1.132812 -0.290039
v -0.404541 1.144531 -0.298828
v -0.374756 1.133789 -0.298096
v -0.336914 1.117188 -0.338135
v -0.342773 1.123047 -0.345459
v -0.331787 1.123047 -0.333740
v -0.352783 1.121094 -0.324463
v -0.352295 1.119141 -0.331787
v -0.380127 1.127930 -0.302490
v 0.476807 1.126953 0.410400
v 0.417969 1.220703 0.374512
v 0.353027 1.181641 0.394287
v 0.416504 1.104492 0.448731
v 0.409180 1.209961 0.367676
v 0.468018 1.129883 0.424316
v 0.364990 1.197266 0.401856
v 0.428955 1.115234 0.448975
v 0.362061 1.205078 0.417725
v 0.382812 1.210938 0.401856
v 0.398682 1.213867 0.385498
v 0.404785 1.226562 0.396973
v 0.456055 1.128906 0.436035
v 0.381348 1.202148 0.389404
v 0.442627 1.123047 0.444336
v 0.398682 1.213867 0.385498
v 0.456055 1.128906 0.436035
v 0.404785 1.226562 0.396973
v 0.500977 1.018555 0.461426
v 0.522461 0.992676 0.462158
v 0.527832 1.000000 0.465820
v 0.514160 0.987305 0.465088
v 0.527344 1.005859 0.474365
v 0.507812 0.987793 0.473145
v 0.507324 0.993652 0.481445
v 0.520996 1.006836 0.482422
v 0.512695 1.000977 0.485352
v 0.118469 1.031250 0.114685
v 0.130615 1.071289 0.097290
v 0.139648 1.054688 0.082031
v 0.116821 1.077148 0.116333
v 0.143066 1.031250 0.076782
v 0.098511 1.072266 0.129028
v 0.140015 1.007812 0.081482
v 0.084290 1.055664 0.138184
v 0.130249 0.991699 0.096314
v 0.078613 1.032227 0.141724
v 0.084595 1.008789 0.138184
v 0.116760 0.984375 0.116211
v 0.098267 0.991211 0.128906
v 0.084290 1.055664 0.138184
v 0.105042 1.048828 0.146851
v 0.098511 1.072266 0.129028
v 0.078613 1.032227 0.141724
v 0.114136 1.061523 0.137085
v 0.127197 1.028320 0.124695
v 0.101746 1.030273 0.150513
v 0.116821 1.077148 0.116333
v 0.126587 1.066406 0.123535
v 0.084595 1.008789 0.138184
v 0.105042 1.011719 0.146851
v 0.130615 1.071289 0.097290
v 0.139038 1.061523 0.110107
v 0.148071 1.048828 0.100220
v 0.098267 0.991211 0.128906
v 0.114136 0.998535 0.137085
v 0.139648 1.054688 0.082031
v 0.151489 1.030273 0.096619
v 0.143066 1.031250 0.076782
v 0.116760 0.984375 0.116211
v 0.140015 1.007812 0.081482
v 0.126587 0.993652 0.123535
v 0.148071 1.011719 0.100220
v 0.139038 0.998535 0.110107
v 0.130249 0.991699 0.096314
v -0.385498 1.127930 -0.303955
v -0.357666 1.122070 -0.301758
v -0.347656 1.126953 -0.320068
v -0.362793 1.116211 -0.306396
v -0.369385 1.122070 -0.311279
v -0.362793 1.180664 -0.397705
v -0.370605 1.195312 -0.404541
v -0.383057 1.194336 -0.395019
v -0.350830 1.164062 -0.393799
v -0.358643 1.179688 -0.396728
v -0.339600 1.152344 -0.382812
v -0.339844 1.147461 -0.381348
v -0.328857 1.136719 -0.373535
v -0.339600 1.132812 -0.365478
v -0.337402 1.129883 -0.355225
v -0.342773 1.123047 -0.345459
v -0.369385 1.122070 -0.311279
v -0.352783 1.121094 -0.324463
v -0.352295 1.119141 -0.331787
v -0.380127 1.127930 -0.302490
v -0.385498 1.127930 -0.303955
v -0.396484 1.132812 -0.290039
v -0.404541 1.144531 -0.298828
v -0.418213 1.158203 -0.304443
v -0.408447 1.148438 -0.297607
v -0.414795 1.208008 -0.370361
v -0.424561 1.201172 -0.351318
v -0.414307 1.204102 -0.370605
v -0.226196 1.022461 -0.206543
v -0.303467 1.115234 -0.275635
v -0.216064 1.024414 -0.213257
v -0.278076 1.121094 -0.292480
v -0.303955 1.127930 -0.276611
v -0.252197 1.137695 -0.287842
v -0.205566 1.031250 -0.211426
v -0.282715 1.132812 -0.291016
v -0.260498 1.146484 -0.287109
v -0.240601 1.154297 -0.264648
v -0.250977 1.161133 -0.267334
v -0.200928 1.038086 -0.202026
v -0.289062 1.152344 -0.278564
v -0.279541 1.158203 -0.276855
v -0.275391 1.164062 -0.268310
v -0.298096 1.149414 -0.272461
v -0.259033 1.166992 -0.243408
v -0.250488 1.162109 -0.236206
v -0.204834 1.041016 -0.190674
v -0.312988 1.177734 -0.286133
v -0.303711 1.179688 -0.292480
v -0.294189 1.186523 -0.290771
v -0.289795 1.192383 -0.282227
v -0.278809 1.166992 -0.258057
v -0.293457 1.195312 -0.271728
v -0.280518 1.162109 -0.229126
v -0.275635 1.156250 -0.219482
v -0.215088 1.039062 -0.183960
v -0.288086 1.164062 -0.251953
v -0.302734 1.192383 -0.265625
v -0.301514 1.139648 -0.224121
v -0.302490 1.148438 -0.233032
v -0.225464 1.032227 -0.185791
v -0.297607 1.158203 -0.253662
v -0.312256 1.186523 -0.267334
v -0.230103 1.025391 -0.195190
v -0.313232 1.123047 -0.247314
v -0.312256 1.134766 -0.252685
v -0.301758 1.152344 -0.262207
v -0.316406 1.180664 -0.275879
v -0.298096 1.149414 -0.272461
v -0.226196 1.022461 -0.206543
v -0.303467 1.115234 -0.275635
v -0.303955 1.127930 -0.276611
v -0.312988 1.177734 -0.286133
v -0.192749 1.008789 0.199707
v -0.116577 1.013672 0.126953
v -0.185547 1.006836 0.205689
v -0.123535 1.016602 0.120667
v -0.198486 1.015625 0.195923
v -0.128418 1.022461 0.116333
v -0.201050 1.025391 0.195068
v -0.130371 1.032227 0.114563
v -0.199829 1.034180 0.197632
v -0.128540 1.041992 0.116028
v -0.195190 1.041016 0.202759
v -0.123352 1.048828 0.120361
v -0.188232 1.043945 0.209106
v -0.116333 1.050781 0.126343
v -0.109253 1.048828 0.132568
v -0.181030 1.041016 0.215088
v -0.104065 1.041992 0.137207
v -0.175415 1.034180 0.218872
v -0.101990 1.032227 0.138916
v -0.172852 1.025391 0.219727
v -0.103821 1.022461 0.137451
v -0.174072 1.015625 0.217163
v -0.109497 1.016602 0.132935
v -0.178711 1.008789 0.212036
v -0.116577 1.013672 0.126953
v -0.185547 1.006836 0.205689
v -0.196167 1.045898 0.186646
v -0.191528 1.024414 0.182129
v -0.197021 1.047852 0.182007
v -0.191650 1.024414 0.176880
v -0.198242 1.004883 0.189697
v -0.208252 1.047852 0.171387
v -0.199219 1.002930 0.185425
v -0.203003 1.024414 0.166260
v -0.213867 1.043945 0.171997
v -0.215332 0.995117 0.202637
v -0.210571 1.001953 0.174805
v -0.209473 1.024414 0.167725
v -0.212402 0.999023 0.204834
v -0.230347 1.006836 0.218384
v -0.226562 0.994629 0.191895
v -0.215820 1.006836 0.174805
v -0.225708 1.008789 0.218872
v -0.235718 1.030273 0.223389
v -0.241699 1.005859 0.207642
v -0.229004 1.000000 0.188965
v -0.230469 1.029297 0.223389
v -0.241455 1.009766 0.201904
v -0.247070 1.029297 0.212769
v -0.223755 1.048828 0.215820
v -0.228149 1.051758 0.214966
v -0.245850 1.029297 0.206177
v -0.239502 1.051758 0.204224
v -0.209595 1.055664 0.200562
v -0.212036 1.059570 0.197754
v -0.239624 1.046875 0.199097
v -0.223389 1.058594 0.187134
v -0.196167 1.045898 0.186646
v -0.197021 1.047852 0.182007
v -0.226318 1.053711 0.184937
v -0.208252 1.047852 0.171387
v -0.227661 1.026367 0.187012
v -0.241455 1.009766 0.201904
v -0.226318 1.053711 0.184937
v -0.213867 1.043945 0.171997
v -0.229004 1.000000 0.188965
v -0.213867 1.043945 0.171997
v -0.209473 1.024414 0.167725
v -0.215820 1.006836 0.174805
v -0.146973 1.044922 0.230103
v -0.142700 1.024414 0.225464
v -0.148193 1.047852 0.224487
v -0.143188 1.024414 0.219116
v -0.148682 1.005859 0.233032
v -0.160034 1.047852 0.214478
v -0.150269 1.002930 0.228027
v -0.155029 1.024414 0.209106
v -0.161621 1.000000 0.248535
v -0.164673 1.044922 0.215454
v -0.165283 0.995117 0.246094
v -0.162109 1.001953 0.218018
v -0.160400 1.024414 0.210815
v -0.173828 1.009766 0.262939
v -0.179443 1.006836 0.262695
v -0.177124 0.995117 0.236084
v -0.166382 1.005859 0.218384
v -0.178101 1.029297 0.267578
v -0.184448 1.030273 0.268066
v -0.191284 1.006836 0.252686
v -0.191284 1.009766 0.247925
v -0.179199 0.999512 0.233765
v -0.171997 1.048828 0.259766
v -0.177368 1.051758 0.259033
v -0.196411 1.030273 0.258057
v -0.195557 1.029297 0.252441
v -0.159180 1.054688 0.244263
v -0.162354 1.059570 0.241089
v -0.189331 1.051758 0.249146
v -0.189453 1.047852 0.244873
v -0.174316 1.058594 0.231079
v -0.146973 1.044922 0.230103
v -0.148193 1.047852 0.224487
v -0.176758 1.053711 0.229492
v -0.160034 1.047852 0.214478
v -0.164673 1.044922 0.215454
v -0.166382 1.005859 0.218384
v -0.198242 1.004883 0.189697
v -0.160400 1.024414 0.210815
v -0.191528 1.024414 0.182129
v -0.164673 1.044922 0.215454
v -0.196167 1.045898 0.186646
v -0.176758 1.053711 0.229492
v -0.209595 1.055664 0.200562
v -0.189453 1.047852 0.244873
v -0.223755 1.048828 0.215820
v -0.230469 1.029297 0.223389
v -0.195557 1.029297 0.252441
v -0.225708 1.008789 0.218872
v -0.191284 1.009766 0.247925
v -0.212402 0.999023 0.204834
v -0.179199 0.999512 0.233765
v -0.198242 1.004883 0.189697
v -0.166382 1.005859 0.218384
v -0.205566 1.021484 0.230835
v -0.274658 1.114258 0.308106
v -0.212402 1.023438 0.220703
v -0.291504 1.120117 0.282715
v -0.275879 1.126953 0.308594
v -0.286865 1.136719 0.256836
v -0.210571 1.030273 0.210205
v -0.290039 1.131836 0.287354
v -0.286133 1.145508 0.265137
v -0.263672 1.153320 0.245239
v -0.266357 1.159180 0.255371
v -0.201172 1.037109 0.205566
v -0.277588 1.150391 0.293701
v -0.275879 1.156250 0.284180
v -0.267334 1.163086 0.280029
v -0.271484 1.148438 0.302734
v -0.242432 1.166016 0.263672
v -0.235352 1.161133 0.254883
v -0.189819 1.040039 0.209473
v -0.285400 1.176758 0.317627
v -0.291504 1.178711 0.308350
v -0.289795 1.184570 0.298828
v -0.281250 1.191406 0.294434
v -0.257080 1.165039 0.283447
v -0.270752 1.193359 0.298096
v -0.228271 1.161133 0.285156
v -0.218628 1.155273 0.280273
v -0.183105 1.037109 0.219605
v -0.250977 1.163086 0.292725
v -0.264648 1.191406 0.307373
v -0.223145 1.138672 0.306152
v -0.232178 1.147461 0.307129
v -0.184937 1.031250 0.230103
v -0.252686 1.157227 0.302002
v -0.266357 1.185547 0.316895
v -0.194214 1.024414 0.234741
v -0.246460 1.122070 0.317871
v -0.251953 1.132812 0.316895
v -0.261230 1.151367 0.306397
v -0.274902 1.179688 0.321045
v -0.271484 1.148438 0.302734
v -0.205566 1.021484 0.230835
v -0.274658 1.114258 0.308106
v -0.275879 1.126953 0.308594
v -0.285400 1.176758 0.317627
v 0.194580 1.005859 0.195679
v 0.121704 1.010742 0.119385
v 0.200562 1.003906 0.188355
v 0.115479 1.013672 0.126343
v 0.190674 1.012695 0.201294
v 0.111206 1.020508 0.131348
v 0.189941 1.022461 0.203857
v 0.109375 1.029297 0.133179
v 0.192383 1.032227 0.202637
v 0.110840 1.039062 0.131348
v 0.197510 1.038086 0.197998
v 0.115173 1.045898 0.126221
v 0.203979 1.041016 0.191162
v 0.121216 1.048828 0.119141
v 0.127441 1.045898 0.112061
v 0.209839 1.038086 0.183838
v 0.131958 1.039062 0.106873
v 0.213745 1.031250 0.178223
v 0.133789 1.029297 0.104797
v 0.214478 1.022461 0.175659
v 0.132324 1.020508 0.106689
v 0.212036 1.012695 0.176880
v 0.127808 1.013672 0.112305
v 0.206909 1.005859 0.181519
v 0.121704 1.010742 0.119385
v 0.200562 1.003906 0.188355
v 0.181519 1.042969 0.198975
v 0.177002 1.021484 0.194336
v 0.176880 1.044922 0.199829
v 0.171753 1.021484 0.194458
v 0.184570 1.002930 0.201050
v 0.166138 1.044922 0.211182
v 0.180298 0.999512 0.202026
v 0.161011 1.021484 0.205811
v 0.166748 1.041016 0.216797
v 0.197388 0.992188 0.218140
v 0.169556 0.999512 0.213379
v 0.162598 1.021484 0.212402
v 0.199707 0.996094 0.215210
v 0.213135 1.003906 0.233276
v 0.186768 0.992188 0.229370
v 0.169556 1.003906 0.218628
v 0.213623 1.005859 0.228638
v 0.218262 1.027344 0.238525
v 0.202515 1.003906 0.244507
v 0.183716 0.997559 0.231812
v 0.218140 1.027344 0.233276
v 0.196777 1.006836 0.244263
v 0.207642 1.027344 0.249878
v 0.210571 1.045898 0.226563
v 0.209717 1.048828 0.230957
v 0.201050 1.026367 0.248657
v 0.199097 1.048828 0.242310
v 0.195435 1.052734 0.212402
v 0.192627 1.056641 0.214966
v 0.193970 1.044922 0.242432
v 0.181885 1.056641 0.226196
v 0.181519 1.042969 0.198975
v 0.176880 1.044922 0.199829
v 0.179810 1.050781 0.229248
v 0.166138 1.044922 0.211182
v 0.181763 1.024414 0.230469
v 0.196777 1.006836 0.244263
v 0.179810 1.050781 0.229248
v 0.166748 1.041016 0.216797
v 0.183716 0.997559 0.231812
v 0.166748 1.041016 0.216797
v 0.162598 1.021484 0.212402
v 0.169556 1.003906 0.218628
v 0.224854 1.041992 0.149780
v 0.220215 1.022461 0.145508
v 0.219238 1.044922 0.151001
v 0.213867 1.021484 0.145996
v 0.227905 1.002930 0.151611
v 0.209229 1.044922 0.162964
v 0.222778 1.000000 0.153076
v 0.203857 1.021484 0.157837
v 0.243408 0.997070 0.164429
v 0.210205 1.041992 0.167481
v 0.240845 0.992676 0.168091
v 0.212769 0.999512 0.164917
v 0.205688 1.021484 0.163208
v 0.257568 1.006836 0.176636
v 0.257568 1.003906 0.182251
v 0.230835 0.992188 0.180054
v 0.213257 1.002930 0.169189
v 0.262207 1.027344 0.180908
v 0.262939 1.027344 0.187256
v 0.247437 1.003906 0.194214
v 0.242798 1.006836 0.194092
v 0.228638 0.997070 0.182007
v 0.254639 1.045898 0.174927
v 0.253906 1.048828 0.180176
v 0.252930 1.027344 0.199219
v 0.247314 1.026367 0.198364
v 0.239136 1.051758 0.161987
v 0.235840 1.056641 0.165161
v 0.243896 1.048828 0.192139
v 0.239746 1.044922 0.192383
v 0.225830 1.056641 0.177124
v 0.224854 1.041992 0.149780
v 0.219238 1.044922 0.151001
v 0.224365 1.051758 0.179565
v 0.209229 1.044922 0.162964
v 0.210205 1.041992 0.167481
v 0.213257 1.002930 0.169189
v 0.184570 1.002930 0.201050
v 0.205688 1.021484 0.163208
v 0.177002 1.021484 0.194336
v 0.210205 1.041992 0.167481
v 0.181519 1.042969 0.198975
v 0.224365 1.051758 0.179565
v 0.195435 1.052734 0.212402
v 0.239746 1.044922 0.192383
v 0.210571 1.045898 0.226563
v 0.218140 1.027344 0.233276
v 0.247314 1.026367 0.198364
v 0.213623 1.005859 0.228638
v 0.242798 1.006836 0.194092
v 0.199707 0.996094 0.215210
v 0.228638 0.997070 0.182007
v 0.184570 1.002930 0.201050
v 0.213257 1.002930 0.169189
v 0.507812 0.987793 0.473145
v 0.507324 0.993652 0.481445
v 0.499512 0.979492 0.472412
v 0.498291 0.990723 0.488281
v 0.512695 1.000977 0.485352
v 0.508301 1.004883 0.495850
v 0.520996 1.006836 0.482422
v 0.523926 1.015625 0.490234
v 0.527344 1.005859 0.474365
v 0.536133 1.014648 0.474854
v 0.537109 1.003906 0.458984
v 0.527832 1.000000 0.465820
v 0.527344 0.989258 0.451660
v 0.522461 0.992676 0.462158
v 0.511719 0.979004 0.457031
v 0.514160 0.987305 0.465088
v 0.499512 0.979492 0.472412
v 0.507812 0.987793 0.473145
v 0.499512 0.979492 0.472412
v 0.498291 0.990723 0.488281
v 0.482910 0.993652 0.460938
v 0.481445 1.005859 0.479004
v 0.508301 1.004883 0.495850
v 0.483154 0.997559 0.459473
v 0.493164 1.022461 0.487305
v 0.481934 1.008789 0.475830
v 0.523926 1.015625 0.490234
v 0.510742 1.034180 0.480957
v 0.492432 1.023438 0.483398
v 0.405518 1.068359 0.414795
v 0.411377 1.060547 0.395996
v 0.417236 1.095703 0.437988
v 0.407471 1.081055 0.429443
v 0.508301 1.034180 0.477783
v 0.431396 1.109375 0.439941
v 0.524414 1.033203 0.463623
v 0.520508 1.033203 0.462158
v 0.536133 1.014648 0.474854
v 0.447754 1.118164 0.432861
v 0.462402 1.122070 0.420410
v 0.525879 1.020508 0.445557
v 0.521973 1.022461 0.445801
v 0.474609 1.107422 0.386719
v 0.471436 1.117188 0.403320
v 0.537109 1.003906 0.458984
v 0.514160 1.003906 0.437256
v 0.511230 1.006836 0.438232
v 0.468994 1.092773 0.374023
v 0.527344 0.989258 0.451660
v 0.496582 0.992676 0.443604
v 0.495361 0.997070 0.443848
v 0.441650 1.066406 0.369141
v 0.458008 1.078125 0.367188
v 0.511719 0.979004 0.457031
v 0.499512 0.979492 0.472412
v 0.482910 0.993652 0.460938
v 0.424561 1.059570 0.379395
v 0.411377 1.060547 0.395996
v 0.483154 0.997559 0.459473
v 0.324463 1.134766 0.333496
v 0.328125 1.168945 0.335449
v 0.334229 1.162109 0.320068
v 0.320068 1.146484 0.353760
v 0.342041 1.119141 0.347412
v 0.329346 1.180664 0.348633
v 0.338867 1.128906 0.367432
v 0.339355 1.143555 0.383301
v 0.321533 1.160156 0.371582
v 0.331543 1.178711 0.383545
v 0.337402 1.194336 0.355957
v 0.350098 1.160156 0.395752
v 0.362061 1.176758 0.399658
v 0.345947 1.196289 0.389160
v 0.350342 1.207031 0.355713
v 0.364502 1.209961 0.385986
v 0.382324 1.190430 0.396973
v 0.364502 1.214844 0.347900
v 0.397217 1.199219 0.387207
v 0.383301 1.219727 0.375977
v 0.413818 1.200195 0.372559
v 0.400635 1.222656 0.358154
v 0.376221 1.214844 0.334229
v 0.423828 1.197266 0.353027
v -0.354980 1.250977 -0.345215
v -0.374023 1.251953 -0.323242
v -0.342285 1.268555 -0.336182
v -0.317139 1.255859 -0.350098
v -0.362793 1.269531 -0.312500
v -0.377686 1.229492 -0.330566
v -0.363037 1.229492 -0.347168
v -0.331787 1.239258 -0.357910
v -0.385254 1.220703 -0.311279
v -0.383789 1.241211 -0.298340
v -0.294434 1.234375 -0.350586
v -0.373535 1.257812 -0.285400
v -0.383057 1.211914 -0.317139
v -0.376953 1.218750 -0.332519
v -0.345459 1.219727 -0.357178
v -0.365234 1.218750 -0.345947
v -0.310791 1.219727 -0.358398
v -0.383789 1.206055 -0.294922
v -0.381836 1.200195 -0.303955
v -0.381836 1.221680 -0.276855
v -0.280029 1.209961 -0.337402
v -0.371338 1.236328 -0.262207
v -0.329346 1.205078 -0.357422
v -0.350830 1.210938 -0.353760
v -0.297607 1.196289 -0.346435
v -0.373535 1.188477 -0.285644
v -0.373535 1.185547 -0.296387
v -0.368408 1.198242 -0.264648
v -0.278076 1.188477 -0.314209
v -0.356934 1.211914 -0.249145
v -0.319092 1.187500 -0.348144
v -0.337891 1.198242 -0.354004
v -0.295410 1.176758 -0.324951
v -0.357422 1.173828 -0.286133
v -0.360596 1.173828 -0.296631
v -0.347412 1.178711 -0.265137
v -0.288574 1.176758 -0.287353
v -0.334229 1.190430 -0.249634
v -0.317627 1.172852 -0.331787
v -0.329834 1.184570 -0.346680
v -0.305420 1.166016 -0.300049
v -0.339844 1.164062 -0.295898
v -0.346436 1.166016 -0.304687
v -0.324463 1.166992 -0.278076
v -0.325195 1.164062 -0.312744
v -0.309326 1.177734 -0.263672
v -0.334717 1.166016 -0.318115
v -0.328613 1.172852 -0.333496
v -0.342285 1.268555 -0.336182
v -0.362793 1.269531 -0.312500
v -0.327148 1.280273 -0.321533
v -0.303955 1.267578 -0.334473
v -0.317139 1.255859 -0.350098
v -0.346191 1.280273 -0.299805
v -0.373535 1.257812 -0.285400
v -0.311768 1.282227 -0.303711
v -0.293945 1.273438 -0.313721
v -0.282959 1.248047 -0.334961
v -0.277832 1.257812 -0.313965
v -0.294434 1.234375 -0.350586
v -0.355957 1.269531 -0.274658
v -0.326172 1.282227 -0.287109
v -0.371338 1.236328 -0.262207
v -0.298584 1.275391 -0.285400
v -0.288818 1.270508 -0.290771
v -0.280273 1.262695 -0.290771
v -0.269775 1.225586 -0.322754
v -0.267822 1.240234 -0.304687
v -0.274658 1.252930 -0.285889
v -0.289307 1.260742 -0.269043
v -0.306396 1.275391 -0.276367
v -0.333740 1.274414 -0.267822
v -0.354004 1.250000 -0.253418
v -0.356934 1.211914 -0.249145
v -0.273926 1.245117 -0.277100
v -0.266357 1.225586 -0.288330
v -0.310547 1.271484 -0.265869
v -0.332275 1.259766 -0.251465
v -0.340820 1.227539 -0.241211
v -0.278076 1.240234 -0.266602
v -0.309570 1.262695 -0.257080
v -0.322266 1.242188 -0.242310
v -0.334229 1.190430 -0.249634
v -0.319580 1.207031 -0.241699
v -0.306152 1.226562 -0.242554
v -0.304199 1.253906 -0.251953
v -0.273926 1.216797 -0.269287
v -0.285889 1.240234 -0.257568
v -0.295410 1.245117 -0.252197
v -0.309326 1.177734 -0.263672
v -0.296631 1.195312 -0.254639
v -0.288330 1.217773 -0.252441
v -0.277588 1.195312 -0.276367
v -0.288574 1.176758 -0.287353
v -0.267822 1.206055 -0.301514
v -0.278076 1.188477 -0.314209
v -0.280029 1.209961 -0.337402
v 0.411865 1.217773 0.339600
v 0.382324 1.208008 0.318848
v 0.416748 1.208008 0.319336
v 0.429443 1.186523 0.335449
v 0.381104 1.196289 0.305664
v 0.426758 1.172852 0.317383
v 0.414795 1.192383 0.301270
v 0.405273 1.174805 0.289307
v 0.373047 1.181641 0.298340
v 0.417725 1.154297 0.306397
v 0.390381 1.157227 0.283691
v 0.360107 1.169922 0.298584
v 0.403809 1.140625 0.300781
v 0.371094 1.142578 0.287354
v 0.385010 1.124023 0.305908
v 0.353027 1.132812 0.296875
v 0.345703 1.162109 0.306641
v 0.368896 1.118164 0.313232
v 0.335449 1.131836 0.315430
v 0.334229 1.162109 0.320068
v 0.351807 1.115234 0.333740
v 0.324463 1.134766 0.333496
v 0.342041 1.119141 0.347412
v 0.456055 1.128906 0.436035
v 0.442627 1.123047 0.444336
v 0.447754 1.118164 0.432861
v 0.431396 1.109375 0.439941
v 0.428955 1.115234 0.448975
v 0.416504 1.104492 0.448731
v 0.417236 1.095703 0.437988
v 0.406006 1.091797 0.444580
v 0.407471 1.081055 0.429443
v 0.399170 1.080078 0.435791
v 0.395752 1.068359 0.424316
v 0.405518 1.068359 0.414795
v 0.396973 1.059570 0.410400
v 0.411377 1.060547 0.395996
v 0.402100 1.052734 0.395996
v 0.411133 1.050781 0.382324
v 0.424561 1.059570 0.379395
v 0.422852 1.051758 0.370361
v 0.436035 1.056641 0.362061
v 0.441650 1.066406 0.369141
v 0.449707 1.065430 0.357422
v 0.458008 1.078125 0.367188
v 0.462402 1.076172 0.357666
v 0.472900 1.087891 0.361816
v 0.468994 1.092773 0.374023
v 0.479736 1.100586 0.370606
v 0.474609 1.107422 0.386719
v 0.483154 1.111328 0.382080
v 0.481934 1.121094 0.395996
v 0.471436 1.117188 0.403320
v 0.476807 1.126953 0.410400
v 0.462402 1.122070 0.420410
v 0.468018 1.129883 0.424316
v 0.456055 1.128906 0.436035
v 0.447754 1.118164 0.432861
v 0.370117 1.191406 0.406250
v 0.386475 1.195312 0.393066
v 0.382324 1.190430 0.396973
v 0.381348 1.202148 0.389404
v 0.403809 1.208008 0.390137
v 0.397217 1.199219 0.387207
v 0.413818 1.200195 0.372559
v 0.414307 1.204102 0.372315
v 0.409180 1.209961 0.367676
v 0.398682 1.213867 0.385498
v 0.364990 1.197266 0.401856
v 0.358154 1.175781 0.398682
v 0.362061 1.176758 0.399658
v 0.424561 1.212891 0.353516
v 0.353027 1.181641 0.394287
v 0.429688 1.206055 0.358154
v 0.423828 1.197266 0.353027
v 0.424072 1.199219 0.336670
v 0.429199 1.193359 0.341309
v 0.341309 1.162109 0.400879
v 0.350098 1.160156 0.395752
v 0.336182 1.168945 0.396240
v 0.429443 1.186523 0.335449
v 0.432617 1.193359 0.318359
v 0.437744 1.187500 0.322754
v 0.333740 1.155273 0.380859
v 0.339111 1.148438 0.384766
v 0.426758 1.172852 0.317383
v 0.421875 1.177734 0.309082
v 0.427002 1.170898 0.313477
v 0.323242 1.138672 0.371094
v 0.417725 1.154297 0.306397
v 0.419678 1.163086 0.292969
v 0.424805 1.157227 0.297363
v 0.407959 1.144531 0.299561
v 0.328369 1.132812 0.375488
v 0.339355 1.143555 0.383301
v 0.402832 1.150391 0.294678
v 0.336914 1.125977 0.356934
v 0.331787 1.132812 0.352539
v 0.338867 1.128906 0.367432
v 0.390869 1.134766 0.287354
v 0.395996 1.128906 0.291992
v 0.403809 1.140625 0.300781
v 0.374268 1.129883 0.299805
v 0.336426 1.113281 0.340088
v 0.342041 1.119141 0.347412
v 0.331299 1.119141 0.335693
v 0.352295 1.117188 0.326416
v 0.351807 1.115234 0.333740
v 0.379395 1.124023 0.304443
v 0.385010 1.124023 0.305908
v 0.356934 1.118164 0.303711
v 0.347168 1.123047 0.321777
v 0.362305 1.112305 0.308106
v 0.368896 1.118164 0.313232
v 0.362061 1.176758 0.399658
v 0.370117 1.191406 0.406250
v 0.382324 1.190430 0.396973
v 0.350098 1.160156 0.395752
v 0.358154 1.175781 0.398682
v 0.339111 1.148438 0.384766
v 0.339355 1.143555 0.383301
v 0.328369 1.132812 0.375488
v 0.338867 1.128906 0.367432
v 0.336914 1.125977 0.356934
v 0.342041 1.119141 0.347412
v 0.368896 1.118164 0.313232
v 0.352295 1.117188 0.326416
v 0.351807 1.115234 0.333740
v 0.379395 1.124023 0.304443
v 0.385010 1.124023 0.305908
v 0.395996 1.128906 0.291992
v 0.403809 1.140625 0.300781
v 0.417725 1.154297 0.306397
v 0.407959 1.144531 0.299561
v 0.414307 1.204102 0.372315
v 0.423828 1.197266 0.353027
v 0.413818 1.200195 0.372559
v 0.225708 1.018555 0.208496
v 0.302734 1.111328 0.277588
v 0.215454 1.020508 0.215210
v 0.277588 1.117188 0.294434
v 0.303467 1.124023 0.278565
v 0.251709 1.133789 0.289795
v 0.205078 1.027344 0.213379
v 0.281982 1.128906 0.292725
v 0.260010 1.142578 0.289063
v 0.240112 1.150391 0.266602
v 0.250244 1.157227 0.269287
v 0.200439 1.034180 0.203980
v 0.288330 1.148438 0.280273
v 0.279053 1.154297 0.278809
v 0.274658 1.160156 0.270264
v 0.297607 1.145508 0.274414
v 0.258545 1.163086 0.245239
v 0.249756 1.158203 0.238159
v 0.204346 1.037109 0.192627
v 0.312500 1.173828 0.288086
v 0.302979 1.175781 0.294434
v 0.293457 1.182617 0.292725
v 0.289307 1.188477 0.284180
v 0.278320 1.163086 0.260010
v 0.292969 1.191406 0.273682
v 0.280029 1.158203 0.231079
v 0.275146 1.152344 0.221436
v 0.214478 1.035156 0.185913
v 0.287598 1.160156 0.253906
v 0.302246 1.188477 0.267578
v 0.301025 1.135742 0.225952
v 0.302002 1.144531 0.234985
v 0.224976 1.028320 0.187744
v 0.296875 1.154297 0.255615
v 0.311768 1.182617 0.269287
v 0.229614 1.021484 0.197022
v 0.312500 1.119141 0.249268
v 0.311768 1.130859 0.254639
v 0.301025 1.148438 0.263916
v 0.315918 1.176758 0.277832
v 0.297607 1.145508 0.274414
v 0.225708 1.018555 0.208496
v 0.302734 1.111328 0.277588
v 0.303467 1.124023 0.278565
v 0.312500 1.173828 0.288086
v 0.354248 1.247070 0.346924
v 0.373291 1.248047 0.325195
v 0.341797 1.264648 0.338135
v 0.316650 1.251953 0.352051
v 0.362305 1.265625 0.314453
v 0.377197 1.225586 0.332520
v 0.362549 1.225586 0.349121
v 0.331299 1.235352 0.359863
v 0.384766 1.216797 0.313232
v 0.383301 1.237305 0.300293
v 0.293945 1.230469 0.352539
v 0.373047 1.253906 0.287354
v 0.382324 1.208008 0.318848
v 0.376221 1.214844 0.334229
v 0.344971 1.215820 0.359131
v 0.364502 1.214844 0.347900
v 0.310303 1.215820 0.360352
v 0.383057 1.202148 0.296875
v 0.381104 1.196289 0.305664
v 0.381348 1.217773 0.278809
v 0.279541 1.206055 0.339356
v 0.370850 1.232422 0.264160
v 0.328857 1.201172 0.359375
v 0.350342 1.207031 0.355713
v 0.296875 1.192383 0.348389
v 0.373047 1.184570 0.287598
v 0.373047 1.181641 0.298340
v 0.367920 1.194336 0.266602
v 0.277344 1.184570 0.316162
v 0.356445 1.208008 0.250977
v 0.318604 1.183594 0.350098
v 0.337402 1.194336 0.355957
v 0.294922 1.172852 0.326904
v 0.356934 1.169922 0.288086
v 0.360107 1.169922 0.298584
v 0.346924 1.174805 0.267090
v 0.288086 1.172852 0.289063
v 0.333740 1.186523 0.251465
v 0.317139 1.168945 0.333740
v 0.329346 1.180664 0.348633
v 0.304688 1.162109 0.302002
v 0.339111 1.160156 0.297852
v 0.345703 1.162109 0.306641
v 0.323730 1.163086 0.280029
v 0.324707 1.160156 0.314697
v 0.308594 1.173828 0.265625
v 0.334229 1.162109 0.320068
v 0.328125 1.168945 0.335449
v 0.341797 1.264648 0.338135
v 0.362305 1.265625 0.314453
v 0.326416 1.276367 0.323486
v 0.303467 1.263672 0.336426
v 0.316650 1.251953 0.352051
v 0.345459 1.276367 0.301758
v 0.373047 1.253906 0.287354
v 0.311035 1.278320 0.305664
v 0.293457 1.269531 0.315430
v 0.282471 1.244141 0.336914
v 0.277344 1.253906 0.315918
v 0.293945 1.230469 0.352539
v 0.355469 1.265625 0.276611
v 0.325684 1.278320 0.288818
v 0.370850 1.232422 0.264160
v 0.297852 1.271484 0.287354
v 0.288330 1.266602 0.292481
v 0.279541 1.258789 0.292725
v 0.269043 1.221680 0.324707
v 0.267334 1.236328 0.306641
v 0.274170 1.249023 0.287842
v 0.288818 1.256836 0.270996
v 0.305908 1.271484 0.278076
v 0.333252 1.270508 0.269775
v 0.353516 1.246094 0.255371
v 0.356445 1.208008 0.250977
v 0.273438 1.241211 0.278809
v 0.265625 1.221680 0.290283
v 0.309814 1.267578 0.267822
v 0.331787 1.255859 0.253418
v 0.340088 1.223633 0.243164
v 0.277344 1.236328 0.268555
v 0.309082 1.258789 0.259033
v 0.321533 1.238281 0.244141
v 0.333740 1.186523 0.251465
v 0.319092 1.203125 0.243652
v 0.305420 1.222656 0.244507
v 0.303467 1.250000 0.253906
v 0.273193 1.212891 0.271240
v 0.285400 1.236328 0.259522
v 0.294922 1.241211 0.254150
v 0.308594 1.173828 0.265625
v 0.295898 1.191406 0.256592
v 0.287842 1.213867 0.254395
v 0.277100 1.191406 0.278320
v 0.288086 1.172852 0.289063
v 0.267090 1.202148 0.303467
v 0.277344 1.184570 0.316162
v 0.279541 1.206055 0.339356
v -0.340498 1.154805 0.371421
v -0.346812 1.141496 0.376926
v -0.356883 1.150488 0.358943
v -0.327711 1.149222 0.387540
v -0.367486 1.136276 0.360930
v -0.372742 1.155255 0.342645
v -0.360855 1.165715 0.344393
v -0.420896 1.216012 0.428273
v -0.329999 1.134477 0.397112
v -0.410259 1.213357 0.440637
v -0.397962 1.214632 0.451543
v -0.311094 1.152363 0.402713
v -0.312509 1.162933 0.391814
v -0.372941 1.172872 0.328371
v -0.429482 1.223021 0.415798
v -0.387084 1.164605 0.322069
v -0.433516 1.233769 0.403744
v -0.378577 1.188576 0.312559
v -0.384931 1.220997 0.459300
v -0.295914 1.169221 0.403343
v -0.289537 1.160164 0.417106
v -0.371945 1.231103 0.463763
v -0.366536 1.191623 0.321120
v -0.279171 1.183871 0.409531
v -0.434146 1.247246 0.394091
v -0.287933 1.188018 0.397481
v -0.368414 1.207960 0.307206
v -0.429869 1.261868 0.386902
v -0.381686 1.209034 0.295310
v -0.361239 1.243997 0.464022
v -0.363255 1.229074 0.298242
v -0.272857 1.203642 0.399859
v -0.261411 1.203299 0.413118
v -0.354222 1.258383 0.461160
v -0.354447 1.223737 0.309593
v -0.263630 1.223986 0.395538
v -0.422851 1.276254 0.384041
v -0.275625 1.219750 0.386276
v -0.349945 1.273005 0.453972
v -0.346247 1.242152 0.304053
v -0.412146 1.289148 0.384300
v -0.353560 1.252169 0.291322
v -0.332003 1.259970 0.305715
v -0.269220 1.238501 0.379026
v -0.255123 1.247957 0.386028
v -0.350498 1.286255 0.444368
v -0.269424 1.257973 0.366026
v -0.328608 1.248216 0.315350
v -0.400050 1.299025 0.389093
v -0.279549 1.246712 0.362692
v -0.354621 1.297527 0.432439
v -0.313560 1.262380 0.319526
v -0.385988 1.305464 0.396793
v -0.312208 1.278086 0.310985
v -0.296286 1.270837 0.331501
v -0.284388 1.261114 0.348123
v -0.274798 1.276513 0.347118
v -0.363195 1.304240 0.419789
v -0.300773 1.256797 0.335645
v -0.373767 1.306965 0.407650
v -0.284388 1.261114 0.348123
v -0.363195 1.304240 0.419789
v -0.274798 1.276513 0.347118
v -0.458995 1.315300 0.492701
v -0.476870 1.316053 0.521557
v -0.469991 1.322957 0.523225
v -0.484897 1.315099 0.515155
v -0.467521 1.331750 0.518668
v -0.489121 1.320730 0.507695
v -0.486596 1.329891 0.503537
v -0.471744 1.337381 0.511208
v -0.479197 1.336683 0.505089
v -0.489121 1.320730 0.507695
v -0.486596 1.329891 0.503537
v -0.498222 1.315806 0.502859
v -0.493887 1.332851 0.494623
v -0.479197 1.336683 0.505089
v -0.480107 1.346063 0.497608
v -0.471744 1.337381 0.511208
v -0.465279 1.347685 0.509796
v -0.467521 1.331750 0.518668
v -0.457269 1.337187 0.524071
v -0.461734 1.320000 0.531859
v -0.469991 1.322957 0.523225
v -0.475959 1.306673 0.529038
v -0.476870 1.316053 0.521557
v -0.490787 1.305052 0.516851
v -0.484897 1.315099 0.515155
v -0.498222 1.315806 0.502859
v -0.489121 1.320730 0.507695
v -0.498222 1.315806 0.502859
v -0.493887 1.332851 0.494623
v -0.486651 1.303482 0.485066
v -0.481085 1.322869 0.475998
v -0.480107 1.346063 0.497608
v -0.482578 1.303409 0.484439
v -0.465584 1.338026 0.479198
v -0.477353 1.320683 0.475871
v -0.465279 1.347685 0.509796
v -0.449050 1.339836 0.493222
v -0.463585 1.334193 0.479032
v -0.424274 1.255871 0.397800
v -0.424891 1.238295 0.409907
v -0.403598 1.287438 0.394580
v -0.416723 1.273079 0.392563
v -0.448627 1.335956 0.491669
v -0.387903 1.296346 0.402620
v -0.439959 1.327726 0.509287
v -0.440463 1.325006 0.506042
v -0.457269 1.337187 0.524071
v -0.373309 1.296592 0.416107
v -0.362822 1.289982 0.431092
v -0.445383 1.308183 0.518628
v -0.445742 1.307363 0.514210
v -0.362330 1.258832 0.454073
v -0.359570 1.275831 0.444448
v -0.461734 1.320000 0.531859
v -0.461026 1.293181 0.515155
v -0.459445 1.293924 0.511273
v -0.372231 1.242285 0.456328
v -0.475959 1.306673 0.529038
v -0.477940 1.291328 0.501520
v -0.474925 1.292273 0.498753
v -0.403043 1.223549 0.441168
v -0.386424 1.229242 0.452347
v -0.490787 1.305052 0.516851
v -0.498222 1.315806 0.502859
v -0.486651 1.303482 0.485066
v -0.416973 1.226267 0.425755
v -0.424891 1.238295 0.409907
v -0.482578 1.303409 0.484439
v -0.359836 1.172519 0.317242
v -0.328330 1.183423 0.308642
v -0.328100 1.169321 0.319672
v -0.357586 1.192564 0.305475
v -0.373693 1.186933 0.336101
v -0.321469 1.198760 0.303135
v -0.371931 1.206876 0.325836
v -0.363504 1.225109 0.317897
v -0.349525 1.213190 0.298215
v -0.333631 1.231325 0.298766
v -0.309242 1.211331 0.304383
v -0.349425 1.243678 0.319635
v -0.332348 1.254972 0.324395
v -0.316505 1.244842 0.305201
v -0.294071 1.217617 0.312075
v -0.297137 1.250500 0.317984
v -0.314523 1.261048 0.339088
v -0.281547 1.216158 0.324576
v -0.298663 1.258833 0.351391
v -0.280082 1.248966 0.333976
v -0.288668 1.250068 0.369325
v -0.268158 1.238151 0.352794
v -0.273314 1.207333 0.337727
v -0.282544 1.234465 0.383635
v -0.262817 1.223056 0.368234
v -0.273149 1.193161 0.348532
v -0.264937 1.203152 0.380450
v -0.285301 1.216969 0.395806
v -0.280900 1.177595 0.354370
v -0.292798 1.196218 0.401614
v -0.273129 1.182385 0.387262
v -0.288003 1.164621 0.386828
v -0.293127 1.165023 0.353122
v -0.308661 1.179046 0.401813
v -0.306084 1.150804 0.380500
v -0.307408 1.158967 0.345099
v -0.323966 1.166653 0.395291
v -0.325865 1.145316 0.366720
v -0.344891 1.162210 0.382045
v -0.342572 1.146609 0.351500
v -0.320757 1.160268 0.333153
v -0.356827 1.162949 0.367741
v -0.354867 1.158259 0.332260
v -0.328100 1.169321 0.319672
v -0.370495 1.176323 0.348886
v -0.359836 1.172519 0.317242
v -0.373693 1.186933 0.336101
v -0.363195 1.304240 0.419789
v -0.373767 1.306965 0.407650
v -0.373309 1.296592 0.416107
v -0.387903 1.296346 0.402620
v -0.385988 1.305464 0.396793
v -0.400050 1.299025 0.389093
v -0.403598 1.287438 0.394580
v -0.412146 1.289148 0.384300
v -0.416723 1.273079 0.392563
v -0.422851 1.276254 0.384041
v -0.429869 1.261868 0.386902
v -0.424274 1.255871 0.397800
v -0.434146 1.247246 0.394091
v -0.424891 1.238295 0.409907
v -0.433516 1.233769 0.403744
v -0.429482 1.223021 0.415798
v -0.416973 1.226267 0.425755
v -0.420896 1.216012 0.428273
v -0.410259 1.213357 0.440637
v -0.403043 1.223549 0.441168
v -0.397962 1.214632 0.451543
v -0.386424 1.229242 0.452347
v -0.384931 1.220997 0.459300
v -0.371945 1.231103 0.463763
v -0.372231 1.242285 0.456328
v -0.361239 1.243997 0.464022
v -0.362330 1.258832 0.454073
v -0.354222 1.258383 0.461160
v -0.349945 1.273005 0.453972
v -0.359570 1.275831 0.444448
v -0.350498 1.286255 0.444368
v -0.362822 1.289982 0.431092
v -0.354621 1.297527 0.432439
v -0.363195 1.304240 0.419789
v -0.373309 1.296592 0.416107
v -0.318989 1.266795 0.325285
v -0.306862 1.260303 0.341882
v -0.314523 1.261048 0.339088
v -0.300773 1.256797 0.335645
v -0.289741 1.265303 0.353931
v -0.298663 1.258833 0.351391
v -0.288668 1.250068 0.369325
v -0.284902 1.250901 0.368500
v -0.279549 1.246712 0.362692
v -0.284388 1.261114 0.348123
v -0.313560 1.262380 0.319526
v -0.334927 1.252402 0.321440
v -0.332348 1.254972 0.324395
v -0.269220 1.238501 0.379026
v -0.328608 1.248216 0.315350
v -0.274573 1.242690 0.384834
v -0.282544 1.234465 0.383635
v -0.275625 1.219750 0.386276
v -0.280978 1.223939 0.392084
v -0.351600 1.246341 0.309861
v -0.349425 1.243678 0.319635
v -0.346247 1.242152 0.304053
v -0.285301 1.216969 0.395806
v -0.272857 1.203642 0.399859
v -0.279099 1.207602 0.405998
v -0.354447 1.223737 0.309593
v -0.359581 1.227544 0.315724
v -0.292798 1.196218 0.401614
v -0.287933 1.188018 0.397481
v -0.293362 1.192433 0.403240
v -0.368414 1.207960 0.307206
v -0.308661 1.179046 0.401813
v -0.295914 1.169221 0.403343
v -0.301343 1.173636 0.409102
v -0.318015 1.167575 0.397524
v -0.373767 1.212149 0.313015
v -0.363504 1.225109 0.317897
v -0.312509 1.162933 0.391814
v -0.371965 1.196038 0.326879
v -0.366536 1.191623 0.321120
v -0.371931 1.206876 0.325836
v -0.327711 1.149222 0.387540
v -0.333064 1.153411 0.393348
v -0.323966 1.166653 0.395291
v -0.340498 1.154805 0.371421
v -0.378370 1.177287 0.334130
v -0.373693 1.186933 0.336101
v -0.372941 1.172872 0.328371
v -0.367098 1.169674 0.350532
v -0.370495 1.176323 0.348886
v -0.345786 1.159065 0.377454
v -0.344891 1.162210 0.382045
v -0.356883 1.150488 0.358943
v -0.360855 1.165715 0.344393
v -0.363202 1.154674 0.365032
v -0.356827 1.162949 0.367741
v -0.332348 1.254972 0.324395
v -0.318989 1.266795 0.325285
v -0.314523 1.261048 0.339088
v -0.349425 1.243678 0.319635
v -0.334927 1.252402 0.321440
v -0.359581 1.227544 0.315724
v -0.363504 1.225109 0.317897
v -0.373767 1.212149 0.313015
v -0.371931 1.206876 0.325836
v -0.371965 1.196038 0.326879
v -0.373693 1.186933 0.336101
v -0.356827 1.162949 0.367741
v -0.367098 1.169674 0.350532
v -0.370495 1.176323 0.348886
v -0.345786 1.159065 0.377454
v -0.344891 1.162210 0.382045
v -0.333064 1.153411 0.393348
v -0.323966 1.166653 0.395291
v -0.308661 1.179046 0.401813
v -0.318015 1.167575 0.397524
v -0.284902 1.250901 0.368500
v -0.282544 1.234465 0.383635
v -0.288668 1.250068 0.369325
v -0.313244 1.136324 0.302144
v -0.315855 1.139751 0.291724
v -0.312518 1.136777 0.281335
v -0.304777 1.129180 0.276707
v -0.298723 1.120964 0.281531
v -0.296111 1.117537 0.291951
v -0.299448 1.120510 0.302340
v -0.306365 1.128266 0.306413
v -0.313244 1.136324 0.302144
v -0.253798 1.220300 0.304060
v -0.240928 1.205676 0.325667
v -0.238328 1.212364 0.288265
v -0.260972 1.214990 0.266643
v -0.224530 1.196579 0.311564
v -0.262718 1.208257 0.335158
v -0.272805 1.219402 0.318624
v -0.274724 1.222817 0.284099
v -0.262725 1.190725 0.348934
v -0.241178 1.182658 0.343637
v -0.286755 1.203804 0.252951
v -0.223830 1.171807 0.330875
v -0.273149 1.193161 0.348532
v -0.273314 1.207333 0.337727
v -0.288568 1.221293 0.303473
v -0.281547 1.216158 0.324576
v -0.299161 1.212357 0.271647
v -0.271324 1.171685 0.355850
v -0.280900 1.177595 0.354370
v -0.252745 1.157573 0.352793
v -0.308775 1.181884 0.250591
v -0.236705 1.144607 0.340813
v -0.307178 1.213171 0.293905
v -0.294071 1.217617 0.312075
v -0.319372 1.191858 0.269375
v -0.287160 1.155973 0.354250
v -0.293127 1.165023 0.353122
v -0.273032 1.137301 0.350472
v -0.321650 1.154684 0.260528
v -0.258726 1.122687 0.338453
v -0.322124 1.197688 0.291975
v -0.309242 1.211331 0.304383
v -0.330939 1.166774 0.278531
v -0.305769 1.147851 0.344682
v -0.307408 1.158967 0.345099
v -0.296580 1.127071 0.337689
v -0.320950 1.129912 0.279840
v -0.284508 1.111501 0.324761
v -0.331612 1.178419 0.299221
v -0.321469 1.198760 0.303135
v -0.330235 1.144056 0.296395
v -0.321532 1.149742 0.329531
v -0.320757 1.160268 0.333153
v -0.317365 1.129432 0.318002
v -0.330730 1.161116 0.312667
v -0.307087 1.114198 0.303363
v -0.328100 1.169321 0.319672
v -0.328330 1.183423 0.308642
v -0.238328 1.212364 0.288265
v -0.224530 1.196579 0.311564
v -0.227974 1.196904 0.273675
v -0.248900 1.199421 0.253715
v -0.260972 1.214990 0.266643
v -0.215180 1.182506 0.295233
v -0.223830 1.171807 0.330875
v -0.223806 1.176594 0.262147
v -0.240601 1.178411 0.247052
v -0.272448 1.189190 0.240932
v -0.258320 1.170518 0.237154
v -0.286755 1.203804 0.252951
v -0.214541 1.159717 0.312873
v -0.214750 1.165375 0.278737
v -0.236705 1.144607 0.340813
v -0.227862 1.154104 0.255818
v -0.236537 1.155175 0.247636
v -0.246900 1.150856 0.242709
v -0.292670 1.168989 0.238835
v -0.274091 1.154877 0.235779
v -0.254795 1.142405 0.241559
v -0.238555 1.133093 0.255729
v -0.222876 1.148063 0.265046
v -0.213868 1.148072 0.292182
v -0.226108 1.134633 0.322028
v -0.258726 1.122687 0.338453
v -0.260237 1.131975 0.245636
v -0.282690 1.135837 0.242694
v -0.222986 1.138312 0.272409
v -0.223280 1.128577 0.299478
v -0.246357 1.114247 0.319732
v -0.259457 1.122453 0.252668
v -0.227538 1.128111 0.276155
v -0.239154 1.112978 0.297854
v -0.284508 1.111501 0.324761
v -0.270794 1.103787 0.307280
v -0.256847 1.105269 0.288155
v -0.235444 1.119957 0.275180
v -0.282762 1.118234 0.256246
v -0.254471 1.116412 0.261896
v -0.245796 1.115341 0.270078
v -0.307087 1.114198 0.303363
v -0.291617 1.106261 0.287568
v -0.272675 1.107089 0.272779
v -0.304488 1.120886 0.265961
v -0.320950 1.129912 0.279840
v -0.304302 1.143833 0.247766
v -0.321650 1.154684 0.260528
v -0.308775 1.181884 0.250591
v 0.455683 1.101768 -0.562802
v 0.463701 1.107600 -0.560852
v 0.456846 1.090789 -0.558746
v 0.471987 1.102118 -0.554319
v 0.466073 1.117823 -0.562544
v 0.476447 1.120976 -0.557838
v 0.461669 1.125011 -0.567277
v 0.467880 1.135386 -0.567324
v 0.452845 1.126485 -0.572293
v 0.451349 1.137388 -0.577414
v 0.436276 1.125860 -0.581400
v 0.444802 1.120412 -0.574889
v 0.431772 1.107442 -0.577676
v 0.442387 1.110629 -0.572991
v 0.440339 1.093032 -0.568189
v 0.446902 1.102801 -0.568024
v 0.456846 1.090789 -0.558746
v 0.455683 1.101768 -0.562802
v 0.456846 1.090789 -0.558746
v 0.471987 1.102118 -0.554319
v 0.446605 1.094762 -0.536985
v 0.463783 1.107717 -0.532134
v 0.476447 1.120976 -0.557838
v 0.444976 1.098658 -0.535244
v 0.468907 1.128531 -0.536223
v 0.460324 1.110120 -0.531059
v 0.467880 1.135386 -0.567324
v 0.459140 1.145498 -0.546805
v 0.464982 1.129453 -0.534394
v 0.405085 1.124984 -0.430932
v 0.386755 1.116873 -0.438285
v 0.424151 1.157689 -0.432050
v 0.418341 1.139401 -0.428878
v 0.456106 1.144028 -0.544299
v 0.422629 1.176140 -0.439435
v 0.440239 1.147793 -0.558022
v 0.439094 1.145962 -0.554346
v 0.451349 1.137388 -0.577414
v 0.412964 1.188818 -0.450078
v 0.398035 1.196660 -0.460749
v 0.423259 1.135312 -0.562688
v 0.423780 1.134400 -0.558311
v 0.364453 1.183654 -0.474742
v 0.380639 1.193506 -0.469250
v 0.436276 1.125860 -0.581400
v 0.417927 1.114366 -0.558357
v 0.419276 1.115983 -0.554586
v 0.354130 1.167400 -0.474559
v 0.431772 1.107442 -0.577676
v 0.427695 1.097398 -0.547776
v 0.427964 1.100592 -0.545291
v 0.355526 1.130891 -0.460981
v 0.350242 1.148651 -0.469997
v 0.440339 1.093032 -0.568189
v 0.456846 1.090789 -0.558746
v 0.446605 1.094762 -0.536985
v 0.368403 1.119036 -0.449105
v 0.386755 1.116873 -0.438285
v 0.444976 1.098658 -0.535244
v 0.330271 1.139687 -0.323010
v 0.328650 1.172295 -0.312076
v 0.313243 1.166486 -0.319106
v 0.349824 1.151277 -0.315894
v 0.343079 1.135703 -0.346521
v 0.340356 1.186076 -0.308990
v 0.362242 1.145080 -0.341700
v 0.376471 1.161478 -0.336735
v 0.366138 1.167597 -0.312637
v 0.374991 1.189201 -0.315316
v 0.345491 1.202750 -0.311165
v 0.385844 1.181786 -0.341162
v 0.386807 1.202224 -0.345324
v 0.376975 1.211719 -0.321399
v 0.342419 1.218571 -0.317879
v 0.369735 1.232035 -0.331666
v 0.379900 1.222424 -0.357588
v 0.331786 1.230382 -0.326872
v 0.367702 1.235012 -0.366259
v 0.356482 1.246250 -0.344040
v 0.350871 1.240638 -0.379535
v 0.336486 1.253531 -0.356893
v 0.316922 1.233303 -0.336260
v 0.330363 1.240353 -0.387885
v 0.316739 1.251983 -0.367014
v 0.301515 1.227493 -0.343291
v 0.297032 1.241474 -0.374158
v 0.312963 1.230480 -0.395906
v 0.289722 1.214593 -0.345965
v 0.296763 1.214444 -0.397430
v 0.281112 1.224107 -0.377408
v 0.272192 1.202702 -0.375170
v 0.284861 1.197854 -0.343591
v 0.288913 1.191611 -0.396542
v 0.270001 1.180050 -0.368844
v 0.288020 1.181152 -0.337289
v 0.286721 1.172951 -0.389494
v 0.277857 1.159404 -0.357740
v 0.295801 1.151791 -0.379350
v 0.290528 1.145420 -0.345984
v 0.298292 1.170288 -0.328083
v 0.305860 1.140063 -0.368339
v 0.311434 1.139056 -0.332584
v 0.313243 1.166486 -0.319106
v 0.328712 1.133287 -0.355964
v 0.330271 1.139687 -0.323010
v 0.343079 1.135703 -0.346521
v 0.413751 1.202304 -0.453299
v 0.424195 1.193669 -0.444194
v 0.412964 1.188818 -0.450078
v 0.422629 1.176140 -0.439435
v 0.431683 1.180836 -0.435993
v 0.434153 1.165928 -0.429044
v 0.424151 1.157689 -0.432050
v 0.432312 1.150461 -0.424123
v 0.418341 1.139401 -0.428878
v 0.425957 1.135031 -0.422552
v 0.415913 1.121438 -0.423372
v 0.405085 1.124984 -0.430932
v 0.403007 1.112210 -0.427191
v 0.386755 1.116873 -0.438285
v 0.388645 1.106919 -0.432795
v 0.373897 1.106132 -0.441172
v 0.368403 1.119036 -0.449105
v 0.360665 1.110071 -0.450080
v 0.350100 1.119687 -0.458993
v 0.355526 1.130891 -0.460981
v 0.342940 1.131673 -0.467627
v 0.350242 1.148651 -0.469997
v 0.340263 1.146447 -0.474334
v 0.342017 1.162796 -0.478844
v 0.354130 1.167400 -0.474559
v 0.348424 1.177444 -0.481047
v 0.364453 1.183654 -0.474742
v 0.358502 1.190938 -0.480006
v 0.371375 1.200265 -0.476408
v 0.380639 1.193506 -0.469250
v 0.385924 1.206372 -0.470193
v 0.398035 1.196660 -0.460749
v 0.400605 1.207358 -0.462257
v 0.413751 1.202304 -0.453299
v 0.412964 1.188818 -0.450078
v 0.390926 1.219544 -0.346781
v 0.375193 1.228897 -0.358539
v 0.379900 1.222424 -0.357588
v 0.371527 1.231551 -0.351096
v 0.368624 1.246105 -0.368960
v 0.367702 1.235012 -0.366259
v 0.350871 1.240638 -0.379535
v 0.349975 1.244294 -0.378285
v 0.345827 1.246881 -0.370799
v 0.364423 1.249473 -0.360842
v 0.386779 1.222130 -0.339295
v 0.386505 1.199514 -0.341904
v 0.386807 1.202224 -0.345324
v 0.329473 1.253838 -0.382193
v 0.382116 1.202066 -0.334397
v 0.333621 1.251252 -0.389678
v 0.330363 1.240353 -0.387885
v 0.314054 1.239848 -0.385616
v 0.318201 1.237262 -0.393102
v 0.391889 1.181455 -0.332228
v 0.385844 1.181786 -0.341162
v 0.387741 1.184041 -0.324742
v 0.312963 1.230480 -0.395906
v 0.295179 1.234595 -0.394569
v 0.299567 1.232042 -0.402076
v 0.373883 1.168542 -0.326922
v 0.377515 1.165988 -0.334585
v 0.296763 1.214444 -0.397430
v 0.289144 1.214860 -0.390664
v 0.293291 1.212274 -0.398150
v 0.367091 1.148805 -0.323173
v 0.288913 1.191611 -0.396542
v 0.274770 1.199393 -0.393022
v 0.278917 1.196807 -0.400508
v 0.284389 1.177866 -0.391243
v 0.371567 1.145372 -0.331092
v 0.376471 1.161478 -0.336735
v 0.279913 1.181300 -0.383323
v 0.352605 1.141000 -0.339634
v 0.348457 1.143586 -0.332148
v 0.362242 1.145080 -0.341700
v 0.275819 1.160423 -0.378880
v 0.279967 1.157837 -0.386366
v 0.286721 1.172951 -0.389494
v 0.290830 1.150968 -0.367058
v 0.337186 1.127010 -0.343057
v 0.343079 1.135703 -0.346521
v 0.332797 1.129562 -0.335549
v 0.321005 1.134200 -0.354912
v 0.328712 1.133287 -0.355964
v 0.294944 1.148481 -0.374764
v 0.295801 1.151791 -0.379350
v 0.298088 1.133961 -0.356921
v 0.316858 1.136787 -0.347426
v 0.302236 1.131375 -0.364407
v 0.305860 1.140063 -0.368339
v 0.386807 1.202224 -0.345324
v 0.390926 1.219544 -0.346781
v 0.379900 1.222424 -0.357588
v 0.385844 1.181786 -0.341162
v 0.386505 1.199514 -0.341904
v 0.377515 1.165988 -0.334585
v 0.376471 1.161478 -0.336735
v 0.371567 1.145372 -0.331092
v 0.362242 1.145080 -0.341700
v 0.352605 1.141000 -0.339634
v 0.343079 1.135703 -0.346521
v 0.305860 1.140063 -0.368339
v 0.321005 1.134200 -0.354912
v 0.328712 1.133287 -0.355964
v 0.294944 1.148481 -0.374764
v 0.295801 1.151791 -0.379350
v 0.279967 1.157837 -0.386366
v 0.286721 1.172951 -0.389494
v 0.288913 1.191611 -0.396542
v 0.284389 1.177866 -0.391243
v 0.349975 1.244294 -0.378285
v 0.330363 1.240353 -0.387885
v 0.350871 1.240638 -0.379535
v 0.283810 1.164677 -0.291339
v 0.290938 1.163500 -0.282683
v 0.290047 1.164666 -0.271469
v 0.281704 1.166976 -0.264277
v 0.270823 1.169693 -0.265440
v 0.263453 1.170836 -0.274075
v 0.264345 1.169671 -0.285289
v 0.272721 1.167261 -0.292260
v 0.283810 1.164677 -0.291339
v 0.290830 1.150968 -0.367058
v 0.280414 1.140466 -0.369941
v 0.298088 1.133961 -0.356921
v 0.275819 1.160423 -0.378880
v 0.289658 1.118077 -0.357131
v 0.313441 1.122246 -0.344821
v 0.316858 1.136787 -0.347426
v 0.360665 1.110071 -0.450080
v 0.261372 1.152022 -0.384795
v 0.350100 1.119687 -0.458993
v 0.342940 1.131673 -0.467627
v 0.266813 1.178123 -0.390870
v 0.279913 1.181300 -0.383323
v 0.332797 1.129562 -0.335549
v 0.373897 1.106132 -0.441172
v 0.333741 1.112073 -0.330346
v 0.388645 1.106919 -0.432795
v 0.353388 1.130231 -0.325685
v 0.340263 1.146447 -0.474334
v 0.274770 1.199393 -0.393022
v 0.260079 1.200552 -0.403234
v 0.342017 1.162796 -0.478844
v 0.348457 1.143586 -0.332148
v 0.278339 1.220451 -0.400279
v 0.403007 1.112210 -0.427191
v 0.289144 1.214860 -0.390664
v 0.367091 1.148805 -0.323173
v 0.415913 1.121438 -0.423372
v 0.377209 1.137027 -0.314357
v 0.348424 1.177444 -0.481047
v 0.385897 1.161856 -0.319341
v 0.295179 1.234595 -0.394569
v 0.285976 1.246026 -0.404764
v 0.358502 1.190938 -0.480006
v 0.373883 1.168542 -0.326922
v 0.309885 1.251941 -0.393848
v 0.425957 1.135031 -0.422552
v 0.314054 1.239848 -0.385616
v 0.371375 1.200265 -0.476408
v 0.387741 1.184041 -0.324742
v 0.432312 1.150461 -0.424123
v 0.403194 1.181620 -0.316299
v 0.396339 1.205029 -0.328472
v 0.329473 1.253838 -0.382193
v 0.329532 1.270099 -0.389188
v 0.385924 1.206372 -0.470193
v 0.350279 1.262089 -0.374614
v 0.382116 1.202066 -0.334397
v 0.434153 1.165928 -0.429044
v 0.345827 1.246881 -0.370799
v 0.400605 1.207358 -0.462257
v 0.386779 1.222130 -0.339295
v 0.431683 1.180836 -0.435993
v 0.401901 1.230150 -0.334739
v 0.382978 1.242720 -0.349423
v 0.364423 1.249473 -0.360842
v 0.373855 1.264128 -0.362423
v 0.413751 1.202304 -0.453299
v 0.371527 1.231551 -0.351096
v 0.424195 1.193669 -0.444194
v 0.364423 1.249473 -0.360842
v 0.413751 1.202304 -0.453299
v 0.373855 1.264128 -0.362423
v 0.442682 1.124508 -0.542413
v 0.442387 1.110629 -0.572991
v 0.444802 1.120412 -0.574889
v 0.446902 1.102801 -0.568024
v 0.452845 1.126485 -0.572293
v 0.455683 1.101768 -0.562802
v 0.463701 1.107600 -0.560852
v 0.461669 1.125011 -0.567277
v 0.466073 1.117823 -0.562544
v 0.329526 1.256058 -0.303554
v 0.305220 1.260784 -0.318797
v 0.320806 1.265489 -0.283887
v 0.339138 1.245700 -0.267777
v 0.294612 1.270575 -0.300300
v 0.313938 1.243024 -0.332219
v 0.332579 1.239382 -0.320489
v 0.346625 1.236932 -0.289120
v 0.294803 1.236424 -0.340660
v 0.280263 1.251624 -0.329938
v 0.344669 1.217116 -0.256388
v 0.267439 1.260628 -0.312540
v 0.301515 1.227493 -0.343291
v 0.316922 1.233303 -0.336260
v 0.345423 1.225631 -0.309195
v 0.331786 1.230382 -0.326872
v 0.351746 1.210807 -0.278450
v 0.280174 1.220341 -0.344069
v 0.289722 1.214593 -0.345965
v 0.261079 1.230225 -0.334511
v 0.336156 1.186533 -0.252951
v 0.246931 1.238045 -0.317176
v 0.349522 1.205024 -0.301285
v 0.342419 1.218571 -0.317879
v 0.343526 1.183468 -0.274944
v 0.274004 1.199009 -0.341407
v 0.284861 1.197854 -0.343591
v 0.253133 1.202820 -0.330806
v 0.315373 1.164016 -0.257785
v 0.238090 1.208309 -0.313305
v 0.343352 1.183693 -0.298623
v 0.345491 1.202750 -0.311165
v 0.324375 1.161969 -0.279297
v 0.277863 1.178368 -0.333475
v 0.288020 1.181152 -0.337289
v 0.258342 1.175814 -0.320549
v 0.288234 1.153970 -0.269805
v 0.243708 1.178844 -0.302329
v 0.328723 1.167609 -0.302032
v 0.340356 1.186076 -0.308990
v 0.299384 1.152909 -0.290659
v 0.290948 1.164651 -0.322202
v 0.298292 1.170288 -0.328083
v 0.275320 1.157668 -0.305923
v 0.309435 1.160094 -0.310862
v 0.262006 1.159155 -0.286439
v 0.313243 1.166486 -0.319106
v 0.328650 1.172295 -0.312076
v 0.320806 1.265489 -0.283887
v 0.294612 1.270575 -0.300300
v 0.307734 1.267009 -0.264424
v 0.324504 1.248730 -0.249557
v 0.339138 1.245700 -0.267777
v 0.283341 1.272616 -0.279255
v 0.267439 1.260628 -0.312540
v 0.292106 1.260026 -0.248145
v 0.304984 1.246176 -0.236630
v 0.329713 1.221725 -0.239299
v 0.308842 1.225535 -0.228699
v 0.344669 1.217116 -0.256388
v 0.258471 1.262575 -0.290808
v 0.273411 1.264450 -0.259243
v 0.246931 1.238045 -0.317176
v 0.276234 1.245907 -0.237489
v 0.283316 1.238260 -0.231210
v 0.285433 1.227757 -0.226814
v 0.321733 1.194419 -0.235815
v 0.302792 1.205218 -0.225867
v 0.282021 1.215943 -0.225411
v 0.262838 1.227551 -0.233457
v 0.266157 1.248724 -0.243329
v 0.254364 1.256968 -0.268095
v 0.239287 1.241176 -0.295381
v 0.238090 1.208309 -0.313305
v 0.274148 1.207377 -0.227268
v 0.288009 1.188220 -0.229666
v 0.255903 1.244590 -0.248227
v 0.239614 1.240869 -0.271493
v 0.231187 1.213854 -0.291886
v 0.263894 1.203243 -0.232165
v 0.247823 1.235890 -0.249842
v 0.233444 1.219537 -0.268831
v 0.243708 1.178844 -0.302329
v 0.236342 1.187630 -0.280996
v 0.237389 1.199012 -0.261131
v 0.244618 1.224210 -0.248680
v 0.268908 1.181520 -0.237886
v 0.253576 1.206026 -0.237984
v 0.246648 1.213590 -0.244054
v 0.262006 1.159155 -0.286439
v 0.253199 1.169467 -0.266360
v 0.250388 1.185179 -0.249627
v 0.277592 1.163860 -0.251529
v 0.288234 1.153970 -0.269805
v 0.302549 1.173020 -0.240388
v 0.315373 1.164016 -0.257785
v 0.336156 1.186533 -0.252951
vn -0.6948 -0.0000 -0.7192
vn -0.3840 -0.0000 -0.9234
vn -0.3834 -0.0000 -0.9236
vn -0.9258 -0.0000 -0.3781
vn -0.9260 -0.0000 -0.3775
vn -0.9999 -0.0000 -0.0113
vn -0.9244 -0.0000 0.3814
vn -0.6990 -0.0000 0.7151
vn -0.3677 -0.0000 0.9299
vn 0.0202 -0.0000 0.9998
vn 0.4097 -0.0000 0.9122
vn 0.4096 -0.0000 0.9123
vn 0.7272 -0.0000 0.6865
vn 0.7272 -0.0000 0.6864
vn 0.9339 -0.0000 0.3575
vn 0.9998 -0.0000 -0.0195
vn 0.9998 -0.0000 -0.0186
vn 0.9198 -0.0000 -0.3923
vn 0.9199 -0.0000 -0.3921
vn 0.7032 -0.0000 -0.7110
vn 0.7027 -0.0000 -0.7115
vn 0.3781 -0.0000 -0.9258
vn 0.0015 -0.0000 -1.0000
vn 0.0016 -0.0000 -1.0000
vn -0.3830 -0.0000 -0.9237
vn -0.3836 -0.0001 -0.9235
vn -0.3840 -0.0000 -0.9233
vn -0.9257 -0.0000 -0.3782
vn -0.9999 -0.0000 -0.0111
vn -0.9247 -0.0000 0.3807
vn -0.6990 -0.0000 0.7152
vn -0.3680 -0.0000 0.9298
vn -0.3678 -0.0000 0.9299
vn 0.0196 -0.0000 0.9998
vn 0.7271 -0.0000 0.6865
vn 0.9339 -0.0000 0.3576
vn 0.9998 -0.0000 -0.0187
vn 0.3782 -0.0000 -0.9257
vn -0.3836 -0.0000 -0.9235
vn -0.0795 0.9792 -0.1867
vn -0.7000 -0.0478 -0.7125
vn -0.1442 0.9788 -0.1457
vn -0.3847 -0.0772 -0.9198
vn -0.0019 0.9796 -0.2012
vn -0.3313 -0.4869 -0.8082
vn -0.6291 -0.4635 -0.6240
vn 0.0006 -0.4939 -0.8695
vn 0.0003 -0.0931 -0.9957
vn -0.3135 -0.5467 -0.7764
vn 0.0799 0.9797 -0.1836
vn -0.5870 -0.5459 -0.5979
vn 0.0096 -0.5403 -0.8414
vn 0.3268 -0.4990 -0.8026
vn 0.3806 -0.1088 -0.9183
vn 0.1464 0.9781 -0.1480
vn -0.6973 -0.0348 -0.7160
vn -0.3726 -0.0231 -0.9277
vn -0.0147 -0.0036 -0.9999
vn 0.3315 -0.5252 -0.7837
vn 0.3708 0.0175 -0.9286
vn 0.6114 -0.4976 -0.6153
vn 0.7026 -0.1157 -0.7021
vn 0.6026 -0.5199 -0.6055
vn 0.6977 0.0134 -0.7163
vn 0.8041 -0.4877 -0.3400
vn 0.9176 -0.1043 -0.3836
vn 0.1863 0.9791 -0.0819
vn 0.7857 -0.5189 -0.3367
vn 0.9165 0.0084 -0.3999
vn 0.8736 -0.4864 -0.0165
vn 0.9956 -0.0927 -0.0166
vn 0.2022 0.9793 0.0061
vn 0.8544 -0.5193 -0.0150
vn 0.9999 0.0064 -0.0156
vn 0.9360 -0.0718 0.3447
vn 0.1955 0.9779 0.0741
vn 0.7902 -0.5360 0.2971
vn 0.8188 -0.4807 0.3139
vn 0.9321 -0.0090 0.3620
vn 0.6186 -0.5496 0.5615
vn 0.7324 -0.0311 0.6802
vn 0.1535 0.9786 0.1370
vn 0.6441 -0.4583 0.6124
vn 0.7398 -0.0182 0.6726
vn 0.3519 -0.5517 0.7561
vn 0.4019 -0.0003 0.9157
vn 0.0817 0.9789 0.1875
vn 0.3616 -0.4429 0.8204
vn 0.4087 -0.0098 0.9126
vn 0.0188 -0.5526 0.8332
vn 0.0082 0.0185 0.9998
vn 0.0017 0.9792 0.2027
vn 0.0081 -0.4419 0.8970
vn -0.3850 0.0115 0.9228
vn 0.0043 -0.0032 1.0000
vn -0.3270 -0.5483 0.7697
vn -0.3521 -0.4372 0.8276
vn -0.0821 0.9789 0.1873
vn -0.7113 -0.0210 0.7025
vn -0.1518 0.9766 0.1522
vn -0.6422 -0.4422 0.6261
vn -0.3804 -0.0070 0.9248
vn -0.6186 -0.5173 0.5913
vn -0.7172 -0.0113 0.6967
vn -0.8251 -0.4445 0.3486
vn -0.1897 0.9782 0.0844
vn -0.9208 -0.0154 0.3898
vn -1.0000 0.0053 -0.0044
vn -0.7839 -0.5356 0.3140
vn -0.9325 -0.0149 0.3608
vn -0.8351 -0.5501 -0.0021
vn -0.8971 -0.4419 -0.0008
vn -0.2073 0.9783 0.0001
vn -0.8322 -0.4422 -0.3345
vn -0.9214 -0.0064 -0.3887
vn -0.9996 -0.0261 -0.0099
vn -0.7721 -0.5556 -0.3084
vn -0.6294 -0.4635 -0.6238
vn -0.1890 0.9789 -0.0771
vn -0.7003 -0.0478 -0.7123
vn -0.1444 0.9788 -0.1456
vn -0.9278 -0.0390 -0.3711
vn -0.5872 -0.5459 -0.5977
vn -0.6975 -0.0348 -0.7158
vn 0.1860 0.9791 -0.0818
vn 0.1461 0.9782 -0.1477
vn 0.0006 1.0000 0.0003
vn 0.2018 0.9794 0.0062
vn 0.1860 0.9791 -0.0817
vn -0.0000 1.0000 -0.0000
vn 0.1951 0.9780 0.0740
vn 0.1532 0.9787 0.1368
vn 0.0815 0.9789 0.1872
vn 0.0004 1.0000 0.0002
vn 0.0016 0.9793 0.2023
vn -0.0821 0.9789 0.1869
vn -0.1893 0.9783 0.0842
vn -0.1516 0.9767 0.1519
vn -0.1886 0.9790 -0.0771
vn -0.2069 0.9784 -0.0000
vn -0.1440 0.9788 -0.1453
vn -0.0793 0.9793 -0.1864
vn -0.1440 0.9788 -0.1454
vn -0.0019 0.9796 -0.2008
vn 0.0003 1.0000 0.0002
vn 0.0798 0.9798 -0.1833
vn 0.0799 0.9798 -0.1832
vn -0.2069 0.9784 0.0001
vn -0.2959 -0.9073 -0.2986
vn -0.2193 -0.8139 -0.5380
vn -0.1563 -0.9087 -0.3872
vn -0.4129 -0.8111 -0.4143
vn -0.2863 -0.6547 -0.6996
vn -0.5436 -0.8102 -0.2194
vn -0.3922 -0.9060 -0.1594
vn -0.7054 -0.6498 -0.2831
vn -0.5362 -0.6519 -0.5362
vn -0.3335 -0.4724 -0.8159
vn -0.5869 -0.8096 0.0054
vn -0.4237 -0.9058 0.0034
vn -0.8203 -0.4675 -0.3294
vn -0.6240 -0.4697 -0.6245
vn -0.8844 -0.4667 0.0089
vn -0.7612 -0.6484 0.0075
vn -0.8920 -0.2773 -0.3569
vn -0.3634 -0.2805 -0.8884
vn -0.6796 -0.2785 -0.6786
vn -0.5400 -0.8101 0.2285
vn -0.3890 -0.9063 0.1654
vn -0.7007 -0.6494 0.2954
vn -0.9609 -0.2766 0.0101
vn -0.8144 -0.4675 0.3437
vn -0.9818 -0.1894 0.0103
vn -0.9113 -0.1898 -0.3653
vn -0.8854 -0.2771 0.3733
vn -0.3716 -0.1925 -0.9082
vn -0.6943 -0.1918 -0.6937
vn -0.4070 -0.8121 0.4182
vn -0.2917 -0.9076 0.3020
vn -0.5298 -0.6523 0.5420
vn -0.6167 -0.4702 0.6313
vn -0.9046 -0.1900 0.3815
vn -0.6714 -0.2791 0.6865
vn -0.2125 -0.8140 0.5406
vn -0.1516 -0.9088 0.3887
vn -0.2777 -0.6549 0.7028
vn -0.3236 -0.4728 0.8196
vn -0.6861 -0.1914 0.7019
vn -0.3530 -0.2807 0.8925
vn 0.0114 -0.8149 0.5795
vn 0.0079 -0.9093 0.4160
vn 0.0151 -0.6560 0.7546
vn 0.0178 -0.4737 0.8805
vn -0.3604 -0.1929 0.9126
vn 0.0195 -0.2815 0.9594
vn 0.3108 -0.6548 0.6890
vn 0.2380 -0.8138 0.5302
vn 0.3622 -0.4723 0.8035
vn 0.3950 -0.2805 0.8748
vn 0.1698 -0.9088 0.3811
vn 0.0200 -0.1933 0.9809
vn 0.4034 -0.1926 0.8945
vn 0.6455 -0.4700 0.6020
vn 0.5542 -0.6523 0.5171
vn 0.4263 -0.8121 0.3985
vn 0.7025 -0.2790 0.6547
vn 0.7178 -0.1913 0.6694
vn 0.3057 -0.9079 0.2869
vn 0.8978 -0.2773 0.3420
vn 0.8258 -0.4679 0.3150
vn 0.7099 -0.6503 0.2705
vn 0.5468 -0.8110 0.2081
vn 0.9174 -0.1899 0.3496
vn 0.3941 -0.9068 0.1497
vn 0.9818 -0.1894 -0.0110
vn 0.9609 -0.2768 -0.0109
vn 0.8842 -0.4670 -0.0090
vn 0.7603 -0.6495 -0.0068
vn 0.5855 -0.8107 -0.0036
vn 0.4230 -0.9061 -0.0006
vn 0.9038 -0.1916 -0.3828
vn 0.8842 -0.2798 -0.3740
vn 0.8121 -0.4713 -0.3440
vn 0.6973 -0.6533 -0.2949
vn 0.5356 -0.8134 -0.2269
vn 0.3833 -0.9092 -0.1627
vn 0.6698 -0.2797 -0.6879
vn 0.6141 -0.4711 -0.6332
vn 0.5263 -0.6537 -0.5438
vn 0.4023 -0.8133 -0.4203
vn 0.2864 -0.9083 -0.3048
vn 0.6844 -0.1918 -0.7034
vn 0.3682 -0.2812 -0.8862
vn 0.3373 -0.4735 -0.8137
vn 0.2891 -0.6559 -0.6973
vn 0.2213 -0.8152 -0.5353
vn 0.1581 -0.9095 -0.3845
vn 0.3762 -0.1930 -0.9062
vn -0.0016 -0.2820 -0.9594
vn -0.0013 -0.4742 -0.8804
vn -0.0015 -0.6563 -0.7545
vn -0.0008 -0.8155 -0.5787
vn -0.0002 -0.9097 -0.4153
vn -0.0013 -0.1933 -0.9811
vn -0.3712 -0.1925 -0.9084
vn -0.3630 -0.2805 -0.8885
vn -0.3331 -0.4724 -0.8160
vn -0.2859 -0.6547 -0.6997
vn -0.2190 -0.8139 -0.5381
vn -0.1561 -0.9087 -0.3872
vn 0.2553 0.7170 -0.6487
vn 0.3979 0.8216 -0.4082
vn 0.4923 0.7096 -0.5041
vn 0.2131 0.8128 -0.5422
vn -0.0137 0.7072 -0.7069
vn -0.0255 0.9993 0.0263
vn -0.0112 0.8178 -0.5754
vn -0.0133 0.9993 0.0345
vn -0.2624 0.7107 -0.6528
vn -0.2132 0.8201 -0.5310
vn 0.0011 0.9993 0.0371
vn -0.4840 0.7116 -0.5092
vn 0.0137 0.9993 0.0336
vn -0.3917 0.8216 -0.4142
vn 0.0291 0.9994 0.0197
vn -0.6409 0.7179 -0.2719
vn -0.5188 0.8270 -0.2165
vn 0.0317 0.9993 0.0179
vn -0.5715 0.8205 0.0094
vn -0.6916 0.7222 0.0098
vn 0.0273 0.9996 0.0070
vn -0.6479 0.7117 0.2717
vn -0.5124 0.8323 0.2113
vn 0.0289 0.9994 -0.0170
vn -0.5048 0.7131 0.4865
vn -0.4005 0.8309 0.3862
vn 0.0246 0.9994 -0.0240
vn -0.2793 0.7092 0.6474
vn -0.2252 0.8222 0.5228
vn 0.0149 0.9994 -0.0326
vn -0.0194 0.7146 0.6992
vn -0.0168 0.8160 0.5778
vn -0.0023 0.9993 -0.0360
vn 0.2566 0.7111 0.6547
vn 0.2078 0.8212 0.5315
vn -0.0162 0.9993 -0.0335
vn 0.4112 0.8169 0.4046
vn -0.0238 0.9993 -0.0282
vn 0.4962 0.7174 0.4889
vn 0.5236 0.8245 0.2147
vn -0.0323 0.9993 -0.0164
vn 0.6566 0.7043 0.2700
vn -0.0363 0.9993 -0.0010
vn 0.6962 0.7177 0.0160
vn 0.5763 0.8171 0.0133
vn 0.6423 0.7139 -0.2790
vn 0.5250 0.8200 -0.2279
vn -0.0334 0.9993 0.0146
vn 0.4922 0.7095 -0.5043
vn 0.3982 0.8216 -0.4079
vn -0.0254 0.9993 0.0263
vn 0.3426 -0.8600 0.3782
vn -0.0434 -0.9976 0.0532
vn -0.0431 -0.9976 0.0534
vn 0.3440 -0.8589 0.3794
vn 0.6333 -0.4893 0.5996
vn 0.6343 -0.4873 0.6002
vn 0.7520 0.0060 0.6592
vn 0.7522 0.0101 0.6589
vn 0.6716 0.5036 0.5434
vn 0.6704 0.5066 0.5421
vn 0.4132 0.8651 0.2844
vn 0.4117 0.8663 0.2828
vn 0.0470 0.9977 -0.0485
vn 0.0469 0.9977 -0.0488
vn -0.3295 0.8700 -0.3669
vn -0.3311 0.8687 -0.3684
vn -0.6225 0.5127 -0.5913
vn -0.6240 0.5093 -0.5927
vn -0.7504 0.0204 -0.6606
vn -0.7510 0.0159 -0.6601
vn -0.6746 -0.4942 -0.5484
vn -0.6723 -0.5006 -0.5454
vn -0.4130 -0.8656 -0.2832
vn -0.4098 -0.8680 -0.2802
vn -0.0438 -0.9976 0.0528
vn -0.0435 -0.9976 0.0531
vn -0.5897 0.6486 0.4812
vn -0.7455 -0.0828 0.6614
vn -0.6251 0.6362 0.4521
vn -0.7889 -0.0852 0.6085
vn -0.5052 -0.7670 0.3955
vn -0.3484 0.6226 0.7007
vn -0.5563 -0.7553 0.3465
vn -0.5096 -0.0898 0.8557
vn 0.5579 0.1600 0.8144
vn -0.0637 -0.9816 -0.1802
vn -0.2798 -0.7520 0.5969
vn 0.5126 -0.0392 0.8577
vn -0.0164 -0.9879 -0.1545
vn 0.4006 -0.6318 -0.6636
vn 0.2068 -0.9754 0.0764
vn 0.5770 -0.2243 0.7853
vn 0.4253 -0.6255 -0.6541
vn 0.5647 0.0898 -0.8204
vn 0.6653 -0.6295 -0.4014
vn 0.7130 -0.2869 0.6398
vn 0.5672 0.0933 -0.8183
vn 0.8412 -0.1903 0.5061
vn 0.8268 0.0830 -0.5564
vn 0.3359 0.7563 -0.5614
vn 0.3321 0.7603 -0.5583
vn 0.8864 0.0092 0.4629
vn 0.5968 0.7451 -0.2976
vn -0.1395 0.9898 -0.0283
vn -0.1610 0.9865 -0.0314
vn 0.8222 0.1942 0.5351
vn 0.1102 0.9686 0.2230
vn -0.5898 0.6485 0.4812
vn -0.6250 0.6363 0.4522
vn 0.6861 0.2569 0.6806
vn -0.3483 0.6226 0.7007
vn 0.7270 -0.0157 0.6864
vn 0.8411 -0.1900 0.5065
vn 0.6862 0.2564 0.6807
vn 0.5580 0.1600 0.8143
vn 0.7131 -0.2864 0.6399
vn 0.5582 0.1599 0.8142
vn 0.5130 -0.0392 0.8575
vn 0.5773 -0.2240 0.7852
vn -0.8834 0.2282 -0.4092
vn -0.9354 -0.0148 -0.3532
vn -0.6164 0.6336 0.4675
vn -0.7698 -0.0844 0.6327
vn -0.8623 -0.2406 -0.4456
vn -0.3277 0.6266 0.7071
vn -0.5534 -0.7514 0.3592
vn -0.4815 -0.0897 0.8718
vn -0.7070 -0.3167 -0.6323
vn -0.4217 0.6402 0.6421
vn -0.0942 -0.9767 -0.1930
vn -0.2661 -0.7554 0.5989
vn -0.5689 -0.0959 0.8168
vn -0.5601 -0.1987 -0.8043
vn 0.3393 -0.6282 -0.7001
vn 0.1922 -0.9802 0.0478
vn -0.3290 -0.7710 0.5452
vn -0.5084 0.0442 -0.8600
vn 0.4930 0.0900 -0.8654
vn 0.6252 -0.6322 -0.4577
vn 0.5826 -0.6359 -0.5062
vn 0.1476 -0.9890 -0.0030
vn -0.5814 0.2700 -0.7675
vn 0.2766 0.7572 -0.5918
vn 0.7786 0.0841 -0.6219
vn 0.7293 0.0807 -0.6794
vn -0.7370 0.3460 -0.5806
vn -0.1827 0.9824 -0.0399
vn 0.5637 0.7490 -0.3484
vn 0.5029 0.7543 -0.4221
vn 0.1054 0.9737 0.2020
vn -0.6162 0.6339 0.4674
vn 0.0261 0.9919 0.1245
vn -0.3292 -0.7708 0.5455
vn -0.5054 -0.7669 0.3954
vn -0.5690 -0.0959 0.8168
vn -0.7456 -0.0828 0.6612
vn -0.4219 0.6402 0.6420
vn -0.5899 0.6485 0.4810
vn 0.0259 0.9919 0.1243
vn -0.1395 0.9898 -0.0282
vn 0.5026 0.7543 -0.4223
vn 0.3357 0.7563 -0.5615
vn 0.5670 0.0933 -0.8184
vn 0.4251 -0.6255 -0.6543
vn -0.0165 -0.9878 -0.1547
vn 0.1475 -0.9891 -0.0028
vn -0.5052 -0.7672 0.3951
vn -0.3291 -0.7710 0.5452
vn 0.3878 -0.7411 -0.5481
vn 0.4295 -0.6949 -0.5767
vn 0.7944 -0.6030 0.0725
vn 0.8301 -0.5563 0.0380
vn 0.6150 0.1003 -0.7821
vn 0.7347 -0.1519 0.6612
vn 0.6911 -0.1913 0.6970
vn 0.9251 0.2198 -0.3095
vn 0.8345 0.5263 0.1633
vn 0.1862 0.2944 0.9374
vn 0.4092 0.8366 0.3643
vn 0.1382 0.2522 0.9578
vn 0.9651 0.0501 -0.2570
vn 0.8685 0.4035 0.2878
vn 0.3797 0.7671 0.5171
vn 0.6056 -0.0792 -0.7918
vn -0.1036 0.9769 0.1870
vn -0.5034 0.5184 0.6913
vn -0.5370 0.4664 0.7029
vn 0.4904 -0.5821 -0.6487
vn 0.8933 -0.4491 -0.0150
vn 0.7768 -0.0590 0.6269
vn 0.2100 0.3632 0.9077
vn -0.2075 0.9292 0.3059
vn -0.4827 0.5733 0.6621
vn -0.4165 0.8686 -0.2685
vn -0.9241 0.3782 0.0545
vn -0.9405 0.3289 0.0858
vn -0.5571 0.8016 -0.2170
vn -0.8954 0.4445 0.0272
vn -0.8120 -0.0431 -0.5821
vn -0.3448 0.5675 -0.7477
vn -0.8403 -0.0802 -0.5361
vn -0.4710 0.4578 -0.7540
vn -0.7798 0.0501 -0.6240
vn -0.2905 -0.5245 -0.8003
vn -0.2458 -0.4873 -0.8379
vn 0.0831 0.2458 -0.9658
vn 0.0074 0.0923 -0.9957
vn -0.2034 -0.3761 -0.9040
vn 0.6053 -0.0792 -0.7921
vn 0.3875 -0.7410 -0.5484
vn 0.6146 0.1003 -0.7824
vn 0.4901 -0.5820 -0.6489
vn -0.4427 -0.8775 0.1843
vn -0.3314 -0.8825 0.3338
vn -0.7879 -0.5216 0.3275
vn -0.5980 -0.5280 0.6029
vn -0.1707 -0.8873 0.4285
vn -0.9165 -0.1102 0.3846
vn -0.3122 -0.5344 0.7855
vn -0.6975 -0.1133 0.7076
vn 0.4925 0.7093 -0.5044
vn 0.6064 0.4973 -0.6205
vn 0.2554 0.7166 -0.6490
vn 0.6426 0.7135 -0.2791
vn 0.7977 0.4943 -0.3454
vn 0.6966 0.7173 0.0160
vn 0.3195 0.4927 -0.8094
vn 0.6098 -0.4887 -0.6239
vn 0.3201 -0.4893 -0.8112
vn 0.8705 0.4919 0.0185
vn 0.8004 -0.4888 -0.3470
vn -0.0159 0.4992 -0.8664
vn -0.0160 -0.4888 -0.8722
vn -0.0137 0.7069 -0.7072
vn 0.1884 -0.8565 -0.4806
vn 0.3539 -0.8622 -0.3625
vn 0.4622 -0.8638 -0.2007
vn 0.8001 0.5007 0.3303
vn 0.8717 -0.4896 0.0192
vn 0.5072 -0.8617 0.0127
vn -0.3245 0.4966 -0.8050
vn -0.3256 -0.4885 -0.8095
vn -0.0109 -0.8530 -0.5219
vn -0.0011 -1.0000 0.0024
vn 0.0012 -1.0000 0.0001
vn 0.0012 -1.0000 -0.0029
vn 0.8044 -0.4906 0.3350
vn 0.4656 -0.8629 0.1966
vn -0.0046 -1.0000 -0.0001
vn -0.6095 -0.4948 -0.6193
vn -0.1934 -0.8550 -0.4812
vn -0.3558 -0.8644 -0.3553
vn -0.0018 -1.0000 -0.0028
vn 0.0004 -1.0000 -0.0034
vn -0.0071 -1.0000 0.0039
vn 0.3662 -0.8555 0.3660
vn -0.0017 -1.0000 0.0031
vn 0.0103 -0.8877 0.4603
vn 0.0173 -0.5349 0.8447
vn -0.3655 -0.1134 0.9239
vn -0.0512 0.9904 0.1287
vn -0.0993 0.9900 0.1001
vn 0.0193 -0.1135 0.9934
vn -0.1301 0.9900 0.0546
vn 0.3462 -0.5319 0.7728
vn 0.4043 -0.1124 0.9077
vn 0.0031 0.9904 0.1385
vn 0.1902 -0.8867 0.4214
vn -0.0001 0.9999 -0.0111
vn 0.0042 0.9999 -0.0102
vn 0.0080 0.9999 -0.0077
vn 0.0573 0.9902 0.1272
vn 0.7217 -0.1087 0.6836
vn 0.6180 -0.5281 0.5824
vn 0.0102 0.9999 -0.0041
vn 0.3394 -0.8849 0.3189
vn -0.0046 0.9999 -0.0101
vn 0.1018 0.9902 0.0958
vn 0.9267 -0.1018 0.3618
vn 0.7946 -0.5230 0.3082
vn 0.4378 -0.8829 0.1697
vn -0.0082 0.9999 -0.0075
vn 0.1313 0.9900 0.0509
vn 0.9953 -0.0960 -0.0085
vn 0.8549 -0.5188 -0.0065
vn 0.4728 -0.8812 -0.0016
vn -0.0106 0.9999 -0.0040
vn 0.1438 0.9896 -0.0037
vn 0.9190 -0.0975 -0.3821
vn 0.1389 0.9886 -0.0580
vn -0.0097 1.0000 -0.0020
vn 0.4354 -0.8820 -0.1804
vn 0.7902 -0.5176 -0.3280
vn 0.1056 0.9892 -0.1014
vn -0.0062 1.0000 0.0029
vn 0.6064 -0.5160 -0.6050
vn 0.7050 -0.0926 -0.7031
vn 0.3333 -0.8819 -0.3333
vn 0.0560 0.9899 -0.1305
vn -0.0055 0.9999 0.0085
vn 0.1852 -0.8829 -0.4315
vn 0.3342 -0.5193 -0.7866
vn 0.3877 -0.0894 -0.9174
vn 0.0031 0.9898 -0.1427
vn -0.0044 0.9999 0.0107
vn 0.0104 -0.8844 -0.4666
vn 0.0162 -0.5199 -0.8541
vn 0.0176 -0.0918 -0.9956
vn -0.0524 0.9899 -0.1315
vn -0.0000 0.9999 0.0114
vn -0.1792 -0.8837 -0.4324
vn -0.3266 -0.5191 -0.7898
vn -0.3799 -0.0926 -0.9204
vn 0.0062 0.9999 0.0110
vn -0.1014 0.9896 -0.1017
vn 0.0103 0.9999 0.0105
vn -0.3303 -0.8831 -0.3332
vn -0.6035 -0.5173 -0.6069
vn -0.7037 -0.0946 -0.7042
vn -0.7915 -0.5208 -0.3199
vn -0.9237 -0.0973 -0.3706
vn -0.1293 0.9903 -0.0504
vn 0.0109 0.9999 0.0062
vn -0.4358 -0.8823 -0.1779
vn -0.4761 -0.8794 0.0030
vn -0.8543 -0.5197 0.0070
vn -0.9946 -0.1031 0.0068
vn -0.1378 0.9905 0.0021
vn 0.0111 0.9999 0.0001
vn -0.4428 -0.8775 0.1839
vn -0.7880 -0.5215 0.3271
vn -0.9166 -0.1103 0.3844
vn -0.1301 0.9900 0.0544
vn -0.4321 -0.8833 0.1820
vn -0.3273 -0.8851 0.3308
vn -0.8344 -0.4257 0.3500
vn -0.6347 -0.4302 0.6420
vn -0.9223 -0.0204 0.3860
vn -0.3322 -0.4362 0.8363
vn -0.7010 -0.0239 0.7127
vn 0.0103 -0.8878 0.4602
vn 0.0184 -0.4370 0.8993
vn -0.3682 -0.0264 0.9294
vn -0.0608 0.9864 0.1528
vn -0.1171 0.9861 0.1183
vn 0.0195 -0.0263 0.9995
vn -0.1547 0.9858 0.0650
vn 0.3696 -0.4339 0.8217
vn 0.4088 -0.0256 0.9123
vn 0.0036 0.9863 0.1647
vn -0.0045 0.9999 0.0114
vn -0.0087 0.9999 0.0088
vn 0.1912 -0.8867 0.4209
vn -0.0116 0.9999 0.0048
vn 0.6601 -0.4297 0.6162
vn 0.7288 -0.0226 0.6844
vn 0.0690 0.9859 0.1525
vn 0.0003 0.9999 0.0123
vn 0.3407 -0.8851 0.3171
vn 0.8446 -0.4255 0.3249
vn 0.9324 -0.0166 0.3610
vn 0.1240 0.9855 0.1158
vn 0.0052 0.9999 0.0114
vn 0.4379 -0.8833 0.1676
vn 0.9076 -0.4197 -0.0119
vn 0.9998 -0.0113 -0.0144
vn 0.1573 0.9857 0.0605
vn 0.0092 0.9999 0.0086
vn 0.4739 -0.8805 -0.0061
vn 0.1680 0.9858 -0.0057
vn 0.0120 0.9999 0.0046
vn 0.9229 -0.0123 -0.3848
vn 0.1608 0.9847 -0.0673
vn 0.4362 -0.8820 -0.1785
vn 0.8378 -0.4187 -0.3505
vn 0.0130 0.9999 -0.0036
vn 0.1239 0.9850 -0.1198
vn 0.0138 0.9999 -0.0058
vn 0.6376 -0.4216 -0.6448
vn 0.7036 -0.0088 -0.7105
vn 0.3235 -0.8871 -0.3293
vn 0.0665 0.9856 -0.1557
vn 0.0111 0.9999 -0.0069
vn 0.3921 -0.0042 -0.9199
vn 0.1797 -0.8916 -0.4157
vn 0.3497 -0.4252 -0.8348
vn 0.0050 0.9999 -0.0120
vn 0.0021 0.9857 -0.1683
vn 0.0001 0.9999 -0.0128
vn 0.0094 -0.0036 -0.9999
vn -0.0628 0.9853 -0.1586
vn 0.0065 -0.8890 -0.4579
vn 0.0092 -0.4224 -0.9064
vn -0.0028 0.9999 -0.0128
vn -0.3464 -0.4200 -0.8388
vn -0.3816 -0.0071 -0.9243
vn -0.1792 -0.8837 -0.4323
vn -0.1222 0.9849 -0.1226
vn -0.0076 0.9999 -0.0082
vn -0.6407 -0.4180 -0.6441
vn -0.7066 -0.0095 -0.7076
vn -0.8409 -0.4226 -0.3382
vn -0.9286 -0.0135 -0.3708
vn -0.1577 0.9856 -0.0606
vn -0.0127 0.9999 -0.0026
vn -0.4360 -0.8823 -0.1771
vn -0.4701 -0.8826 0.0045
vn -0.9053 -0.4246 0.0077
vn -0.9998 -0.0174 0.0082
vn -0.8345 -0.4258 0.3497
vn -0.1667 0.9860 0.0013
vn -0.0128 0.9999 -0.0001
vn -0.9223 -0.0204 0.3858
vn -0.4321 -0.8833 0.1819
vn -0.1548 0.9858 0.0648
vn 0.1858 0.8331 -0.5210
vn -0.6262 0.6913 -0.3604
vn -0.0234 0.8739 0.4856
vn -0.8995 0.2113 0.3825
vn -0.1904 -0.1234 0.9739
vn 0.7113 0.1033 0.6952
vn 0.8141 0.5780 -0.0563
vn 0.1719 0.3619 -0.9162
vn 0.1751 0.4715 -0.8643
vn 0.8910 0.2751 -0.3612
vn -0.4626 -0.8658 -0.1909
vn -0.0057 -1.0000 -0.0018
vn 0.0062 -1.0000 0.0078
vn -0.7984 -0.5042 -0.3291
vn -0.5024 -0.8646 -0.0017
vn 0.0016 -1.0000 -0.0067
vn 0.1936 -0.8545 0.4821
vn 0.0084 -0.9999 0.0071
vn 0.3221 -0.4892 0.8105
vn 0.6174 -0.4906 0.6149
vn -0.0185 -0.4898 0.8716
vn -0.0121 -0.8514 0.5243
vn 0.0023 -1.0000 0.0044
vn 0.3200 0.4969 0.8067
vn -0.0188 0.4934 0.8696
vn 0.6171 0.4923 0.6139
vn -0.3427 0.4978 0.7967
vn -0.3445 -0.4884 0.8017
vn -0.2066 -0.8554 0.4750
vn -0.0012 -1.0000 0.0008
vn 0.4965 0.7171 0.4891
vn 0.2567 0.7107 0.6550
vn -0.0195 0.7143 0.6996
vn -0.2795 0.7089 0.6476
vn -0.6249 0.4949 0.6039
vn -0.6280 -0.4941 0.6012
vn -0.3762 -0.8559 0.3547
vn 0.0002 -1.0000 -0.0014
vn 0.6569 0.7039 0.2700
vn -0.5051 0.7128 0.4867
vn -0.8001 0.4985 0.3337
vn -0.7979 -0.5066 0.3267
vn -0.4684 -0.8626 0.1909
vn 0.0025 -1.0000 -0.0013
vn -0.6482 0.7113 0.2718
vn -0.6919 0.7219 0.0097
vn -0.8699 0.4931 0.0081
vn -0.8563 -0.5165 0.0017
vn -0.6413 0.7175 -0.2720
vn -0.8001 0.4965 -0.3366
vn -0.6025 0.4946 -0.6264
vn -0.4843 0.7113 -0.5094
vn -0.2626 0.7103 -0.6531
vn 0.8844 0.3289 -0.3313
vn 0.1729 0.7218 -0.6702
vn 0.7730 0.1309 0.6207
vn 0.8506 0.5037 -0.1510
vn 0.7919 0.0461 0.6089
vn -0.2150 0.0801 0.9733
vn 0.7022 0.0863 0.7068
vn 0.8140 0.5781 -0.0561
vn -0.2301 -0.0791 0.9699
vn -0.1986 -0.0620 0.9781
vn 0.7113 0.1038 0.6952
vn -0.8910 0.2479 0.3805
vn -0.9578 0.1550 0.2419
vn -0.9520 0.1768 0.2500
vn -0.1902 -0.1229 0.9740
vn -0.8993 0.2118 0.3827
vn -0.6465 0.6237 -0.4393
vn -0.6262 0.6915 -0.3601
vn -0.6708 0.4040 -0.6220
vn -0.6787 0.3178 -0.6621
vn 0.1729 0.7218 -0.6701
vn 0.1858 0.8329 -0.5212
vn 0.1751 0.4714 -0.8644
vn -0.1858 0.8331 0.5210
vn 0.6262 0.6914 0.3604
vn 0.0234 0.8739 -0.4856
vn 0.8995 0.2113 -0.3825
vn 0.1904 -0.1233 -0.9739
vn -0.7114 0.1033 -0.6952
vn -0.8141 0.5779 0.0562
vn -0.1719 0.3619 0.9162
vn -0.1751 0.4715 0.8643
vn -0.8910 0.2751 0.3613
vn -0.8843 0.3289 0.3313
vn -0.1729 0.7219 0.6701
vn -0.7731 0.1309 -0.6207
vn -0.8506 0.5037 0.1510
vn -0.7919 0.0461 -0.6089
vn -0.1858 0.8329 0.5213
vn 0.2150 0.0801 -0.9733
vn -0.7022 0.0863 -0.7067
vn -0.8140 0.5781 0.0561
vn 0.2301 -0.0791 -0.9699
vn 0.1986 -0.0621 -0.9781
vn -0.7112 0.1037 -0.6953
vn 0.8910 0.2479 -0.3804
vn 0.9578 0.1550 -0.2419
vn 0.9520 0.1768 -0.2500
vn 0.1903 -0.1229 -0.9740
vn 0.8994 0.2116 -0.3826
vn 0.6465 0.6238 0.4393
vn 0.6262 0.6915 0.3602
vn 0.6708 0.4040 0.6220
vn 0.6787 0.3179 0.6621
vn -0.1859 0.8330 0.5212
vn -0.1750 0.4715 0.8643
vn -0.9354 -0.0148 -0.3534
vn -0.8834 0.2280 -0.4094
vn -0.7656 0.0156 -0.6431
vn -0.8622 -0.2403 -0.4460
vn -0.7370 0.3458 -0.5807
vn -0.7071 -0.3164 -0.6323
vn -0.5816 0.2696 -0.7675
vn -0.5602 -0.1987 -0.8042
vn -0.5086 0.0442 -0.8599
vn -0.6992 0.0039 0.7149
vn -0.6616 0.6754 0.3258
vn -0.8966 0.4308 0.1031
vn -0.4523 0.7707 0.4487
vn -0.9999 0.0144 -0.0079
vn -0.2614 0.7119 0.6518
vn -0.9126 -0.3984 0.0916
vn -0.0047 0.4567 0.8896
vn -0.6890 -0.6242 0.3685
vn 0.0886 0.0135 0.9960
vn -0.0341 -0.4100 0.9115
vn -0.4679 -0.7408 0.4820
vn -0.2955 -0.6510 0.6992
vn -0.0044 0.4568 0.8896
vn 0.9453 0.2998 -0.1283
vn -0.2612 0.7120 0.6518
vn 0.0889 0.0136 0.9959
vn 0.8048 0.4703 -0.3621
vn 0.6783 -0.0011 -0.7348
vn 0.9998 -0.0100 -0.0193
vn -0.4525 0.7706 0.4488
vn 0.5858 0.5107 -0.6293
vn -0.0339 -0.4101 0.9114
vn 0.9402 -0.3306 -0.0824
vn -0.6616 0.6753 0.3259
vn 0.3267 0.4624 -0.8243
vn 0.1089 0.2890 -0.9511
vn -0.2956 -0.6511 0.6991
vn 0.7985 -0.5206 -0.3023
vn -0.8966 0.4308 0.1028
vn 0.0141 -0.0002 -0.9999
vn -0.9999 0.0145 -0.0082
vn -0.4679 -0.7407 0.4821
vn -0.9126 -0.3985 0.0913
vn 0.5478 -0.5835 -0.5996
vn 0.0817 -0.3172 -0.9448
vn 0.2768 -0.5239 -0.8056
vn -0.6890 -0.6242 0.3684
vn -0.3082 -0.9285 0.2073
vn 0.2463 -0.9284 0.2781
vn -0.4496 -0.6644 0.5970
vn 0.0635 -0.8671 -0.4940
vn 0.2850 -0.6642 0.6911
vn 0.6818 -0.7314 -0.0114
vn 0.8619 -0.4034 0.3072
vn -0.4821 -0.2266 0.8463
vn 0.2530 -0.2267 0.9405
vn -0.9435 0.0341 0.3296
vn -0.3948 0.2559 0.8824
vn -0.7434 0.4528 0.4922
vn -0.9115 -0.4035 0.0801
vn -0.3086 -0.9284 0.2071
vn 0.8300 0.0344 0.5566
vn 0.1581 0.2558 0.9537
vn -0.0634 0.8670 0.4943
vn -0.6819 0.7314 0.0117
vn -0.8619 0.4034 -0.3072
vn 0.5951 0.4532 0.6637
vn -0.6566 -0.7316 -0.1832
vn -0.8301 -0.0343 -0.5566
vn -0.2464 0.9284 -0.2781
vn -0.2850 0.6642 -0.6911
vn 0.0632 -0.8671 -0.4942
vn -0.5953 -0.4532 -0.6635
vn 0.6568 0.7315 0.1830
vn 0.3084 0.9284 -0.2071
vn 0.9115 0.4035 -0.0801
vn 0.4496 0.6644 -0.5970
vn -0.2533 0.2266 -0.9405
vn -0.5951 -0.4529 -0.6639
vn 0.4816 0.2267 -0.8466
vn -0.1596 -0.2561 -0.9534
vn 0.0633 -0.8669 -0.4945
vn 0.3946 -0.2557 -0.8825
vn 0.9435 -0.0341 -0.3296
vn 0.3950 -0.2558 -0.8823
vn 0.7435 -0.4528 -0.4922
vn 0.0637 -0.8669 -0.4943
vn 0.6820 -0.7313 -0.0117
vn 0.3450 -0.9162 -0.2038
vn -0.2126 -0.9526 -0.2175
vn 0.4300 -0.6607 -0.6153
vn 0.0418 -0.8475 0.5292
vn -0.3089 -0.7091 -0.6339
vn -0.6288 -0.7702 0.1072
vn -0.8606 -0.4671 -0.2031
vn 0.4087 -0.2332 -0.8824
vn -0.3299 -0.2815 -0.9011
vn 0.9019 0.0769 -0.4251
vn 0.2878 0.2415 -0.9268
vn 0.6600 0.4755 -0.5816
vn 0.9230 -0.3509 -0.1579
vn 0.3455 -0.9161 -0.2036
vn -0.8817 -0.0395 -0.4701
vn -0.2697 0.2051 -0.9409
vn -0.0419 0.8473 -0.5294
vn 0.6288 0.7701 -0.1076
vn 0.8605 0.4672 0.2031
vn -0.6859 0.3877 -0.6158
vn 0.7172 -0.6823 0.1417
vn 0.8817 0.0394 0.4702
vn 0.2126 0.9526 0.2177
vn 0.3089 0.7091 0.6339
vn -0.7809 0.6246 0.0076
vn -0.8695 -0.3337 0.3642
vn -0.7227 0.6206 0.3042
vn -0.9430 -0.3328 0.0091
vn -0.7219 0.6305 -0.2852
vn -0.8770 -0.3287 -0.3504
vn -0.6199 -0.7846 0.0065
vn -0.5716 -0.7842 0.2416
vn -0.5418 0.6414 -0.5432
vn -0.6705 -0.3194 -0.6696
vn -0.5738 -0.7854 -0.2322
vn -0.0000 -1.0000 -0.0000
vn 0.0006 -1.0000 -0.0024
vn -0.2884 0.6456 -0.7071
vn -0.3587 -0.3165 -0.8782
vn -0.4414 -0.7794 -0.4446
vn -0.0016 -1.0000 -0.0017
vn 0.0071 -0.3054 -0.9522
vn -0.2389 -0.7832 -0.5741
vn -0.0025 -1.0000 0.0006
vn 0.0133 0.6460 -0.7632
vn 0.0076 -0.7805 -0.6251
vn 0.2935 0.6450 -0.7056
vn 0.3768 -0.2813 -0.8825
vn 0.2443 -0.7722 -0.5866
vn 0.4435 -0.7705 -0.4579
vn 0.5421 0.6437 -0.5402
vn 0.6744 -0.2813 -0.6827
vn -0.0023 -1.0000 -0.0027
vn 0.5859 -0.7705 -0.2512
vn 0.8848 -0.2905 -0.3643
vn 0.7134 0.6344 -0.2976
vn -0.0021 -1.0000 0.0009
vn 0.6297 -0.7768 -0.0082
vn 0.9545 -0.2980 -0.0065
vn 0.7769 0.6295 -0.0122
vn 0.0003 -1.0000 0.0037
vn 0.5868 -0.7784 0.2228
vn 0.7279 0.6253 0.2814
vn 0.8869 -0.3096 0.3428
vn 0.4596 -0.7789 0.4267
vn 0.6915 -0.3164 0.6494
vn 0.5714 0.6217 0.5357
vn 0.2583 -0.7823 0.5669
vn 0.0421 -0.8474 0.5293
vn 0.6861 -0.3877 0.6156
vn -0.7172 0.6823 -0.1416
vn -0.3452 0.9162 0.2036
vn -0.9230 0.3509 0.1579
vn -0.4300 0.6607 0.6153
vn 0.3301 0.2815 0.9010
vn 0.6859 -0.3874 0.6160
vn -0.4087 0.2331 0.8824
vn 0.2697 -0.2051 0.9409
vn 0.0419 -0.8472 0.5295
vn -0.2876 -0.2412 0.9269
vn -0.9019 -0.0769 0.4251
vn -0.2881 -0.2414 0.9267
vn -0.6600 -0.4756 0.5816
vn 0.0416 -0.8473 0.5295
vn -0.6289 -0.7700 0.1076
vn -0.3534 -0.0147 0.9354
vn -0.4094 0.2280 0.8834
vn -0.6431 0.0156 0.7657
vn -0.4460 -0.2402 0.8622
vn -0.5807 0.3458 0.7370
vn -0.6323 -0.3164 0.7071
vn -0.7675 0.2696 0.5816
vn -0.8042 -0.1985 0.5603
vn -0.8599 0.0442 0.5086
vn 0.4615 0.8861 0.0434
vn 0.0305 -0.6662 0.7451
vn 0.4624 0.8311 0.3091
vn 0.5991 0.7631 0.2424
vn 0.2345 -0.7973 0.5561
vn 0.5140 -0.7716 0.3749
vn 0.2294 0.9453 0.2319
vn 0.1807 -0.8586 0.4798
vn -0.2784 -0.5558 0.7833
vn -0.0676 -0.7590 0.6476
vn -0.3247 -0.6250 0.7099
vn -0.4743 -0.3184 0.8207
vn 0.7057 0.7085 0.0065
vn 0.3594 0.8247 0.4368
vn 0.4058 -0.8672 0.2886
vn 0.6367 -0.7657 0.0911
vn 0.5694 -0.8218 0.0217
vn 0.7913 -0.5934 -0.1471
vn -0.5562 -0.4170 0.7188
vn 0.7123 0.6504 0.2639
vn -0.7080 -0.1366 0.6929
vn -0.7529 -0.2106 0.6235
vn 0.0980 0.8637 0.4944
vn -0.8059 0.1410 0.5750
vn 0.6817 -0.6963 -0.2245
vn 0.8690 0.4797 0.1215
vn 0.3294 0.7506 0.5728
vn 0.6924 -0.5342 -0.4851
vn 0.7695 -0.4709 -0.4314
vn -0.8773 0.0279 0.4792
vn 0.7551 -0.2036 -0.6232
vn 0.7647 0.5295 0.3671
vn -0.8972 0.3031 0.3213
vn -0.9405 0.2261 0.2537
vn 0.1318 0.6779 0.7233
vn -0.8393 0.5343 0.1003
vn 0.6479 -0.3112 -0.6952
vn 0.8878 0.2883 0.3587
vn -0.9120 0.4098 0.0193
vn 0.3827 0.6234 0.6818
vn 0.5010 -0.0889 -0.8609
vn 0.5708 -0.0120 -0.8210
vn 0.4259 0.2574 -0.8674
vn 0.7372 0.4513 0.5029
vn -0.7842 0.5951 -0.1755
vn -0.8266 0.5102 -0.2374
vn -0.5646 0.7083 -0.4237
vn 0.2793 0.4448 0.8510
vn 0.3217 0.1432 -0.9359
vn 0.7511 0.2304 0.6187
vn -0.6469 0.5819 -0.4929
vn 0.4984 0.5140 0.6981
vn 0.0791 0.3191 -0.9444
vn 0.1332 0.4075 -0.9034
vn -0.0777 0.6062 -0.7915
vn 0.6206 0.4488 0.6431
vn -0.3654 0.6399 -0.6760
vn -0.4074 0.5484 -0.7303
vn 0.5245 0.2722 0.8067
vn -0.1747 0.4851 -0.8568
vn 0.6207 0.4487 0.6430
vn -0.4070 0.5483 -0.7306
vn -0.3657 0.6401 -0.6757
vn -0.5751 -0.6807 -0.4538
vn -0.3856 -0.4513 -0.8047
vn -0.2035 -0.6894 -0.6952
vn -0.6364 -0.2935 -0.7134
vn -0.1998 -0.8852 -0.4202
vn -0.8341 -0.2906 -0.4689
vn -0.8691 -0.4579 -0.1869
vn -0.4054 -0.9043 -0.1334
vn -0.6950 -0.7181 -0.0348
vn 0.3238 0.6202 0.7145
vn 0.3852 -0.3237 0.8642
vn 0.0144 -0.7863 0.6177
vn 0.0169 0.6207 0.7839
vn 0.0159 -0.3311 0.9435
vn -0.2267 -0.7873 0.5733
vn -0.2896 0.6196 0.7295
vn -0.3474 -0.3357 0.8756
vn -0.4337 -0.7853 0.4418
vn -0.0003 -1.0000 0.0003
vn -0.5509 0.6187 0.5601
vn -0.6597 -0.3349 0.6728
vn -0.5715 -0.7841 0.2418
vn -0.7226 0.6206 0.3047
vn -0.7773 0.6290 0.0086
vn -0.8251 -0.4467 0.3459
vn -0.7246 0.6191 0.3027
vn -0.8954 -0.4452 0.0002
vn -0.7103 0.6504 -0.2692
vn -0.5350 -0.8159 0.2193
vn -0.8356 -0.4356 -0.3348
vn -0.5734 -0.8193 -0.0037
vn -0.5321 0.6542 -0.5375
vn -0.0494 -0.9986 0.0203
vn -0.6339 -0.4251 -0.6461
vn -0.5307 -0.8174 -0.2240
vn -0.0539 -0.9985 -0.0006
vn -0.0486 -0.9986 -0.0224
vn -0.4043 -0.8135 -0.4180
vn -0.0383 -0.9985 -0.0397
vn -0.3406 -0.4343 -0.8339
vn -0.2246 -0.8175 -0.5303
vn -0.0229 -0.9986 -0.0481
vn 0.0140 -0.4305 -0.9025
vn 0.0039 -0.8167 -0.5770
vn 0.0001 -0.9986 -0.0528
vn 0.0168 0.6495 -0.7602
vn 0.2202 -0.8146 -0.5366
vn 0.3537 -0.4189 -0.8363
vn 0.0202 -0.9986 -0.0491
vn 0.4102 -0.8103 -0.4185
vn 0.3010 0.6464 -0.7011
vn 0.6431 -0.4189 -0.6411
vn 0.0350 -0.9986 -0.0402
vn 0.5360 -0.8122 -0.2304
vn 0.5479 0.6412 -0.5372
vn 0.8380 -0.4237 -0.3438
vn 0.0471 -0.9987 -0.0199
vn 0.5829 -0.8125 -0.0100
vn 0.7143 0.6343 -0.2956
vn 0.9053 -0.4248 -0.0032
vn 0.0540 -0.9985 0.0024
vn 0.5435 -0.8130 0.2089
vn 0.0502 -0.9986 0.0191
vn 0.7770 0.6295 -0.0085
vn 0.8422 -0.4282 0.3276
vn 0.4239 -0.8136 0.3980
vn 0.0388 -0.9986 0.0366
vn 0.7265 0.6253 0.2849
vn 0.6538 -0.4330 0.6206
vn 0.2379 -0.8169 0.5254
vn 0.0218 -0.9986 0.0483
vn 0.5688 0.6216 0.5386
vn 0.3222 0.6202 0.7152
vn 0.3638 -0.4411 0.8204
vn 0.0133 -0.8199 0.5723
vn 0.0011 -0.9986 0.0528
vn 0.0169 0.6205 0.7840
vn 0.0151 -0.4481 0.8938
vn -0.2101 -0.8208 0.5312
vn -0.0196 -0.9986 0.0492
vn -0.2896 0.6197 0.7295
vn -0.3289 -0.4521 0.8291
vn -0.6249 -0.4498 0.6381
vn -0.4011 -0.8197 0.4089
vn -0.5507 0.6186 0.5605
vn -0.0374 -0.9986 0.0381
vn -0.7244 0.6191 0.3032
vn -0.5349 -0.8159 0.2196
vn 0.3784 -0.8600 -0.3425
vn 0.0532 -0.9976 0.0434
vn 0.0534 -0.9976 0.0431
vn 0.3794 -0.8589 -0.3440
vn 0.5996 -0.4893 -0.6333
vn 0.6001 -0.4873 -0.6343
vn 0.6592 0.0061 -0.7519
vn 0.6589 0.0102 -0.7522
vn 0.5434 0.5034 -0.6718
vn 0.5420 0.5068 -0.6704
vn 0.2844 0.8651 -0.4132
vn 0.2828 0.8663 -0.4117
vn -0.0486 0.9977 -0.0472
vn -0.0488 0.9977 -0.0469
vn -0.3669 0.8699 0.3295
vn -0.3684 0.8687 0.3311
vn -0.5913 0.5127 0.6225
vn -0.5929 0.5090 0.6240
vn -0.6606 0.0205 0.7505
vn -0.6597 0.0151 0.7514
vn -0.5479 -0.4942 0.6749
vn -0.5454 -0.5005 0.6724
vn -0.2832 -0.8656 0.4130
vn -0.2802 -0.8680 0.4099
vn 0.0528 -0.9976 0.0438
vn 0.0530 -0.9976 0.0435
vn 0.4811 0.6487 0.5897
vn 0.6613 -0.0827 0.7455
vn 0.4522 0.6362 0.6251
vn 0.6085 -0.0852 0.7890
vn 0.3955 -0.7671 0.5052
vn 0.7008 0.6225 0.3484
vn 0.3465 -0.7553 0.5563
vn 0.8557 -0.0898 0.5096
vn 0.8144 0.1600 -0.5578
vn -0.1803 -0.9816 0.0636
vn 0.5968 -0.7520 0.2798
vn 0.8577 -0.0391 -0.5126
vn -0.1545 -0.9879 0.0163
vn -0.6637 -0.6317 -0.4006
vn 0.0764 -0.9754 -0.2069
vn 0.7853 -0.2244 -0.5770
vn -0.6542 -0.6255 -0.4251
vn -0.8204 0.0898 -0.5647
vn -0.4014 -0.6295 -0.6653
vn 0.6398 -0.2869 -0.7130
vn -0.8183 0.0933 -0.5671
vn 0.5061 -0.1902 -0.8412
vn -0.5564 0.0831 -0.8267
vn -0.5614 0.7563 -0.3359
vn -0.5583 0.7603 -0.3321
vn 0.4629 0.0092 -0.8864
vn -0.2976 0.7451 -0.5969
vn -0.0280 0.9898 0.1395
vn -0.0314 0.9865 0.1610
vn 0.5351 0.1942 -0.8222
vn 0.2230 0.9686 -0.1102
vn 0.4812 0.6485 0.5898
vn 0.4520 0.6365 0.6250
vn 0.6807 0.2569 -0.6861
vn 0.7007 0.6226 0.3484
vn 0.6857 -0.0158 -0.7277
vn 0.5065 -0.1900 -0.8411
vn 0.6807 0.2564 -0.6862
vn 0.8143 0.1602 -0.5579
vn 0.6399 -0.2864 -0.7131
vn 0.8142 0.1599 -0.5582
vn 0.8575 -0.0392 -0.5130
vn 0.7852 -0.2240 -0.5773
vn -0.4092 0.2282 0.8834
vn -0.3532 -0.0148 0.9354
vn 0.4675 0.6337 0.6164
vn 0.6327 -0.0844 0.7698
vn -0.4458 -0.2403 0.8623
vn 0.7072 0.6265 0.3277
vn 0.3592 -0.7514 0.5534
vn 0.8718 -0.0897 0.4815
vn -0.6323 -0.3167 0.7070
vn 0.6422 0.6401 0.4217
vn -0.1930 -0.9767 0.0942
vn 0.5988 -0.7554 0.2661
vn 0.8168 -0.0960 0.5688
vn -0.8043 -0.1987 0.5600
vn -0.7002 -0.6282 -0.3393
vn 0.0478 -0.9802 -0.1922
vn 0.5452 -0.7709 0.3292
vn -0.8600 0.0442 0.5084
vn -0.8653 0.0900 -0.4930
vn -0.4577 -0.6322 -0.6251
vn -0.5062 -0.6359 -0.5826
vn -0.0028 -0.9890 -0.1477
vn 0.7149 0.0039 0.6993
vn 0.3258 0.6754 0.6616
vn 0.1031 0.4307 0.8966
vn 0.4486 0.7708 0.4524
vn -0.0079 0.0144 0.9999
vn 0.6518 0.7119 0.2614
vn 0.0916 -0.3984 0.9126
vn 0.8896 0.4568 0.0047
vn 0.3685 -0.6241 0.6890
vn 0.9960 0.0135 -0.0887
vn 0.9114 -0.4100 0.0341
vn 0.4820 -0.7408 0.4679
vn 0.6991 -0.6511 0.2955
vn 0.8896 0.4567 0.0045
vn -0.1283 0.2998 -0.9453
vn 0.9960 0.0135 -0.0889
vn -0.3621 0.4703 -0.8048
vn -0.7349 -0.0015 -0.6782
vn -0.0193 -0.0100 -0.9998
vn 0.4488 0.7706 0.4525
vn -0.6293 0.5107 -0.5858
vn 0.9114 -0.4102 0.0339
vn -0.0825 -0.3306 -0.9402
vn 0.3260 0.6753 0.6616
vn -0.8243 0.4624 -0.3267
vn -0.9511 0.2890 -0.1089
vn 0.6992 -0.6510 0.2955
vn -0.3023 -0.5206 -0.7985
vn 0.1029 0.4308 0.8966
vn -0.9999 -0.0002 -0.0141
vn -0.0082 0.0144 0.9999
vn 0.4821 -0.7407 0.4679
vn 0.0913 -0.3985 0.9126
vn -0.5996 -0.5834 -0.5478
vn -0.9449 -0.3171 -0.0817
vn -0.8056 -0.5239 -0.2768
vn 0.3684 -0.6241 0.6890
vn 0.9354 -0.0147 0.3534
vn 0.8834 0.2280 0.4094
vn 0.7657 0.0156 0.6430
vn 0.8622 -0.2401 0.4459
vn 0.7370 0.3458 0.5807
vn 0.7071 -0.3164 0.6324
vn 0.5817 0.2696 0.7675
vn 0.5602 -0.1986 0.8042
vn 0.5086 0.0442 0.8599
vn 0.6991 0.0039 -0.7150
vn 0.6615 0.6755 -0.3258
vn 0.8966 0.4307 -0.1031
vn 0.4523 0.7708 -0.4487
vn 0.9999 0.0144 0.0080
vn 0.2614 0.7119 -0.6518
vn 0.9126 -0.3984 -0.0916
vn 0.0047 0.4567 -0.8896
vn 0.6889 -0.6242 -0.3685
vn -0.0886 0.0135 -0.9960
vn 0.0341 -0.4101 -0.9114
vn 0.4679 -0.7408 -0.4821
vn 0.2955 -0.6510 -0.6992
vn 0.0045 0.4568 -0.8896
vn -0.9453 0.2998 0.1284
vn 0.2612 0.7119 -0.6518
vn -0.0889 0.0136 -0.9959
vn -0.8048 0.4703 0.3621
vn -0.6785 -0.0015 0.7346
vn -0.9998 -0.0100 0.0193
vn 0.4525 0.7706 -0.4488
vn -0.5858 0.5106 0.6293
vn 0.0339 -0.4103 -0.9113
vn -0.9402 -0.3306 0.0824
vn 0.6616 0.6753 -0.3260
vn -0.3267 0.4624 0.8243
vn -0.1089 0.2890 0.9511
vn 0.2954 -0.6510 -0.6992
vn -0.7985 -0.5206 0.3023
vn 0.8966 0.4308 -0.1029
vn -0.0141 -0.0002 0.9999
vn 0.9999 0.0144 0.0082
vn 0.4679 -0.7408 -0.4820
vn 0.9126 -0.3985 -0.0914
vn -0.5478 -0.5834 0.5996
vn -0.0817 -0.3171 0.9449
vn -0.2768 -0.5239 0.8056
vn 0.6890 -0.6241 -0.3684
vn 0.3534 -0.0147 -0.9354
vn 0.4094 0.2280 -0.8834
vn 0.6436 0.0153 -0.7652
vn 0.4460 -0.2403 -0.8622
vn 0.5807 0.3458 -0.7370
vn 0.6324 -0.3164 -0.7071
vn 0.7675 0.2696 -0.5816
vn 0.8042 -0.1985 -0.5603
vn 0.8599 0.0442 -0.5086
vn -0.4616 0.8860 -0.0434
vn -0.0305 -0.6663 -0.7451
vn -0.4624 0.8311 -0.3091
vn -0.5991 0.7631 -0.2424
vn -0.2346 -0.7973 -0.5561
vn -0.5140 -0.7715 -0.3748
vn -0.2294 0.9453 -0.2319
vn -0.1807 -0.8586 -0.4798
vn 0.2784 -0.5558 -0.7833
vn 0.0677 -0.7590 -0.6476
vn 0.3247 -0.6250 -0.7099
vn 0.4743 -0.3184 -0.8208
vn -0.7056 0.7085 -0.0064
vn -0.3594 0.8247 -0.4368
vn -0.4058 -0.8672 -0.2886
vn -0.6367 -0.7657 -0.0911
vn -0.5694 -0.8218 -0.0217
vn -0.7913 -0.5935 0.1471
vn 0.5562 -0.4170 -0.7188
vn -0.7123 0.6504 -0.2639
vn 0.7081 -0.1366 -0.6928
vn 0.7529 -0.2106 -0.6235
vn -0.0980 0.8637 -0.4944
vn 0.8059 0.1411 -0.5751
vn -0.6817 -0.6963 0.2245
vn -0.8690 0.4796 -0.1216
vn -0.3294 0.7506 -0.5728
vn -0.6924 -0.5342 0.4851
vn -0.7695 -0.4709 0.4314
vn 0.8773 0.0280 -0.4792
vn -0.7551 -0.2036 0.6232
vn -0.7647 0.5295 -0.3671
vn 0.8972 0.3031 -0.3213
vn 0.9405 0.2261 -0.2537
vn -0.1318 0.6779 -0.7233
vn 0.8393 0.5343 -0.1003
vn -0.6479 -0.3112 0.6952
vn -0.8878 0.2883 -0.3587
vn 0.9120 0.4098 -0.0193
vn -0.3826 0.6234 -0.6819
vn -0.5010 -0.0889 0.8609
vn -0.5709 -0.0120 0.8209
vn -0.4259 0.2574 0.8674
vn -0.7371 0.4514 -0.5029
vn 0.7842 0.5952 0.1755
vn -0.7675 0.2698 0.5815
vn -0.5919 0.7571 -0.2766
vn -0.6217 0.0841 -0.7787
vn -0.6792 0.0808 -0.7295
vn -0.5805 0.3463 0.7370
vn -0.0399 0.9823 0.1828
vn -0.3484 0.7489 -0.5637
vn -0.4220 0.7544 -0.5028
vn 0.2020 0.9737 -0.1055
vn 0.4673 0.6340 0.6162
vn 0.1245 0.9919 -0.0261
vn 0.7071 0.6266 0.3277
vn 0.6421 0.6402 0.4217
vn 0.5455 -0.7708 0.3292
vn 0.3954 -0.7670 0.5054
vn 0.8168 -0.0959 0.5690
vn 0.6612 -0.0828 0.7456
vn 0.6420 0.6402 0.4219
vn 0.4810 0.6485 0.5899
vn 0.1243 0.9919 -0.0259
vn -0.0282 0.9898 0.1395
vn -0.4222 0.7543 -0.5027
vn -0.5615 0.7563 -0.3357
vn -0.8184 0.0933 -0.5670
vn -0.6794 0.0807 -0.7294
vn -0.6543 -0.6255 -0.4251
vn -0.5061 -0.6360 -0.5825
vn -0.1546 -0.9878 0.0165
vn -0.0030 -0.9891 -0.1475
vn 0.3952 -0.7672 0.5052
vn 0.5451 -0.7711 0.3291
vn -0.8341 -0.2905 -0.4689
vn -0.8693 -0.4577 -0.1869
vn -0.5858 -0.6488 -0.4857
vn -0.6952 -0.7179 -0.0346
vn -0.4055 -0.9044 -0.1331
vn -0.5855 -0.6490 -0.4859
vn -0.1996 -0.8853 -0.4201
vn -0.5855 -0.6489 -0.4859
vn -0.2032 -0.6895 -0.6952
vn -0.5855 -0.6490 -0.4858
vn -0.3856 -0.4513 -0.8048
vn -0.6363 -0.2935 -0.7135
vn 0.6406 -0.7678 -0.0071
vn 0.6802 -0.3555 -0.6411
vn 0.7119 -0.7012 0.0386
vn 0.7481 -0.2805 -0.6013
vn 0.2719 0.2112 -0.9389
vn 0.6777 -0.7348 -0.0268
vn 0.3344 0.2895 -0.8969
vn 0.7136 -0.2913 -0.6372
vn -0.3443 0.5976 -0.7241
vn -0.2837 0.6762 -0.6798
vn 0.3107 0.2525 -0.9164
vn 0.6618 -0.6532 -0.3680
vn 0.4476 -0.8882 0.1036
vn 0.4278 -0.0434 -0.9028
vn 0.6108 -0.3743 -0.6977
vn -0.2821 0.6153 -0.7361
vn -0.0146 0.3110 -0.9503
vn -0.7489 0.6580 -0.0785
vn -0.7696 0.6055 -0.2025
vn -0.8068 0.5778 -0.1236
vn -0.3439 0.5249 -0.7786
vn -0.6714 0.5247 -0.5234
vn -0.7914 0.2426 0.5611
vn -0.8610 0.1571 0.4838
vn -0.9568 0.2226 0.1867
vn -0.9144 0.4037 -0.0307
vn -0.8444 0.1630 0.5103
vn -0.3800 -0.3301 0.8641
vn -0.3909 -0.4705 0.7911
vn -0.8047 -0.1501 0.5744
vn -0.4350 -0.4024 0.8055
vn 0.2442 -0.7221 0.6472
vn 0.2372 -0.8016 0.5488
vn -0.1883 -0.7300 0.6570
vn -0.6522 -0.3933 0.6481
vn 0.1791 -0.7867 0.5908
vn 0.6404 -0.7680 -0.0067
vn 0.7120 -0.7011 0.0386
vn 0.1640 -0.8678 0.4691
vn 0.4473 -0.8883 0.1039
vn 0.6777 -0.7348 -0.0271
vn 0.8843 -0.4317 0.1781
vn 0.9922 -0.1116 0.0551
vn 0.8517 -0.2857 0.4393
vn 0.9691 -0.2363 -0.0710
vn 0.7578 -0.6514 0.0381
vn 0.9546 0.1541 -0.2549
vn 0.8338 -0.4669 -0.2945
vn 0.7647 -0.2744 -0.5830
vn 0.9314 -0.0018 -0.3639
vn 0.7797 0.2274 -0.5834
vn 0.7330 0.4928 -0.4688
vn 0.6622 0.0894 -0.7440
vn 0.3430 0.3198 -0.8832
vn 0.5181 0.5254 -0.6749
vn 0.4170 0.8008 -0.4299
vn 0.2907 0.7621 -0.5785
vn 0.0545 0.5400 -0.8399
vn 0.0649 0.9681 -0.2422
vn -0.2475 0.7318 -0.6349
vn -0.0486 0.8827 -0.4674
vn -0.4483 0.8320 -0.3268
vn -0.3138 0.9293 -0.1946
vn -0.1990 0.9708 0.1341
vn -0.6964 0.7171 -0.0262
vn -0.4450 0.8865 0.1270
vn -0.2988 0.8223 0.4842
vn -0.5234 0.7235 0.4501
vn -0.8154 0.5065 0.2803
vn -0.2606 0.5690 0.7799
vn -0.7132 0.3240 0.6216
vn -0.5015 0.4690 0.7270
vn -0.4109 0.1828 0.8932
vn -0.0741 0.2187 0.9730
vn -0.5837 0.0017 0.8120
vn -0.1557 -0.1364 0.9783
vn 0.2535 -0.0598 0.9655
vn -0.3709 -0.3642 0.8543
vn 0.1516 -0.2712 0.9505
vn 0.0161 -0.4799 0.8772
vn 0.4698 -0.4419 0.7642
vn 0.5771 -0.2336 0.7825
vn 0.3202 -0.6957 0.6430
vn 0.6698 -0.5214 0.5287
vn 0.5814 -0.7013 0.4124
vn 0.8841 -0.4320 0.1784
vn 0.7577 -0.6515 0.0384
vn -0.5805 -0.6294 -0.5166
vn -0.5664 -0.6349 -0.5255
vn -0.3442 0.5246 -0.7786
vn -0.0149 0.3106 -0.9504
vn -0.5571 -0.6416 -0.5273
vn -0.5478 -0.6483 -0.5288
vn 0.4276 -0.0437 -0.9029
vn -0.5367 -0.6622 -0.5230
vn 0.6106 -0.3747 -0.6977
vn -0.5327 -0.6704 -0.5166
vn -0.5294 -0.6784 -0.5094
vn 0.6614 -0.6534 -0.3682
vn -0.5376 -0.6861 -0.4902
vn 0.4471 -0.8884 0.1037
vn -0.5443 -0.6849 -0.4843
vn -0.5504 -0.6837 -0.4791
vn 0.1636 -0.8679 0.4690
vn -0.5538 -0.6876 -0.4696
vn -0.5565 -0.6893 -0.4638
vn -0.1886 -0.7301 0.6567
vn -0.5777 -0.6813 -0.4495
vn -0.6525 -0.3933 0.6477
vn -0.5849 -0.6733 -0.4523
vn -0.5918 -0.6655 -0.4548
vn -0.8048 -0.1505 0.5742
vn -0.6001 -0.6517 -0.4638
vn -0.9570 0.2224 0.1864
vn -0.6010 -0.6444 -0.4728
vn -0.6017 -0.6369 -0.4820
vn -0.9145 0.4033 -0.0307
vn -0.5961 -0.6303 -0.4973
vn -0.6715 0.5243 -0.5236
vn -0.5884 -0.6300 -0.5069
vn -0.5806 -0.6294 -0.5166
vn -0.3443 0.5247 -0.7786
vn 0.0450 -0.1700 0.9844
vn 0.1368 -0.5452 0.8271
vn 0.0545 0.5402 -0.8398
vn 0.5094 -0.3625 0.7804
vn -0.2474 0.7320 -0.6347
vn -0.4481 0.8320 -0.3270
vn 0.7729 -0.1870 0.6064
vn 0.7512 0.2301 0.6187
vn 0.6207 0.4485 0.6431
vn 0.4983 0.5137 0.6984
vn -0.2190 -0.0699 0.9732
vn 0.3428 0.3198 -0.8833
vn 0.7373 0.4510 0.5029
vn 0.2792 0.4448 0.8510
vn 0.8902 -0.3223 0.3220
vn -0.6963 0.7173 -0.0263
vn 0.9703 -0.2081 0.1232
vn -0.4257 0.1655 0.8896
vn 0.6623 0.0894 -0.7439
vn 0.3825 0.6234 0.6820
vn -0.8152 0.5067 0.2805
vn 0.7649 0.5293 0.3669
vn 0.9906 -0.0290 -0.1339
vn -0.5324 0.4114 0.7398
vn -0.7130 0.3243 0.6217
vn 0.9559 0.2439 -0.1637
vn 0.3292 0.7506 0.5729
vn -0.5836 0.0019 0.8121
vn 0.7124 0.6504 0.2636
vn 0.8145 0.3065 -0.4925
vn 0.6212 0.5454 -0.5628
vn -0.5958 0.6058 0.5272
vn 0.7056 0.7086 0.0064
vn -0.6462 0.7345 0.2073
vn 0.0977 0.8638 0.4943
vn 0.8340 -0.4667 -0.2944
vn 0.5991 0.7632 0.2421
vn 0.4275 0.7363 -0.5246
vn -0.3708 -0.3640 0.8544
vn 0.4616 0.8860 0.0434
vn -0.4802 0.8771 -0.0109
vn 0.7578 -0.6514 0.0384
vn 0.3590 0.8248 0.4368
vn -0.2174 0.9666 -0.1361
vn 0.5814 -0.7011 0.4128
vn 0.2139 0.8468 -0.4871
vn 0.8266 0.5103 0.2374
vn 0.5645 0.7083 0.4238
vn -0.2792 0.4448 -0.8510
vn -0.3218 0.1432 0.9359
vn -0.7511 0.2303 -0.6187
vn 0.6469 0.5819 0.4928
vn -0.4985 0.5139 -0.6982
vn -0.0791 0.3191 0.9444
vn -0.1333 0.4075 0.9034
vn 0.0778 0.6063 0.7915
vn -0.6206 0.4488 -0.6431
vn 0.3654 0.6399 0.6760
vn 0.4073 0.5483 0.7303
vn -0.5245 0.2723 -0.8067
vn 0.1746 0.4851 0.8568
vn -0.6207 0.4487 -0.6430
vn 0.4070 0.5483 0.7305
vn 0.3657 0.6400 0.6758
vn 0.5751 -0.6807 0.4538
vn 0.3857 -0.4514 0.8047
vn 0.2035 -0.6894 0.6952
vn 0.6364 -0.2934 0.7134
vn 0.1998 -0.8852 0.4202
vn 0.8341 -0.2906 0.4689
vn 0.8691 -0.4579 0.1869
vn 0.4054 -0.9044 0.1334
vn 0.6951 -0.7181 0.0348
vn -0.7150 0.0039 -0.6991
vn -0.3258 0.6754 -0.6616
vn -0.1031 0.4307 -0.8966
vn -0.4487 0.7707 -0.4524
vn 0.0079 0.0144 -0.9999
vn -0.6518 0.7119 -0.2614
vn -0.0916 -0.3984 -0.9127
vn -0.8896 0.4568 -0.0047
vn -0.3685 -0.6241 -0.6889
vn -0.9960 0.0135 0.0887
vn -0.9114 -0.4100 -0.0341
vn -0.4821 -0.7408 -0.4679
vn -0.6992 -0.6510 -0.2955
vn -0.8895 0.4568 -0.0045
vn 0.1283 0.2998 0.9453
vn -0.9960 0.0135 0.0889
vn 0.3622 0.4703 0.8048
vn 0.7348 -0.0013 0.6783
vn 0.0193 -0.0100 0.9998
vn -0.4489 0.7706 -0.4525
vn 0.6293 0.5107 0.5858
vn -0.9114 -0.4101 -0.0339
vn 0.0824 -0.3306 0.9402
vn -0.3259 0.6753 -0.6616
vn 0.8243 0.4624 0.3267
vn 0.9511 0.2890 0.1089
vn -0.6992 -0.6510 -0.2954
vn 0.3023 -0.5206 0.7985
vn -0.1028 0.4308 -0.8966
vn 0.9999 -0.0002 0.0141
vn 0.0082 0.0145 -0.9999
vn -0.4821 -0.7407 -0.4679
vn -0.0913 -0.3984 -0.9127
vn 0.5996 -0.5834 0.5478
vn 0.9449 -0.3171 0.0817
vn 0.8056 -0.5239 0.2768
vn -0.3685 -0.6240 -0.6890
vn 0.0165 -0.4796 0.8773
vn 0.4622 0.8312 0.3089
vn -0.1142 0.9104 -0.3977
vn 0.3204 -0.6955 0.6432
vn 0.3428 0.3199 -0.8833
vn 0.0453 -0.1700 0.9844
vn 0.6622 0.0896 -0.7439
vn -0.2188 -0.0696 0.9733
vn 0.3429 0.3197 -0.8833
vn -0.5322 0.4114 0.7399
vn 0.6623 0.0895 -0.7439
vn 0.7646 -0.2744 -0.5832
vn -0.5958 0.6057 0.5274
vn 0.7647 -0.2743 -0.5831
vn 0.8339 -0.4668 -0.2945
vn -0.6459 0.7347 0.2074
vn 0.7578 -0.6513 0.0384
vn 0.3203 -0.6955 0.6432
vn -0.2172 0.9666 -0.1361
vn 0.5815 -0.7011 0.4126
vn 0.2139 0.8469 -0.4868
vn 0.3204 -0.6954 0.6432
vn 0.0163 -0.4796 0.8773
vn 0.4274 0.7363 -0.5246
vn -0.3709 -0.3640 0.8544
vn -0.5835 0.0017 0.8121
vn 0.6213 0.5454 -0.5626
vn 0.7731 -0.1865 0.6063
vn -0.6963 0.7173 -0.0261
vn -0.4481 0.8322 -0.3266
vn -0.5481 -0.7411 -0.3877
vn -0.5767 -0.6949 -0.4295
vn 0.0724 -0.6031 -0.7944
vn 0.0379 -0.5564 -0.8301
vn -0.7821 0.1003 -0.6150
vn 0.6612 -0.1519 -0.7347
vn 0.6969 -0.1914 -0.6911
vn -0.3095 0.2198 -0.9251
vn 0.1633 0.5263 -0.8344
vn 0.9373 0.2940 -0.1870
vn 0.3643 0.8365 -0.4092
vn 0.9577 0.2523 -0.1382
vn -0.2570 0.0501 -0.9651
vn 0.2878 0.4035 -0.8685
vn 0.5171 0.7671 -0.3797
vn -0.7919 -0.0792 -0.6055
vn 0.1870 0.9769 0.1036
vn 0.6895 0.5184 0.5059
vn 0.7029 0.4664 0.5369
vn -0.6487 -0.5820 -0.4903
vn -0.0150 -0.4491 -0.8933
vn 0.6270 -0.0589 -0.7768
vn 0.9077 0.3633 -0.2100
vn 0.3059 0.9292 0.2075
vn 0.6621 0.5733 0.4827
vn -0.2685 0.8686 0.4165
vn 0.0545 0.3781 0.9242
vn 0.0858 0.3289 0.9405
vn -0.2170 0.8016 0.5570
vn 0.0272 0.4445 0.8954
vn -0.5821 -0.0430 0.8120
vn -0.7477 0.5675 0.3448
vn -0.5362 -0.0803 0.8402
vn -0.7540 0.4578 0.4710
vn -0.6240 0.0501 0.7798
vn -0.8003 -0.5246 0.2905
vn -0.8380 -0.4872 0.2458
vn -0.9658 0.2458 -0.0831
vn -0.9957 0.0923 -0.0074
vn -0.9039 -0.3763 0.2034
vn -0.7921 -0.0792 -0.6053
vn -0.5484 -0.7411 -0.3874
vn -0.7824 0.1003 -0.6146
vn -0.6490 -0.5820 -0.4900
vn -0.3428 -0.8600 -0.3780
vn 0.0434 -0.9976 -0.0532
vn 0.0431 -0.9976 -0.0534
vn -0.3440 -0.8589 -0.3794
vn -0.6333 -0.4892 -0.5996
vn -0.6343 -0.4874 -0.6001
vn -0.7520 0.0061 -0.6592
vn -0.7522 0.0101 -0.6589
vn -0.6718 0.5034 -0.5434
vn -0.6704 0.5068 -0.5420
vn -0.4133 0.8651 -0.2844
vn -0.4117 0.8664 -0.2827
vn -0.0472 0.9977 0.0486
vn -0.0469 0.9977 0.0488
vn 0.3295 0.8700 0.3669
vn 0.3311 0.8687 0.3684
vn 0.6224 0.5129 0.5912
vn 0.6240 0.5092 0.5927
vn 0.7504 0.0205 0.6606
vn 0.7508 0.0162 0.6603
vn 0.6750 -0.4942 0.5478
vn 0.6724 -0.5005 0.5454
vn 0.4130 -0.8656 0.2831
vn 0.4098 -0.8681 0.2802
vn 0.0438 -0.9976 -0.0529
vn 0.0435 -0.9976 -0.0530
vn 0.5897 0.6486 -0.4811
vn 0.7455 -0.0828 -0.6613
vn 0.6251 0.6363 -0.4522
vn 0.7889 -0.0852 -0.6085
vn 0.5053 -0.7671 -0.3953
vn 0.3484 0.6226 -0.7007
vn 0.5563 -0.7553 -0.3465
vn 0.5096 -0.0898 -0.8557
vn -0.5579 0.1600 -0.8144
vn 0.0636 -0.9816 0.1803
vn 0.2798 -0.7520 -0.5969
vn -0.5126 -0.0391 -0.8577
vn 0.0163 -0.9879 0.1545
vn -0.4006 -0.6317 0.6637
vn -0.2069 -0.9754 -0.0764
vn -0.5770 -0.2244 -0.7853
vn -0.4250 -0.6255 0.6543
vn -0.5646 0.0898 0.8205
vn -0.6653 -0.6295 0.4015
vn -0.7130 -0.2870 -0.6398
vn -0.5670 0.0933 0.8184
vn -0.8412 -0.1903 -0.5061
vn -0.8267 0.0831 0.5564
vn -0.3359 0.7563 0.5614
vn -0.3321 0.7602 0.5583
vn -0.8864 0.0092 -0.4629
vn -0.5968 0.7451 0.2976
vn 0.1393 0.9898 0.0282
vn 0.1610 0.9865 0.0314
vn -0.8222 0.1942 -0.5351
vn -0.1102 0.9686 -0.2230
vn 0.5899 0.6485 -0.4812
vn 0.6250 0.6365 -0.4520
vn -0.6861 0.2568 -0.6807
vn -0.7270 -0.0155 -0.6865
vn -0.8411 -0.1899 -0.5065
vn -0.6862 0.2564 -0.6808
vn -0.5579 0.1602 -0.8143
vn -0.7131 -0.2864 -0.6399
vn -0.5582 0.1598 -0.8142
vn -0.5130 -0.0392 -0.8575
vn -0.5773 -0.2240 -0.7852
vn 0.8834 0.2282 0.4092
vn 0.9354 -0.0148 0.3532
vn 0.6164 0.6337 -0.4675
vn 0.7697 -0.0844 -0.6327
vn 0.8623 -0.2403 0.4458
vn 0.3277 0.6266 -0.7071
vn 0.5534 -0.7515 -0.3592
vn 0.4815 -0.0897 -0.8718
vn 0.7070 -0.3169 0.6323
vn 0.4217 0.6401 -0.6422
vn 0.0942 -0.9767 0.1929
vn 0.2661 -0.7554 -0.5988
vn 0.5688 -0.0960 -0.8168
vn 0.5601 -0.1988 0.8043
vn -0.3393 -0.6282 0.7002
vn -0.1922 -0.9802 -0.0479
vn 0.3291 -0.7710 -0.5452
vn 0.5084 0.0444 0.8600
vn -0.4930 0.0900 0.8654
vn -0.6251 -0.6322 0.4577
vn -0.5826 -0.6359 0.5062
vn -0.1476 -0.9890 0.0030
vn 0.5815 0.2698 0.7675
vn -0.2766 0.7571 0.5919
vn -0.7786 0.0841 0.6219
vn -0.7294 0.0807 0.6793
vn 0.7370 0.3461 0.5806
vn 0.1828 0.9823 0.0398
vn -0.5637 0.7489 0.3484
vn -0.5029 0.7543 0.4221
vn -0.1054 0.9737 -0.2020
vn 0.6162 0.6339 -0.4675
vn -0.0261 0.9919 -0.1245
vn 0.4217 0.6402 -0.6421
vn 0.3291 -0.7709 -0.5454
vn 0.5054 -0.7670 -0.3954
vn 0.5690 -0.0959 -0.8167
vn 0.7456 -0.0828 -0.6612
vn 0.4219 0.6402 -0.6420
vn 0.5899 0.6485 -0.4811
vn -0.0259 0.9919 -0.1244
vn 0.1395 0.9898 0.0282
vn -0.5027 0.7543 0.4222
vn -0.3357 0.7563 0.5615
vn -0.7293 0.0807 0.6794
vn -0.4251 -0.6255 0.6543
vn 0.0165 -0.9878 0.1547
vn -0.1476 -0.9890 0.0029
vn 0.5052 -0.7672 -0.3951
vn 0.3290 -0.7710 -0.5452
vn -0.3878 -0.7411 0.5481
vn -0.4295 -0.6949 0.5767
vn -0.7944 -0.6030 -0.0725
vn -0.8301 -0.5564 -0.0379
vn -0.6150 0.1003 0.7822
vn -0.7355 -0.1528 -0.6601
vn -0.6911 -0.1913 -0.6970
vn -0.9251 0.2198 0.3095
vn -0.8344 0.5264 -0.1633
vn -0.1862 0.2944 -0.9374
vn -0.4092 0.8365 -0.3643
vn -0.1382 0.2523 -0.9577
vn -0.9651 0.0501 0.2570
vn -0.8685 0.4035 -0.2878
vn -0.3797 0.7671 -0.5171
vn -0.6056 -0.0792 0.7919
vn 0.1036 0.9769 -0.1870
vn 0.5059 0.5184 -0.6895
vn 0.5370 0.4664 -0.7029
vn -0.4904 -0.5820 0.6487
vn -0.8933 -0.4491 0.0151
vn -0.7768 -0.0590 -0.6269
vn -0.2100 0.3633 -0.9077
vn 0.2075 0.9292 -0.3059
vn 0.4827 0.5733 -0.6621
vn 0.4165 0.8686 0.2685
vn 0.9242 0.3781 -0.0545
vn 0.9405 0.3289 -0.0858
vn 0.5571 0.8016 0.2170
vn 0.8953 0.4447 -0.0272
vn 0.8119 -0.0431 0.5821
vn 0.3448 0.5675 0.7477
vn 0.8403 -0.0802 0.5361
vn 0.4710 0.4578 0.7540
vn 0.7798 0.0501 0.6240
vn 0.2907 -0.5245 0.8002
vn 0.2458 -0.4873 0.8379
vn -0.0831 0.2458 0.9657
vn -0.0074 0.0924 0.9957
vn 0.2034 -0.3761 0.9040
vn -0.6053 -0.0792 0.7921
vn -0.3874 -0.7411 0.5484
vn -0.6146 0.1003 0.7824
vn -0.4900 -0.5820 0.6490
vn -0.3783 -0.8600 0.3425
vn -0.0532 -0.9976 -0.0434
vn -0.0534 -0.9976 -0.0431
vn -0.3794 -0.8589 0.3440
vn -0.5996 -0.4893 0.6333
vn -0.6001 -0.4873 0.6343
vn -0.6592 0.0060 0.7520
vn -0.6589 0.0101 0.7522
vn -0.5434 0.5034 0.6718
vn -0.5420 0.5068 0.6704
vn -0.2844 0.8651 0.4133
vn -0.2828 0.8663 0.4117
vn 0.0485 0.9977 0.0472
vn 0.0487 0.9977 0.0469
vn 0.3669 0.8700 -0.3295
vn 0.3684 0.8687 -0.3311
vn 0.5913 0.5127 -0.6225
vn 0.5927 0.5092 -0.6240
vn 0.6606 0.0204 -0.7505
vn 0.6601 0.0152 -0.7510
vn 0.5479 -0.4943 -0.6749
vn 0.5454 -0.5005 -0.6724
vn 0.2832 -0.8656 -0.4130
vn 0.2802 -0.8681 -0.4098
vn -0.0528 -0.9976 -0.0438
vn -0.0530 -0.9976 -0.0435
vn -0.4812 0.6486 -0.5897
vn -0.6614 -0.0828 -0.7455
vn -0.4522 0.6362 -0.6251
vn -0.6085 -0.0852 -0.7890
vn -0.3954 -0.7671 -0.5052
vn -0.7008 0.6225 -0.3484
vn -0.3465 -0.7553 -0.5563
vn -0.8557 -0.0899 -0.5096
vn -0.8144 0.1600 0.5579
vn 0.1803 -0.9816 -0.0637
vn -0.5969 -0.7520 -0.2798
vn -0.8577 -0.0392 0.5126
vn 0.1544 -0.9879 -0.0163
vn 0.6637 -0.6317 0.4006
vn -0.0764 -0.9754 0.2068
vn -0.7853 -0.2243 0.5770
vn 0.6543 -0.6255 0.4250
vn 0.8204 0.0898 0.5647
vn 0.4014 -0.6295 0.6653
vn -0.6398 -0.2869 0.7130
vn 0.8183 0.0933 0.5671
vn -0.5061 -0.1902 0.8412
vn 0.5564 0.0831 0.8267
vn 0.5614 0.7563 0.3359
vn 0.5583 0.7602 0.3321
vn -0.4629 0.0092 0.8864
vn 0.2976 0.7451 0.5969
vn 0.0280 0.9899 -0.1393
vn 0.0314 0.9865 -0.1610
vn -0.5351 0.1942 0.8222
vn -0.2230 0.9686 0.1102
vn -0.4812 0.6485 -0.5899
vn -0.4520 0.6365 -0.6250
vn -0.6806 0.2569 0.6861
vn -0.7007 0.6226 -0.3484
vn -0.6865 -0.0156 0.7270
vn -0.5065 -0.1899 0.8411
vn -0.6807 0.2564 0.6862
vn -0.8143 0.1602 0.5579
vn -0.6398 -0.2865 0.7131
vn -0.8142 0.1599 0.5582
vn -0.8575 -0.0392 0.5130
vn -0.7852 -0.2240 0.5773
vn 0.4092 0.2282 -0.8834
vn 0.3532 -0.0149 -0.9354
vn -0.4675 0.6337 -0.6164
vn -0.6327 -0.0844 -0.7698
vn 0.4458 -0.2403 -0.8623
vn -0.7072 0.6265 -0.3277
vn -0.3593 -0.7515 -0.5534
vn -0.8719 -0.0897 -0.4815
vn 0.6323 -0.3167 -0.7070
vn -0.6421 0.6402 -0.4217
vn 0.1929 -0.9767 -0.0942
vn -0.5988 -0.7554 -0.2662
vn -0.8168 -0.0960 -0.5688
vn 0.8042 -0.1987 -0.5601
vn 0.7002 -0.6282 0.3393
vn -0.0479 -0.9802 0.1922
vn -0.5453 -0.7709 -0.3291
vn 0.8600 0.0442 -0.5084
vn 0.8654 0.0900 0.4929
vn 0.4577 -0.6322 0.6252
vn 0.5062 -0.6359 0.5826
vn 0.0028 -0.9890 0.1477
vn 0.7675 0.2698 -0.5815
vn 0.5919 0.7571 0.2766
vn 0.6219 0.0841 0.7786
vn 0.6792 0.0807 0.7295
vn 0.5806 0.3463 -0.7369
vn 0.0399 0.9824 -0.1827
vn 0.3484 0.7490 0.5636
vn 0.4220 0.7544 0.5028
vn -0.2020 0.9737 0.1054
vn -0.4673 0.6340 -0.6162
vn -0.1245 0.9919 0.0261
vn -0.7071 0.6266 -0.3277
vn -0.5455 -0.7708 -0.3291
vn -0.3954 -0.7669 -0.5054
vn -0.8167 -0.0959 -0.5690
vn -0.6612 -0.0828 -0.7456
vn -0.6420 0.6402 -0.4218
vn -0.4811 0.6485 -0.5899
vn -0.1243 0.9919 0.0259
vn 0.0282 0.9898 -0.1395
vn 0.4222 0.7543 0.5027
vn 0.5615 0.7563 0.3357
vn 0.8184 0.0933 0.5670
vn 0.6794 0.0807 0.7294
vn 0.6543 -0.6255 0.4251
vn 0.5062 -0.6360 0.5825
vn 0.1546 -0.9878 -0.0165
vn 0.0030 -0.9891 0.1475
vn -0.3952 -0.7672 -0.5053
vn -0.5452 -0.7710 -0.3290
vn 0.8341 -0.2905 0.4689
vn 0.8693 -0.4577 0.1868
vn 0.5858 -0.6488 0.4857
vn 0.6952 -0.7180 0.0346
vn 0.4054 -0.9044 0.1332
vn 0.5855 -0.6489 0.4859
vn 0.1996 -0.8853 0.4200
vn 0.5855 -0.6490 0.4859
vn 0.2032 -0.6895 0.6952
vn 0.3855 -0.4513 0.8048
vn 0.5859 -0.6487 0.4857
vn 0.6363 -0.2935 0.7135
vn -0.6406 -0.7678 0.0071
vn -0.6802 -0.3555 0.6411
vn -0.7120 -0.7011 -0.0386
vn -0.7482 -0.2805 0.6013
vn -0.2719 0.2112 0.9389
vn -0.6777 -0.7348 0.0269
vn -0.3343 0.2895 0.8969
vn -0.7136 -0.2912 0.6372
vn 0.3442 0.5976 0.7241
vn 0.2836 0.6763 0.6799
vn -0.3102 0.2530 0.9164
vn -0.6617 -0.6532 0.3681
vn -0.4475 -0.8883 -0.1036
vn -0.4278 -0.0434 0.9028
vn -0.6110 -0.3743 0.6976
vn 0.2820 0.6152 0.7362
vn 0.0146 0.3110 0.9503
vn 0.7489 0.6580 0.0786
vn 0.7696 0.6055 0.2025
vn 0.8068 0.5778 0.1236
vn 0.3440 0.5249 0.7786
vn 0.6714 0.5247 0.5234
vn 0.7913 0.2427 -0.5612
vn 0.8610 0.1571 -0.4838
vn 0.9568 0.2226 -0.1868
vn 0.9143 0.4038 0.0307
vn 0.8443 0.1630 -0.5105
vn 0.3801 -0.3301 -0.8640
vn 0.3909 -0.4705 -0.7911
vn 0.8047 -0.1501 -0.5744
vn 0.4350 -0.4023 -0.8056
vn -0.2443 -0.7221 -0.6472
vn -0.2372 -0.8016 -0.5488
vn 0.1885 -0.7300 -0.6570
vn 0.6522 -0.3933 -0.6481
vn -0.1791 -0.7866 -0.5909
vn -0.6404 -0.7680 0.0067
vn -0.7119 -0.7012 -0.0386
vn -0.1639 -0.8678 -0.4691
vn -0.4473 -0.8883 -0.1040
vn -0.6777 -0.7348 0.0271
vn -0.8843 -0.4316 -0.1780
vn -0.9922 -0.1116 -0.0552
vn -0.8517 -0.2857 -0.4393
vn -0.9691 -0.2363 0.0710
vn -0.7578 -0.6514 -0.0381
vn -0.9546 0.1542 0.2550
vn -0.8338 -0.4669 0.2945
vn -0.7647 -0.2744 0.5831
vn -0.9314 -0.0018 0.3639
vn -0.7797 0.2274 0.5834
vn -0.7330 0.4928 0.4688
vn -0.6622 0.0893 0.7440
vn -0.3430 0.3198 0.8832
vn -0.5181 0.5255 0.6748
vn -0.4171 0.8008 0.4299
vn -0.2907 0.7621 0.5785
vn -0.0545 0.5400 0.8399
vn -0.0649 0.9680 0.2422
vn 0.2476 0.7318 0.6349
vn 0.0486 0.8827 0.4674
vn 0.4483 0.8320 0.3268
vn 0.3138 0.9293 0.1946
vn 0.1990 0.9708 -0.1340
vn 0.6965 0.7171 0.0262
vn -0.4678 0.4842 -0.7394
vn -0.7854 0.4928 -0.3746
vn -0.2724 0.7536 -0.5982
vn 0.1402 0.5424 -0.8283
vn -0.6123 0.7628 -0.2079
vn -0.8500 0.2326 -0.4727
vn -0.5796 0.2252 -0.7832
vn -0.0821 0.2866 -0.9545
vn -0.9901 0.0772 -0.1172
vn -0.9497 0.3103 0.0422
vn 0.5155 0.1856 -0.8366
vn -0.7881 0.5677 0.2382
vn -0.1991 0.9708 0.1341
vn -0.2512 0.0570 -0.9663
vn 0.0647 0.9680 -0.2424
vn 0.2686 -0.0466 -0.9621
vn -0.9619 -0.1992 0.1870
vn -0.2606 0.5691 0.7799
vn -0.9166 -0.0142 0.3995
vn 0.7523 -0.2208 -0.6207
vn -0.7526 0.2205 0.6205
vn 0.0475 -0.2269 -0.9728
vn 0.4171 0.8008 -0.4299
vn 0.4900 -0.4265 -0.7603
vn -0.7734 -0.5225 0.3589
vn -0.0741 0.2188 0.9730
vn -0.6953 -0.3940 0.6011
vn 0.7878 -0.5680 -0.2383
vn -0.5158 -0.1860 0.8363
vn 0.2361 -0.5503 -0.8009
vn 0.7330 0.4928 -0.4690
vn 0.5230 -0.7510 -0.4031
vn -0.4746 -0.8066 0.3523
vn 0.2536 -0.0598 0.9655
vn -0.3445 -0.7271 0.5938
vn 0.6119 -0.7632 0.2076
vn -0.1406 -0.5427 0.8281
vn 0.2642 -0.8268 -0.4966
vn 0.9546 0.1541 -0.2551
vn 0.3587 -0.9333 0.0138
vn -0.1461 -0.9747 0.1692
vn 0.0412 -0.9247 0.3786
vn 0.1243 -0.9821 -0.1416
vn 0.2720 -0.7539 0.5980
vn 0.9922 -0.1116 0.0550
vn -0.2720 0.7540 -0.5980
vn -0.6120 0.7631 -0.2075
vn -0.0412 0.9246 -0.3786
vn 0.3445 0.7271 -0.5938
vn 0.1406 0.5427 -0.8281
vn -0.3587 0.9333 -0.0137
vn -0.7878 0.5679 0.2383
vn 0.1931 0.9747 -0.1122
vn 0.5025 0.8164 -0.2846
vn 0.6953 0.3940 -0.6011
vn 0.7833 0.5494 -0.2908
vn 0.5157 0.1860 -0.8363
vn -0.5230 0.7510 0.4031
vn -0.0614 0.9817 0.1802
vn -0.7523 0.2207 0.6207
vn 0.3906 0.9081 0.1510
vn 0.5918 0.8052 0.0388
vn 0.7742 0.6320 0.0346
vn 0.9166 0.0142 -0.3995
vn 0.9609 0.2449 -0.1290
vn 0.8905 0.4328 0.1401
vn 0.5995 0.6191 0.5072
vn 0.2249 0.9126 0.3413
vn -0.1931 0.8354 0.5146
vn -0.4900 0.4265 0.7603
vn -0.5154 -0.1857 0.8366
vn 0.9077 0.2637 0.3264
vn 0.9874 -0.0153 0.1574
vn 0.1392 0.8173 0.5591
vn -0.1666 0.5752 0.8008
vn -0.2686 0.0466 0.9621
vn 0.8219 0.1685 0.5441
vn 0.1564 0.6481 0.7453
vn 0.0109 0.2708 0.9626
vn -0.1403 -0.5424 0.8284
vn 0.0821 -0.2866 0.9545
vn 0.2920 0.0037 0.9564
vn 0.2720 0.4500 0.8506
vn 0.8558 -0.1615 0.4914
vn 0.6563 0.1730 0.7344
vn 0.4551 0.2759 0.8466
vn 0.2724 -0.7537 0.5982
vn 0.4679 -0.4842 0.7394
vn 0.6010 -0.1545 0.7841
vn 0.7854 -0.4928 0.3746
vn 0.6123 -0.7628 0.2078
vn 0.9497 -0.3103 -0.0423
vn 0.7881 -0.5676 -0.2381
vn 0.7525 -0.2204 -0.6206
vn 0.4450 0.8865 -0.1270
vn 0.2989 0.8223 -0.4842
vn 0.5233 0.7235 -0.4501
vn 0.8154 0.5066 -0.2803
vn 0.2606 0.5690 -0.7799
vn 0.7131 0.3241 -0.6216
vn 0.5015 0.4690 -0.7270
vn 0.4109 0.1828 -0.8932
vn 0.0741 0.2188 -0.9730
vn 0.5837 0.0016 -0.8120
vn 0.1557 -0.1364 -0.9783
vn -0.2536 -0.0598 -0.9655
vn 0.3710 -0.3642 -0.8543
vn -0.1516 -0.2712 -0.9505
vn -0.0161 -0.4799 -0.8772
vn -0.4698 -0.4419 -0.7642
vn -0.5771 -0.2336 -0.7825
vn -0.3202 -0.6957 -0.6430
vn -0.6698 -0.5214 -0.5287
vn -0.5815 -0.7013 -0.4124
vn -0.8841 -0.4319 -0.1784
vn -0.7577 -0.6515 -0.0386
vn 0.5806 -0.6294 0.5166
vn 0.5665 -0.6349 0.5254
vn 0.3442 0.5246 0.7787
vn 0.0150 0.3107 0.9504
vn 0.5571 -0.6415 0.5273
vn 0.5478 -0.6484 0.5288
vn -0.4277 -0.0438 0.9029
vn 0.5367 -0.6622 0.5230
vn -0.6106 -0.3746 0.6977
vn 0.5327 -0.6704 0.5166
vn 0.5294 -0.6784 0.5094
vn -0.6614 -0.6534 0.3683
vn 0.5376 -0.6860 0.4902
vn -0.4471 -0.8884 -0.1037
vn 0.5444 -0.6849 0.4843
vn 0.5504 -0.6837 0.4791
vn -0.1635 -0.8679 -0.4690
vn 0.5538 -0.6876 0.4696
vn 0.5565 -0.6893 0.4638
vn 0.1887 -0.7302 -0.6567
vn 0.5777 -0.6813 0.4495
vn 0.6524 -0.3934 -0.6477
vn 0.5849 -0.6733 0.4523
vn 0.5918 -0.6655 0.4548
vn 0.8048 -0.1504 -0.5741
vn 0.6001 -0.6517 0.4638
vn 0.9570 0.2224 -0.1864
vn 0.6009 -0.6444 0.4728
vn 0.6017 -0.6369 0.4820
vn 0.9145 0.4033 0.0307
vn 0.5961 -0.6303 0.4973
vn 0.6715 0.5243 0.5236
vn 0.5884 -0.6300 0.5069
vn 0.5805 -0.6294 0.5166
vn 0.3443 0.5246 0.7786
vn -0.0450 -0.1700 -0.9844
vn -0.1368 -0.5452 -0.8271
vn -0.0547 0.5402 0.8398
vn -0.5245 0.2722 -0.8067
vn -0.5095 -0.3624 -0.7804
vn 0.2474 0.7320 0.6348
vn 0.4480 0.8321 0.3270
vn -0.7729 -0.1870 -0.6064
vn -0.7511 0.2301 -0.6188
vn -0.6207 0.4485 -0.6431
vn -0.4983 0.5137 -0.6985
vn 0.2190 -0.0699 -0.9732
vn -0.3429 0.3200 0.8832
vn -0.7372 0.4510 -0.5030
vn -0.8902 -0.3223 -0.3218
vn 0.6964 0.7172 0.0262
vn -0.8879 0.2883 -0.3586
vn -0.9703 -0.2080 -0.1232
vn 0.4256 0.1655 -0.8896
vn -0.6623 0.0895 0.7439
vn -0.3825 0.6234 -0.6820
vn 0.8153 0.5067 -0.2804
vn -0.7649 0.5295 -0.3670
vn -0.9906 -0.0290 0.1338
vn 0.5324 0.4115 -0.7398
vn 0.7129 0.3244 -0.6217
vn -0.8690 0.4797 -0.1216
vn -0.9559 0.2436 0.1639
vn -0.3291 0.7506 -0.5729
vn 0.5836 0.0020 -0.8121
vn -0.7124 0.6504 -0.2636
vn -0.8145 0.3065 0.4926
vn -0.6212 0.5454 0.5627
vn 0.5958 0.6058 -0.5272
vn -0.7056 0.7086 -0.0064
vn 0.6461 0.7345 -0.2073
vn -0.0977 0.8638 -0.4943
vn -0.8340 -0.4667 0.2944
vn -0.5991 0.7632 -0.2421
vn -0.4275 0.7363 0.5246
vn 0.3708 -0.3640 -0.8544
vn -0.4616 0.8860 -0.0435
vn 0.4801 0.8771 0.0108
vn -0.7577 -0.6515 -0.0382
vn -0.3591 0.8248 -0.4368
vn 0.2173 0.9666 0.1361
vn -0.5815 -0.7010 -0.4128
vn -0.2139 0.8468 0.4870
vn -0.0165 -0.4797 -0.8773
vn -0.4622 0.8313 -0.3089
vn -0.2294 0.9453 -0.2318
vn 0.1141 0.9104 0.3976
vn -0.3203 -0.6954 -0.6433
vn -0.3429 0.3198 0.8833
vn -0.0453 -0.1700 -0.9844
vn -0.0546 0.5400 0.8399
vn 0.2188 -0.0696 -0.9733
vn 0.5322 0.4115 -0.7399
vn -0.6623 0.0894 0.7439
vn -0.7646 -0.2744 0.5831
vn 0.5959 0.6057 -0.5273
vn -0.7646 -0.2746 0.5831
vn -0.8339 -0.4668 0.2944
vn 0.6459 0.7347 -0.2075
vn -0.8339 -0.4669 0.2944
vn -0.7577 -0.6514 -0.0384
vn -0.3203 -0.6955 -0.6432
vn 0.2172 0.9666 0.1361
vn -0.5816 -0.7011 -0.4126
vn -0.2139 0.8469 0.4869
vn -0.3204 -0.6955 -0.6432
vn -0.0163 -0.4796 -0.8773
vn -0.4274 0.7363 0.5246
vn -0.0162 -0.4796 -0.8773
vn 0.3708 -0.3639 -0.8544
vn 0.5836 0.0018 -0.8120
vn -0.6213 0.5453 0.5627
vn -0.7731 -0.1866 -0.6063
vn 0.6963 0.7173 0.0261
vn 0.4482 0.8321 0.3267
vn 0.5481 -0.7411 0.3877
vn 0.5768 -0.6949 0.4295
vn -0.0724 -0.6030 0.7944
vn -0.0414 -0.5548 0.8309
vn 0.7821 0.1003 0.6150
vn -0.6612 -0.1519 0.7347
vn -0.6970 -0.1913 0.6911
vn 0.3095 0.2198 0.9251
vn -0.1633 0.5264 0.8344
vn -0.9373 0.2935 0.1882
vn -0.3643 0.8365 0.4092
vn -0.9577 0.2523 0.1381
vn 0.2570 0.0501 0.9651
vn -0.2878 0.4035 0.8685
vn -0.5171 0.7671 0.3797
vn 0.7919 -0.0792 0.6055
vn -0.1870 0.9769 -0.1036
vn -0.6895 0.5184 -0.5059
vn -0.7030 0.4664 -0.5369
vn 0.6487 -0.5820 0.4903
vn 0.0150 -0.4491 0.8933
vn -0.6269 -0.0590 0.7768
vn -0.9077 0.3635 0.2096
vn -0.3059 0.9292 -0.2075
vn -0.6621 0.5733 -0.4827
vn 0.2685 0.8686 -0.4165
vn -0.0545 0.3781 -0.9242
vn -0.0858 0.3289 -0.9405
vn 0.2170 0.8016 -0.5571
vn -0.0272 0.4445 -0.8954
vn 0.5821 -0.0431 -0.8119
vn 0.7477 0.5675 -0.3448
vn 0.5365 -0.0809 -0.8400
vn 0.7540 0.4578 -0.4710
vn 0.6240 0.0501 -0.7798
vn 0.8003 -0.5244 -0.2908
vn 0.8379 -0.4873 -0.2458
vn 0.9658 0.2458 0.0831
vn 0.9957 0.0924 0.0074
vn 0.9041 -0.3759 -0.2034
vn 0.7921 -0.0792 0.6053
vn 0.5483 -0.7411 0.3875
vn 0.7824 0.1003 0.6146
vn 0.6490 -0.5820 0.4900
vn 0.4679 0.4842 0.7394
vn 0.7854 0.4928 0.3746
vn 0.2724 0.7536 0.5982
vn -0.1403 0.5424 0.8283
vn 0.6123 0.7629 0.2079
vn 0.8502 0.2325 0.4724
vn 0.5796 0.2252 0.7832
vn 0.0821 0.2866 0.9545
vn 0.9901 0.0772 0.1172
vn 0.9497 0.3103 -0.0423
vn -0.5155 0.1857 0.8366
vn 0.7881 0.5677 -0.2382
vn 0.2512 0.0570 0.9663
vn -0.0647 0.9680 0.2424
vn -0.2686 -0.0466 0.9621
vn 0.9619 -0.1992 -0.1870
vn 0.9166 -0.0142 -0.3995
vn -0.7523 -0.2208 0.6207
vn 0.7526 0.2205 -0.6205
vn -0.0475 -0.2268 0.9728
vn -0.4170 0.8008 0.4299
vn -0.4900 -0.4265 0.7603
vn 0.7734 -0.5225 -0.3589
vn 0.6953 -0.3940 -0.6011
vn -0.7878 -0.5679 0.2383
vn 0.5158 -0.1860 -0.8363
vn -0.2361 -0.5503 0.8009
vn -0.7330 0.4928 0.4690
vn -0.5230 -0.7510 0.4031
vn 0.4746 -0.8066 -0.3523
vn -0.2535 -0.0598 -0.9655
vn 0.3445 -0.7271 -0.5938
vn -0.6120 -0.7631 -0.2077
vn 0.1406 -0.5427 -0.8281
vn -0.2641 -0.8268 0.4967
vn -0.9546 0.1541 0.2551
vn -0.3587 -0.9334 -0.0137
vn 0.1461 -0.9747 -0.1692
vn -0.0412 -0.9247 -0.3786
vn -0.1243 -0.9821 0.1416
vn -0.2720 -0.7540 -0.5980
vn -0.9922 -0.1116 -0.0550
vn 0.2720 0.7540 0.5979
vn 0.6120 0.7631 0.2075
vn 0.0412 0.9246 0.3786
vn -0.3445 0.7271 0.5938
vn -0.1406 0.5427 0.8281
vn 0.3587 0.9334 0.0137
vn 0.7878 0.5679 -0.2384
vn -0.1932 0.9747 0.1122
vn -0.5024 0.8164 0.2847
vn -0.6953 0.3940 0.6011
vn -0.7833 0.5494 0.2908
vn -0.5158 0.1860 0.8363
vn 0.5230 0.7510 -0.4031
vn 0.0614 0.9817 -0.1801
vn 0.7523 0.2207 -0.6207
vn -0.3906 0.9081 -0.1510
vn -0.5918 0.8052 -0.0388
vn -0.7748 0.6313 -0.0348
vn -0.9166 0.0142 0.3995
vn -0.9609 0.2449 0.1290
vn -0.8905 0.4328 -0.1402
vn -0.5995 0.6191 -0.5073
vn -0.2249 0.9126 -0.3413
vn 0.1931 0.8354 -0.5146
vn 0.4900 0.4265 -0.7603
vn 0.5154 -0.1856 -0.8366
vn -0.9077 0.2637 -0.3264
vn -0.9874 -0.0153 -0.1574
vn -0.1392 0.8173 -0.5591
vn 0.1666 0.5752 -0.8008
vn 0.2686 0.0466 -0.9621
vn -0.8219 0.1685 -0.5441
vn -0.1565 0.6481 -0.7453
vn -0.0109 0.2708 -0.9626
vn 0.1402 -0.5424 -0.8283
vn -0.0821 -0.2866 -0.9545
vn -0.2920 0.0037 -0.9564
vn -0.2720 0.4500 -0.8506
vn -0.8558 -0.1615 -0.4914
vn -0.6563 0.1730 -0.7344
vn -0.4551 0.2759 -0.8466
vn -0.2724 -0.7537 -0.5982
vn -0.4679 -0.4842 -0.7394
vn -0.6010 -0.1545 -0.7841
vn -0.7854 -0.4928 -0.3746
vn -0.6123 -0.7629 -0.2078
vn -0.9497 -0.3103 0.0423
vn -0.7881 -0.5676 0.2382
vn -0.7526 -0.2204 0.6205
vn 0.6979 0.0338 -0.7154
vn -0.3812 -0.8565 0.3480
vn 0.7311 -0.2258 -0.6439
vn 0.6117 -0.2196 -0.7600
vn -0.6144 -0.7712 0.1667
vn -0.7223 -0.6781 -0.1355
vn 0.8730 -0.0597 -0.4840
vn -0.6797 -0.6992 0.2215
vn -0.1861 -0.7764 0.6022
vn -0.4700 -0.7594 0.4499
vn -0.2599 -0.7111 0.6533
vn 0.0942 -0.6985 0.7094
vn 0.4595 -0.0444 -0.8871
vn 0.7928 -0.3160 -0.5212
vn -0.8077 -0.5892 -0.0211
vn -0.8388 -0.4493 -0.3076
vn -0.8938 -0.3785 -0.2407
vn -0.7979 -0.2326 -0.5561
vn -0.0059 -0.6033 0.7975
vn 0.4856 -0.2988 -0.8215
vn 0.2820 -0.4692 0.8369
vn 0.2048 -0.4093 0.8891
vn 0.9162 -0.2841 -0.2826
vn 0.5240 -0.2664 0.8090
vn -0.8868 -0.1532 -0.4361
vn 0.2435 -0.2524 -0.9365
vn 0.7760 -0.4507 -0.4412
vn -0.8237 0.1235 -0.5534
vn -0.7697 0.0663 -0.6349
vn 0.4099 -0.1832 0.8935
vn -0.5827 0.3110 -0.7508
vn 0.3941 -0.4382 -0.8079
vn 0.6163 0.0337 0.7868
vn 0.5365 0.0908 0.8390
vn 0.8097 -0.5500 -0.2046
vn 0.7421 0.2762 0.6107
vn -0.6748 0.3837 -0.6304
vn 0.1387 -0.5228 -0.8411
vn 0.6226 0.3431 0.7033
vn 0.6803 -0.5969 -0.4253
vn -0.4850 0.6322 -0.6042
vn -0.4211 0.5930 -0.6863
vn -0.1515 0.7415 -0.6536
vn 0.3727 -0.5745 -0.7287
vn 0.6963 0.5302 0.4838
vn 0.6107 0.5801 0.5390
vn 0.6627 0.7234 0.1936
vn 0.5982 -0.7660 -0.2354
vn -0.2494 0.8084 -0.5331
vn 0.2040 -0.7379 -0.6433
vn 0.5479 0.7817 0.2980
vn 0.5547 -0.6716 -0.4911
vn -0.0270 0.9281 -0.3714
vn 0.0520 0.8951 -0.4428
vn 0.3243 0.8993 -0.2935
vn 0.4455 -0.6713 -0.5924
vn 0.4681 0.8835 -0.0173
vn 0.3789 0.9245 0.0413
vn 0.3617 -0.8367 -0.4113
vn 0.2193 0.9595 -0.1767
vn 0.4454 -0.6712 -0.5925
vn 0.3786 0.9247 0.0409
vn 0.4683 0.8834 -0.0169
vn -0.6094 0.4281 0.6674
vn -0.5612 0.7525 0.3447
vn -0.7923 0.5421 0.2800
vn -0.3218 0.7776 0.5401
vn -0.8853 0.2399 0.3984
vn -0.1897 0.6089 0.7702
vn -0.2443 0.3183 0.9160
vn -0.7578 0.0291 0.6518
vn -0.4800 0.0654 0.8749
vn -0.1894 0.6089 0.7703
vn -0.2440 0.3182 0.9161
vn -0.5876 0.4683 0.6599
vn -0.4796 0.0653 0.8750
vn -0.7577 0.0288 0.6519
vn -0.5879 0.4682 0.6597
vn -0.8854 0.2397 0.3983
vn -0.5879 0.4683 0.6597
vn -0.7925 0.5419 0.2798
vn -0.5613 0.7524 0.3446
vn -0.5876 0.4682 0.6599
vn -0.3218 0.7778 0.5399
vn -0.5875 0.4683 0.6599
vn -0.1895 0.6089 0.7703
vn -0.8727 -0.3597 -0.3302
vn -0.7066 0.3137 -0.6342
vn -0.8166 -0.4072 -0.4091
vn -0.6440 0.2746 -0.7141
vn -0.1751 0.8416 -0.5109
vn -0.8587 -0.3444 -0.3795
vn -0.1071 0.8028 -0.5865
vn -0.6557 0.3154 -0.6859
vn 0.4089 0.9120 -0.0322
vn 0.4783 0.8719 -0.1056
vn -0.1387 0.8201 -0.5551
vn -0.8872 -0.0042 -0.4614
vn -0.8961 -0.4347 -0.0897
vn -0.4372 0.7031 -0.5608
vn -0.7230 0.3819 -0.5757
vn 0.4044 0.9094 -0.0976
vn -0.0113 0.9588 -0.2838
vn 0.7746 0.4449 0.4496
vn 0.6933 0.5535 0.4614
vn 0.7027 0.4846 0.5209
vn 0.3254 0.9454 -0.0188
vn 0.4927 0.8037 0.3337
vn 0.6085 -0.2338 0.7583
vn 0.5245 -0.1619 0.8359
vn 0.5167 0.1567 0.8417
vn 0.6020 0.3888 0.6974
vn 0.5339 -0.1900 0.8239
vn 0.0720 -0.7688 0.6355
vn -0.0759 -0.7310 0.6782
vn 0.2582 -0.3344 0.9064
vn 0.0025 -0.7155 0.6986
vn -0.5197 -0.8410 0.1505
vn -0.6212 -0.7663 0.1640
vn -0.4085 -0.7262 0.5530
vn 0.0191 -0.5043 0.8633
vn -0.5789 -0.7849 0.2210
vn -0.8726 -0.3601 -0.3300
vn -0.8166 -0.4073 -0.4091
vn -0.6870 -0.6866 0.2378
vn -0.8960 -0.4350 -0.0894
vn -0.8587 -0.3442 -0.3798
vn -0.5731 -0.5233 -0.6307
vn -0.3489 -0.3655 -0.8630
vn -0.3494 -0.7219 -0.5973
vn -0.4960 -0.2710 -0.8250
vn -0.7836 -0.4083 -0.4682
vn -0.1940 -0.0045 -0.9810
vn -0.7403 -0.0786 -0.6676
vn -0.6371 0.2544 -0.7276
vn -0.3643 0.0667 -0.9289
vn -0.1840 0.3682 -0.9114
vn 0.1063 0.3378 -0.9352
vn -0.3289 0.5189 -0.7890
vn -0.0776 0.7949 -0.6018
vn 0.1286 0.5990 -0.7904
vn 0.4833 0.4658 -0.7412
vn 0.4351 0.6313 -0.6420
vn 0.2137 0.8901 -0.4025
vn 0.7887 0.4332 -0.4362
vn 0.5333 0.8328 -0.1484
vn 0.6704 0.6551 -0.3485
vn 0.7749 0.6287 0.0644
vn 0.8693 0.4899 -0.0656
vn 0.9797 0.1615 -0.1187
vn 0.8308 0.3950 0.3920
vn 0.9663 0.2196 0.1345
vn 0.9811 -0.1692 0.0940
vn 0.9402 -0.0957 0.3269
vn 0.7670 0.0958 0.6345
vn 0.8328 -0.5144 0.2043
vn 0.6808 -0.2934 0.6712
vn 0.7894 -0.4187 0.4489
vn 0.5567 -0.6663 0.4961
vn 0.5247 -0.8297 0.1905
vn 0.4122 -0.5834 0.6998
vn 0.2246 -0.8944 0.3868
vn 0.1812 -0.9833 -0.0179
vn 0.0354 -0.7703 0.6368
vn 0.0111 -0.9895 0.1444
vn -0.1660 -0.9311 0.3248
vn -0.2878 -0.9491 -0.1278
vn -0.1209 -0.9484 -0.2932
vn -0.5171 -0.8530 0.0710
vn -0.4875 -0.8074 -0.3323
vn -0.3493 -0.7220 -0.5972
vn -0.6645 -0.7161 -0.2136
vn -0.5732 -0.5237 -0.6302
vn -0.7836 -0.4087 -0.4679
vn -0.5810 0.4999 0.6423
vn -0.5925 0.5028 0.6294
vn 0.3253 0.9454 -0.0186
vn -0.0116 0.9590 -0.2832
vn -0.6017 0.5002 0.6227
vn -0.6108 0.4972 0.6162
vn -0.4376 0.7031 -0.5605
vn -0.6246 0.4854 0.6117
vn -0.7234 0.3819 -0.5752
vn -0.6311 0.4764 0.6122
vn -0.6370 0.4669 0.6134
vn -0.8874 -0.0039 -0.4609
vn -0.6358 0.4497 0.6273
vn -0.8961 -0.4347 -0.0892
vn -0.6311 0.4464 0.6344
vn -0.6268 0.4436 0.6406
vn -0.6871 -0.6864 0.2383
vn -0.6264 0.4348 0.6469
vn -0.6254 0.4299 0.6512
vn -0.4087 -0.7258 0.5533
vn -0.6079 0.4247 0.6708
vn 0.0190 -0.5038 0.8636
vn -0.5996 0.4313 0.6741
vn -0.5915 0.4374 0.6773
vn 0.2578 -0.3342 0.9065
vn -0.5796 0.4514 0.6784
vn 0.5163 0.1572 0.8419
vn -0.5755 0.4617 0.6750
vn -0.5713 0.4723 0.6713
vn 0.6016 0.3888 0.6978
vn -0.5716 0.4863 0.6609
vn 0.4923 0.8038 0.3340
vn -0.5763 0.4931 0.6517
vn 0.3253 0.9454 -0.0185
vn 0.1424 -0.9662 0.2150
vn -0.2734 -0.9350 0.2258
vn -0.2208 -0.9570 -0.1879
vn 0.5335 0.8326 -0.1487
vn 0.7749 0.6288 0.0638
vn -0.1860 -0.8308 -0.5246
vn 0.2038 -0.7380 -0.6432
vn 0.4452 -0.6715 -0.5924
vn 0.5546 -0.6718 -0.4910
vn 0.3005 -0.8557 0.4213
vn -0.0775 0.7948 -0.6018
vn 0.3724 -0.5746 -0.7288
vn -0.4298 -0.6329 -0.6439
vn 0.8310 0.3951 0.3917
vn -0.4095 -0.4448 -0.7965
vn 0.5438 -0.6628 0.5147
vn -0.3289 0.5187 -0.7892
vn 0.6804 -0.5970 -0.4251
vn 0.7671 0.0956 0.6343
vn 0.3937 -0.4383 -0.8080
vn -0.3325 -0.1701 -0.9276
vn 0.7493 -0.4350 0.4994
vn 0.6809 -0.2935 0.6710
vn -0.0841 -0.0683 -0.9941
vn 0.7762 -0.4506 -0.4409
vn 0.4124 -0.5834 0.6997
vn 0.4855 -0.2985 -0.8217
vn -0.0926 0.2924 -0.9518
vn 0.1545 0.4699 -0.8691
vn 0.8765 -0.1738 0.4490
vn -0.6371 0.2545 -0.7276
vn 0.4595 -0.0445 -0.8871
vn 0.9067 0.1678 0.3870
vn -0.7402 -0.0786 -0.6678
vn 0.6118 -0.2192 -0.7601
vn 0.3921 0.5355 -0.7480
vn 0.0356 -0.7704 0.6366
vn 0.9238 0.3554 0.1422
vn -0.7835 -0.4086 -0.4681
vn 0.7930 -0.3157 -0.5211
vn 0.8959 0.4164 -0.1549
vn -0.6642 -0.7163 -0.2138
vn 0.5615 0.5886 -0.5816
vn -0.1658 -0.9313 0.3243
vn 0.7311 -0.2255 -0.6439
vn 0.8731 -0.0594 -0.4839
vn 0.7350 0.6158 -0.2837
vn -0.5170 -0.8530 0.0709
vn -0.0775 0.7949 -0.6018
vn 0.1422 -0.9662 0.2149
vn -0.3286 0.5188 -0.7892
vn 0.3007 -0.8557 0.4211
vn -0.0777 0.7949 -0.6018
vn 0.7493 -0.4351 0.4992
vn -0.3288 0.5188 -0.7891
vn 0.8764 -0.1739 0.4491
vn -0.7403 -0.0786 -0.6677
vn 0.9068 0.1676 0.3867
vn -0.7402 -0.0785 -0.6678
vn -0.7835 -0.4086 -0.4682
vn -0.5169 -0.8531 0.0708
vn 0.8960 0.4161 -0.1553
vn -0.6643 -0.7163 -0.2139
vn 0.5617 0.5884 -0.5816
vn -0.5171 -0.8530 0.0709
vn -0.1657 -0.9313 0.3245
vn 0.3922 0.5356 -0.7479
vn -0.1658 -0.9312 0.3246
vn 0.4124 -0.5835 0.6996
vn 0.1547 0.4697 -0.8692
vn 0.0356 -0.7705 0.6364
vn -0.1856 -0.8307 -0.5249
vn 0.8310 0.3948 0.3918
vn 0.7751 0.6285 0.0641
vn 0.3336 0.9354 0.1168
vn 0.5407 0.6913 0.4793
vn 0.5713 0.8110 -0.1257
vn 0.1965 0.8551 -0.4797
vn 0.7930 0.5498 0.2626
vn 0.2901 0.7397 0.6072
vn 0.1137 0.9477 0.2983
vn -0.0169 0.9766 -0.2143
vn 0.2975 0.4144 0.8601
vn 0.5492 0.3094 0.7763
vn -0.2312 0.6700 -0.7055
vn 0.8022 0.1413 0.5802
vn 0.9797 0.1615 -0.1188
vn -0.1846 0.9827 0.0165
vn 0.7887 0.4333 -0.4361
vn -0.4163 0.8036 -0.4254
vn 0.1337 0.0590 0.9893
vn 0.8329 -0.5144 0.2043
vn 0.3570 -0.1078 0.9279
vn -0.5968 0.3055 -0.7420
vn 0.5965 -0.3053 0.7423
vn -0.5250 0.8353 -0.1632
vn 0.4834 0.4658 -0.7412
vn -0.7581 0.4628 -0.4594
vn -0.1571 -0.2311 0.9602
vn 0.0152 -0.4483 0.8938
vn -0.8024 -0.1410 -0.5798
vn 0.2309 -0.6697 0.7059
vn -0.8160 0.5451 -0.1924
vn 0.1062 0.3380 -0.9351
vn -0.9504 0.0457 -0.3078
vn -0.4977 -0.3785 0.7804
vn 0.1811 -0.9833 -0.0176
vn -0.3841 -0.6216 0.6827
vn -0.7933 -0.5495 -0.2621
vn -0.1968 -0.8548 0.4801
vn -0.9798 0.1898 -0.0632
vn -0.1943 -0.0043 -0.9809
vn -0.9417 -0.3362 -0.0109
vn -0.7960 -0.3435 0.4984
vn -0.7345 -0.5803 0.3517
vn -0.9725 -0.1354 0.1896
vn -0.5716 -0.8108 0.1261
vn -0.3493 -0.7219 -0.5974
vn -0.3489 -0.3654 -0.8630
vn 0.5716 0.8108 -0.1259
vn 0.7934 0.5494 0.2621
vn 0.7345 0.5804 -0.3516
vn 0.3841 0.6216 -0.6827
vn 0.1969 0.8548 -0.4802
vn 0.9418 0.3361 0.0109
vn 0.8024 0.1409 0.5798
vn 0.8014 0.2770 -0.5302
vn 0.5205 0.3099 -0.7956
vn -0.0152 0.4483 -0.8938
vn 0.2004 0.1714 -0.9646
vn -0.2307 0.6697 -0.7058
vn 0.9504 -0.0457 0.3078
vn 0.9675 0.0813 -0.2395
vn 0.5968 -0.3056 0.7420
vn 0.7707 -0.0402 -0.6359
vn 0.5880 -0.0187 -0.8086
vn 0.3795 -0.1090 -0.9187
vn -0.3570 0.1078 -0.9279
vn -0.0736 -0.1018 -0.9921
vn 0.2010 -0.2869 -0.9366
vn 0.5636 -0.4990 -0.6582
vn 0.8788 -0.1676 -0.4467
vn 0.9743 -0.2251 -0.0014
vn 0.7581 -0.4628 0.4594
vn 0.2311 -0.6701 0.7054
vn 0.1008 -0.5044 -0.8576
vn -0.2278 -0.4363 -0.8705
vn 0.8833 -0.3670 -0.2917
vn 0.8202 -0.5594 0.1201
vn 0.4164 -0.8036 0.4253
vn 0.1054 -0.7037 -0.7026
vn 0.7830 -0.5846 -0.2127
vn 0.5463 -0.8325 0.0927
vn -0.1965 -0.8551 0.4797
vn 0.0169 -0.9766 0.2143
vn 0.2260 -0.9711 -0.0764
vn 0.6047 -0.7623 -0.2305
vn -0.2209 -0.7423 -0.6327
vn 0.2134 -0.8312 -0.5134
vn 0.3960 -0.8527 -0.3407
vn -0.5713 -0.8110 0.1256
vn -0.3336 -0.9355 -0.1168
vn -0.0547 -0.9382 -0.3417
vn -0.5407 -0.6913 -0.4793
vn -0.7930 -0.5498 -0.2626
vn -0.5492 -0.3094 -0.7763
vn -0.8021 -0.1412 -0.5803
vn -0.5964 0.3053 -0.7424
vn 0.3731 0.1431 -0.9167
vn 0.1049 -0.0324 -0.9940
vn 0.4559 -0.2791 -0.8451
vn 0.4559 -0.2791 -0.8452
vn 0.0019 -0.3594 -0.9332
vn 0.1558 -0.6322 -0.7590
vn 0.4561 -0.2794 -0.8449
vn 0.4654 -0.6592 -0.5906
vn 0.7190 -0.4429 -0.5356
vn 0.7807 -0.1385 -0.6093
vn 0.6421 0.0938 -0.7609
vn 0.1639 -0.9533 0.2537
vn 0.7580 -0.5095 0.4073
vn 0.1227 -0.9286 0.3502
vn 0.7214 -0.4751 0.5038
vn 0.9449 0.2097 0.2515
vn 0.1856 -0.9359 0.2994
vn 0.9051 0.2490 0.3446
vn 0.7531 -0.4656 0.4648
vn 0.6135 0.7801 -0.1227
vn 0.5712 0.8202 -0.0309
vn 0.9240 0.2303 0.3053
vn 0.5126 -0.8084 0.2893
vn 0.0388 -0.9985 0.0384
vn 0.9535 -0.0885 0.2880
vn 0.8059 -0.4904 0.3319
vn 0.6324 0.7723 -0.0604
vn 0.9077 0.4183 0.0340
vn -0.0845 0.9102 -0.4053
vn 0.0395 0.8885 -0.4571
vn -0.0411 0.8676 -0.4955
vn 0.6737 0.7219 -0.1579
vn 0.3768 0.8200 -0.4310
vn -0.6845 0.4642 -0.5621
vn -0.6101 0.4260 -0.6680
vn -0.3364 0.5654 -0.7531
vn -0.1320 0.7417 -0.6577
vn -0.6346 0.4209 -0.6482
vn -0.8754 -0.2625 -0.4058
vn -0.7925 -0.3747 -0.4812
vn -0.6645 0.1134 -0.7387
vn -0.8189 -0.2972 -0.4910
vn -0.5404 -0.8410 -0.0267
vn -0.4372 -0.8962 -0.0754
vn -0.6092 -0.6728 -0.4198
vn -0.6945 -0.1786 -0.6970
vn -0.4881 -0.8648 -0.1178
vn 0.1634 -0.9534 0.2535
vn 0.1227 -0.9286 0.3503
vn -0.3629 -0.9150 -0.1764
vn 0.0383 -0.9985 0.0384
vn 0.1858 -0.9359 0.2994
vn -0.0149 -0.7751 0.6317
vn 0.0928 -0.5132 0.8532
vn -0.2901 -0.6662 0.6870
vn 0.2250 -0.5988 0.7686
vn 0.1252 -0.9023 0.4126
vn 0.3696 -0.2151 0.9039
vn 0.4473 -0.7208 0.5295
vn 0.7052 -0.4789 0.5228
vn 0.4879 -0.3313 0.8076
vn 0.6630 -0.0321 0.7479
vn 0.5199 0.2106 0.8279
vn 0.8175 -0.0865 0.5694
vn 0.8902 0.2710 0.3663
vn 0.6905 0.3563 0.6295
vn 0.4104 0.6120 0.6760
vn 0.5430 0.6493 0.5325
vn 0.7879 0.5815 0.2025
vn 0.1616 0.8806 0.4454
vn 0.5270 0.8494 0.0289
vn 0.3758 0.8812 0.2869
vn 0.1865 0.9790 -0.0826
vn 0.0659 0.9936 0.0915
vn -0.2461 0.9386 0.2417
vn -0.1342 0.9349 -0.3285
vn -0.2657 0.9639 -0.0166
vn -0.5921 0.7969 0.1199
vn -0.5807 0.8041 -0.1275
vn -0.4342 0.7510 -0.4975
vn -0.8561 0.5115 0.0738
vn -0.7405 0.4973 -0.4520
vn -0.8282 0.5271 -0.1905
vn -0.9541 0.2088 -0.2148
vn -0.9894 0.0928 0.1114
vn -0.8817 0.1271 -0.4543
vn -0.9744 -0.1952 -0.1116
vn -0.9119 -0.2913 0.2890
vn -0.8615 -0.2956 -0.4128
vn -0.8925 -0.4383 0.1065
vn -0.8203 -0.5613 -0.1103
vn -0.6496 -0.6963 0.3052
vn -0.6713 -0.5548 0.4915
vn -0.5282 -0.8475 0.0525
vn -0.3826 -0.8171 0.4313
vn -0.2902 -0.6663 0.6869
vn -0.2641 -0.9273 0.2655
vn -0.0155 -0.7753 0.6315
vn 0.1248 -0.9024 0.4124
vn 0.4854 -0.2594 -0.8349
vn 0.4965 -0.2689 -0.8253
vn 0.6738 0.7217 -0.1583
vn 0.9078 0.4181 0.0334
vn 0.5002 -0.2785 -0.8199
vn 0.5035 -0.2883 -0.8145
vn 0.9536 -0.0889 0.2877
vn 0.5010 -0.3059 -0.8096
vn 0.8060 -0.4905 0.3314
vn 0.4956 -0.3160 -0.8090
vn 0.4897 -0.3255 -0.8089
vn 0.5128 -0.8084 0.2890
vn 0.4703 -0.3317 -0.8178
vn 0.0386 -0.9985 0.0380
vn 0.4634 -0.3288 -0.8229
vn 0.4574 -0.3260 -0.8274
vn -0.3628 -0.9149 -0.1770
vn 0.4478 -0.3294 -0.8312
vn 0.4419 -0.3307 -0.8339
vn -0.6089 -0.6729 -0.4202
vn 0.4242 -0.3167 -0.8484
vn -0.6940 -0.1785 -0.6975
vn 0.4253 -0.3062 -0.8517
vn 0.4261 -0.2961 -0.8549
vn -0.6641 0.1131 -0.7390
vn 0.4326 -0.2791 -0.8573
vn -0.3359 0.5652 -0.7534
vn 0.4407 -0.2708 -0.8558
vn 0.4490 -0.2624 -0.8541
vn -0.1320 0.7413 -0.6581
vn 0.4642 -0.2566 -0.8477
vn 0.3770 0.8197 -0.4313
vn 0.4747 -0.2581 -0.8414
vn 0.4853 -0.2595 -0.8349
vn 0.6739 0.7217 -0.1584
vn -0.9497 -0.3081 0.0559
vn -0.7484 -0.6624 -0.0333
vn 0.7878 0.5817 0.2027
vn -0.7475 -0.0801 0.6594
vn -0.6672 -0.6430 0.3759
vn 0.5269 0.8494 0.0293
vn 0.1866 0.9790 -0.0824
vn -0.4746 -0.5682 0.6722
vn -0.5270 -0.1846 0.8296
vn -0.5885 0.0624 0.8061
vn -0.6657 0.1635 0.7281
vn -0.9840 -0.1086 -0.1411
vn 0.8901 0.2713 0.3662
vn -0.4343 0.0366 0.9000
vn -0.8404 0.1695 0.5148
vn -0.1658 -0.6987 0.6959
vn -0.1341 0.9350 -0.3282
vn -0.2568 -0.1518 0.9545
vn 0.0311 -0.6007 0.7989
vn -0.9511 0.1997 -0.2356
vn 0.8174 -0.0864 0.5695
vn -0.6751 0.3122 0.6684
vn -0.4344 0.7510 -0.4973
vn -0.3034 0.1148 0.9459
vn 0.2715 -0.4117 0.8699
vn -0.7555 0.4576 0.4688
vn -0.8399 0.4861 -0.2415
vn -0.7406 0.4974 -0.4517
vn -0.0425 0.0614 0.9972
vn 0.2721 -0.1474 0.9509
vn -0.5864 0.4637 0.6642
vn -0.8819 0.1274 -0.4540
vn -0.2194 0.2597 0.9404
vn 0.5712 0.0125 0.8207
vn 0.5925 0.3167 0.7408
vn -0.6562 0.7168 -0.2357
vn 0.7052 -0.4788 0.5230
vn 0.0281 0.3505 0.9362
vn -0.3592 0.8977 -0.2551
vn -0.5511 0.6709 0.4962
vn 0.4469 -0.7208 0.5299
vn -0.2239 0.4106 0.8839
vn 0.5110 0.5627 0.6498
vn -0.0579 0.6051 0.7940
vn -0.1337 0.9889 -0.0644
vn 0.1249 -0.9023 0.4126
vn -0.4546 0.5372 0.7105
vn 0.0181 0.9798 0.1993
vn -0.2642 -0.9271 0.2657
vn 0.4346 0.7443 0.5070
vn -0.8203 -0.5613 -0.1098
vn -0.3148 0.5187 0.7949
vn -0.2812 0.7273 0.6261
vn 0.2954 0.9232 0.2458
vn -0.5284 -0.8474 0.0526
vn 0.8902 0.2711 0.3663
vn -0.9496 -0.3083 0.0562
vn 0.7879 0.5814 0.2027
vn 0.8173 -0.0864 0.5697
vn -0.9841 -0.1084 -0.1407
vn 0.8902 0.2710 0.3661
vn -0.8400 0.4859 -0.2414
vn 0.8174 -0.0865 0.5695
vn -0.6564 0.7166 -0.2358
vn 0.7052 -0.4789 0.5227
vn 0.4472 -0.7207 0.5297
vn -0.3592 0.8978 -0.2548
vn 0.1250 -0.9023 0.4126
vn -0.5283 -0.8474 0.0527
vn 0.0182 0.9797 0.1996
vn -0.2642 -0.9272 0.2656
vn 0.4342 0.7443 0.5074
vn -0.5282 -0.8475 0.0529
vn -0.8204 -0.5611 -0.1100
vn 0.5110 0.5629 0.6497
vn -0.8205 -0.5609 -0.1100
vn -0.8616 -0.2956 -0.4126
vn -0.8818 0.1273 -0.4541
vn 0.5923 0.3165 0.7409
vn -0.8617 -0.2955 -0.4125
vn -0.4745 -0.5679 0.6726
vn -0.1344 0.9350 -0.3282
vn 0.1862 0.9791 -0.0825
vn -0.0579 0.6052 0.7940
vn -0.6715 -0.7169 -0.1877
vn -0.3149 0.5184 0.7950
vn -0.2243 0.4106 0.8838
vn -0.4452 -0.8923 -0.0753
vn -0.2300 -0.9579 0.1716
vn -0.3719 -0.9150 -0.1565
vn -0.7617 -0.4965 -0.4163
vn -0.5806 -0.7470 -0.3238
vn -0.6895 -0.5299 -0.4938
vn -0.8468 -0.2074 -0.4898
vn 0.0281 0.3506 0.9361
vn -0.4546 0.5369 0.7107
vn -0.1514 -0.9881 0.0260
vn 0.0661 -0.9634 0.2598
vn 0.1304 -0.9769 0.1692
vn 0.3073 -0.8380 0.4508
vn -0.7488 -0.2490 -0.6142
vn -0.2198 0.2597 0.9403
vn -0.7691 0.0696 -0.6354
vn -0.7003 0.0308 -0.7131
vn -0.5509 0.6710 0.4963
vn -0.6911 0.3763 -0.6170
vn 0.3776 -0.8754 0.3018
vn -0.5863 0.4634 0.6645
vn 0.6217 -0.6973 0.3567
vn 0.5738 -0.6792 0.4576
vn -0.5964 0.3168 -0.7376
vn 0.7372 -0.4055 0.5404
vn -0.3037 0.1150 0.9458
vn -0.4679 0.5950 -0.6535
vn -0.4003 0.5526 -0.7310
vn -0.7556 0.4576 0.4687
vn -0.2625 0.8107 -0.5233
vn 0.8030 -0.4489 0.3920
vn -0.1815 0.7393 -0.6485
vn -0.6749 0.3121 0.6687
vn 0.9263 -0.1653 0.3385
vn 0.8897 -0.1300 0.4376
vn 0.8915 0.1787 0.4162
vn -0.4344 0.0368 0.9000
vn 0.0118 0.8814 -0.4722
vn 0.0745 0.8306 -0.5518
vn 0.2769 0.9283 -0.2483
vn 0.9549 0.1276 0.2680
vn -0.5270 -0.1843 0.8296
vn 0.3450 0.8574 -0.3819
vn -0.6655 0.1636 0.7282
vn 0.9141 0.3866 0.1224
vn 0.8733 0.4386 0.2122
vn 0.7160 0.6885 0.1154
vn -0.5884 0.0626 0.8061
vn 0.5594 0.8202 -0.1197
vn 0.6152 0.7623 -0.2009
vn 0.7779 0.6277 -0.0289
vn -0.5884 0.0626 0.8062
vn 0.6157 0.7621 -0.2006
vn 0.5590 0.8204 -0.1200
vn 0.4287 -0.3166 -0.8461
vn 0.7806 -0.1384 -0.6096
vn 0.7190 -0.4428 -0.5358
vn 0.6419 0.0937 -0.7610
vn 0.4658 -0.6589 -0.5907
vn 0.1051 -0.0326 -0.9939
vn 0.1561 -0.6321 -0.7590
vn 0.0022 -0.3596 -0.9331
vn 0.6216 0.7303 -0.2834
vn 0.2171 0.8171 -0.5341
vn 0.4854 0.8741 0.0191
vn 0.7882 0.5470 0.2820
vn 0.0525 0.9670 -0.2493
vn 0.3282 0.6222 -0.7107
vn 0.6724 0.5483 -0.4973
vn 0.9047 0.4244 -0.0376
vn -0.0280 0.4899 -0.8713
vn -0.2006 0.6617 -0.7225
vn 0.8799 0.0731 0.4695
vn -0.3943 0.8008 -0.4509
vn -0.5922 0.7968 0.1199
vn -0.2462 0.9386 0.2416
vn 0.9133 0.2879 -0.2881
vn 0.1619 0.8807 0.4451
vn 0.9903 -0.0183 0.1377
vn -0.2997 0.1868 -0.9356
vn -0.5194 0.3059 -0.7979
vn 0.7359 -0.4202 0.5309
vn -0.7357 0.4200 -0.5314
vn 0.9863 -0.0893 -0.1388
vn 0.4106 0.6120 0.6759
vn 0.8556 -0.4795 0.1952
vn -0.4144 -0.2056 -0.8866
vn -0.9894 0.0929 0.1114
vn -0.6539 -0.1552 -0.7405
vn 0.3945 -0.8009 0.4504
vn -0.8796 -0.0732 -0.4700
vn 0.8716 -0.4820 -0.0898
vn 0.5201 0.2105 0.8278
vn 0.5367 -0.8352 0.1196
vn -0.3413 -0.5831 -0.7373
vn -0.9120 -0.2912 0.2889
vn -0.5686 -0.5979 -0.5650
vn -0.0523 -0.9671 0.2488
vn -0.7879 -0.5471 -0.2825
vn 0.6000 -0.7850 -0.1541
vn 0.3696 -0.2150 0.9040
vn 0.1191 -0.9905 -0.0686
vn -0.1003 -0.8434 -0.5279
vn -0.6713 -0.5548 0.4914
vn -0.2855 -0.9037 -0.3192
vn 0.2443 -0.9173 -0.3144
vn -0.4851 -0.8742 -0.0196
vn -0.2902 -0.6661 0.6871
vn 0.4851 0.8743 0.0196
vn 0.0522 0.9671 -0.2488
vn 0.2855 0.9037 0.3192
vn 0.5686 0.5979 0.5650
vn 0.7880 0.5471 0.2825
vn -0.1191 0.9905 0.0686
vn -0.3946 0.8009 -0.4503
vn 0.0507 0.8163 0.5754
vn 0.2776 0.5711 0.7725
vn 0.6539 0.1552 0.7405
vn 0.3462 0.2164 0.9129
vn 0.8796 0.0732 0.4700
vn -0.5367 0.8352 -0.1197
vn -0.2736 0.8860 0.3744
vn -0.7360 0.4201 -0.5309
vn -0.1758 0.6391 0.7487
vn -0.0281 0.4797 0.8770
vn 0.0166 0.2495 0.9682
vn 0.5195 -0.3059 0.7979
vn 0.2383 -0.1532 0.9590
vn -0.0536 0.0078 0.9985
vn -0.4726 0.2437 0.8469
vn -0.3868 0.6845 0.6179
vn -0.6086 0.7613 0.2235
vn -0.8556 0.4795 -0.1951
vn -0.8799 -0.0731 -0.4695
vn -0.2200 -0.1777 0.9592
vn -0.0174 -0.4385 0.8985
vn -0.6050 0.6033 0.5196
vn -0.8642 0.4761 0.1629
vn -0.9903 0.0183 -0.1377
vn -0.4381 -0.2587 0.8609
vn -0.7712 0.4177 0.4803
vn -0.9721 0.1065 0.2091
vn -0.7882 -0.5470 -0.2820
vn -0.9047 -0.4244 0.0376
vn -0.9034 -0.2483 0.3496
vn -0.8415 0.1772 0.5104
vn -0.3521 -0.5630 0.7477
vn -0.6491 -0.2134 0.7301
vn -0.7968 -0.0541 0.6018
vn -0.4854 -0.8741 -0.0191
vn -0.6216 -0.7303 0.2834
vn -0.6767 -0.4934 0.5466
vn -0.2171 -0.8171 0.5341
vn -0.0525 -0.9670 0.2493
vn 0.2006 -0.6617 0.7225
vn 0.3943 -0.8008 0.4509
vn 0.7357 -0.4200 0.5314
vt 0.115784 0.511475
vt 0.096985 0.701904
vt 0.096985 0.511475
vt 0.115784 0.701904
vt 0.132935 0.701904
vt 0.132935 0.511475
vt 0.151611 0.511475
vt 0.151611 0.701904
vt 0.170654 0.511475
vt 0.170654 0.701904
vt 0.189819 0.511475
vt 0.189819 0.701904
vt 0.207642 0.511475
vt 0.207642 0.701904
vt 0.224976 0.511475
vt 0.224976 0.701904
vt 0.242432 0.511475
vt 0.242432 0.701904
vt 0.260742 0.511475
vt 0.260742 0.701904
vt 0.278809 0.511475
vt 0.278809 0.701904
vt 0.296631 0.511475
vt 0.296631 0.701904
vt 0.314941 0.701660
vt 0.314941 0.511475
vt 0.333740 0.511475
vt 0.333740 0.701904
vt 0.351074 0.511475
vt 0.351074 0.701904
vt 0.367676 0.511475
vt 0.367676 0.701904
vt 0.383789 0.511475
vt 0.383789 0.701904
vt 0.046844 0.458984
vt 0.017609 0.754517
vt 0.017609 0.458984
vt 0.046844 0.754639
vt 0.073547 0.754517
vt 0.073547 0.458984
vt 0.102478 0.458984
vt 0.102478 0.754517
vt 0.132080 0.458984
vt 0.132080 0.754517
vt 0.161865 0.458984
vt 0.161865 0.754517
vt 0.189575 0.458984
vt 0.189575 0.754517
vt 0.216553 0.458984
vt 0.216553 0.754517
vt 0.243530 0.458984
vt 0.243530 0.754517
vt 0.271973 0.458984
vt 0.271973 0.754517
vt 0.300049 0.458984
vt 0.300049 0.754517
vt 0.327881 0.458984
vt 0.327881 0.754517
vt 0.356201 0.754395
vt 0.356201 0.458496
vt 0.385498 0.458984
vt 0.385498 0.754517
vt 0.412354 0.458984
vt 0.412354 0.754517
vt 0.438232 0.458984
vt 0.438232 0.754517
vt 0.463135 0.458984
vt 0.463135 0.754517
vt 0.434570 0.834717
vt 0.462402 0.822632
vt 0.462402 0.834717
vt 0.434570 0.822632
vt 0.406738 0.834717
vt 0.434570 0.804199
vt 0.462158 0.804199
vt 0.406738 0.804199
vt 0.406738 0.822632
vt 0.434570 0.783325
vt 0.379150 0.834717
vt 0.462158 0.783325
vt 0.406738 0.783325
vt 0.379150 0.804199
vt 0.379150 0.822632
vt 0.351318 0.834717
vt 0.462158 0.766113
vt 0.434570 0.766113
vt 0.406738 0.766113
vt 0.378906 0.783325
vt 0.378906 0.766113
vt 0.351318 0.804199
vt 0.351318 0.822632
vt 0.350830 0.783325
vt 0.351074 0.766113
vt 0.323486 0.804199
vt 0.323486 0.822632
vt 0.323486 0.834717
vt 0.323242 0.783325
vt 0.323242 0.766113
vt 0.295898 0.804199
vt 0.295898 0.822632
vt 0.295898 0.834717
vt 0.295654 0.783325
vt 0.295654 0.766113
vt 0.268066 0.822632
vt 0.268066 0.834717
vt 0.267822 0.783325
vt 0.268066 0.804199
vt 0.267822 0.766113
vt 0.240234 0.783325
vt 0.240356 0.822632
vt 0.240356 0.834717
vt 0.240356 0.804199
vt 0.240234 0.766113
vt 0.212524 0.783325
vt 0.212646 0.822632
vt 0.212646 0.834717
vt 0.212646 0.804199
vt 0.212524 0.766113
vt 0.184937 0.783325
vt 0.184937 0.822632
vt 0.184937 0.834717
vt 0.184937 0.804199
vt 0.157104 0.822632
vt 0.184937 0.766113
vt 0.157227 0.783325
vt 0.157104 0.804199
vt 0.157104 0.834717
vt 0.131104 0.822632
vt 0.129395 0.834717
vt 0.131104 0.804199
vt 0.157349 0.766113
vt 0.131348 0.783325
vt 0.131348 0.766113
vt 0.105347 0.804199
vt 0.101685 0.834717
vt 0.105103 0.822632
vt 0.073914 0.822632
vt 0.105347 0.783325
vt 0.105347 0.766113
vt 0.074219 0.783325
vt 0.073914 0.804199
vt 0.073914 0.834717
vt 0.046722 0.804199
vt 0.046173 0.822632
vt 0.074219 0.766113
vt 0.046722 0.783325
vt 0.018997 0.804199
vt 0.046173 0.834717
vt 0.019104 0.822632
vt 0.019104 0.834717
vt 0.046722 0.766113
vt 0.018997 0.783325
vt 0.018997 0.766113
vt -0.351318 0.139160
vt -0.313232 0.139160
vt -0.333496 0.319824
vt -0.398193 0.139160
vt -0.361572 0.139160
vt -0.384766 0.319824
vt -0.441162 0.139160
vt -0.406982 0.139160
vt -0.425781 0.319824
vt -0.500000 0.139160
vt -0.467041 0.139160
vt -0.485840 0.319824
vt -0.541504 0.139160
vt -0.505859 0.139160
vt -0.522949 0.319824
vt -0.586914 0.139160
vt -0.547852 0.139160
vt -0.565430 0.319824
vt -0.649902 0.139160
vt -0.609375 0.139160
vt -0.625488 0.319824
vt -0.727051 0.139160
vt -0.694336 0.139160
vt -0.708984 0.319824
vt -0.812500 0.139160
vt -0.777344 0.139160
vt -0.795410 0.319824
vt -0.855469 0.139160
vt -0.817871 0.139160
vt -0.835449 0.319824
vt -0.902344 0.139160
vt -0.866211 0.139160
vt -0.884277 0.319824
vt -0.949219 0.139160
vt -0.909180 0.139160
vt -0.927734 0.319824
vt -0.238892 0.139160
vt -0.188843 0.139160
vt -0.215698 0.319824
vt -0.288086 0.139160
vt -0.253418 0.139160
vt -0.270020 0.319824
vt -0.772461 0.139160
vt -0.736816 0.139160
vt -0.753906 0.319824
vt -0.689453 0.139160
vt -0.653809 0.139160
vt -0.671387 0.319824
vt 0.047882 0.328125
vt 0.018784 0.337891
vt 0.018600 0.328125
vt 0.048096 0.338379
vt 0.018921 0.355469
vt 0.076294 0.337891
vt 0.075989 0.327637
vt 0.076477 0.355469
vt 0.048248 0.355957
vt 0.018906 0.383789
vt 0.104553 0.337891
vt 0.104553 0.327637
vt 0.076477 0.383789
vt 0.048248 0.383789
vt 0.104614 0.383789
vt 0.104614 0.355469
vt 0.076599 0.416016
vt 0.018936 0.416016
vt 0.048279 0.416504
vt 0.134155 0.337891
vt 0.134399 0.327637
vt 0.134033 0.355469
vt 0.104614 0.416016
vt 0.134033 0.383789
vt 0.104614 0.450195
vt 0.076599 0.450195
vt 0.133911 0.416016
vt 0.018936 0.450195
vt 0.048279 0.450195
vt 0.162720 0.337891
vt 0.163086 0.328125
vt 0.162598 0.355469
vt 0.162598 0.383789
vt 0.133911 0.450195
vt 0.162476 0.416016
vt 0.190186 0.337891
vt 0.190430 0.328125
vt 0.190063 0.355469
vt 0.190063 0.383789
vt 0.162476 0.450195
vt 0.189941 0.416016
vt 0.216797 0.337891
vt 0.216797 0.328125
vt 0.216797 0.355469
vt 0.216797 0.383789
vt 0.189941 0.450195
vt 0.216797 0.416016
vt 0.243530 0.355469
vt 0.243408 0.337891
vt 0.243530 0.383789
vt 0.243652 0.416016
vt 0.243042 0.328125
vt 0.216797 0.450195
vt 0.243652 0.450195
vt 0.272217 0.383789
vt 0.272217 0.355469
vt 0.271973 0.337891
vt 0.272217 0.416016
vt 0.272217 0.450195
vt 0.271729 0.328125
vt 0.300781 0.416016
vt 0.300537 0.383789
vt 0.300537 0.355469
vt 0.300537 0.337891
vt 0.300781 0.450195
vt 0.300537 0.327637
vt 0.327393 0.450195
vt 0.327393 0.416016
vt 0.327148 0.383789
vt 0.327148 0.355469
vt 0.327148 0.337891
vt 0.327148 0.327637
vt 0.355225 0.449707
vt 0.355225 0.416016
vt 0.355469 0.383301
vt 0.355469 0.355469
vt 0.355469 0.337891
vt 0.355713 0.327637
vt 0.384521 0.416016
vt 0.384521 0.383789
vt 0.384521 0.355469
vt 0.384766 0.337891
vt 0.385010 0.328125
vt 0.384521 0.450195
vt 0.411621 0.416016
vt 0.411621 0.383789
vt 0.411621 0.355469
vt 0.411865 0.337891
vt 0.412109 0.328125
vt 0.411621 0.450195
vt 0.436035 0.416016
vt 0.436035 0.383789
vt 0.436035 0.355469
vt 0.435791 0.337891
vt 0.435791 0.328125
vt 0.436035 0.450195
vt 0.462891 0.450195
vt 0.462891 0.416016
vt 0.462891 0.383789
vt 0.462891 0.355469
vt 0.462646 0.337891
vt 0.462646 0.328125
vt 0.803711 0.346191
vt 0.827148 0.337402
vt 0.827148 0.346191
vt 0.804199 0.337402
vt 0.781250 0.346191
vt 0.827148 0.329590
vt 0.780762 0.337402
vt 0.803711 0.329590
vt 0.756348 0.346191
vt 0.755859 0.337402
vt 0.780762 0.329590
vt 0.729980 0.346191
vt 0.755859 0.329590
vt 0.730469 0.337402
vt 0.730957 0.329590
vt 0.707520 0.346191
vt 0.707520 0.337402
vt 0.707031 0.329590
vt 0.682617 0.337402
vt 0.682617 0.346191
vt 0.683105 0.329590
vt 0.658691 0.346191
vt 0.659668 0.337402
vt 0.660156 0.329590
vt 0.640625 0.346191
vt 0.640625 0.337402
vt 0.640625 0.329590
vt 0.623047 0.346191
vt 0.622559 0.337402
vt 0.622070 0.329590
vt 0.602051 0.346191
vt 0.601562 0.337402
vt 0.601562 0.329590
vt 0.580078 0.346191
vt 0.580078 0.337402
vt 0.580078 0.329590
vt 0.558105 0.337402
vt 0.558594 0.329590
vt 0.558105 0.346191
vt 0.536621 0.337402
vt 0.536621 0.329590
vt 0.536621 0.346191
vt 0.515137 0.329590
vt 0.515137 0.346191
vt 0.515137 0.337402
vt 0.493408 0.346191
vt 0.493652 0.337402
vt 0.493408 0.329590
vt 0.471924 0.346191
vt 0.471924 0.337402
vt 0.471924 0.329590
vt 0.188354 0.063965
vt 0.195679 0.009766
vt 0.195679 0.063965
vt 0.188110 0.009766
vt 0.181274 0.063965
vt 0.181152 0.009766
vt 0.174072 0.063965
vt 0.174194 0.009766
vt 0.166992 0.063965
vt 0.167236 0.009766
vt 0.159790 0.063965
vt 0.160278 0.009766
vt 0.152588 0.063965
vt 0.153320 0.009766
vt 0.146240 0.009766
vt 0.145386 0.063965
vt 0.137939 0.009766
vt 0.137939 0.063965
vt 0.130127 0.009766
vt 0.130737 0.063965
vt 0.123169 0.009766
vt 0.123718 0.063965
vt 0.116211 0.009766
vt 0.116699 0.063965
vt 0.109253 0.009766
vt 0.109253 0.063965
vt 0.666504 0.039062
vt 0.681641 0.039062
vt 0.666504 0.041992
vt 0.681641 0.041992
vt 0.696289 0.039062
vt 0.666504 0.055664
vt 0.696289 0.041992
vt 0.681641 0.055664
vt 0.666504 0.058594
vt 0.710938 0.041992
vt 0.696289 0.055664
vt 0.681641 0.058594
vt 0.710938 0.039062
vt 0.725586 0.041992
vt 0.710938 0.055664
vt 0.696289 0.058594
vt 0.725586 0.039062
vt 0.740234 0.041992
vt 0.725586 0.055664
vt 0.710938 0.058594
vt 0.740234 0.039062
vt 0.725586 0.058594
vt 0.740234 0.055664
vt 0.755859 0.039062
vt 0.755859 0.041992
vt 0.740234 0.058594
vt 0.755859 0.055664
vt 0.770020 0.039062
vt 0.770020 0.041992
vt 0.755859 0.058594
vt 0.770020 0.055664
vt 0.784668 0.039062
vt 0.784668 0.041992
vt 0.770020 0.058594
vt 0.784668 0.055664
vt 0.747559 0.075195
vt 0.729492 0.067871
vt 0.765625 0.067871
vt 0.784668 0.058594
vt 0.729492 0.082031
vt 0.765625 0.082031
vt 0.755859 0.092773
vt 0.739258 0.092773
vt 0.769531 0.058594
vt 0.769531 0.055664
vt 0.754883 0.058594
vt 0.754883 0.055664
vt 0.769531 0.041992
vt 0.754883 0.041992
vt 0.769531 0.039062
vt 0.754883 0.039062
vt 0.694824 0.058594
vt 0.694824 0.055664
vt 0.681152 0.058594
vt 0.681152 0.055664
vt 0.694824 0.041992
vt 0.694824 0.039062
vt 0.681152 0.041992
vt 0.681152 0.039062
vt 0.247314 0.897095
vt 0.247314 0.856079
vt 0.263672 0.897095
vt 0.263916 0.856079
vt 0.279297 0.897095
vt 0.279297 0.856079
vt 0.294434 0.897095
vt 0.294434 0.856079
vt 0.309082 0.897095
vt 0.309082 0.856079
vt 0.323975 0.856079
vt 0.323975 0.897095
vt 0.338867 0.856079
vt 0.338867 0.897095
vt 0.354492 0.856079
vt 0.354492 0.897095
vt 0.371094 0.856079
vt 0.371094 0.897095
vt 0.664062 0.808105
vt 0.664062 0.902222
vt 0.646973 0.808105
vt 0.646973 0.902222
vt 0.664062 0.915894
vt 0.629883 0.902222
vt 0.629883 0.808105
vt 0.646484 0.915894
vt 0.629883 0.915894
vt 0.612305 0.902222
vt 0.612305 0.915894
vt 0.612305 0.808105
vt 0.646973 0.931702
vt 0.629883 0.931702
vt 0.612305 0.931702
vt 0.664062 0.931702
vt 0.595215 0.915894
vt 0.595215 0.902222
vt 0.595215 0.808105
vt 0.664062 0.991219
vt 0.646973 0.991219
vt 0.629883 0.991219
vt 0.612305 0.991219
vt 0.595215 0.931702
vt 0.595215 0.991219
vt 0.577637 0.915894
vt 0.577637 0.902222
vt 0.577637 0.808105
vt 0.577637 0.931702
vt 0.577637 0.991219
vt 0.559570 0.902222
vt 0.559570 0.915894
vt 0.559570 0.808105
vt 0.559570 0.931702
vt 0.559570 0.991219
vt 0.541992 0.808105
vt 0.541992 0.902222
vt 0.541992 0.915894
vt 0.541992 0.931702
vt 0.541992 0.991219
vt 0.524414 0.931702
vt 0.524414 0.808105
vt 0.524414 0.902222
vt 0.524414 0.915894
vt 0.524414 0.991219
vt 0.017471 0.248047
vt 0.059814 0.248047
vt 0.017471 0.252930
vt 0.059814 0.252930
vt 0.102844 0.248047
vt 0.017471 0.273926
vt 0.102844 0.252930
vt 0.059814 0.273926
vt 0.742188 0.654297
vt 0.747559 0.648926
vt 0.768555 0.671143
vt 0.724121 0.628662
vt 0.731445 0.625732
vt 0.717773 0.598389
vt 0.771484 0.664307
vt 0.751465 0.645020
vt 0.773438 0.659424
vt 0.725098 0.598389
vt 0.736328 0.623779
vt 0.799805 0.669434
vt 0.799805 0.664062
vt 0.799805 0.676758
vt 0.779785 0.644287
vt 0.762695 0.633545
vt 0.751465 0.617188
vt 0.730469 0.570557
vt 0.730957 0.598145
vt 0.747559 0.598145
vt 0.828125 0.663818
vt 0.825684 0.658691
vt 0.799316 0.647949
vt 0.769531 0.609619
vt 0.776855 0.619873
vt 0.787109 0.626465
vt 0.735840 0.572754
vt 0.750977 0.578613
vt 0.767090 0.597900
vt 0.847656 0.644043
vt 0.819336 0.643799
vt 0.835938 0.632812
vt 0.811523 0.626221
vt 0.799316 0.628662
vt 0.821777 0.619385
vt 0.762207 0.562256
vt 0.769531 0.585938
vt 0.145996 0.248047
vt 0.145996 0.252930
vt 0.102844 0.273926
vt 0.102844 0.276855
vt 0.059814 0.276855
vt 0.145996 0.273926
vt 0.017471 0.276855
vt 0.188843 0.252930
vt 0.188843 0.273926
vt 0.145996 0.276855
vt 0.188843 0.248047
vt 0.145996 0.317871
vt 0.102844 0.317871
vt 0.059814 0.317871
vt 0.188843 0.276855
vt 0.232178 0.273926
vt 0.232178 0.252930
vt 0.017471 0.317871
vt 0.232178 0.248047
vt 0.188843 0.317871
vt 0.232178 0.276855
vt 0.275879 0.273926
vt 0.275879 0.252930
vt 0.275879 0.248047
vt 0.232178 0.317871
vt 0.275879 0.276855
vt 0.319336 0.273926
vt 0.319336 0.252930
vt 0.319336 0.248047
vt 0.275879 0.317871
vt 0.319336 0.276855
vt 0.363037 0.273926
vt 0.363037 0.276855
vt 0.319336 0.317871
vt 0.363037 0.248047
vt 0.363037 0.252930
vt 0.407471 0.276855
vt 0.363037 0.317871
vt 0.407471 0.252930
vt 0.407471 0.273926
vt 0.407471 0.248047
vt 0.448242 0.276855
vt 0.407471 0.317871
vt 0.448242 0.248047
vt 0.448242 0.252930
vt 0.448242 0.273926
vt 0.487061 0.276855
vt 0.448242 0.317871
vt 0.487061 0.248047
vt 0.487061 0.252930
vt 0.487061 0.273926
vt 0.526367 0.276855
vt 0.487061 0.317871
vt 0.526367 0.248047
vt 0.526367 0.252930
vt 0.526367 0.273926
vt 0.526367 0.317871
vt 0.570312 0.276855
vt 0.570312 0.317871
vt 0.570312 0.248047
vt 0.570312 0.252930
vt 0.570312 0.273926
vt 0.609863 0.252930
vt 0.609863 0.273926
vt 0.609863 0.276855
vt 0.609863 0.317871
vt 0.609863 0.248047
vt 0.652832 0.248047
vt 0.652832 0.252930
vt 0.652832 0.273926
vt 0.652832 0.276855
vt 0.652832 0.317871
vt 0.696777 0.248047
vt 0.696777 0.252930
vt 0.696777 0.273926
vt 0.696777 0.276855
vt 0.696777 0.317871
vt 0.941406 0.564453
vt 0.945801 0.564453
vt 0.960449 0.641113
vt 0.952148 0.564453
vt 0.958984 0.564453
vt 0.965332 0.564453
vt 0.971680 0.564453
vt 0.978027 0.564453
vt 0.979492 0.520020
vt 0.979492 0.533691
vt 0.967285 0.520020
vt 0.846680 0.616211
vt 0.828613 0.609131
vt 0.776367 0.575684
vt 0.862305 0.622314
vt 0.850586 0.596924
vt 0.830566 0.597168
vt 0.778809 0.551025
vt 0.786621 0.568848
vt 0.771973 0.536133
vt 0.750000 0.550781
vt 0.798340 0.530762
vt 0.798340 0.547119
vt 0.798828 0.566406
vt 0.770020 0.531250
vt 0.798340 0.525391
vt 0.746094 0.547119
vt 0.826172 0.530518
vt 0.824219 0.535645
vt 0.818359 0.550781
vt 0.811035 0.568604
vt 0.740723 0.541992
vt 0.767090 0.524414
vt 0.797852 0.518066
vt 0.829102 0.523682
vt 0.850586 0.545898
vt 0.846680 0.549805
vt 0.834961 0.561523
vt 0.821289 0.575195
vt 0.723633 0.567871
vt 0.855469 0.540771
vt 0.866699 0.569092
vt 0.861816 0.571289
vt 0.846191 0.577637
vt 0.828125 0.585205
vt 0.873535 0.566406
vt 0.879883 0.596680
vt 0.872559 0.596680
vt 0.867188 0.596680
vt 0.874023 0.626953
vt 0.867188 0.624268
vt 0.851562 0.647949
vt 0.856934 0.653076
vt 0.831055 0.670410
vt 0.967285 0.533691
vt 0.979492 0.545166
vt 0.955566 0.520020
vt 0.967285 0.545166
vt 0.955566 0.533691
vt 0.979492 0.552002
vt 0.942383 0.520020
vt 0.955566 0.545166
vt 0.967285 0.552002
vt 0.942383 0.533691
vt 0.942383 0.545166
vt 0.955566 0.552002
vt 0.928711 0.545166
vt 0.928711 0.533691
vt 0.928711 0.520020
vt 0.942383 0.552002
vt 0.928711 0.552002
vt 0.916016 0.545166
vt 0.916016 0.552002
vt 0.916016 0.533691
vt 0.916016 0.520020
vt 0.904297 0.545166
vt 0.904297 0.552002
vt 0.904297 0.533691
vt 0.904297 0.520020
vt 0.232300 0.035156
vt 0.210938 0.024902
vt 0.219360 0.015625
vt 0.208008 0.037109
vt 0.231445 0.011719
vt 0.211426 0.048828
vt 0.243652 0.014160
vt 0.220215 0.057129
vt 0.252441 0.023438
vt 0.232300 0.060547
vt 0.244385 0.056152
vt 0.256592 0.035645
vt 0.253418 0.047363
vt 0.810547 0.014648
vt 0.819336 0.029297
vt 0.795898 0.028809
vt 0.830566 0.009277
vt 0.811035 0.037598
vt 0.830566 0.048828
vt 0.830566 0.026367
vt 0.791016 0.048828
vt 0.808105 0.048828
vt 0.850098 0.014648
vt 0.841797 0.029297
vt 0.795898 0.068848
vt 0.811035 0.060059
vt 0.819336 0.068359
vt 0.864746 0.028809
vt 0.849609 0.037598
vt 0.810547 0.083008
vt 0.830566 0.071289
vt 0.830566 0.088379
vt 0.870117 0.048828
vt 0.850098 0.083008
vt 0.853027 0.048828
vt 0.841797 0.068359
vt 0.849609 0.060059
vt 0.864746 0.068848
vt 0.974121 0.132324
vt 0.971191 0.148438
vt 0.951172 0.125977
vt 0.993164 0.148438
vt 0.954102 0.148926
vt 0.974121 0.164551
vt 0.950684 0.172363
vt 0.943359 0.134277
vt 0.945312 0.149414
vt 0.927246 0.129883
vt 0.933594 0.142578
vt 0.926758 0.139648
vt 0.928223 0.120605
vt 0.945312 0.102539
vt 0.941895 0.164551
vt 0.935547 0.148926
vt 0.926758 0.148926
vt 0.919922 0.142090
vt 0.911133 0.132812
vt 0.933105 0.155762
vt 0.929688 0.104492
vt 0.905273 0.122559
vt 0.916992 0.148438
vt 0.906250 0.148438
vt 0.931152 0.083008
vt 0.914062 0.100098
vt 0.926270 0.157715
vt 0.919434 0.155273
vt 0.926270 0.167969
vt 0.910156 0.163574
vt 0.898926 0.148926
vt 0.877441 0.130371
vt 0.905762 0.175781
vt 0.880859 0.148926
vt 0.855469 0.149414
vt 0.877930 0.167969
vt 0.927734 0.177246
vt 0.914062 0.197266
vt 0.929199 0.193848
vt 0.930176 0.214355
vt 0.944336 0.195801
vt 0.696777 0.243652
vt 0.652832 0.243652
vt 0.609863 0.243652
vt 0.652832 0.217773
vt 0.696777 0.217773
vt 0.570312 0.243652
vt 0.609863 0.217773
vt 0.696777 0.196289
vt 0.652832 0.196289
vt 0.609863 0.196289
vt 0.526367 0.243652
vt 0.570312 0.217773
vt 0.570312 0.196289
vt 0.487061 0.243652
vt 0.526367 0.217773
vt 0.526367 0.196289
vt 0.487061 0.217773
vt 0.487061 0.196289
vt 0.448242 0.243652
vt 0.448242 0.217773
vt 0.448242 0.196289
vt 0.407471 0.217773
vt 0.407471 0.243652
vt 0.407471 0.196289
vt 0.363037 0.217773
vt 0.363037 0.243652
vt 0.363037 0.196289
vt 0.319336 0.217773
vt 0.319336 0.243652
vt 0.319336 0.196289
vt 0.275879 0.217773
vt 0.275879 0.196289
vt 0.275879 0.243652
vt 0.232178 0.217773
vt 0.232178 0.196289
vt 0.232178 0.243652
vt 0.188843 0.217773
vt 0.188843 0.196289
vt 0.542480 0.004395
vt 0.542480 0.015625
vt 0.528809 0.004395
vt 0.555664 0.004395
vt 0.528809 0.015625
vt 0.515625 0.015625
vt 0.515625 0.004395
vt 0.528809 0.081055
vt 0.555664 0.015625
vt 0.542480 0.081055
vt 0.555664 0.081055
vt 0.569336 0.015625
vt 0.569336 0.004395
vt 0.502441 0.004395
vt 0.515625 0.081055
vt 0.502441 0.015625
vt 0.501953 0.081055
vt 0.488770 0.015625
vt 0.569336 0.081055
vt 0.582520 0.004395
vt 0.582520 0.015625
vt 0.582520 0.081055
vt 0.488770 0.004395
vt 0.596191 0.015625
vt 0.488525 0.081055
vt 0.596191 0.004395
vt 0.475342 0.004395
vt 0.475098 0.080566
vt 0.475342 0.015625
vt 0.596191 0.081055
vt 0.461914 0.015625
vt 0.609375 0.004395
vt 0.609375 0.015625
vt 0.609375 0.081055
vt 0.461914 0.004395
vt 0.623047 0.015625
vt 0.461670 0.080566
vt 0.623047 0.004395
vt 0.623047 0.080566
vt 0.448486 0.004395
vt 0.448242 0.080566
vt 0.448486 0.015625
vt 0.435059 0.015625
vt 0.636230 0.004395
vt 0.636230 0.015625
vt 0.636230 0.080566
vt 0.648926 0.015625
vt 0.435059 0.004395
vt 0.434814 0.080566
vt 0.648926 0.004395
vt 0.648438 0.080566
vt 0.421631 0.004395
vt 0.421387 0.080566
vt 0.421631 0.015625
vt 0.408203 0.015625
vt 0.661133 0.004395
vt 0.661133 0.015625
vt 0.661133 0.081055
vt 0.408203 0.004395
vt 0.408203 0.080566
vt 0.394775 0.004395
vt 0.394775 0.080566
vt 0.394775 0.015625
vt 0.970703 0.080566
vt 0.993164 0.090332
vt 0.978027 0.104004
vt 0.993164 0.070801
vt 0.961914 0.104004
vt 0.979492 0.057129
vt 0.960449 0.057129
vt 0.946777 0.090332
vt 0.946777 0.070801
vt 0.188843 0.243652
vt 0.145996 0.217773
vt 0.145996 0.196289
vt 0.145996 0.243652
vt 0.102844 0.217773
vt 0.102844 0.196289
vt 0.102844 0.243652
vt 0.059814 0.217773
vt 0.059814 0.196289
vt 0.059814 0.243652
vt 0.017471 0.217773
vt 0.017471 0.196289
vt 0.017471 0.243652
vt 0.019806 0.841919
vt 0.047363 0.841919
vt 0.019806 0.852905
vt 0.047638 0.852905
vt 0.075195 0.841919
vt 0.075623 0.852905
vt 0.103149 0.841919
vt 0.103516 0.852905
vt 0.131104 0.841919
vt 0.131226 0.852905
vt 0.158691 0.852905
vt 0.158691 0.841919
vt 0.185913 0.852905
vt 0.186279 0.841919
vt 0.213379 0.852905
vt 0.213745 0.841919
vt 0.240845 0.852905
vt 0.240845 0.841919
vt 0.709961 0.186523
vt 0.729492 0.186523
vt 0.709961 0.205078
vt 0.729492 0.205078
vt 0.748535 0.186523
vt 0.709961 0.207520
vt 0.748535 0.205078
vt 0.729492 0.207520
vt 0.768066 0.186523
vt 0.768066 0.205078
vt 0.748535 0.207520
vt 0.722168 0.281738
vt 0.709961 0.281738
vt 0.744629 0.281738
vt 0.733398 0.281738
vt 0.768066 0.207520
vt 0.756348 0.281738
vt 0.787109 0.205078
vt 0.787109 0.207520
vt 0.787109 0.186523
vt 0.767578 0.281738
vt 0.779297 0.281738
vt 0.806152 0.205078
vt 0.806152 0.207520
vt 0.802246 0.281738
vt 0.790527 0.281738
vt 0.806152 0.186523
vt 0.825195 0.205078
vt 0.825684 0.207520
vt 0.813477 0.281738
vt 0.825195 0.186523
vt 0.844727 0.205078
vt 0.844727 0.207520
vt 0.837402 0.281738
vt 0.825195 0.281738
vt 0.844238 0.186523
vt 0.863281 0.186523
vt 0.863281 0.205078
vt 0.850098 0.281738
vt 0.863281 0.281738
vt 0.863281 0.207520
vt 0.709961 0.307129
vt 0.720703 0.321289
vt 0.709961 0.321289
vt 0.720703 0.307129
vt 0.709961 0.290039
vt 0.732910 0.321289
vt 0.720703 0.290039
vt 0.730957 0.290039
vt 0.730957 0.307129
vt 0.741211 0.307129
vt 0.745605 0.321289
vt 0.741211 0.290039
vt 0.750000 0.290039
vt 0.750488 0.307129
vt 0.757812 0.321289
vt 0.760254 0.307129
vt 0.760254 0.290039
vt 0.770508 0.321289
vt 0.768555 0.290039
vt 0.769531 0.307129
vt 0.778320 0.290039
vt 0.779297 0.307129
vt 0.782715 0.321289
vt 0.787598 0.290039
vt 0.788086 0.307129
vt 0.795410 0.321289
vt 0.796875 0.307129
vt 0.796875 0.290039
vt 0.808105 0.321289
vt 0.806641 0.290039
vt 0.806641 0.307129
vt 0.815918 0.307129
vt 0.821289 0.321289
vt 0.816895 0.290039
vt 0.825684 0.307129
vt 0.834961 0.321289
vt 0.826172 0.290039
vt 0.835938 0.307129
vt 0.837402 0.290039
vt 0.845703 0.307129
vt 0.848633 0.321289
vt 0.845703 0.290039
vt 0.856445 0.307129
vt 0.864258 0.321289
vt 0.857422 0.290039
vt 0.864258 0.307129
vt 0.864258 0.290039
vt 0.394775 0.083008
vt 0.408203 0.083008
vt 0.398193 0.092285
vt 0.418213 0.092285
vt 0.421387 0.083008
vt 0.434814 0.083008
vt 0.438477 0.092285
vt 0.448242 0.083496
vt 0.458496 0.092285
vt 0.461670 0.083496
vt 0.475098 0.083496
vt 0.478760 0.092285
vt 0.488525 0.083496
vt 0.498779 0.092285
vt 0.501953 0.083496
vt 0.515625 0.083496
vt 0.519043 0.092285
vt 0.528809 0.083496
vt 0.542480 0.083496
vt 0.545898 0.092285
vt 0.555664 0.083496
vt 0.565918 0.092285
vt 0.569336 0.083496
vt 0.582520 0.083496
vt 0.586426 0.092285
vt 0.596191 0.083496
vt 0.606445 0.092285
vt 0.609375 0.083496
vt 0.623047 0.083496
vt 0.626465 0.092285
vt 0.636230 0.083496
vt 0.645020 0.092285
vt 0.648438 0.083008
vt 0.661133 0.083496
vt 0.657715 0.092285
vt 0.643555 0.672363
vt 0.635254 0.685791
vt 0.635254 0.680176
vt 0.641113 0.687500
vt 0.634766 0.701660
vt 0.630859 0.694336
vt 0.620117 0.705811
vt 0.621094 0.708252
vt 0.625000 0.712891
vt 0.640625 0.705566
vt 0.650391 0.672363
vt 0.635254 0.658936
vt 0.635254 0.662109
vt 0.613770 0.726318
vt 0.641113 0.657227
vt 0.611328 0.719727
vt 0.605957 0.713379
vt 0.596680 0.721680
vt 0.596680 0.716064
vt 0.634277 0.643311
vt 0.628418 0.648193
vt 0.640137 0.639160
vt 0.590820 0.713867
vt 0.580078 0.726562
vt 0.582520 0.719971
vt 0.624512 0.632568
vt 0.620605 0.636719
vt 0.575684 0.708496
vt 0.569336 0.712402
vt 0.572754 0.708008
vt 0.612793 0.618652
vt 0.564453 0.695557
vt 0.553223 0.706055
vt 0.558594 0.701904
vt 0.557617 0.686279
vt 0.610840 0.625488
vt 0.617188 0.635986
vt 0.551758 0.687988
vt 0.596191 0.628662
vt 0.596191 0.623535
vt 0.603027 0.631592
vt 0.542480 0.672852
vt 0.549805 0.672852
vt 0.558105 0.681885
vt 0.551758 0.657715
vt 0.582031 0.625732
vt 0.587891 0.630859
vt 0.579590 0.618896
vt 0.572266 0.637451
vt 0.577637 0.636963
vt 0.557617 0.659424
vt 0.559570 0.663330
vt 0.552734 0.639648
vt 0.568848 0.633057
vt 0.558594 0.643555
vt 0.562988 0.649658
vt 0.058960 0.879333
vt 0.042084 0.889038
vt 0.054596 0.863037
vt 0.082825 0.863037
vt 0.030136 0.877136
vt 0.050964 0.897949
vt 0.062225 0.891479
vt 0.078491 0.879333
vt 0.044495 0.909180
vt 0.032318 0.905945
vt 0.107300 0.877136
vt 0.016022 0.901611
vt 0.048981 0.910400
vt 0.054291 0.901245
vt 0.075195 0.891479
vt 0.063416 0.895996
vt 0.095337 0.889038
vt 0.044495 0.922180
vt 0.048981 0.920959
vt 0.032318 0.925476
vt 0.121399 0.901611
vt 0.016022 0.929810
vt 0.086426 0.897949
vt 0.073975 0.895996
vt 0.105103 0.905945
vt 0.050964 0.933411
vt 0.054291 0.930115
vt 0.042084 0.942352
vt 0.121399 0.929810
vt 0.030136 0.954285
vt 0.092957 0.909180
vt 0.083130 0.901245
vt 0.105103 0.925476
vt 0.062225 0.939941
vt 0.063416 0.935425
vt 0.058960 0.952087
vt 0.107300 0.954285
vt 0.054596 0.968384
vt 0.092957 0.922180
vt 0.088440 0.910400
vt 0.095337 0.942352
vt 0.075195 0.939941
vt 0.073975 0.935425
vt 0.078491 0.952087
vt 0.086426 0.933411
vt 0.082825 0.968384
vt 0.083130 0.930115
vt 0.088440 0.920959
vt 0.132080 0.901611
vt 0.146118 0.877136
vt 0.148926 0.906067
vt 0.148926 0.925293
vt 0.132080 0.929810
vt 0.158447 0.889465
vt 0.170654 0.863037
vt 0.161743 0.909546
vt 0.161743 0.921875
vt 0.158447 0.941956
vt 0.167969 0.932495
vt 0.146118 0.954285
vt 0.175171 0.879822
vt 0.167969 0.898865
vt 0.198853 0.863037
vt 0.172119 0.912292
vt 0.172119 0.919067
vt 0.175415 0.924988
vt 0.175171 0.951538
vt 0.178589 0.938660
vt 0.181396 0.928345
vt 0.184692 0.915710
vt 0.175415 0.906433
vt 0.178589 0.892761
vt 0.194336 0.879822
vt 0.223267 0.877136
vt 0.188110 0.928345
vt 0.190918 0.938660
vt 0.181396 0.903076
vt 0.190918 0.892761
vt 0.210938 0.889465
vt 0.193970 0.924988
vt 0.188110 0.903076
vt 0.201538 0.898865
vt 0.237427 0.901611
vt 0.220581 0.906067
vt 0.207642 0.909546
vt 0.193970 0.906433
vt 0.201538 0.932495
vt 0.197388 0.919067
vt 0.197388 0.912292
vt 0.237427 0.929810
vt 0.220581 0.925293
vt 0.207642 0.921875
vt 0.210938 0.941956
vt 0.223267 0.954285
vt 0.194336 0.951538
vt 0.198853 0.968384
vt 0.170654 0.968384
s 1
usemtl Material.002
f 2474/1295/2292 2475/1296/2293 2476/1297/2294
f 2477/1298/2292 2475/1296/2293 2474/1295/2292
f 2477/1298/2292 2474/1295/2292 2478/1299/2295
f 2478/1299/2295 2474/1295/2292 2479/1300/2296
f 2480/1301/2297 2478/1299/2295 2479/1300/2296
f 2481/1302/2297 2478/1299/2295 2480/1301/2297
f 2482/1303/2298 2481/1302/2297 2480/1301/2297
f 2483/1304/2298 2481/1302/2297 2482/1303/2298
f 2484/1305/2299 2483/1304/2298 2482/1303/2298
f 2485/1306/2299 2483/1304/2298 2484/1305/2299
f 2486/1307/2300 2485/1306/2299 2484/1305/2299
f 2487/1308/2300 2485/1306/2299 2486/1307/2300
f 2488/1309/2301 2487/1308/2300 2486/1307/2300
f 2489/1310/2301 2487/1308/2300 2488/1309/2301
f 2490/1311/2302 2489/1310/2301 2488/1309/2301
f 2491/1312/2303 2489/1310/2301 2490/1311/2302
f 2492/1313/2304 2491/1312/2303 2490/1311/2302
f 2493/1314/2305 2491/1312/2303 2492/1313/2304
f 2494/1315/2306 2493/1314/2305 2492/1313/2304
f 2495/1316/2306 2493/1314/2305 2494/1315/2306
f 2496/1317/2307 2495/1316/2306 2494/1315/2306
f 2497/1318/2308 2495/1316/2306 2496/1317/2307
f 2497/1318/2308 2496/1317/2307 2498/1319/2309
f 2498/1319/2309 2496/1317/2307 2499/1320/2310
f 2500/1321/2311 2498/1319/2309 2499/1320/2310
f 2501/1322/2312 2498/1319/2309 2500/1321/2311
f 2502/1323/2313 2501/1322/2312 2500/1321/2311
f 2503/1324/2313 2501/1322/2312 2502/1323/2313
f 2504/1325/2314 2503/1324/2313 2502/1323/2313
f 2505/1326/2315 2503/1324/2313 2504/1325/2314
f 2506/1327/2316 2505/1326/2315 2504/1325/2314
f 2507/1328/2317 2505/1326/2315 2506/1327/2316
f 2508/1329/2292 2509/1330/2318 2510/1331/2294
f 2511/1332/2292 2509/1330/2318 2508/1329/2292
f 2511/1332/2292 2508/1329/2292 2512/1333/2319
f 2512/1333/2319 2508/1329/2292 2513/1334/2296
f 2514/1335/2320 2512/1333/2319 2513/1334/2296
f 2515/1336/2320 2512/1333/2319 2514/1335/2320
f 2516/1337/2298 2515/1336/2320 2514/1335/2320
f 2517/1338/2321 2515/1336/2320 2516/1337/2298
f 2518/1339/2322 2517/1338/2321 2516/1337/2298
f 2519/1340/2299 2517/1338/2321 2518/1339/2322
f 2520/1341/2323 2519/1340/2299 2518/1339/2322
f 2521/1342/2324 2519/1340/2299 2520/1341/2323
f 2522/1343/2325 2521/1342/2324 2520/1341/2323
f 2523/1344/2325 2521/1342/2324 2522/1343/2325
f 2524/1345/2302 2523/1344/2325 2522/1343/2325
f 2525/1346/2302 2523/1344/2325 2524/1345/2302
f 2526/1347/2305 2525/1346/2302 2524/1345/2302
f 2527/1348/2326 2525/1346/2302 2526/1347/2305
f 2528/1349/2327 2527/1348/2326 2526/1347/2305
f 2529/1350/2306 2527/1348/2326 2528/1349/2327
f 2530/1351/2307 2529/1350/2306 2528/1349/2327
f 2531/1352/2328 2529/1350/2306 2530/1351/2307
f 2531/1352/2328 2530/1351/2307 2532/1353/2309
f 2532/1353/2309 2530/1351/2307 2533/1354/2310
f 2534/1355/2311 2532/1353/2309 2533/1354/2310
f 2535/1356/2312 2532/1353/2309 2534/1355/2311
f 2536/1357/2329 2535/1356/2312 2534/1355/2311
f 2537/1358/2313 2535/1356/2312 2536/1357/2329
f 2538/1359/2315 2537/1358/2313 2536/1357/2329
f 2539/1360/2315 2537/1358/2313 2538/1359/2315
f 2540/1361/2316 2539/1360/2315 2538/1359/2315
f 2541/1362/2330 2539/1360/2315 2540/1361/2316
f 2542/1363/2331 2543/1364/2332 2544/1365/2333
f 2545/1366/2334 2543/1364/2332 2542/1363/2331
f 2546/1367/2335 2545/1366/2334 2542/1363/2331
f 2547/1368/2336 2543/1364/2332 2545/1366/2334
f 2548/1369/2337 2543/1364/2332 2547/1368/2336
f 2547/1368/2336 2545/1366/2334 2549/1370/2338
f 2550/1371/2339 2545/1366/2334 2546/1367/2335
f 2549/1370/2338 2545/1366/2334 2550/1371/2339
f 2551/1372/2340 2548/1369/2337 2547/1368/2336
f 2549/1370/2338 2551/1372/2340 2547/1368/2336
f 2552/1373/2341 2550/1371/2339 2546/1367/2335
f 2553/1374/2342 2548/1369/2337 2551/1372/2340
f 2554/1375/2343 2551/1372/2340 2549/1370/2338
f 2549/1370/2338 2550/1371/2339 2555/1376/2344
f 2555/1376/2344 2554/1375/2343 2549/1370/2338
f 2555/1376/2344 2550/1371/2339 2556/1377/2345
f 2556/1377/2345 2550/1371/2339 2552/1373/2341
f 2557/1378/2346 2556/1377/2345 2552/1373/2341
f 2551/1372/2340 2558/1379/2347 2553/1374/2342
f 2559/1380/2348 2558/1379/2347 2551/1372/2340
f 2560/1381/2349 2551/1372/2340 2554/1375/2343
f 2559/1380/2348 2551/1372/2340 2560/1381/2349
f 2561/1382/2350 2554/1375/2343 2555/1376/2344
f 2562/1383/2351 2554/1375/2343 2561/1382/2350
f 2560/1381/2349 2554/1375/2343 2562/1383/2351
f 2563/1384/2352 2561/1382/2350 2555/1376/2344
f 2555/1376/2344 2556/1377/2345 2563/1384/2352
f 2563/1384/2352 2556/1377/2345 2564/1385/2353
f 2564/1385/2353 2556/1377/2345 2557/1378/2346
f 2565/1386/2354 2561/1382/2350 2563/1384/2352
f 2566/1387/2355 2561/1382/2350 2565/1386/2354
f 2562/1383/2351 2561/1382/2350 2566/1387/2355
f 2567/1388/2356 2565/1386/2354 2563/1384/2352
f 2563/1384/2352 2564/1385/2353 2567/1388/2356
f 2567/1388/2356 2564/1385/2353 2568/1389/2357
f 2564/1385/2353 2557/1378/2346 2568/1389/2357
f 2568/1389/2357 2557/1378/2346 2569/1390/2358
f 2570/1391/2359 2565/1386/2354 2567/1388/2356
f 2571/1392/2360 2565/1386/2354 2570/1391/2359
f 2566/1387/2355 2565/1386/2354 2571/1392/2360
f 2572/1393/2361 2570/1391/2359 2567/1388/2356
f 2573/1394/2362 2567/1388/2356 2568/1389/2357
f 2572/1393/2361 2567/1388/2356 2573/1394/2362
f 2573/1394/2362 2568/1389/2357 2574/1395/2363
f 2574/1395/2363 2568/1389/2357 2569/1390/2358
f 2575/1396/2364 2570/1391/2359 2572/1393/2361
f 2576/1397/2365 2570/1391/2359 2575/1396/2364
f 2571/1392/2360 2570/1391/2359 2576/1397/2365
f 2577/1398/2366 2572/1393/2361 2573/1394/2362
f 2578/1399/2367 2573/1394/2362 2574/1395/2363
f 2577/1398/2366 2573/1394/2362 2578/1399/2367
f 2575/1396/2364 2572/1393/2361 2579/1400/2368
f 2580/1401/2369 2572/1393/2361 2577/1398/2366
f 2579/1400/2368 2572/1393/2361 2580/1401/2369
f 2576/1397/2365 2575/1396/2364 2581/1402/2370
f 2581/1402/2370 2575/1396/2364 2579/1400/2368
f 2579/1400/2368 2580/1401/2369 2582/1403/2371
f 2582/1403/2371 2581/1402/2370 2579/1400/2368
f 2583/1404/2372 2580/1401/2369 2577/1398/2366
f 2584/1405/2373 2577/1398/2366 2578/1399/2367
f 2583/1404/2372 2577/1398/2366 2584/1405/2373
f 2582/1403/2371 2580/1401/2369 2585/1406/2374
f 2585/1406/2374 2580/1401/2369 2583/1404/2372
f 2586/1407/2375 2581/1402/2370 2582/1403/2371
f 2582/1403/2371 2585/1406/2374 2587/1408/2376
f 2587/1408/2376 2586/1407/2375 2582/1403/2371
f 2588/1409/2377 2585/1406/2374 2583/1404/2372
f 2589/1410/2378 2583/1404/2372 2584/1405/2373
f 2588/1409/2377 2583/1404/2372 2589/1410/2378
f 2587/1408/2376 2585/1406/2374 2590/1411/2379
f 2590/1411/2379 2585/1406/2374 2588/1409/2377
f 2591/1412/2380 2586/1407/2375 2587/1408/2376
f 2587/1408/2376 2590/1411/2379 2592/1413/2381
f 2592/1413/2381 2591/1412/2380 2587/1408/2376
f 2593/1414/2382 2590/1411/2379 2588/1409/2377
f 2594/1415/2383 2588/1409/2377 2589/1410/2378
f 2593/1414/2382 2588/1409/2377 2594/1415/2383
f 2592/1413/2381 2590/1411/2379 2595/1416/2384
f 2595/1416/2384 2590/1411/2379 2593/1414/2382
f 2596/1417/2385 2595/1416/2384 2593/1414/2382
f 2593/1414/2382 2594/1415/2383 2596/1417/2385
f 2597/1418/2386 2591/1412/2380 2592/1413/2381
f 2592/1413/2381 2595/1416/2384 2598/1419/2387
f 2598/1419/2387 2597/1418/2386 2592/1413/2381
f 2598/1419/2387 2595/1416/2384 2599/1420/2388
f 2599/1420/2388 2595/1416/2384 2596/1417/2385
f 2596/1417/2385 2594/1415/2383 2600/1421/2389
f 2601/1422/2390 2599/1420/2388 2596/1417/2385
f 2602/1423/2391 2596/1417/2385 2600/1421/2389
f 2601/1422/2390 2596/1417/2385 2602/1423/2391
f 2603/1424/2392 2598/1419/2387 2599/1420/2388
f 2603/1424/2392 2599/1420/2388 2601/1422/2390
f 2604/1425/2393 2597/1418/2386 2598/1419/2387
f 2605/1426/2394 2598/1419/2387 2603/1424/2392
f 2606/1427/2395 2598/1419/2387 2605/1426/2394
f 2604/1425/2393 2598/1419/2387 2606/1427/2395
f 2603/1424/2392 2601/1422/2390 2607/1428/2396
f 2607/1428/2396 2605/1426/2394 2603/1424/2392
f 2602/1423/2391 2608/1429/2397 2601/1422/2390
f 2607/1428/2396 2601/1422/2390 2609/1430/2398
f 2601/1422/2390 2608/1429/2397 2609/1430/2398
f 2609/1430/2398 2608/1429/2397 2610/1431/2399
f 2610/1431/2399 2607/1428/2396 2609/1430/2398
f 2611/1432/2400 2605/1426/2394 2607/1428/2396
f 2612/1433/2401 2605/1426/2394 2611/1432/2400
f 2606/1427/2395 2605/1426/2394 2612/1433/2401
f 2611/1432/2400 2607/1428/2396 2613/1434/2402
f 2613/1434/2402 2612/1433/2401 2611/1432/2400
f 2614/1435/2403 2607/1428/2396 2610/1431/2399
f 2613/1434/2402 2607/1428/2396 2614/1435/2403
f 2610/1431/2399 2608/1429/2397 2615/1436/2404
f 2616/1437/2405 2613/1434/2402 2614/1435/2403
f 2614/1435/2403 2610/1431/2399 2616/1437/2405
f 2616/1437/2405 2610/1431/2399 2617/1438/2406
f 2610/1431/2399 2615/1436/2404 2617/1438/2406
f 2618/1439/2407 2612/1433/2401 2613/1434/2402
f 2619/1440/2408 2613/1434/2402 2616/1437/2405
f 2619/1440/2408 2618/1439/2407 2613/1434/2402
f 2620/1441/2409 2619/1440/2408 2616/1437/2405
f 2616/1437/2405 2617/1438/2406 2620/1441/2409
f 2617/1438/2406 2615/1436/2404 2621/1442/2410
f 2620/1441/2409 2617/1438/2406 2622/1443/2411
f 2623/1444/2412 2617/1438/2406 2621/1442/2410
f 2622/1443/2411 2617/1438/2406 2623/1444/2412
f 2624/1445/2413 2618/1439/2407 2619/1440/2408
f 2625/1446/2414 2619/1440/2408 2620/1441/2409
f 2625/1446/2414 2624/1445/2413 2619/1440/2408
f 2626/1447/2415 2624/1445/2413 2625/1446/2414
f 2627/1448/2416 2628/1449/2417 2629/1450/2418
f 2630/1451/2419 2631/1452/2420 2632/1453/2421
f 2633/1454/2422 2634/1455/2419 2635/1456/2418
f 2636/1457/2423 2637/1458/2422 2638/1459/2418
f 2639/1460/2424 2640/1461/2423 2641/1462/2425
f 2642/1463/2426 2643/1464/2424 2644/1465/2421
f 2645/1466/2427 2646/1467/2426 2647/1468/2421
f 2648/1469/2428 2649/1470/2429 2650/1471/2418
f 2651/1472/2430 2652/1473/2431 2653/1474/2421
f 2654/1475/2432 2655/1476/2430 2656/1477/2421
f 2657/1478/2433 2658/1479/2434 2659/1480/2421
f 2660/1481/2435 2661/1482/2433 2662/1483/2436
f 2663/1484/2437 2664/1485/2435 2665/1486/2421
f 2666/1487/2417 2667/1488/2438 2668/1489/2418
f 2669/1490/2439 2670/1491/2428 2671/1492/2421
f 2672/1493/2429 2673/1494/2427 2674/1495/2418
f 2675/1496/2440 2676/1497/2441 2677/1498/2442
f 2678/1499/2443 2676/1497/2441 2675/1496/2440
f 2678/1499/2443 2679/1500/2444 2676/1497/2441
f 2678/1499/2443 2675/1496/2440 2680/1501/2445
f 2680/1501/2445 2675/1496/2440 2681/1502/2446
f 2682/1503/2447 2678/1499/2443 2680/1501/2445
f 2683/1504/2448 2678/1499/2443 2682/1503/2447
f 2683/1504/2448 2679/1500/2444 2678/1499/2443
f 2683/1504/2448 2684/1505/2449 2679/1500/2444
f 2685/1506/2450 2682/1503/2447 2680/1501/2445
f 2686/1507/2451 2680/1501/2445 2681/1502/2446
f 2685/1506/2450 2680/1501/2445 2686/1507/2451
f 2687/1508/2452 2683/1504/2448 2682/1503/2447
f 2688/1509/2453 2683/1504/2448 2687/1508/2452
f 2688/1509/2453 2684/1505/2449 2683/1504/2448
f 2687/1508/2452 2682/1503/2447 2689/1510/2454
f 2690/1511/2455 2682/1503/2447 2685/1506/2450
f 2689/1510/2454 2682/1503/2447 2690/1511/2455
f 2689/1510/2454 2691/1512/2456 2687/1508/2452
f 2691/1512/2456 2688/1509/2453 2687/1508/2452
f 2688/1509/2453 2692/1513/2457 2684/1505/2449
f 2693/1514/2458 2688/1509/2453 2691/1512/2456
f 2693/1514/2458 2692/1513/2457 2688/1509/2453
f 2694/1515/2459 2690/1511/2455 2685/1506/2450
f 2695/1516/2460 2685/1506/2450 2686/1507/2451
f 2694/1515/2459 2685/1506/2450 2695/1516/2460
f 2696/1517/2461 2689/1510/2454 2690/1511/2455
f 2696/1517/2461 2690/1511/2455 2694/1515/2459
f 2697/1518/2462 2691/1512/2456 2689/1510/2454
f 2698/1519/2463 2697/1518/2462 2689/1510/2454
f 2698/1519/2463 2689/1510/2454 2696/1517/2461
f 2699/1520/2464 2691/1512/2456 2697/1518/2462
f 2700/1521/2465 2691/1512/2456 2699/1520/2464
f 2700/1521/2465 2693/1514/2458 2691/1512/2456
f 2701/1522/2466 2699/1520/2464 2697/1518/2462
f 2701/1522/2466 2697/1518/2462 2698/1519/2463
f 2693/1514/2458 2702/1523/2467 2692/1513/2457
f 2703/1524/2468 2693/1514/2458 2700/1521/2465
f 2703/1524/2468 2702/1523/2467 2693/1514/2458
f 2704/1525/2469 2696/1517/2461 2694/1515/2459
f 2705/1526/2470 2694/1515/2459 2695/1516/2460
f 2704/1525/2469 2694/1515/2459 2705/1526/2470
f 2706/1527/2471 2698/1519/2463 2696/1517/2461
f 2706/1527/2471 2696/1517/2461 2704/1525/2469
f 2707/1528/2472 2701/1522/2466 2698/1519/2463
f 2707/1528/2472 2698/1519/2463 2706/1527/2471
f 2708/1529/2473 2699/1520/2464 2701/1522/2466
f 2709/1530/2474 2708/1529/2473 2701/1522/2466
f 2709/1530/2474 2701/1522/2466 2707/1528/2472
f 2710/1531/2475 2706/1527/2471 2704/1525/2469
f 2711/1532/2476 2704/1525/2469 2705/1526/2470
f 2710/1531/2475 2704/1525/2469 2711/1532/2476
f 2712/1533/2477 2707/1528/2472 2706/1527/2471
f 2712/1533/2477 2706/1527/2471 2710/1531/2475
f 2713/1534/2478 2709/1530/2474 2707/1528/2472
f 2713/1534/2478 2707/1528/2472 2712/1533/2477
f 2714/1535/2479 2708/1529/2473 2709/1530/2474
f 2715/1536/2480 2714/1535/2479 2709/1530/2474
f 2715/1536/2480 2709/1530/2474 2713/1534/2478
f 2716/1537/2481 2712/1533/2477 2710/1531/2475
f 2717/1538/2482 2710/1531/2475 2711/1532/2476
f 2716/1537/2481 2710/1531/2475 2717/1538/2482
f 2718/1539/2483 2713/1534/2478 2712/1533/2477
f 2718/1539/2483 2712/1533/2477 2716/1537/2481
f 2719/1540/2484 2715/1536/2480 2713/1534/2478
f 2719/1540/2484 2713/1534/2478 2718/1539/2483
f 2720/1541/2485 2714/1535/2479 2715/1536/2480
f 2721/1542/2486 2720/1541/2485 2715/1536/2480
f 2721/1542/2486 2715/1536/2480 2719/1540/2484
f 2718/1539/2483 2716/1537/2481 2722/1543/2487
f 2716/1537/2481 2717/1538/2482 2723/1544/2488
f 2722/1543/2487 2716/1537/2481 2723/1544/2488
f 2719/1540/2484 2718/1539/2483 2724/1545/2489
f 2724/1545/2489 2718/1539/2483 2722/1543/2487
f 2721/1542/2486 2719/1540/2484 2725/1546/2490
f 2725/1546/2490 2719/1540/2484 2724/1545/2489
f 2723/1544/2488 2717/1538/2482 2726/1547/2491
f 2727/1548/2492 2720/1541/2485 2721/1542/2486
f 2727/1548/2492 2721/1542/2486 2728/1549/2493
f 2728/1549/2493 2721/1542/2486 2725/1546/2490
f 2724/1545/2489 2722/1543/2487 2729/1550/2494
f 2722/1543/2487 2723/1544/2488 2730/1551/2495
f 2729/1550/2494 2722/1543/2487 2730/1551/2495
f 2730/1551/2495 2723/1544/2488 2731/1552/2496
f 2723/1544/2488 2726/1547/2491 2731/1552/2496
f 2725/1546/2490 2724/1545/2489 2732/1553/2497
f 2732/1553/2497 2724/1545/2489 2729/1550/2494
f 2728/1549/2493 2725/1546/2490 2733/1554/2498
f 2733/1554/2498 2725/1546/2490 2732/1553/2497
f 2731/1552/2496 2726/1547/2491 2734/1555/2499
f 2732/1553/2497 2729/1550/2494 2735/1556/2500
f 2729/1550/2494 2730/1551/2495 2736/1557/2501
f 2735/1556/2500 2729/1550/2494 2736/1557/2501
f 2736/1557/2501 2730/1551/2495 2737/1558/2502
f 2730/1551/2495 2731/1552/2496 2737/1558/2502
f 2737/1558/2502 2731/1552/2496 2738/1559/2503
f 2731/1552/2496 2734/1555/2499 2738/1559/2503
f 2733/1554/2498 2732/1553/2497 2739/1560/2504
f 2739/1560/2504 2732/1553/2497 2735/1556/2500
f 2738/1559/2503 2734/1555/2499 2740/1561/2505
f 2739/1560/2504 2735/1556/2500 2741/1562/2506
f 2735/1556/2500 2736/1557/2501 2742/1563/2507
f 2741/1562/2506 2735/1556/2500 2742/1563/2507
f 2742/1563/2507 2736/1557/2501 2743/1564/2508
f 2736/1557/2501 2737/1558/2502 2743/1564/2508
f 2743/1564/2508 2737/1558/2502 2744/1565/2509
f 2737/1558/2502 2738/1559/2503 2744/1565/2509
f 2744/1565/2509 2738/1559/2503 2745/1566/2510
f 2738/1559/2503 2740/1561/2505 2745/1566/2510
f 2745/1566/2510 2740/1561/2505 2746/1567/2511
f 2741/1562/2506 2742/1563/2507 2747/1568/2512
f 2747/1568/2512 2742/1563/2507 2748/1569/2513
f 2749/1570/2514 2742/1563/2507 2743/1564/2508
f 2748/1569/2513 2742/1563/2507 2749/1570/2514
f 2749/1570/2514 2743/1564/2508 2750/1571/2515
f 2750/1571/2515 2743/1564/2508 2744/1565/2509
f 2750/1571/2515 2744/1565/2509 2751/1572/2516
f 2751/1572/2516 2744/1565/2509 2745/1566/2510
f 2751/1572/2516 2745/1566/2510 2752/1573/2517
f 2752/1573/2517 2745/1566/2510 2746/1567/2511
f 2753/1574/2518 2747/1568/2512 2748/1569/2513
f 2754/1575/2519 2748/1569/2513 2749/1570/2514
f 2753/1574/2518 2748/1569/2513 2754/1575/2519
f 2754/1575/2519 2749/1570/2514 2755/1576/2520
f 2755/1576/2520 2749/1570/2514 2750/1571/2515
f 2755/1576/2520 2750/1571/2515 2756/1577/2521
f 2756/1577/2521 2750/1571/2515 2751/1572/2516
f 2756/1577/2521 2751/1572/2516 2757/1578/2522
f 2757/1578/2522 2751/1572/2516 2752/1573/2517
f 2758/1579/2523 2747/1568/2512 2753/1574/2518
f 2759/1580/2524 2758/1579/2523 2753/1574/2518
f 2760/1581/2525 2753/1574/2518 2754/1575/2519
f 2759/1580/2524 2753/1574/2518 2760/1581/2525
f 2760/1581/2525 2754/1575/2519 2761/1582/2526
f 2761/1582/2526 2754/1575/2519 2755/1576/2520
f 2761/1582/2526 2755/1576/2520 2762/1583/2527
f 2762/1583/2527 2755/1576/2520 2756/1577/2521
f 2762/1583/2527 2756/1577/2521 2763/1584/2528
f 2763/1584/2528 2756/1577/2521 2757/1578/2522
f 2764/1585/2529 2758/1579/2523 2759/1580/2524
f 2765/1586/2530 2764/1585/2529 2759/1580/2524
f 2766/1587/2531 2759/1580/2524 2760/1581/2525
f 2765/1586/2530 2759/1580/2524 2766/1587/2531
f 2766/1587/2531 2760/1581/2525 2767/1588/2532
f 2767/1588/2532 2760/1581/2525 2761/1582/2526
f 2767/1588/2532 2761/1582/2526 2768/1589/2533
f 2768/1589/2533 2761/1582/2526 2762/1583/2527
f 2768/1589/2533 2762/1583/2527 2769/1590/2534
f 2769/1590/2534 2762/1583/2527 2763/1584/2528
f 2770/1591/2535 2764/1585/2529 2765/1586/2530
f 2770/1591/2535 2765/1586/2530 2771/1592/2536
f 2765/1586/2530 2766/1587/2531 2772/1593/2537
f 2771/1592/2536 2765/1586/2530 2772/1593/2537
f 2772/1593/2537 2766/1587/2531 2773/1594/2538
f 2766/1587/2531 2767/1588/2532 2773/1594/2538
f 2773/1594/2538 2767/1588/2532 2774/1595/2539
f 2767/1588/2532 2768/1589/2533 2774/1595/2539
f 2774/1595/2539 2768/1589/2533 2775/1596/2540
f 2768/1589/2533 2769/1590/2534 2775/1596/2540
f 2775/1596/2540 2769/1590/2534 2776/1597/2541
f 2777/1598/2542 2778/1599/2543 2779/1600/2544
f 2780/1601/2545 2778/1599/2543 2777/1598/2542
f 2781/1602/2546 2780/1601/2545 2777/1598/2542
f 2778/1599/2543 2780/1601/2545 2782/1603/2547
f 2783/1604/2548 2780/1601/2545 2781/1602/2546
f 2782/1603/2547 2780/1601/2545 2784/1605/2549
f 2780/1601/2545 2783/1604/2548 2784/1605/2549
f 2785/1606/2550 2783/1604/2548 2781/1602/2546
f 2786/1607/2551 2783/1604/2548 2785/1606/2550
f 2783/1604/2548 2786/1607/2551 2787/1608/2552
f 2784/1605/2549 2783/1604/2548 2787/1608/2552
f 2788/1609/2553 2786/1607/2551 2785/1606/2550
f 2787/1608/2552 2786/1607/2551 2789/1610/2554
f 2790/1611/2555 2786/1607/2551 2788/1609/2553
f 2786/1607/2551 2791/1612/2556 2789/1610/2554
f 2790/1611/2555 2791/1612/2556 2786/1607/2551
f 2792/1613/2557 2790/1611/2555 2788/1609/2553
f 2793/1614/2558 2790/1611/2555 2792/1613/2557
f 2790/1611/2555 2794/1615/2559 2791/1612/2556
f 2793/1614/2558 2794/1615/2559 2790/1611/2555
f 2793/1614/2558 2792/1613/2557 2795/1616/2560
f 2793/1614/2558 2795/1616/2560 2794/1615/2559
f 2795/1616/2560 2792/1613/2557 2796/1617/2561
f 2794/1615/2559 2795/1616/2560 2797/1618/2562
f 2798/1619/2563 2795/1616/2560 2796/1617/2561
f 2799/1620/2564 2795/1616/2560 2798/1619/2563
f 2795/1616/2560 2799/1620/2564 2797/1618/2562
f 2797/1618/2562 2799/1620/2564 2800/1621/2565
f 2801/1622/2566 2799/1620/2564 2798/1619/2563
f 2802/1623/2567 2799/1620/2564 2801/1622/2566
f 2799/1620/2564 2802/1623/2567 2800/1621/2565
f 2800/1621/2565 2802/1623/2567 2803/1624/2568
f 2804/1625/2569 2802/1623/2567 2801/1622/2566
f 2805/1626/2570 2802/1623/2567 2804/1625/2569
f 2802/1623/2567 2806/1627/2571 2803/1624/2568
f 2805/1626/2570 2806/1627/2571 2802/1623/2567
f 2807/1628/2572 2805/1626/2570 2804/1625/2569
f 2808/1629/2573 2805/1626/2570 2807/1628/2572
f 2805/1626/2570 2809/1630/2574 2806/1627/2571
f 2808/1629/2573 2809/1630/2574 2805/1626/2570
f 2810/1631/2575 2808/1629/2573 2807/1628/2572
f 2811/1632/2576 2808/1629/2573 2810/1631/2575
f 2808/1629/2573 2812/1633/2577 2809/1630/2574
f 2811/1632/2576 2812/1633/2577 2808/1629/2573
f 2811/1632/2576 2810/1631/2575 2813/1634/2578
f 2811/1632/2576 2814/1635/2579 2812/1633/2577
f 2813/1634/2578 2814/1635/2579 2811/1632/2576
f 2813/1634/2578 2810/1631/2575 2815/1636/2580
f 2813/1634/2578 2815/1636/2580 2816/1637/2581
f 2813/1634/2578 2816/1637/2581 2814/1635/2579
f 2814/1635/2579 2816/1637/2581 2817/1638/2582
f 2816/1637/2581 2815/1636/2580 2818/1639/2583
f 2816/1637/2581 2819/1640/2584 2817/1638/2582
f 2820/1641/2585 2816/1637/2581 2818/1639/2583
f 2821/1642/2586 2816/1637/2581 2820/1641/2585
f 2821/1642/2586 2819/1640/2584 2816/1637/2581
f 2822/1643/2587 2821/1642/2586 2820/1641/2585
f 2823/1644/2588 2821/1642/2586 2822/1643/2587
f 2821/1642/2586 2823/1644/2588 2819/1640/2584
f 2819/1640/2584 2823/1644/2588 2824/1645/2589
f 2825/1646/2590 2823/1644/2588 2822/1643/2587
f 2826/1647/2591 2823/1644/2588 2825/1646/2590
f 2823/1644/2588 2826/1647/2591 2824/1645/2589
f 2824/1645/2589 2826/1647/2591 2827/1648/2592
f 2828/1649/2593 2829/1650/2594 2830/1651/2595
f 2831/1652/2596 2829/1650/2594 2828/1649/2593
f 2832/1653/2597 2831/1652/2596 2828/1649/2593
f 2833/1654/2598 2831/1652/2596 2832/1653/2597
f 2834/1655/2599 2833/1654/2598 2832/1653/2597
f 2835/1656/2600 2833/1654/2598 2834/1655/2599
f 2836/1657/2601 2835/1656/2600 2834/1655/2599
f 2837/1658/2602 2835/1656/2600 2836/1657/2601
f 2838/1659/2603 2837/1658/2602 2836/1657/2601
f 2839/1660/2604 2837/1658/2602 2838/1659/2603
f 2840/1661/2605 2839/1660/2604 2838/1659/2603
f 2841/1662/2606 2839/1660/2604 2840/1661/2605
f 2841/1662/2606 2840/1661/2605 2842/1663/2607
f 2842/1663/2607 2840/1661/2605 2843/1664/2608
f 2842/1663/2607 2843/1664/2608 2844/1665/2609
f 2844/1665/2609 2843/1664/2608 2845/1666/2610
f 2844/1665/2609 2845/1666/2610 2846/1667/2611
f 2846/1667/2611 2845/1666/2610 2847/1668/2612
f 2846/1667/2611 2847/1668/2612 2848/1669/2613
f 2848/1669/2613 2847/1668/2612 2849/1670/2614
f 2848/1669/2613 2849/1670/2614 2850/1671/2615
f 2850/1671/2615 2849/1670/2614 2851/1672/2616
f 2850/1671/2615 2851/1672/2616 2852/1673/2617
f 2852/1673/2617 2851/1672/2616 2853/1674/2618
f 2854/1675/2619 2855/1676/2620 2856/1677/2621
f 2856/1677/2621 2855/1676/2620 2857/1678/2622
f 2855/1676/2620 2858/1679/2623 2857/1678/2622
f 2856/1677/2621 2857/1678/2622 2859/1680/2624
f 2857/1678/2622 2858/1679/2623 2860/1681/2625
f 2859/1680/2624 2857/1678/2622 2861/1682/2626
f 2857/1678/2622 2860/1681/2625 2861/1682/2626
f 2859/1680/2624 2861/1682/2626 2862/1683/2627
f 2858/1679/2623 2863/1684/2628 2860/1681/2625
f 2861/1682/2626 2860/1681/2625 2864/1685/2629
f 2860/1681/2625 2863/1684/2628 2864/1685/2629
f 2861/1682/2626 2864/1685/2629 2865/1686/2630
f 2862/1683/2627 2861/1682/2626 2865/1686/2630
f 2866/1687/2631 2863/1684/2628 2858/1679/2623
f 2866/1687/2631 2867/1688/2632 2863/1684/2628
f 2864/1685/2629 2863/1684/2628 2868/1689/2633
f 2863/1684/2628 2867/1688/2632 2868/1689/2633
f 2864/1685/2629 2868/1689/2633 2869/1690/2634
f 2865/1686/2630 2864/1685/2629 2869/1690/2634
f 2870/1691/2635 2867/1688/2632 2866/1687/2631
f 2870/1691/2635 2871/1692/2636 2867/1688/2632
f 2868/1689/2633 2867/1688/2632 2872/1693/2637
f 2867/1688/2632 2871/1692/2636 2872/1693/2637
f 2868/1689/2633 2872/1693/2637 2873/1694/2638
f 2869/1690/2634 2868/1689/2633 2873/1694/2638
f 2874/1695/2639 2871/1692/2636 2870/1691/2635
f 2873/1694/2638 2872/1693/2637 2875/1696/2640
f 2872/1693/2637 2876/1697/2641 2875/1696/2640
f 2872/1693/2637 2871/1692/2636 2876/1697/2641
f 2874/1695/2639 2877/1698/2642 2871/1692/2636
f 2871/1692/2636 2878/1699/2643 2876/1697/2641
f 2871/1692/2636 2877/1698/2642 2878/1699/2643
f 2875/1696/2640 2876/1697/2641 2879/1700/2644
f 2876/1697/2641 2880/1701/2645 2879/1700/2644
f 2876/1697/2641 2878/1699/2643 2880/1701/2645
f 2877/1698/2642 2881/1702/2646 2878/1699/2643
f 2878/1699/2643 2881/1702/2646 2882/1703/2647
f 2878/1699/2643 2882/1703/2647 2880/1701/2645
f 2879/1700/2644 2880/1701/2645 2883/1704/2648
f 2880/1701/2645 2884/1705/2649 2883/1704/2648
f 2880/1701/2645 2882/1703/2647 2884/1705/2649
f 2881/1702/2646 2885/1706/2650 2882/1703/2647
f 2882/1703/2647 2885/1706/2650 2886/1707/2651
f 2882/1703/2647 2886/1707/2651 2884/1705/2649
f 2883/1704/2648 2884/1705/2649 2887/1708/2652
f 2884/1705/2649 2886/1707/2651 2888/1709/2653
f 2884/1705/2649 2888/1709/2653 2887/1708/2652
f 2879/1700/2644 2883/1704/2648 2889/1710/2654
f 2890/1711/2655 2879/1700/2644 2889/1710/2654
f 2883/1704/2648 2891/1712/2656 2889/1710/2654
f 2887/1708/2652 2888/1709/2653 2892/1713/2657
f 2893/1714/2658 2890/1711/2655 2889/1710/2654
f 2891/1712/2656 2894/1715/2659 2889/1710/2654
f 2894/1715/2659 2895/1716/2660 2889/1710/2654
f 2896/1717/2661 2893/1714/2658 2889/1710/2654
f 2895/1716/2660 2896/1717/2661 2889/1710/2654
f 2897/1713/2662 2898/1718/2663 2899/1709/2664
f 2899/1709/2664 2898/1718/2663 2900/1719/2665
f 2898/1718/2663 2901/1720/2666 2900/1719/2665
f 2899/1709/2664 2900/1719/2665 2902/1707/2667
f 2900/1719/2665 2901/1720/2666 2903/1721/2668
f 2902/1707/2667 2900/1719/2665 2904/1722/2669
f 2900/1719/2665 2903/1721/2668 2904/1722/2669
f 2901/1720/2666 2905/1700/2670 2903/1721/2668
f 2902/1707/2667 2904/1722/2669 2906/1706/2671
f 2903/1721/2668 2905/1700/2670 2907/1697/2672
f 2904/1722/2669 2903/1721/2668 2908/1723/2673
f 2903/1721/2668 2907/1697/2672 2908/1723/2673
f 2904/1722/2669 2908/1723/2673 2909/1724/2674
f 2906/1706/2671 2904/1722/2669 2909/1724/2674
f 2905/1700/2670 2910/1696/2675 2907/1697/2672
f 2907/1697/2672 2910/1696/2675 2911/1693/2676
f 2908/1723/2673 2907/1697/2672 2912/1692/2677
f 2907/1697/2672 2911/1693/2676 2912/1692/2677
f 2908/1723/2673 2912/1692/2677 2913/1725/2678
f 2909/1724/2674 2908/1723/2673 2913/1725/2678
f 2910/1696/2675 2914/1694/2679 2911/1693/2676
f 2911/1693/2676 2914/1694/2679 2915/1689/2680
f 2912/1692/2677 2911/1693/2676 2916/1688/2681
f 2911/1693/2676 2915/1689/2680 2916/1688/2681
f 2916/1688/2681 2917/1691/2682 2912/1692/2677
f 2913/1725/2678 2912/1692/2677 2918/1695/2683
f 2912/1692/2677 2917/1691/2682 2918/1695/2683
f 2914/1694/2679 2919/1726/2684 2915/1689/2680
f 2915/1689/2680 2919/1726/2684 2920/1727/2685
f 2916/1688/2681 2915/1689/2680 2921/1684/2686
f 2915/1689/2680 2920/1727/2685 2921/1684/2686
f 2921/1684/2686 2922/1687/2687 2916/1688/2681
f 2916/1688/2681 2922/1687/2687 2917/1691/2682
f 2919/1726/2684 2923/1728/2688 2920/1727/2685
f 2920/1727/2685 2923/1728/2688 2924/1729/2689
f 2921/1684/2686 2920/1727/2685 2925/1730/2690
f 2920/1727/2685 2924/1729/2689 2925/1730/2690
f 2925/1730/2690 2926/1731/2691 2921/1684/2686
f 2921/1684/2686 2926/1731/2691 2922/1687/2687
f 2925/1730/2690 2927/1732/2692 2926/1731/2691
f 2925/1730/2690 2924/1729/2689 2927/1732/2692
f 2923/1728/2688 2928/1683/2662 2924/1729/2689
f 2924/1729/2689 2928/1683/2662 2929/1680/2693
f 2924/1729/2689 2929/1680/2693 2927/1732/2692
f 2926/1731/2691 2927/1732/2692 2930/1733/2694
f 2927/1732/2692 2931/1677/2667 2930/1733/2694
f 2927/1732/2692 2929/1680/2693 2931/1677/2667
f 2930/1733/2694 2931/1677/2667 2932/1675/2671
f 2933/1734/2695 2934/1735/2696 2935/1736/2697
f 2935/1736/2697 2934/1735/2696 2936/1737/2698
f 2935/1736/2697 2936/1737/2698 2937/1738/2699
f 2937/1738/2699 2936/1737/2698 2938/1739/2700
f 2937/1738/2699 2938/1739/2700 2939/1740/2701
f 2939/1740/2701 2938/1739/2700 2940/1741/2702
f 2939/1740/2701 2940/1741/2702 2941/1742/2703
f 2941/1742/2703 2940/1741/2702 2942/1743/2704
f 2943/1744/2705 2941/1742/2703 2942/1743/2704
f 2944/1745/2687 2941/1742/2703 2943/1744/2705
f 2945/1746/2706 2944/1745/2687 2943/1744/2705
f 2946/1747/2682 2944/1745/2687 2945/1746/2706
f 2947/1748/2707 2946/1747/2682 2945/1746/2706
f 2948/1749/2708 2946/1747/2682 2947/1748/2707
f 2949/1750/2709 2948/1749/2708 2947/1748/2707
f 2950/1751/2710 2948/1749/2708 2949/1750/2709
f 2951/1752/2711 2952/1753/2712 2953/1754/2713
f 2953/1754/2713 2952/1753/2712 2954/1755/2714
f 2952/1753/2712 2955/1756/2715 2954/1755/2714
f 2956/1757/2716 2953/1754/2713 2954/1755/2714
f 2957/1758/2717 2953/1754/2713 2956/1757/2716
f 2954/1755/2714 2955/1756/2715 2958/1759/2718
f 2959/1760/2719 2954/1755/2714 2958/1759/2718
f 2956/1757/2716 2954/1755/2714 2959/1760/2719
f 2960/1761/2720 2957/1758/2717 2956/1757/2716
f 2956/1757/2716 2961/1762/2721 2960/1761/2720
f 2959/1760/2719 2961/1762/2721 2956/1757/2716
f 2962/1763/2722 2957/1758/2717 2960/1761/2720
f 2958/1759/2718 2955/1756/2715 2963/1764/2723
f 2964/1765/2724 2958/1759/2718 2963/1764/2723
f 2959/1760/2719 2958/1759/2718 2964/1765/2724
f 2964/1765/2724 2965/1766/2725 2959/1760/2719
f 2959/1760/2719 2965/1766/2725 2961/1762/2721
f 2963/1764/2723 2955/1756/2715 2966/1767/2726
f 2967/1768/2727 2960/1761/2720 2961/1762/2721
f 2961/1762/2721 2965/1766/2725 2967/1768/2727
f 2968/1769/2728 2962/1763/2722 2960/1761/2720
f 2968/1769/2728 2960/1761/2720 2967/1768/2727
f 2969/1770/2729 2962/1763/2722 2968/1769/2728
f 2966/1767/2726 2970/1771/2730 2963/1764/2723
f 2963/1764/2723 2971/1772/2731 2964/1765/2724
f 2963/1764/2723 2970/1771/2730 2971/1772/2731
f 2964/1765/2724 2971/1772/2731 2972/1773/2732
f 2973/1774/2733 2964/1765/2724 2972/1773/2732
f 2965/1766/2725 2964/1765/2724 2973/1774/2733
f 2967/1768/2727 2965/1766/2725 2974/1775/2734
f 2975/1776/2735 2965/1766/2725 2973/1774/2733
f 2974/1775/2734 2965/1766/2725 2975/1776/2735
f 2976/1777/2736 2968/1769/2728 2967/1768/2727
f 2967/1768/2727 2974/1775/2734 2976/1777/2736
f 2977/1778/2737 2969/1770/2729 2968/1769/2728
f 2977/1778/2737 2968/1769/2728 2976/1777/2736
f 2978/1779/2738 2969/1770/2729 2977/1778/2737
f 2976/1777/2736 2974/1775/2734 2979/1780/2739
f 2980/1781/2740 2974/1775/2734 2975/1776/2735
f 2979/1780/2739 2974/1775/2734 2980/1781/2740
f 2977/1778/2737 2976/1777/2736 2981/1782/2741
f 2976/1777/2736 2979/1780/2739 2982/1783/2742
f 2981/1782/2741 2976/1777/2736 2982/1783/2742
f 2978/1779/2738 2977/1778/2737 2983/1784/2743
f 2983/1784/2743 2977/1778/2737 2981/1782/2741
f 2982/1783/2742 2979/1780/2739 2984/1785/2744
f 2985/1786/2745 2979/1780/2739 2980/1781/2740
f 2984/1785/2744 2979/1780/2739 2985/1786/2745
f 2983/1784/2743 2981/1782/2741 2986/1787/2746
f 2981/1782/2741 2982/1783/2742 2987/1788/2747
f 2986/1787/2746 2981/1782/2741 2987/1788/2747
f 2987/1788/2747 2982/1783/2742 2988/1789/2748
f 2982/1783/2742 2984/1785/2744 2988/1789/2748
f 2988/1789/2748 2984/1785/2744 2989/1790/2749
f 2984/1785/2744 2985/1786/2745 2989/1790/2749
f 2989/1790/2749 2985/1786/2745 2990/1791/2750
f 2991/1792/2751 2988/1789/2748 2989/1790/2749
f 2989/1790/2749 2990/1791/2750 2991/1792/2751
f 2986/1787/2746 2987/1788/2747 2992/1793/2752
f 2992/1793/2752 2987/1788/2747 2993/1794/2712
f 2987/1788/2747 2988/1789/2748 2993/1794/2712
f 2993/1794/2712 2988/1789/2748 2994/1795/2753
f 2994/1795/2753 2988/1789/2748 2991/1792/2751
f 2991/1792/2751 2990/1791/2750 2995/1796/2754
f 2996/1797/2755 2997/1798/2756 2998/1799/2757
f 2998/1799/2757 2997/1798/2756 2999/1800/2758
f 2997/1798/2756 3000/1801/2759 2999/1800/2758
f 2998/1799/2757 2999/1800/2758 3001/1802/2760
f 2999/1800/2758 3000/1801/2759 3002/1803/2761
f 3001/1802/2760 2999/1800/2758 3003/1804/2762
f 2999/1800/2758 3002/1803/2761 3003/1804/2762
f 3004/1805/2763 3005/1806/2764 3006/1807/2765
f 3004/1805/2763 3007/1808/2766 3005/1806/2764
f 3005/1806/2764 3007/1808/2766 3008/1809/2767
f 3007/1808/2766 3009/1810/2768 3008/1809/2767
f 3006/1807/2765 3005/1806/2764 3010/1811/2769
f 3005/1806/2764 3008/1809/2767 3011/1812/2770
f 3012/1813/2771 3005/1806/2764 3011/1812/2770
f 3010/1811/2769 3005/1806/2764 3012/1813/2771
f 3008/1809/2767 3009/1810/2768 3013/1814/2772
f 3008/1809/2767 3013/1814/2772 3014/1815/2773
f 3011/1812/2770 3008/1809/2767 3014/1815/2773
f 3015/1816/2774 3006/1807/2765 3010/1811/2769
f 3016/1817/2775 3010/1811/2769 3012/1813/2771
f 3015/1816/2774 3010/1811/2769 3016/1817/2775
f 3017/1818/2776 3006/1807/2765 3015/1816/2774
f 3012/1813/2771 3011/1812/2770 3018/1819/2777
f 3012/1813/2771 3018/1819/2777 3016/1817/2775
f 3018/1819/2777 3011/1812/2770 3019/1820/2778
f 3011/1812/2770 3020/1821/2779 3019/1820/2778
f 3014/1815/2773 3020/1821/2779 3011/1812/2770
f 3009/1810/2768 3021/1822/2780 3013/1814/2772
f 3013/1814/2772 3021/1822/2780 3022/1823/2781
f 3014/1815/2773 3013/1814/2772 3022/1823/2781
f 3022/1823/2781 3023/1824/2782 3014/1815/2773
f 3014/1815/2773 3023/1824/2782 3020/1821/2779
f 3024/1825/2783 3017/1818/2776 3015/1816/2774
f 3025/1826/2784 3015/1816/2774 3016/1817/2775
f 3024/1825/2783 3015/1816/2774 3025/1826/2784
f 3016/1817/2775 3026/1827/2785 3025/1826/2784
f 3016/1817/2775 3018/1819/2777 3026/1827/2785
f 3020/1821/2779 3027/1828/2786 3019/1820/2778
f 3020/1821/2779 3023/1824/2782 3027/1828/2786
f 3019/1820/2778 3028/1829/2787 3018/1819/2777
f 3019/1820/2778 3027/1828/2786 3028/1829/2787
f 3018/1819/2777 3028/1829/2787 3029/1830/2788
f 3018/1819/2777 3029/1830/2788 3026/1827/2785
f 3022/1823/2781 3021/1822/2780 3030/1831/2789
f 3022/1823/2781 3030/1831/2789 3023/1824/2782
f 3023/1824/2782 3030/1831/2789 3031/1832/2790
f 3023/1824/2782 3031/1832/2790 3032/1833/2791
f 3027/1828/2786 3023/1824/2782 3032/1833/2791
f 3033/1834/2792 3024/1825/2783 3025/1826/2784
f 3025/1826/2784 3026/1827/2785 3034/1835/2793
f 3035/1836/2794 3025/1826/2784 3034/1835/2793
f 3033/1834/2792 3025/1826/2784 3035/1836/2794
f 3034/1835/2793 3026/1827/2785 3036/1837/2795
f 3026/1827/2785 3029/1830/2788 3037/1838/2796
f 3036/1837/2795 3026/1827/2785 3037/1838/2796
f 3035/1836/2794 3034/1835/2793 3038/1839/2797
f 3038/1839/2797 3034/1835/2793 3036/1837/2795
f 3030/1831/2789 3039/1840/2798 3031/1832/2790
f 3031/1832/2790 3039/1840/2798 3040/1841/2799
f 3000/1801/2759 3041/1842/2800 3002/1803/2761
f 3002/1803/2761 3041/1842/2800 3042/1843/2801
f 3003/1804/2762 3002/1803/2761 3043/1844/2802
f 3002/1803/2761 3042/1843/2801 3043/1844/2802
f 3043/1844/2802 3044/1845/2803 3003/1804/2762
f 3003/1804/2762 3045/1846/2804 3001/1802/2760
f 3003/1804/2762 3044/1845/2803 3045/1846/2804
f 3043/1844/2802 3042/1843/2801 3046/1847/2805
f 3043/1844/2802 3046/1847/2805 3044/1845/2803
f 3001/1802/2760 3045/1846/2804 3047/1848/2806
f 3041/1842/2800 3048/1849/2807 3042/1843/2801
f 3042/1843/2801 3049/1850/2808 3046/1847/2805
f 3048/1849/2807 3049/1850/2808 3042/1843/2801
f 3046/1847/2805 3049/1850/2808 3050/1851/2809
f 3044/1845/2803 3046/1847/2805 3050/1851/2809
f 3051/1852/2810 3048/1849/2807 3041/1842/2800
f 3050/1851/2809 3052/1853/2811 3044/1845/2803
f 3044/1845/2803 3053/1854/2812 3045/1846/2804
f 3044/1845/2803 3052/1853/2811 3053/1854/2812
f 3045/1846/2804 3053/1854/2812 3054/1855/2813
f 3045/1846/2804 3054/1855/2813 3047/1848/2806
f 3050/1851/2809 3049/1850/2808 3055/1856/2814
f 3050/1851/2809 3055/1856/2814 3052/1853/2811
f 3048/1849/2807 3056/1857/2815 3049/1850/2808
f 3049/1850/2808 3056/1857/2815 3055/1856/2814
f 3051/1852/2810 3057/1858/2816 3048/1849/2807
f 3057/1858/2816 3056/1857/2815 3048/1849/2807
f 3047/1848/2806 3054/1855/2813 3058/1859/2817
f 3059/1860/2818 3057/1858/2816 3051/1852/2810
f 3052/1853/2811 3055/1856/2814 3060/1861/2819
f 3055/1856/2814 3056/1857/2815 3061/1862/2820
f 3055/1856/2814 3061/1862/2820 3060/1861/2819
f 3057/1858/2816 3062/1863/2821 3056/1857/2815
f 3056/1857/2815 3062/1863/2821 3061/1862/2820
f 3059/1860/2818 3063/1864/2822 3057/1858/2816
f 3063/1864/2822 3062/1863/2821 3057/1858/2816
f 3064/1865/2823 3063/1864/2822 3059/1860/2818
f 3060/1861/2819 3061/1862/2820 3065/1866/2824
f 3061/1862/2820 3062/1863/2821 3066/1867/2825
f 3061/1862/2820 3066/1867/2825 3065/1866/2824
f 3063/1864/2822 3067/1868/2826 3062/1863/2821
f 3062/1863/2821 3067/1868/2826 3066/1867/2825
f 3064/1865/2823 3068/1869/2827 3063/1864/2822
f 3068/1869/2827 3067/1868/2826 3063/1864/2822
f 3069/1870/2828 3068/1869/2827 3064/1865/2823
f 3065/1866/2824 3066/1867/2825 3070/1871/2829
f 3066/1867/2825 3067/1868/2826 3071/1872/2830
f 3066/1867/2825 3071/1872/2830 3070/1871/2829
f 3068/1869/2827 3072/1873/2831 3067/1868/2826
f 3067/1868/2826 3073/1874/2832 3071/1872/2830
f 3072/1873/2831 3073/1874/2832 3067/1868/2826
f 3071/1872/2830 3073/1874/2832 3074/1875/2833
f 3070/1871/2829 3071/1872/2830 3074/1875/2833
f 3069/1870/2828 3075/1876/2834 3068/1869/2827
f 3076/1877/2835 3072/1873/2831 3068/1869/2827
f 3068/1869/2827 3075/1876/2834 3076/1877/2835
f 3072/1873/2831 3077/1878/2836 3073/1874/2832
f 3074/1875/2833 3073/1874/2832 3078/1879/2837
f 3073/1874/2832 3077/1878/2836 3078/1879/2837
f 3076/1877/2835 3079/1880/2838 3072/1873/2831
f 3080/1881/2839 3077/1878/2836 3072/1873/2831
f 3072/1873/2831 3079/1880/2838 3080/1881/2839
f 3075/1876/2834 3081/1882/2840 3076/1877/2835
f 3076/1877/2835 3081/1882/2840 3079/1880/2838
f 3080/1881/2839 3082/1883/2841 3077/1878/2836
f 3078/1879/2837 3077/1878/2836 3083/1884/2842
f 3077/1878/2836 3082/1883/2841 3083/1884/2842
f 3081/1882/2840 3084/1885/2843 3079/1880/2838
f 3079/1880/2838 3085/1886/2844 3080/1881/2839
f 3079/1880/2838 3084/1885/2843 3085/1886/2844
f 3080/1881/2839 3085/1886/2844 3086/1887/2845
f 3086/1887/2845 3082/1883/2841 3080/1881/2839
f 3086/1887/2845 3087/1888/2846 3082/1883/2841
f 3083/1884/2842 3082/1883/2841 3088/1889/2847
f 3082/1883/2841 3087/1888/2846 3088/1889/2847
f 3084/1885/2843 3089/1890/2848 3085/1886/2844
f 3085/1886/2844 3089/1890/2848 3090/1891/2849
f 3085/1886/2844 3090/1891/2849 3086/1887/2845
f 3086/1887/2845 3090/1891/2849 3091/1892/2850
f 3091/1892/2850 3087/1888/2846 3086/1887/2845
f 3091/1892/2850 3092/1893/2851 3087/1888/2846
f 3088/1889/2847 3087/1888/2846 3093/1894/2852
f 3087/1888/2846 3092/1893/2851 3093/1894/2852
f 3089/1890/2848 3094/1895/2853 3090/1891/2849
f 3090/1891/2849 3094/1895/2853 3095/1896/2854
f 3090/1891/2849 3095/1896/2854 3091/1892/2850
f 3091/1892/2850 3095/1896/2854 3096/1897/2855
f 3096/1897/2855 3092/1893/2851 3091/1892/2850
f 3093/1894/2852 3092/1893/2851 3097/1898/2856
f 3096/1897/2855 3098/1899/2857 3092/1893/2851
f 3092/1893/2851 3099/1900/2858 3097/1898/2856
f 3098/1899/2857 3099/1900/2858 3092/1893/2851
f 3094/1895/2853 3100/1901/2859 3095/1896/2854
f 3095/1896/2854 3100/1901/2859 3101/1902/2860
f 3095/1896/2854 3101/1902/2860 3096/1897/2855
f 3096/1897/2855 3101/1902/2860 3102/1903/2861
f 3102/1903/2861 3098/1899/2857 3096/1897/2855
f 3100/1901/2859 3103/1904/2862 3101/1902/2860
f 3101/1902/2860 3103/1904/2862 3102/1903/2861
f 3102/1903/2861 3103/1904/2862 3104/1905/2863
f 3102/1903/2861 3104/1905/2863 3098/1899/2857
f 3098/1899/2857 3104/1905/2863 3105/1906/2864
f 3098/1899/2857 3106/1907/2865 3099/1900/2858
f 3105/1906/2864 3106/1907/2865 3098/1899/2857
f 3107/1908/2866 3103/1904/2862 3100/1901/2859
f 3107/1908/2866 3108/1909/2867 3103/1904/2862
f 3103/1904/2862 3109/1910/2868 3104/1905/2863
f 3103/1904/2862 3108/1909/2867 3109/1910/2868
f 3104/1905/2863 3109/1910/2868 3110/1911/2869
f 3104/1905/2863 3110/1911/2869 3105/1906/2864
f 3105/1906/2864 3110/1911/2869 3111/1912/2870
f 3105/1906/2864 3112/1913/2871 3106/1907/2865
f 3111/1912/2870 3112/1913/2871 3105/1906/2864
f 3108/1909/2867 3113/1914/2872 3109/1910/2868
f 3109/1910/2868 3113/1914/2872 3114/1915/2873
f 3109/1910/2868 3114/1915/2873 3110/1911/2869
f 3110/1911/2869 3114/1915/2873 3115/1916/2874
f 3110/1911/2869 3115/1916/2874 3111/1912/2870
f 3111/1912/2870 3115/1916/2874 3116/1917/2875
f 3111/1912/2870 3117/1918/2817 3112/1913/2871
f 3116/1917/2875 3117/1918/2817 3111/1912/2870
f 3118/1797/2876 3119/1798/2877 3120/1799/2878
f 3120/1799/2878 3119/1798/2877 3121/1800/2879
f 3119/1798/2877 3122/1801/2759 3121/1800/2879
f 3120/1799/2878 3121/1800/2879 3123/1802/2880
f 3121/1800/2879 3122/1801/2759 3124/1803/2881
f 3123/1802/2880 3121/1800/2879 3125/1804/2882
f 3121/1800/2879 3124/1803/2881 3125/1804/2882
f 3122/1801/2759 3126/1842/2883 3124/1803/2881
f 3124/1803/2881 3126/1842/2883 3127/1843/2884
f 3125/1804/2882 3124/1803/2881 3128/1844/2885
f 3124/1803/2881 3127/1843/2884 3128/1844/2885
f 3128/1844/2885 3129/1845/2886 3125/1804/2882
f 3125/1804/2882 3130/1846/2887 3123/1802/2880
f 3125/1804/2882 3129/1845/2886 3130/1846/2887
f 3128/1844/2885 3127/1843/2884 3131/1847/2888
f 3128/1844/2885 3131/1847/2888 3129/1845/2886
f 3123/1802/2880 3130/1846/2887 3132/1848/2889
f 3126/1842/2883 3133/1849/2890 3127/1843/2884
f 3127/1843/2884 3134/1850/2891 3131/1847/2888
f 3133/1849/2890 3134/1850/2891 3127/1843/2884
f 3131/1847/2888 3134/1850/2891 3135/1851/2892
f 3129/1845/2886 3131/1847/2888 3135/1851/2892
f 3129/1845/2886 3135/1851/2892 3136/1854/2893
f 3129/1845/2886 3136/1854/2893 3130/1846/2887
f 3130/1846/2887 3136/1854/2893 3137/1855/2894
f 3130/1846/2887 3137/1855/2894 3132/1848/2889
f 3138/1852/2895 3133/1849/2890 3126/1842/2883
f 3132/1848/2889 3137/1855/2894 3139/1859/2896
f 3138/1852/2895 3140/1858/2897 3133/1849/2890
f 3133/1849/2890 3141/1857/2898 3134/1850/2891
f 3140/1858/2897 3141/1857/2898 3133/1849/2890
f 3134/1850/2891 3141/1857/2898 3142/1856/2899
f 3135/1851/2892 3134/1850/2891 3142/1856/2899
f 3135/1851/2892 3142/1856/2899 3143/1853/2900
f 3136/1854/2893 3135/1851/2892 3143/1853/2900
f 3144/1860/2901 3140/1858/2897 3138/1852/2895
f 3144/1860/2901 3145/1864/2902 3140/1858/2897
f 3140/1858/2897 3146/1863/2903 3141/1857/2898
f 3145/1864/2902 3146/1863/2903 3140/1858/2897
f 3141/1857/2898 3146/1863/2903 3147/1862/2904
f 3142/1856/2899 3141/1857/2898 3147/1862/2904
f 3142/1856/2899 3147/1862/2904 3148/1861/2905
f 3143/1853/2900 3142/1856/2899 3148/1861/2905
f 3149/1865/2906 3145/1864/2902 3144/1860/2901
f 3149/1865/2906 3150/1869/2907 3145/1864/2902
f 3145/1864/2902 3151/1868/2908 3146/1863/2903
f 3150/1869/2907 3151/1868/2908 3145/1864/2902
f 3146/1863/2903 3151/1868/2908 3152/1867/2909
f 3147/1862/2904 3146/1863/2903 3152/1867/2909
f 3147/1862/2904 3152/1867/2909 3153/1866/2910
f 3148/1861/2905 3147/1862/2904 3153/1866/2910
f 3154/1870/2911 3150/1869/2907 3149/1865/2906
f 3152/1867/2909 3151/1868/2908 3155/1872/2912
f 3152/1867/2909 3155/1872/2912 3156/1871/2913
f 3153/1866/2910 3152/1867/2909 3156/1871/2913
f 3150/1869/2907 3157/1873/2914 3151/1868/2908
f 3151/1868/2908 3158/1874/2915 3155/1872/2912
f 3157/1873/2914 3158/1874/2915 3151/1868/2908
f 3154/1870/2911 3159/1876/2916 3150/1869/2907
f 3160/1877/2917 3157/1873/2914 3150/1869/2907
f 3150/1869/2907 3159/1876/2916 3160/1877/2917
f 3155/1872/2912 3158/1874/2915 3161/1875/2918
f 3156/1871/2913 3155/1872/2912 3161/1875/2918
f 3157/1873/2914 3162/1878/2919 3158/1874/2915
f 3161/1875/2918 3158/1874/2915 3163/1879/2920
f 3158/1874/2915 3162/1878/2919 3163/1879/2920
f 3160/1877/2917 3164/1880/2921 3157/1873/2914
f 3165/1881/2922 3162/1878/2919 3157/1873/2914
f 3157/1873/2914 3164/1880/2921 3165/1881/2922
f 3159/1876/2916 3166/1882/2923 3160/1877/2917
f 3160/1877/2917 3166/1882/2923 3164/1880/2921
f 3165/1881/2922 3167/1883/2924 3162/1878/2919
f 3163/1879/2920 3162/1878/2919 3168/1884/2925
f 3162/1878/2919 3167/1883/2924 3168/1884/2925
f 3164/1880/2921 3169/1887/2926 3165/1881/2922
f 3169/1887/2926 3167/1883/2924 3165/1881/2922
f 3166/1882/2923 3170/1885/2927 3164/1880/2921
f 3171/1886/2928 3169/1887/2926 3164/1880/2921
f 3164/1880/2921 3170/1885/2927 3171/1886/2928
f 3168/1884/2925 3167/1883/2924 3172/1889/2929
f 3169/1887/2926 3173/1888/2930 3167/1883/2924
f 3167/1883/2924 3174/1894/2931 3172/1889/2929
f 3173/1888/2930 3174/1894/2931 3167/1883/2924
f 3171/1886/2928 3175/1892/2932 3169/1887/2926
f 3175/1892/2932 3173/1888/2930 3169/1887/2926
f 3175/1892/2932 3176/1893/2933 3173/1888/2930
f 3173/1888/2930 3176/1893/2933 3174/1894/2931
f 3170/1885/2927 3177/1890/2934 3171/1886/2928
f 3171/1886/2928 3177/1890/2934 3178/1891/2935
f 3178/1891/2935 3175/1892/2932 3171/1886/2928
f 3174/1894/2931 3176/1893/2933 3179/1898/2936
f 3178/1891/2935 3180/1896/2937 3175/1892/2932
f 3181/1897/2938 3176/1893/2933 3175/1892/2932
f 3175/1892/2932 3180/1896/2937 3181/1897/2938
f 3177/1890/2934 3182/1895/2939 3178/1891/2935
f 3178/1891/2935 3182/1895/2939 3180/1896/2937
f 3181/1897/2938 3183/1899/2940 3176/1893/2933
f 3176/1893/2933 3184/1900/2941 3179/1898/2936
f 3183/1899/2940 3184/1900/2941 3176/1893/2933
f 3182/1895/2939 3185/1901/2859 3180/1896/2937
f 3180/1896/2937 3186/1902/2942 3181/1897/2938
f 3180/1896/2937 3185/1901/2859 3186/1902/2942
f 3181/1897/2938 3186/1902/2942 3187/1903/2943
f 3187/1903/2943 3183/1899/2940 3181/1897/2938
f 3185/1901/2859 3188/1904/2944 3186/1902/2942
f 3186/1902/2942 3188/1904/2944 3187/1903/2943
f 3187/1903/2943 3188/1904/2944 3189/1905/2945
f 3187/1903/2943 3189/1905/2945 3183/1899/2940
f 3183/1899/2940 3189/1905/2945 3190/1906/2946
f 3183/1899/2940 3191/1907/2947 3184/1900/2941
f 3190/1906/2946 3191/1907/2947 3183/1899/2940
f 3192/1908/2948 3188/1904/2944 3185/1901/2859
f 3192/1908/2948 3193/1909/2949 3188/1904/2944
f 3188/1904/2944 3194/1910/2950 3189/1905/2945
f 3188/1904/2944 3193/1909/2949 3194/1910/2950
f 3189/1905/2945 3194/1910/2950 3195/1911/2951
f 3189/1905/2945 3195/1911/2951 3190/1906/2946
f 3193/1909/2949 3196/1915/2952 3194/1910/2950
f 3194/1910/2950 3196/1915/2952 3195/1911/2951
f 3190/1906/2946 3195/1911/2951 3197/1912/2953
f 3190/1906/2946 3198/1913/2954 3191/1907/2947
f 3197/1912/2953 3198/1913/2954 3190/1906/2946
f 3195/1911/2951 3196/1915/2952 3199/1916/2955
f 3195/1911/2951 3199/1916/2955 3197/1912/2953
f 3200/1914/2956 3196/1915/2952 3193/1909/2949
f 3197/1912/2953 3199/1916/2955 3201/1917/2957
f 3197/1912/2953 3202/1918/2896 3198/1913/2954
f 3201/1917/2957 3202/1918/2896 3197/1912/2953
f 3203/1919/2958 3204/1920/2959 3205/1921/2960
f 3204/1920/2959 3206/1922/2961 3205/1921/2960
f 3206/1922/2961 3207/1923/2962 3205/1921/2960
f 3207/1923/2962 3208/1924/2963 3205/1921/2960
f 3208/1924/2963 3209/1925/2964 3205/1921/2960
f 3209/1925/2964 3210/1926/2958 3205/1921/2960
f 3211/1927/2965 3212/1928/2966 3213/1929/2967
f 3032/1833/2791 3031/1832/2790 3040/1841/2799
f 3214/1930/2968 3033/1834/2792 3035/1836/2794
f 3215/1931/2969 3035/1836/2794 3038/1839/2797
f 3214/1930/2968 3035/1836/2794 3215/1931/2969
f 3040/1841/2799 3039/1840/2798 3216/1932/2970
f 3217/1933/2971 3033/1834/2792 3214/1930/2968
f 3218/1934/2972 3217/1933/2971 3214/1930/2968
f 3214/1930/2968 3215/1931/2969 3218/1934/2972
f 3218/1934/2972 3215/1931/2969 3219/1935/2973
f 3039/1840/2798 3220/1936/2974 3216/1932/2970
f 3216/1932/2970 3220/1936/2974 3221/1937/2975
f 3039/1840/2798 3222/1938/2976 3220/1936/2974
f 3223/1939/2977 3222/1938/2976 3039/1840/2798
f 3223/1939/2977 3039/1840/2798 3030/1831/2789
f 3222/1938/2976 3224/1940/2978 3220/1936/2974
f 3220/1936/2974 3225/1941/2979 3221/1937/2975
f 3220/1936/2974 3224/1940/2978 3225/1941/2979
f 3221/1937/2975 3225/1941/2979 3226/1942/2980
f 3223/1939/2977 3227/1943/2981 3222/1938/2976
f 3222/1938/2976 3228/1944/2982 3224/1940/2978
f 3227/1943/2981 3228/1944/2982 3222/1938/2976
f 3021/1822/2780 3223/1939/2977 3030/1831/2789
f 3229/1945/2983 3223/1939/2977 3021/1822/2780
f 3229/1945/2983 3227/1943/2981 3223/1939/2977
f 3228/1944/2982 3230/1946/2984 3224/1940/2978
f 3224/1940/2978 3231/1947/2985 3225/1941/2979
f 3224/1940/2978 3230/1946/2984 3231/1947/2985
f 3225/1941/2979 3231/1947/2985 3232/1948/2986
f 3225/1941/2979 3233/1949/2987 3226/1942/2980
f 3232/1948/2986 3233/1949/2987 3225/1941/2979
f 3021/1822/2780 3234/1950/2988 3229/1945/2983
f 3234/1950/2988 3227/1943/2981 3229/1945/2983
f 3235/1951/2989 3227/1943/2981 3234/1950/2988
f 3235/1951/2989 3228/1944/2982 3227/1943/2981
f 3236/1952/2990 3228/1944/2982 3235/1951/2989
f 3236/1952/2990 3230/1946/2984 3228/1944/2982
f 3237/1953/2991 3230/1946/2984 3236/1952/2990
f 3230/1946/2984 3238/1954/2992 3231/1947/2985
f 3237/1953/2991 3238/1954/2992 3230/1946/2984
f 3231/1947/2985 3238/1954/2992 3239/1955/2993
f 3231/1947/2985 3239/1955/2993 3232/1948/2986
f 3232/1948/2986 3239/1955/2993 3240/1956/2994
f 3232/1948/2986 3241/1957/2995 3233/1949/2987
f 3240/1956/2994 3241/1957/2995 3232/1948/2986
f 3242/1958/2996 3234/1950/2988 3021/1822/2780
f 3243/1959/2997 3238/1954/2992 3237/1953/2991
f 3243/1959/2997 3244/1960/2998 3238/1954/2992
f 3238/1954/2992 3244/1960/2998 3239/1955/2993
f 3239/1955/2993 3244/1960/2998 3245/1961/2999
f 3239/1955/2993 3245/1961/2999 3240/1956/2994
f 3240/1956/2994 3245/1961/2999 3246/1962/3000
f 3240/1956/2994 3246/1962/3000 3241/1957/2995
f 3241/1957/2995 3246/1962/3000 3247/1963/3001
f 3248/1964/3002 3244/1960/2998 3243/1959/2997
f 3248/1964/3002 3249/1965/3003 3244/1960/2998
f 3244/1960/2998 3250/1966/3004 3245/1961/2999
f 3244/1960/2998 3249/1965/3003 3250/1966/3004
f 3245/1961/2999 3250/1966/3004 3251/1967/3005
f 3245/1961/2999 3218/1934/2972 3246/1962/3000
f 3251/1967/3005 3218/1934/2972 3245/1961/2999
f 3218/1934/2972 3219/1935/2973 3246/1962/3000
f 3246/1962/3000 3219/1935/2973 3247/1963/3001
f 3250/1966/3004 3217/1933/2971 3251/1967/3005
f 3251/1967/3005 3217/1933/2971 3218/1934/2972
f 3249/1965/3003 3252/1968/3006 3250/1966/3004
f 3250/1966/3004 3252/1968/3006 3253/1969/3007
f 3253/1969/3007 3217/1933/2971 3250/1966/3004
f 3252/1968/3006 3254/1970/3008 3253/1969/3007
f 3253/1969/3007 3254/1970/3008 3217/1933/2971
f 3217/1933/2971 3254/1970/3008 3033/1834/2792
f 3255/1971/3009 3254/1970/3008 3252/1968/3006
f 3255/1971/3009 3024/1825/2783 3254/1970/3008
f 3254/1970/3008 3024/1825/2783 3033/1834/2792
f 3256/1972/3010 3024/1825/2783 3255/1971/3009
f 3256/1972/3010 3017/1818/2776 3024/1825/2783
f 3242/1958/2996 3021/1822/2780 3009/1810/2768
f 3213/1929/2967 3212/1928/2966 3257/1973/3011
f 3212/1928/2966 3258/1974/3012 3257/1973/3011
f 3213/1929/2967 3257/1973/3011 3259/1975/3013
f 3257/1973/3011 3258/1974/3012 3260/1976/3014
f 3257/1973/3011 3260/1976/3014 3261/1977/3015
f 3259/1975/3013 3257/1973/3011 3261/1977/3015
f 3258/1974/3012 3262/1978/2958 3260/1976/3014
f 3259/1975/3013 3261/1977/3015 3263/1979/3016
f 3261/1977/3015 3260/1976/3014 3264/1980/3017
f 3260/1976/3014 3265/1981/3018 3264/1980/3017
f 3260/1976/3014 3262/1978/2958 3265/1981/3018
f 3261/1977/3015 3264/1980/3017 3266/1982/3019
f 3263/1979/3016 3261/1977/3015 3266/1982/3019
f 3266/1982/3019 3264/1980/3017 3267/1983/3020
f 3264/1980/3017 3268/1984/3021 3267/1983/3020
f 3264/1980/3017 3265/1981/3018 3268/1984/3021
f 3267/1983/3020 3269/1985/3022 3266/1982/3019
f 3266/1982/3019 3270/1986/3023 3263/1979/3016
f 3266/1982/3019 3269/1985/3022 3270/1986/3023
f 3263/1979/3016 3270/1986/3023 3271/1987/3024
f 3267/1983/3020 3268/1984/3021 3272/1988/3025
f 3273/1989/3026 3267/1983/3020 3272/1988/3025
f 3269/1985/3022 3267/1983/3020 3273/1989/3026
f 3274/1990/3027 3270/1986/3023 3269/1985/3022
f 3275/1991/3028 3269/1985/3022 3273/1989/3026
f 3274/1990/3027 3269/1985/3022 3275/1991/3028
f 3276/1992/3029 3270/1986/3023 3274/1990/3027
f 3276/1992/3029 3271/1987/3024 3270/1986/3023
f 3277/1993/3030 3271/1987/3024 3276/1992/3029
f 3278/1994/3031 3276/1992/3029 3274/1990/3027
f 3279/1995/3032 3274/1990/3027 3275/1991/3028
f 3278/1994/3031 3274/1990/3027 3279/1995/3032
f 3280/1996/3033 3276/1992/3029 3278/1994/3031
f 3280/1996/3033 3277/1993/3030 3276/1992/3029
f 3281/1997/2965 3277/1993/3030 3280/1996/3033
f 3282/1919/3034 3283/1920/3035 3284/1921/3036
f 3283/1920/3035 3285/1922/3037 3284/1921/3036
f 3285/1922/3037 3286/1923/3038 3284/1921/3036
f 3286/1923/3038 3287/1924/3039 3284/1921/3036
f 3287/1924/3039 3288/1925/3040 3284/1921/3036
f 3288/1925/3040 3289/1926/3034 3284/1921/3036
f 3290/1927/3041 3291/1928/3042 3292/1929/3043
f 3292/1929/3043 3291/1928/3042 3293/1973/3044
f 3291/1928/3042 3294/1974/3045 3293/1973/3044
f 3292/1929/3043 3293/1973/3044 3295/1975/3046
f 3293/1973/3044 3294/1974/3045 3296/1976/3047
f 3293/1973/3044 3296/1976/3047 3297/1977/3048
f 3295/1975/3046 3293/1973/3044 3297/1977/3048
f 3294/1974/3045 3298/1978/3049 3296/1976/3047
f 3295/1975/3046 3297/1977/3048 3299/1979/3050
f 3297/1977/3048 3296/1976/3047 3300/1980/3051
f 3296/1976/3047 3301/1981/3052 3300/1980/3051
f 3296/1976/3047 3298/1978/3049 3301/1981/3052
f 3297/1977/3048 3300/1980/3051 3302/1982/3053
f 3299/1979/3050 3297/1977/3048 3302/1982/3053
f 3302/1982/3053 3300/1980/3051 3303/1983/3054
f 3300/1980/3051 3304/1984/3055 3303/1983/3054
f 3300/1980/3051 3301/1981/3052 3304/1984/3055
f 3303/1983/3054 3305/1985/3056 3302/1982/3053
f 3302/1982/3053 3306/1986/3057 3299/1979/3050
f 3302/1982/3053 3305/1985/3056 3306/1986/3057
f 3299/1979/3050 3306/1986/3057 3307/1987/3058
f 3303/1983/3054 3304/1984/3055 3308/1988/3059
f 3309/1989/3060 3303/1983/3054 3308/1988/3059
f 3305/1985/3056 3303/1983/3054 3309/1989/3060
f 3310/1990/3061 3306/1986/3057 3305/1985/3056
f 3311/1991/3062 3305/1985/3056 3309/1989/3060
f 3310/1990/3061 3305/1985/3056 3311/1991/3062
f 3312/1992/3063 3306/1986/3057 3310/1990/3061
f 3312/1992/3063 3307/1987/3058 3306/1986/3057
f 3313/1993/3064 3307/1987/3058 3312/1992/3063
f 3314/1994/3045 3312/1992/3063 3310/1990/3061
f 3315/1995/3065 3310/1990/3061 3311/1991/3062
f 3314/1994/3045 3310/1990/3061 3315/1995/3065
f 3316/1996/3066 3312/1992/3063 3314/1994/3045
f 3316/1996/3066 3313/1993/3064 3312/1992/3063
f 3317/1997/3041 3313/1993/3064 3316/1996/3066
f 3318/1717/3067 3319/1714/3068 3320/1710/3069
f 3321/1716/3070 3318/1717/3067 3320/1710/3069
f 3319/1714/3068 3322/1711/3071 3320/1710/3069
f 3323/1715/3072 3321/1716/3070 3320/1710/3069
f 3322/1711/3071 3324/1700/3073 3320/1710/3069
f 3325/1712/3074 3323/1715/3072 3320/1710/3069
f 3324/1700/3073 3326/1704/3075 3320/1710/3069
f 3326/1704/3075 3325/1712/3074 3320/1710/3069
f 3327/1998/3076 3328/1999/3077 3329/2000/3078
f 3327/1998/3076 3330/2001/3079 3328/1999/3077
f 3327/1998/3076 3329/2000/3078 3331/2002/3080
f 3327/1998/3076 3332/2003/3081 3330/2001/3079
f 3327/1998/3076 3331/2002/3080 3333/2004/3082
f 3327/1998/3076 3334/2005/3083 3332/2003/3081
f 3327/1998/3076 3333/2004/3082 3335/2006/3084
f 3327/1998/3076 3336/2007/3085 3334/2005/3083
f 3336/2007/3085 3327/1998/3076 3337/2008/3086
f 3327/1998/3076 3335/2006/3084 3338/2009/3087
f 3327/1998/3076 3338/2009/3087 3339/2010/3088
f 3327/1998/3076 3339/2010/3088 3337/2008/3086
f 3340/2011/3089 3341/2012/3090 3342/2013/3091
f 3340/2011/3089 3343/2014/3092 3341/2012/3090
f 3342/2013/3091 3341/2012/3090 3344/2015/3093
f 3345/2016/3094 3344/2015/3093 3341/2012/3090
f 3341/2012/3090 3343/2014/3092 3346/2017/3095
f 3345/2016/3094 3341/2012/3090 3346/2017/3095
f 3342/2013/3091 3344/2015/3093 3347/2018/3096
f 3345/2016/3094 3348/2019/3097 3344/2015/3093
f 3347/2018/3096 3344/2015/3093 3348/2019/3097
f 3343/2014/3092 3349/2020/3098 3346/2017/3095
f 3345/2016/3094 3346/2017/3095 3350/2021/3099
f 3346/2017/3095 3349/2020/3098 3350/2021/3099
f 3347/2018/3096 3348/2019/3097 3351/2022/3100
f 3345/2016/3094 3352/2023/3101 3348/2019/3097
f 3351/2022/3100 3348/2019/3097 3352/2023/3101
f 3345/2016/3094 3353/2024/3102 3352/2023/3101
f 3353/2024/3102 3351/2022/3100 3352/2023/3101
f 3349/2020/3098 3354/2025/3103 3350/2021/3099
f 3345/2016/3094 3350/2021/3099 3355/2026/3104
f 3350/2021/3099 3354/2025/3103 3355/2026/3104
f 3356/2027/3105 3351/2022/3100 3353/2024/3102
f 3345/2016/3094 3357/2028/3106 3353/2024/3102
f 3358/2029/3107 3353/2024/3102 3357/2028/3106
f 3356/2027/3105 3353/2024/3102 3358/2029/3107
f 3354/2025/3103 3359/2030/3108 3355/2026/3104
f 3358/2029/3107 3357/2028/3106 3360/2031/3109
f 3355/2026/3104 3359/2030/3108 3361/2032/3110
f 3345/2016/3094 3355/2026/3104 3361/2032/3110
f 3345/2016/3094 3362/2033/3111 3357/2028/3106
f 3360/2031/3109 3357/2028/3106 3362/2033/3111
f 3345/2016/3094 3361/2032/3110 3363/2034/3112
f 3359/2030/3108 3363/2034/3112 3361/2032/3110
f 3345/2016/3094 3363/2034/3112 3362/2033/3111
f 3360/2031/3109 3362/2033/3111 3364/2035/3113
f 3364/2035/3113 3362/2033/3111 3363/2034/3112
f 3364/2035/3113 3363/2034/3112 3359/2030/3108
f 3365/2036/3114 3366/2037/3115 3367/2038/3116
f 3366/2037/3115 3365/2036/3114 3368/2039/3117
f 3367/2038/3116 3366/2037/3115 3369/2040/3118
f 3370/2041/3119 3366/2037/3115 3368/2039/3117
f 3366/2037/3115 3370/2041/3119 3369/2040/3118
f 3369/2040/3118 3370/2041/3119 3371/2042/3120
f 3367/2038/3116 3369/2040/3118 3372/2043/3121
f 3369/2040/3118 3371/2042/3120 3373/2044/3122
f 3372/2043/3121 3369/2040/3118 3373/2044/3122
f 3374/2045/3123 3367/2038/3116 3372/2043/3121
f 3372/2043/3121 3373/2044/3122 3375/2046/3124
f 3376/2047/3125 3372/2043/3121 3375/2046/3124
f 3374/2045/3123 3372/2043/3121 3376/2047/3125
f 3377/2048/3126 3367/2038/3116 3374/2045/3123
f 3377/2048/3126 3378/2049/3127 3367/2038/3116
f 3373/2044/3122 3371/2042/3120 3379/2050/3128
f 3373/2044/3122 3379/2050/3128 3380/2051/3129
f 3375/2046/3124 3373/2044/3122 3380/2051/3129
f 3375/2046/3124 3380/2051/3129 3381/2052/3130
f 3376/2047/3125 3375/2046/3124 3381/2052/3130
f 3382/2053/3131 3374/2045/3123 3376/2047/3125
f 3382/2053/3131 3376/2047/3125 3381/2052/3130
f 3383/2054/3132 3377/2048/3126 3374/2045/3123
f 3383/2054/3132 3374/2045/3123 3382/2053/3131
f 3380/2051/3129 3379/2050/3128 3384/2055/3133
f 3380/2051/3129 3384/2055/3133 3381/2052/3130
f 3385/2056/3134 3378/2049/3127 3377/2048/3126
f 3386/2057/3135 3385/2056/3134 3377/2048/3126
f 3386/2057/3135 3377/2048/3126 3383/2054/3132
f 3387/2058/3136 3383/2054/3132 3382/2053/3131
f 3387/2058/3136 3382/2053/3131 3381/2052/3130
f 3388/2059/3137 3386/2057/3135 3383/2054/3132
f 3388/2059/3137 3383/2054/3132 3387/2058/3136
f 3378/2049/3127 3385/2056/3134 3389/2060/3138
f 3390/2061/3139 3385/2056/3134 3386/2057/3135
f 3385/2056/3134 3390/2061/3139 3389/2060/3138
f 3384/2055/3133 3391/2062/3140 3381/2052/3130
f 3392/2063/3141 3387/2058/3136 3381/2052/3130
f 3391/2062/3140 3392/2063/3141 3381/2052/3130
f 3392/2063/3141 3388/2059/3137 3387/2058/3136
f 3379/2050/3128 3393/2064/3142 3384/2055/3133
f 3384/2055/3133 3393/2064/3142 3391/2062/3140
f 3393/2064/3142 3394/2065/3143 3391/2062/3140
f 3391/2062/3140 3394/2065/3143 3392/2063/3141
f 3394/2065/3143 3388/2059/3137 3392/2063/3141
f 3394/2065/3143 3395/2066/3144 3388/2059/3137
f 3395/2066/3144 3386/2057/3135 3388/2059/3137
f 3395/2066/3144 3396/2067/3145 3386/2057/3135
f 3393/2064/3142 3397/2068/3146 3394/2065/3143
f 3397/2068/3146 3395/2066/3144 3394/2065/3143
f 3397/2068/3146 3398/2069/3147 3395/2066/3144
f 3398/2069/3147 3396/2067/3145 3395/2066/3144
f 3396/2067/3145 3398/2069/3147 3399/2070/3148
f 3400/2071/3149 3398/2069/3147 3397/2068/3146
f 3398/2069/3147 3400/2071/3149 3399/2070/3148
f 3401/2072/3150 3397/2068/3146 3393/2064/3142
f 3379/2050/3128 3401/2072/3150 3393/2064/3142
f 3401/2072/3150 3402/2073/3151 3397/2068/3146
f 3403/2074/3152 3402/2073/3151 3401/2072/3150
f 3371/2042/3120 3403/2074/3152 3401/2072/3150
f 3371/2042/3120 3401/2072/3150 3379/2050/3128
f 3402/2073/3151 3403/2074/3152 3404/2075/3153
f 3405/2076/3154 3403/2074/3152 3371/2042/3120
f 3403/2074/3152 3405/2076/3154 3404/2075/3153
f 3406/2036/3155 3407/2037/3156 3408/2038/3157
f 3407/2037/3156 3406/2036/3155 3409/2039/3158
f 3408/2038/3157 3407/2037/3156 3410/2040/3159
f 3411/2041/3160 3407/2037/3156 3409/2039/3158
f 3407/2037/3156 3411/2041/3160 3410/2040/3159
f 3410/2040/3159 3411/2041/3160 3412/2042/3161
f 3408/2038/3157 3410/2040/3159 3413/2043/3162
f 3410/2040/3159 3412/2042/3161 3414/2044/3163
f 3413/2043/3162 3410/2040/3159 3414/2044/3163
f 3415/2045/3164 3408/2038/3157 3413/2043/3162
f 3413/2043/3162 3414/2044/3163 3416/2046/3165
f 3417/2047/3166 3413/2043/3162 3416/2046/3165
f 3415/2045/3164 3413/2043/3162 3417/2047/3166
f 3418/2048/3167 3408/2038/3157 3415/2045/3164
f 3418/2048/3167 3419/2049/3168 3408/2038/3157
f 3414/2044/3163 3412/2042/3161 3420/2050/3169
f 3414/2044/3163 3420/2050/3169 3421/2051/3170
f 3416/2046/3165 3414/2044/3163 3421/2051/3170
f 3416/2046/3165 3421/2051/3170 3422/2052/3171
f 3417/2047/3166 3416/2046/3165 3422/2052/3171
f 3423/2053/3172 3415/2045/3164 3417/2047/3166
f 3423/2053/3172 3417/2047/3166 3422/2052/3171
f 3424/2054/3173 3418/2048/3167 3415/2045/3164
f 3424/2054/3173 3415/2045/3164 3423/2053/3172
f 3421/2051/3170 3420/2050/3169 3425/2055/3174
f 3421/2051/3170 3425/2055/3174 3422/2052/3171
f 3426/2056/3175 3419/2049/3168 3418/2048/3167
f 3427/2057/3176 3426/2056/3175 3418/2048/3167
f 3427/2057/3176 3418/2048/3167 3424/2054/3173
f 3428/2058/3177 3424/2054/3173 3423/2053/3172
f 3428/2058/3177 3423/2053/3172 3422/2052/3171
f 3429/2059/3178 3427/2057/3176 3424/2054/3173
f 3430/1909/3179 3431/2077/3180 3432/1914/3181
f 3433/2078/3182 3431/2077/3180 3430/1909/3179
f 3434/1908/3183 3433/2078/3182 3430/1909/3179
f 3435/2079/3184 3433/2078/3182 3434/1908/3183
f 3435/2079/3184 3436/2080/3185 3433/2078/3182
f 3436/2080/3185 3431/2077/3180 3433/2078/3182
f 3437/2081/3186 3431/2077/3180 3436/2080/3185
f 3438/1901/3187 3435/2079/3184 3434/1908/3183
f 3439/2082/3188 3435/2079/3184 3438/1901/3187
f 3439/2082/3188 3440/2083/3189 3435/2079/3184
f 3440/2083/3189 3436/2080/3185 3435/2079/3184
f 3437/2081/3186 3436/2080/3185 3441/2084/3190
f 3441/2084/3190 3436/2080/3185 3442/2085/3190
f 3436/2080/3185 3443/2086/3191 3442/2085/3190
f 3440/2083/3189 3443/2086/3191 3436/2080/3185
f 3444/1895/3192 3439/2082/3188 3438/1901/3187
f 3445/2087/3193 3439/2082/3188 3444/1895/3192
f 3445/2087/3193 3446/2088/3194 3439/2082/3188
f 3446/2088/3194 3440/2083/3189 3439/2082/3188
f 3446/2088/3194 3447/2089/3195 3440/2083/3189
f 3440/2083/3189 3447/2089/3195 3443/2086/3191
f 3445/2087/3193 3444/1895/3192 3448/2090/3196
f 3448/2090/3196 3449/2091/3197 3445/2087/3193
f 3449/2091/3197 3446/2088/3194 3445/2087/3193
f 3449/2091/3197 3450/2092/3198 3446/2088/3194
f 3446/2088/3194 3450/2092/3198 3447/2089/3195
f 3448/2090/3196 3444/1895/3192 3451/1890/3199
f 3452/2093/3200 3449/2091/3197 3448/2090/3196
f 3449/2091/3197 3453/2094/3190 3450/2092/3198
f 3452/2093/3200 3453/2094/3190 3449/2091/3197
f 3454/1885/3201 3448/2090/3196 3451/1890/3199
f 3455/2095/3202 3448/2090/3196 3454/1885/3201
f 3455/2095/3202 3452/2093/3200 3448/2090/3196
f 3456/2096/3203 3452/2093/3200 3455/2095/3202
f 3452/2093/3200 3456/2096/3203 3453/2094/3190
f 3453/2094/3190 3456/2096/3203 3457/2097/3190
f 3456/2096/3203 3455/2095/3202 3458/2098/3204
f 3456/2096/3203 3458/2098/3204 3457/2097/3190
f 3459/1882/3205 3455/2095/3202 3454/1885/3201
f 3460/2099/3206 3455/2095/3202 3459/1882/3205
f 3458/2098/3204 3455/2095/3202 3460/2099/3206
f 3457/2097/3190 3458/2098/3204 3461/2100/3207
f 3458/2098/3204 3460/2099/3206 3462/2101/3208
f 3458/2098/3204 3462/2101/3208 3461/2100/3207
f 3460/2099/3206 3459/1882/3205 3463/2102/3209
f 3462/2101/3208 3460/2099/3206 3463/2102/3209
f 3463/2102/3209 3459/1882/3205 3464/1876/3210
f 3461/2100/3207 3462/2101/3208 3465/2103/3211
f 3462/2101/3208 3463/2102/3209 3466/2104/3212
f 3462/2101/3208 3466/2104/3212 3465/2103/3211
f 3463/2102/3209 3464/1876/3210 3467/2105/3213
f 3466/2104/3212 3463/2102/3209 3467/2105/3213
f 3467/2105/3213 3464/1876/3210 3468/1870/3214
f 3465/2103/3211 3466/2104/3212 3469/2106/3215
f 3466/2104/3212 3467/2105/3213 3470/2107/3216
f 3466/2104/3212 3471/2108/3190 3469/2106/3215
f 3470/2107/3216 3471/2108/3190 3466/2104/3212
f 3472/1865/3217 3467/2105/3213 3468/1870/3214
f 3473/2109/3218 3467/2105/3213 3472/1865/3217
f 3470/2107/3216 3467/2105/3213 3473/2109/3218
f 3470/2107/3216 3473/2109/3218 3474/2110/3219
f 3470/2107/3216 3475/2111/3190 3471/2108/3190
f 3474/2110/3219 3475/2111/3190 3470/2107/3216
f 3473/2109/3218 3472/1865/3217 3476/2112/3220
f 3474/2110/3219 3473/2109/3218 3476/2112/3220
f 3476/2112/3220 3472/1865/3217 3477/1860/3221
f 3474/2110/3219 3476/2112/3220 3478/2113/3222
f 3474/2110/3219 3479/2114/3190 3475/2111/3190
f 3478/2113/3222 3479/2114/3190 3474/2110/3219
f 3429/2059/3178 3424/2054/3173 3428/2058/3177
f 3419/2049/3168 3426/2056/3175 3480/2060/3223
f 3481/2061/3224 3426/2056/3175 3427/2057/3176
f 3426/2056/3175 3481/2061/3224 3480/2060/3223
f 3425/2055/3174 3482/2062/3225 3422/2052/3171
f 3483/2063/3226 3428/2058/3177 3422/2052/3171
f 3482/2062/3225 3483/2063/3226 3422/2052/3171
f 3483/2063/3226 3429/2059/3178 3428/2058/3177
f 3420/2050/3169 3484/2064/3227 3425/2055/3174
f 3425/2055/3174 3484/2064/3227 3482/2062/3225
f 3484/2064/3227 3485/2065/3228 3482/2062/3225
f 3482/2062/3225 3485/2065/3228 3483/2063/3226
f 3485/2065/3228 3429/2059/3178 3483/2063/3226
f 3485/2065/3228 3486/2066/3229 3429/2059/3178
f 3486/2066/3229 3427/2057/3176 3429/2059/3178
f 3486/2066/3229 3487/2067/3230 3427/2057/3176
f 3484/2064/3227 3488/2068/3231 3485/2065/3228
f 3488/2068/3231 3486/2066/3229 3485/2065/3228
f 3488/2068/3231 3489/2069/3232 3486/2066/3229
f 3489/2069/3232 3487/2067/3230 3486/2066/3229
f 3487/2067/3230 3489/2069/3232 3490/2070/3233
f 3491/2071/3234 3489/2069/3232 3488/2068/3231
f 3489/2069/3232 3491/2071/3234 3490/2070/3233
f 3492/2072/3235 3488/2068/3231 3484/2064/3227
f 3420/2050/3169 3492/2072/3235 3484/2064/3227
f 3492/2072/3235 3493/2073/3236 3488/2068/3231
f 3494/2074/3237 3493/2073/3236 3492/2072/3235
f 3412/2042/3161 3494/2074/3237 3492/2072/3235
f 3412/2042/3161 3492/2072/3235 3420/2050/3169
f 3493/2073/3236 3494/2074/3237 3495/2075/3238
f 3496/2076/3239 3494/2074/3237 3412/2042/3161
f 3494/2074/3237 3496/2076/3239 3495/2075/3238
f 3497/1717/3240 3498/1714/3241 3499/1710/3242
f 3500/1716/3243 3497/1717/3240 3499/1710/3242
f 3498/1714/3241 3501/1711/3244 3499/1710/3242
f 3502/1715/3245 3500/1716/3243 3499/1710/3242
f 3501/1711/3244 3503/1700/3246 3499/1710/3242
f 3504/1712/3247 3502/1715/3245 3499/1710/3242
f 3503/1700/3246 3505/1704/3248 3499/1710/3242
f 3505/1704/3248 3504/1712/3247 3499/1710/3242
f 3506/2115/3249 3507/2116/3250 3508/2117/3251
f 3506/2115/3249 3509/2118/3252 3507/2116/3250
f 3508/2117/3251 3507/2116/3250 3510/2119/3253
f 3511/2120/3254 3508/2117/3251 3510/2119/3253
f 3512/2121/3255 3508/2117/3251 3511/2120/3254
f 3510/2119/3253 3507/2116/3250 3513/2122/3256
f 3513/2122/3256 3511/2120/3254 3510/2119/3253
f 3507/2116/3250 3509/2118/3252 3514/2123/3257
f 3513/2122/3256 3507/2116/3250 3515/2124/3258
f 3516/2125/3259 3507/2116/3250 3514/2123/3257
f 3515/2124/3258 3507/2116/3250 3516/2125/3259
f 3509/2118/3252 3517/2126/3260 3514/2123/3257
f 3514/2123/3257 3517/2126/3260 3516/2125/3259
f 3518/2127/3261 3517/2126/3260 3509/2118/3252
f 3512/2121/3255 3511/2120/3254 3519/2128/3262
f 3520/2129/3263 3511/2120/3254 3513/2122/3256
f 3519/2128/3262 3511/2120/3254 3521/2130/3264
f 3522/2131/3265 3511/2120/3254 3520/2129/3263
f 3521/2130/3264 3511/2120/3254 3522/2131/3265
f 3523/2132/3266 3519/2128/3262 3521/2130/3264
f 3522/2131/3265 3523/2132/3266 3521/2130/3264
f 3516/2125/3259 3517/2126/3260 3524/2133/3267
f 3518/2127/3261 3525/2134/3268 3517/2126/3260
f 3517/2126/3260 3525/2134/3268 3526/2135/3269
f 3527/2136/3270 3517/2126/3260 3526/2135/3269
f 3524/2133/3267 3517/2126/3260 3527/2136/3270
f 3528/2137/3271 3519/2128/3262 3523/2132/3266
f 3525/2134/3268 3529/2138/3272 3526/2135/3269
f 3526/2135/3269 3529/2138/3272 3527/2136/3270
f 3530/2139/3273 3523/2132/3266 3522/2131/3265
f 3531/2140/3274 3529/2138/3272 3525/2134/3268
f 3528/2137/3271 3523/2132/3266 3532/2141/3275
f 3533/2142/3276 3523/2132/3266 3530/2139/3273
f 3534/2143/3277 3523/2132/3266 3533/2142/3276
f 3532/2141/3275 3523/2132/3266 3534/2143/3277
f 3527/2136/3270 3529/2138/3272 3535/2144/3278
f 3536/2145/3279 3532/2141/3275 3534/2143/3277
f 3533/2142/3276 3536/2145/3279 3534/2143/3277
f 3531/2140/3274 3537/2146/3280 3529/2138/3272
f 3529/2138/3272 3537/2146/3280 3538/2147/3281
f 3539/2148/3282 3529/2138/3272 3538/2147/3281
f 3535/2144/3278 3529/2138/3272 3539/2148/3282
f 3540/2149/3283 3532/2141/3275 3536/2145/3279
f 3537/2146/3280 3541/2150/3284 3538/2147/3281
f 3538/2147/3281 3541/2150/3284 3539/2148/3282
f 3542/2151/3285 3536/2145/3279 3533/2142/3276
f 3543/2152/3286 3541/2150/3284 3537/2146/3280
f 3539/2148/3282 3541/2150/3284 3544/2153/3287
f 3540/2149/3283 3536/2145/3279 3545/2154/3288
f 3546/2155/3289 3536/2145/3279 3542/2151/3285
f 3547/2156/3290 3536/2145/3279 3546/2155/3289
f 3545/2154/3288 3536/2145/3279 3547/2156/3290
f 3548/2157/3291 3545/2154/3288 3547/2156/3290
f 3546/2155/3289 3548/2157/3291 3547/2156/3290
f 3543/2152/3286 3549/2158/3292 3541/2150/3284
f 3541/2150/3284 3549/2158/3292 3550/2159/3293
f 3551/2160/3294 3541/2150/3284 3550/2159/3293
f 3544/2153/3287 3541/2150/3284 3551/2160/3294
f 3549/2158/3292 3552/2161/3295 3550/2159/3293
f 3550/2159/3293 3552/2161/3295 3551/2160/3294
f 3553/2162/3296 3545/2154/3288 3548/2157/3291
f 3554/2163/3297 3548/2157/3291 3546/2155/3289
f 3555/2164/3298 3552/2161/3295 3549/2158/3292
f 3551/2160/3294 3552/2161/3295 3556/2165/3299
f 3553/2162/3296 3548/2157/3291 3557/2166/3300
f 3558/2167/3301 3548/2157/3291 3554/2163/3297
f 3559/2168/3302 3548/2157/3291 3558/2167/3301
f 3557/2166/3300 3548/2157/3291 3559/2168/3302
f 3560/2169/3303 3557/2166/3300 3559/2168/3302
f 3558/2167/3301 3560/2169/3303 3559/2168/3302
f 3555/2164/3298 3561/2170/3304 3552/2161/3295
f 3552/2161/3295 3561/2170/3304 3562/2171/3305
f 3563/2172/3306 3552/2161/3295 3562/2171/3305
f 3556/2165/3299 3552/2161/3295 3563/2172/3306
f 3564/2173/3307 3557/2166/3300 3560/2169/3303
f 3565/2174/3308 3560/2169/3303 3558/2167/3301
f 3564/2173/3307 3560/2169/3303 3566/2175/3309
f 3567/2176/3310 3560/2169/3303 3565/2174/3308
f 3568/2177/3311 3560/2169/3303 3567/2176/3310
f 3566/2175/3309 3560/2169/3303 3568/2177/3311
f 3569/2178/3312 3570/2179/3313 3571/2180/3314
f 3569/2178/3312 3572/2181/3315 3570/2179/3313
f 3569/2178/3312 3571/2180/3314 3573/2182/3316
f 3569/2178/3312 3574/2183/3317 3572/2181/3315
f 3569/2178/3312 3575/2184/3318 3574/2183/3317
f 3569/2178/3312 3573/2182/3316 3576/2185/3319
f 3577/2186/3320 3569/2178/3312 3576/2185/3319
f 3569/2178/3312 3577/2186/3320 3575/2184/3318
f 3578/1852/3321 3476/2112/3220 3477/1860/3221
f 3579/2187/3322 3476/2112/3220 3578/1852/3321
f 3478/2113/3222 3476/2112/3220 3579/2187/3322
f 3478/2113/3222 3579/2187/3322 3580/2188/3323
f 3478/2113/3222 3581/2189/3190 3479/2114/3190
f 3580/2188/3323 3581/2189/3190 3478/2113/3222
f 3582/1842/3324 3579/2187/3322 3578/1852/3321
f 3583/2190/3325 3579/2187/3322 3582/1842/3324
f 3580/2188/3323 3579/2187/3322 3583/2190/3325
f 3580/2188/3323 3583/2190/3325 3584/2191/3326
f 3580/2188/3323 3584/2191/3326 3581/2189/3190
f 3581/2189/3190 3584/2191/3326 3585/2192/3190
f 3586/1801/3327 3583/2190/3325 3582/1842/3324
f 3587/2193/3328 3583/2190/3325 3586/1801/3327
f 3584/2191/3326 3583/2190/3325 3587/2193/3328
f 3584/2191/3326 3587/2193/3328 3588/2194/3329
f 3584/2191/3326 3588/2194/3329 3585/2192/3190
f 3585/2192/3190 3588/2194/3329 3589/2195/3330
f 3590/1798/3331 3587/2193/3328 3586/1801/3327
f 3591/2196/3332 3587/2193/3328 3590/1798/3331
f 3588/2194/3329 3587/2193/3328 3591/2196/3332
f 3588/2194/3329 3591/2196/3332 3592/2197/3333
f 3588/2194/3329 3592/2197/3333 3589/2195/3330
f 3589/2195/3330 3592/2197/3333 3593/2198/3190
f 3594/1797/3334 3591/2196/3332 3590/1798/3331
f 3595/2199/3180 3591/2196/3332 3594/1797/3334
f 3592/2197/3333 3591/2196/3332 3595/2199/3180
f 3596/1909/3335 3597/2077/3336 3598/1914/3337
f 3599/2078/3338 3597/2077/3336 3596/1909/3335
f 3600/1908/3339 3599/2078/3338 3596/1909/3335
f 3599/2078/3338 3601/2081/3340 3597/2077/3336
f 3602/2079/3341 3599/2078/3338 3600/1908/3339
f 3602/2079/3341 3603/2080/3342 3599/2078/3338
f 3603/2080/3342 3601/2081/3340 3599/2078/3338
f 3604/1901/3343 3602/2079/3341 3600/1908/3339
f 3601/2081/3340 3603/2080/3342 3605/2084/3344
f 3606/2082/3345 3602/2079/3341 3604/1901/3343
f 3606/2082/3345 3607/2083/3346 3602/2079/3341
f 3607/2083/3346 3603/2080/3342 3602/2079/3341
f 3605/2084/3344 3603/2080/3342 3608/2085/3347
f 3603/2080/3342 3609/2086/3348 3608/2085/3347
f 3607/2083/3346 3609/2086/3348 3603/2080/3342
f 3610/1895/3192 3606/2082/3345 3604/1901/3343
f 3611/2088/3349 3607/2083/3346 3606/2082/3345
f 3607/2083/3346 3612/2089/3350 3609/2086/3348
f 3611/2088/3349 3612/2089/3350 3607/2083/3346
f 3613/2087/3351 3606/2082/3345 3610/1895/3192
f 3614/2091/3352 3606/2082/3345 3613/2087/3351
f 3611/2088/3349 3606/2082/3345 3614/2091/3352
f 3614/2091/3352 3615/2092/3353 3611/2088/3349
f 3611/2088/3349 3615/2092/3353 3612/2089/3350
f 3613/2087/3351 3610/1895/3192 3616/2090/3354
f 3617/2093/3355 3613/2087/3351 3616/2090/3354
f 3614/2091/3352 3613/2087/3351 3617/2093/3355
f 3617/2093/3355 3618/2094/3356 3614/2091/3352
f 3614/2091/3352 3618/2094/3356 3615/2092/3353
f 3616/2090/3354 3610/1895/3192 3619/1890/3357
f 3617/2093/3355 3616/2090/3354 3620/2096/3358
f 3617/2093/3355 3620/2096/3358 3618/2094/3356
f 3616/2090/3354 3619/1890/3357 3621/2095/3359
f 3620/2096/3358 3616/2090/3354 3621/2095/3359
f 3618/2094/3356 3620/2096/3358 3622/2097/3360
f 3620/2096/3358 3621/2095/3359 3623/2098/3361
f 3620/2096/3358 3623/2098/3361 3622/2097/3360
f 3621/2095/3359 3619/1890/3357 3624/1885/3362
f 3621/2095/3359 3624/1885/3362 3625/2099/3363
f 3623/2098/3361 3621/2095/3359 3625/2099/3363
f 3622/2097/3360 3623/2098/3361 3626/2100/3364
f 3623/2098/3361 3625/2099/3363 3627/2101/3365
f 3623/2098/3361 3627/2101/3365 3626/2100/3364
f 3625/2099/3363 3624/1885/3362 3628/1882/3366
f 3625/2099/3363 3628/1882/3366 3629/2102/3367
f 3627/2101/3365 3625/2099/3363 3629/2102/3367
f 3626/2100/3364 3627/2101/3365 3630/2103/3368
f 3627/2101/3365 3629/2102/3367 3631/2104/3369
f 3627/2101/3365 3631/2104/3369 3630/2103/3368
f 3629/2102/3367 3628/1882/3366 3632/1876/3370
f 3629/2102/3367 3632/1876/3370 3633/2105/3371
f 3631/2104/3369 3629/2102/3367 3633/2105/3371
f 3630/2103/3368 3631/2104/3369 3634/2106/3372
f 3631/2104/3369 3633/2105/3371 3635/2107/3373
f 3631/2104/3369 3636/2108/3374 3634/2106/3372
f 3635/2107/3373 3636/2108/3374 3631/2104/3369
f 3633/2105/3371 3632/1876/3370 3637/1870/3375
f 3633/2105/3371 3637/1870/3375 3638/2109/3376
f 3635/2107/3373 3633/2105/3371 3638/2109/3376
f 3635/2107/3373 3638/2109/3376 3639/2110/3377
f 3635/2107/3373 3640/2111/3378 3636/2108/3374
f 3639/2110/3377 3640/2111/3378 3635/2107/3373
f 3638/2109/3376 3637/1870/3375 3641/1865/3379
f 3638/2109/3376 3641/1865/3379 3642/2112/3380
f 3639/2110/3377 3638/2109/3376 3642/2112/3380
f 3639/2110/3377 3642/2112/3380 3643/2113/3381
f 3639/2110/3377 3644/2114/3382 3640/2111/3378
f 3643/2113/3381 3644/2114/3382 3639/2110/3377
f 3642/2112/3380 3641/1865/3379 3645/1860/3383
f 3646/1852/3384 3642/2112/3380 3645/1860/3383
f 3647/2187/3385 3642/2112/3380 3646/1852/3384
f 3643/2113/3381 3642/2112/3380 3647/2187/3385
f 3643/2113/3381 3647/2187/3385 3648/2188/3386
f 3643/2113/3381 3649/2189/3387 3644/2114/3382
f 3648/2188/3386 3649/2189/3387 3643/2113/3381
f 3650/1842/3388 3647/2187/3385 3646/1852/3384
f 3651/2190/3389 3647/2187/3385 3650/1842/3388
f 3648/2188/3386 3647/2187/3385 3651/2190/3389
f 3648/2188/3386 3651/2190/3389 3652/2191/3390
f 3648/2188/3386 3652/2191/3390 3649/2189/3387
f 3649/2189/3387 3652/2191/3390 3653/2192/3391
f 3654/1801/3392 3651/2190/3389 3650/1842/3388
f 3655/2193/3393 3651/2190/3389 3654/1801/3392
f 3652/2191/3390 3651/2190/3389 3655/2193/3393
f 3656/2196/3394 3652/2191/3390 3655/2193/3393
f 3657/2194/3395 3652/2191/3390 3656/2196/3394
f 3652/2191/3390 3657/2194/3395 3653/2192/3391
f 3656/2196/3394 3655/2193/3393 3658/1798/3396
f 3658/1798/3396 3655/2193/3393 3654/1801/3392
f 3653/2192/3391 3657/2194/3395 3659/2195/3397
f 3660/1797/3398 3656/2196/3394 3658/1798/3396
f 3661/2199/3336 3656/2196/3394 3660/1797/3398
f 3661/2199/3336 3657/2194/3395 3656/2196/3394
f 3662/2197/3399 3657/2194/3395 3661/2199/3336
f 3657/2194/3395 3662/2197/3399 3659/2195/3397
f 3659/2195/3397 3662/2197/3399 3663/2198/3344
f 3664/1649/3400 3665/1650/3401 3666/1651/3402
f 3667/1652/3403 3665/1650/3401 3664/1649/3400
f 3668/1653/3404 3667/1652/3403 3664/1649/3400
f 3669/1654/3405 3667/1652/3403 3668/1653/3404
f 3670/1655/3406 3669/1654/3405 3668/1653/3404
f 3671/1656/3407 3669/1654/3405 3670/1655/3406
f 3672/1657/3408 3671/1656/3407 3670/1655/3406
f 3673/1658/3409 3671/1656/3407 3672/1657/3408
f 3674/1659/3410 3673/1658/3409 3672/1657/3408
f 3675/1660/3411 3673/1658/3409 3674/1659/3410
f 3676/1661/3412 3675/1660/3411 3674/1659/3410
f 3677/1662/3413 3675/1660/3411 3676/1661/3412
f 3677/1662/3413 3676/1661/3412 3678/1663/3414
f 3678/1663/3414 3676/1661/3412 3679/1664/3415
f 3678/1663/3414 3679/1664/3415 3680/1665/3416
f 3680/1665/3416 3679/1664/3415 3681/1666/3417
f 3680/1665/3416 3681/1666/3417 3682/1667/3418
f 3682/1667/3418 3681/1666/3417 3683/1668/3419
f 3682/1667/3418 3683/1668/3419 3684/1669/3420
f 3684/1669/3420 3683/1668/3419 3685/1670/3421
f 3684/1669/3420 3685/1670/3421 3686/1671/3422
f 3686/1671/3422 3685/1670/3421 3687/1672/3423
f 3686/1671/3422 3687/1672/3423 3688/1673/3424
f 3688/1673/3424 3687/1672/3423 3689/1674/3425
f 3690/1675/3426 3691/1676/3427 3692/1677/3428
f 3692/1677/3428 3691/1676/3427 3693/1678/3429
f 3691/1676/3427 3694/1679/3430 3693/1678/3429
f 3692/1677/3428 3693/1678/3429 3695/1680/3431
f 3693/1678/3429 3694/1679/3430 3696/1681/3432
f 3695/1680/3431 3693/1678/3429 3697/1682/3433
f 3693/1678/3429 3696/1681/3432 3697/1682/3433
f 3695/1680/3431 3697/1682/3433 3698/1683/3434
f 3694/1679/3430 3699/1684/3435 3696/1681/3432
f 3697/1682/3433 3696/1681/3432 3700/1685/3436
f 3696/1681/3432 3699/1684/3435 3700/1685/3436
f 3697/1682/3433 3700/1685/3436 3701/1686/3437
f 3698/1683/3434 3697/1682/3433 3701/1686/3437
f 3702/1687/3438 3699/1684/3435 3694/1679/3430
f 3702/1687/3438 3703/1688/3439 3699/1684/3435
f 3700/1685/3436 3699/1684/3435 3704/1689/3440
f 3699/1684/3435 3703/1688/3439 3704/1689/3440
f 3700/1685/3436 3704/1689/3440 3705/1690/3441
f 3701/1686/3437 3700/1685/3436 3705/1690/3441
f 3706/1691/3442 3703/1688/3439 3702/1687/3438
f 3706/1691/3442 3707/1692/3443 3703/1688/3439
f 3704/1689/3440 3703/1688/3439 3708/1693/3444
f 3703/1688/3439 3707/1692/3443 3708/1693/3444
f 3704/1689/3440 3708/1693/3444 3709/1694/3445
f 3705/1690/3441 3704/1689/3440 3709/1694/3445
f 3710/1695/3446 3707/1692/3443 3706/1691/3442
f 3709/1694/3445 3708/1693/3444 3711/1696/3447
f 3708/1693/3444 3712/1697/3448 3711/1696/3447
f 3708/1693/3444 3707/1692/3443 3712/1697/3448
f 3710/1695/3446 3713/1698/3449 3707/1692/3443
f 3707/1692/3443 3714/1699/3450 3712/1697/3448
f 3707/1692/3443 3713/1698/3449 3714/1699/3450
f 3711/1696/3447 3712/1697/3448 3715/1700/3451
f 3712/1697/3448 3716/1701/3452 3715/1700/3451
f 3712/1697/3448 3714/1699/3450 3716/1701/3452
f 3713/1698/3449 3717/1702/3453 3714/1699/3450
f 3714/1699/3450 3717/1702/3453 3718/1703/3454
f 3714/1699/3450 3718/1703/3454 3716/1701/3452
f 3715/1700/3451 3716/1701/3452 3719/1704/3455
f 3716/1701/3452 3720/1705/3456 3719/1704/3455
f 3716/1701/3452 3718/1703/3454 3720/1705/3456
f 3717/1702/3453 3721/1706/3457 3718/1703/3454
f 3718/1703/3454 3721/1706/3457 3722/1707/3458
f 3718/1703/3454 3722/1707/3458 3720/1705/3456
f 3719/1704/3455 3720/1705/3456 3723/1708/3459
f 3720/1705/3456 3722/1707/3458 3724/1709/3460
f 3720/1705/3456 3724/1709/3460 3723/1708/3459
f 3715/1700/3451 3719/1704/3455 3725/1710/3461
f 3726/1711/3462 3715/1700/3451 3725/1710/3461
f 3719/1704/3455 3727/1712/3463 3725/1710/3461
f 3723/1708/3459 3724/1709/3460 3728/1713/3464
f 3729/1714/3465 3726/1711/3462 3725/1710/3461
f 3727/1712/3463 3730/1715/3466 3725/1710/3461
f 3730/1715/3466 3731/1716/3467 3725/1710/3461
f 3732/1717/3468 3729/1714/3465 3725/1710/3461
f 3731/1716/3467 3732/1717/3468 3725/1710/3461
f 3733/1713/3469 3734/1718/3470 3735/1709/3471
f 3735/1709/3471 3734/1718/3470 3736/1719/3472
f 3734/1718/3470 3737/1720/3473 3736/1719/3472
f 3735/1709/3471 3736/1719/3472 3738/1707/3474
f 3736/1719/3472 3737/1720/3473 3739/1721/3475
f 3738/1707/3474 3736/1719/3472 3740/1722/3476
f 3736/1719/3472 3739/1721/3475 3740/1722/3476
f 3737/1720/3473 3741/1700/3477 3739/1721/3475
f 3738/1707/3474 3740/1722/3476 3742/1706/3478
f 3739/1721/3475 3741/1700/3477 3743/1697/3479
f 3740/1722/3476 3739/1721/3475 3744/1723/3480
f 3739/1721/3475 3743/1697/3479 3744/1723/3480
f 3740/1722/3476 3744/1723/3480 3745/1724/3481
f 3742/1706/3478 3740/1722/3476 3745/1724/3481
f 3741/1700/3477 3746/1696/3482 3743/1697/3479
f 3743/1697/3479 3746/1696/3482 3747/1693/3483
f 3744/1723/3480 3743/1697/3479 3748/1692/3484
f 3743/1697/3479 3747/1693/3483 3748/1692/3484
f 3744/1723/3480 3748/1692/3484 3749/1725/3485
f 3745/1724/3481 3744/1723/3480 3749/1725/3485
f 3746/1696/3482 3750/1694/3486 3747/1693/3483
f 3747/1693/3483 3750/1694/3486 3751/1689/3487
f 3748/1692/3484 3747/1693/3483 3752/1688/3488
f 3747/1693/3483 3751/1689/3487 3752/1688/3488
f 3752/1688/3488 3753/1691/3489 3748/1692/3484
f 3749/1725/3485 3748/1692/3484 3754/1695/3490
f 3748/1692/3484 3753/1691/3489 3754/1695/3490
f 3755/1998/3491 3756/1999/3492 3757/2000/3493
f 3755/1998/3491 3758/2001/3494 3756/1999/3492
f 3755/1998/3491 3757/2000/3493 3759/2002/3495
f 3755/1998/3491 3760/2003/3496 3758/2001/3494
f 3755/1998/3491 3759/2002/3495 3761/2004/3497
f 3755/1998/3491 3762/2005/3498 3760/2003/3496
f 3755/1998/3491 3761/2004/3497 3763/2006/3499
f 3755/1998/3491 3764/2007/3500 3762/2005/3498
f 3764/2007/3500 3755/1998/3491 3765/2008/3501
f 3755/1998/3491 3763/2006/3499 3766/2009/3502
f 3755/1998/3491 3766/2009/3502 3767/2010/3503
f 3755/1998/3491 3767/2010/3503 3765/2008/3501
f 3768/2011/3504 3769/2012/3505 3770/2013/3496
f 3768/2011/3504 3771/2014/3506 3769/2012/3505
f 3770/2013/3496 3769/2012/3505 3772/2015/3507
f 3773/2016/3508 3772/2015/3507 3769/2012/3505
f 3769/2012/3505 3771/2014/3506 3774/2017/3509
f 3773/2016/3508 3769/2012/3505 3774/2017/3509
f 3770/2013/3496 3772/2015/3507 3775/2018/3510
f 3773/2016/3508 3776/2019/3511 3772/2015/3507
f 3775/2018/3510 3772/2015/3507 3776/2019/3511
f 3771/2014/3506 3777/2020/3512 3774/2017/3509
f 3773/2016/3508 3774/2017/3509 3778/2021/3513
f 3774/2017/3509 3777/2020/3512 3778/2021/3513
f 3775/2018/3510 3776/2019/3511 3779/2022/3514
f 3773/2016/3508 3780/2023/3515 3776/2019/3511
f 3779/2022/3514 3776/2019/3511 3780/2023/3515
f 3773/2016/3508 3781/2024/3516 3780/2023/3515
f 3781/2024/3516 3779/2022/3514 3780/2023/3515
f 3777/2020/3512 3782/2025/3517 3778/2021/3513
f 3773/2016/3508 3778/2021/3513 3783/2026/3518
f 3778/2021/3513 3782/2025/3517 3783/2026/3518
f 3784/2027/3519 3779/2022/3514 3781/2024/3516
f 3773/2016/3508 3785/2028/3520 3781/2024/3516
f 3786/2029/3521 3781/2024/3516 3785/2028/3520
f 3784/2027/3519 3781/2024/3516 3786/2029/3521
f 3782/2025/3517 3787/2030/3522 3783/2026/3518
f 3786/2029/3521 3785/2028/3520 3788/2031/3523
f 3783/2026/3518 3787/2030/3522 3789/2032/3524
f 3773/2016/3508 3783/2026/3518 3789/2032/3524
f 3773/2016/3508 3790/2033/3525 3785/2028/3520
f 3788/2031/3523 3785/2028/3520 3790/2033/3525
f 3773/2016/3508 3789/2032/3524 3791/2034/3526
f 3787/2030/3522 3791/2034/3526 3789/2032/3524
f 3773/2016/3508 3791/2034/3526 3790/2033/3525
f 3788/2031/3523 3790/2033/3525 3792/2035/3527
f 3792/2035/3527 3790/2033/3525 3791/2034/3526
f 3792/2035/3527 3791/2034/3526 3787/2030/3522
f 3793/1717/3528 3794/1714/3529 3795/1710/3530
f 3796/1716/3531 3793/1717/3528 3795/1710/3530
f 3794/1714/3529 3797/1711/3532 3795/1710/3530
f 3798/1715/3533 3796/1716/3531 3795/1710/3530
f 3797/1711/3532 3799/1700/3534 3795/1710/3530
f 3800/1712/3535 3798/1715/3533 3795/1710/3530
f 3799/1700/3534 3801/1704/3536 3795/1710/3530
f 3801/1704/3536 3800/1712/3535 3795/1710/3530
f 3802/1998/3537 3803/1999/3538 3804/2000/3539
f 3802/1998/3537 3805/2001/3540 3803/1999/3538
f 3802/1998/3537 3804/2000/3539 3806/2002/3541
f 3802/1998/3537 3807/2003/3542 3805/2001/3540
f 3802/1998/3537 3806/2002/3541 3808/2004/3543
f 3802/1998/3537 3809/2005/3544 3807/2003/3542
f 3802/1998/3537 3808/2004/3543 3810/2006/3545
f 3802/1998/3537 3811/2007/3546 3809/2005/3544
f 3811/2007/3546 3802/1998/3537 3812/2008/3547
f 3802/1998/3537 3810/2006/3545 3813/2009/3548
f 3802/1998/3537 3813/2009/3548 3814/2010/3549
f 3802/1998/3537 3814/2010/3549 3812/2008/3547
f 3815/2011/3550 3816/2012/3551 3817/2013/3552
f 3815/2011/3550 3818/2014/3553 3816/2012/3551
f 3817/2013/3552 3816/2012/3551 3819/2015/3554
f 3820/2016/3555 3819/2015/3554 3816/2012/3551
f 3816/2012/3551 3818/2014/3553 3821/2017/3556
f 3820/2016/3555 3816/2012/3551 3821/2017/3556
f 3817/2013/3552 3819/2015/3554 3822/2018/3557
f 3820/2016/3555 3823/2019/3558 3819/2015/3554
f 3822/2018/3557 3819/2015/3554 3823/2019/3558
f 3818/2014/3553 3824/2020/3559 3821/2017/3556
f 3820/2016/3555 3821/2017/3556 3825/2021/3560
f 3821/2017/3556 3824/2020/3559 3825/2021/3560
f 3822/2018/3557 3823/2019/3558 3826/2022/3561
f 3820/2016/3555 3827/2023/3562 3823/2019/3558
f 3826/2022/3561 3823/2019/3558 3827/2023/3562
f 3820/2016/3555 3828/2024/3563 3827/2023/3562
f 3828/2024/3563 3826/2022/3561 3827/2023/3562
f 3824/2020/3559 3829/2025/3564 3825/2021/3560
f 3820/2016/3555 3825/2021/3560 3830/2026/3565
f 3825/2021/3560 3829/2025/3564 3830/2026/3565
f 3831/2027/3566 3826/2022/3561 3828/2024/3563
f 3820/2016/3555 3832/2028/3567 3828/2024/3563
f 3833/2029/3568 3828/2024/3563 3832/2028/3567
f 3831/2027/3566 3828/2024/3563 3833/2029/3568
f 3829/2025/3564 3834/2030/3569 3830/2026/3565
f 3833/2029/3568 3832/2028/3567 3835/2031/3570
f 3830/2026/3565 3834/2030/3569 3836/2032/3571
f 3820/2016/3555 3830/2026/3565 3836/2032/3571
f 3820/2016/3555 3837/2033/3572 3832/2028/3567
f 3835/2031/3570 3832/2028/3567 3837/2033/3572
f 3820/2016/3555 3836/2032/3571 3838/2034/3573
f 3834/2030/3569 3838/2034/3573 3836/2032/3571
f 3820/2016/3555 3838/2034/3573 3837/2033/3572
f 3835/2031/3570 3837/2033/3572 3839/2035/3574
f 3839/2035/3574 3837/2033/3572 3838/2034/3573
f 3839/2035/3574 3838/2034/3573 3834/2030/3569
f 3840/1717/3575 3841/1714/3576 3842/1710/3577
f 3843/1716/3578 3840/1717/3575 3842/1710/3577
f 3841/1714/3576 3844/1711/3579 3842/1710/3577
f 3845/1715/3580 3843/1716/3578 3842/1710/3577
f 3844/1711/3579 3846/1700/3581 3842/1710/3577
f 3847/1712/3582 3845/1715/3580 3842/1710/3577
f 3846/1700/3581 3848/1704/3583 3842/1710/3577
f 3848/1704/3583 3847/1712/3582 3842/1710/3577
f 3849/2115/3584 3850/2116/3585 3851/2117/3586
f 3849/2115/3584 3852/2118/3587 3850/2116/3585
f 3851/2117/3586 3850/2116/3585 3853/2119/3588
f 3854/2120/3589 3851/2117/3586 3853/2119/3588
f 3855/2121/3590 3851/2117/3586 3854/2120/3589
f 3853/2119/3588 3850/2116/3585 3856/2122/3591
f 3856/2122/3591 3854/2120/3589 3853/2119/3588
f 3850/2116/3585 3852/2118/3587 3857/2123/3592
f 3856/2122/3591 3850/2116/3585 3858/2124/3593
f 3859/2125/3594 3850/2116/3585 3857/2123/3592
f 3858/2124/3593 3850/2116/3585 3859/2125/3594
f 3852/2118/3587 3860/2126/3595 3857/2123/3592
f 3857/2123/3592 3860/2126/3595 3859/2125/3594
f 3861/2127/3596 3860/2126/3595 3852/2118/3587
f 3855/2121/3590 3854/2120/3589 3862/2128/3597
f 3863/2129/3598 3854/2120/3589 3856/2122/3591
f 3862/2128/3597 3854/2120/3589 3864/2130/3599
f 3865/2131/3600 3854/2120/3589 3863/2129/3598
f 3864/2130/3599 3854/2120/3589 3865/2131/3600
f 3866/2132/3601 3862/2128/3597 3864/2130/3599
f 3865/2131/3600 3866/2132/3601 3864/2130/3599
f 3859/2125/3594 3860/2126/3595 3867/2133/3602
f 3861/2127/3596 3868/2134/3603 3860/2126/3595
f 3860/2126/3595 3868/2134/3603 3869/2135/3604
f 3870/2136/3605 3860/2126/3595 3869/2135/3604
f 3867/2133/3602 3860/2126/3595 3870/2136/3605
f 3871/2137/3606 3862/2128/3597 3866/2132/3601
f 3868/2134/3603 3872/2138/3607 3869/2135/3604
f 3869/2135/3604 3872/2138/3607 3870/2136/3605
f 3873/2139/3608 3866/2132/3601 3865/2131/3600
f 3874/2140/3609 3872/2138/3607 3868/2134/3603
f 3871/2137/3606 3866/2132/3601 3875/2141/3610
f 3876/2142/3611 3866/2132/3601 3873/2139/3608
f 3877/2143/3612 3866/2132/3601 3876/2142/3611
f 3875/2141/3610 3866/2132/3601 3877/2143/3612
f 3870/2136/3605 3872/2138/3607 3878/2144/3613
f 3879/2145/3614 3875/2141/3610 3877/2143/3612
f 3876/2142/3611 3879/2145/3614 3877/2143/3612
f 3874/2140/3609 3880/2146/3615 3872/2138/3607
f 3872/2138/3607 3880/2146/3615 3881/2147/3616
f 3882/2148/3617 3872/2138/3607 3881/2147/3616
f 3878/2144/3613 3872/2138/3607 3882/2148/3617
f 3883/2149/3618 3875/2141/3610 3879/2145/3614
f 3880/2146/3615 3884/2150/3619 3881/2147/3616
f 3881/2147/3616 3884/2150/3619 3882/2148/3617
f 3885/2151/3620 3879/2145/3614 3876/2142/3611
f 3886/2152/3621 3884/2150/3619 3880/2146/3615
f 3882/2148/3617 3884/2150/3619 3887/2153/3622
f 3883/2149/3618 3879/2145/3614 3888/2154/3623
f 3889/2155/3624 3879/2145/3614 3885/2151/3620
f 3890/2156/3625 3879/2145/3614 3889/2155/3624
f 3888/2154/3623 3879/2145/3614 3890/2156/3625
f 3891/2157/3626 3888/2154/3623 3890/2156/3625
f 3889/2155/3624 3891/2157/3626 3890/2156/3625
f 3886/2152/3621 3892/2158/3627 3884/2150/3619
f 3884/2150/3619 3892/2158/3627 3893/2159/3628
f 3750/1694/3486 3894/1726/3629 3751/1689/3487
f 3751/1689/3487 3894/1726/3629 3895/1727/3630
f 3752/1688/3488 3751/1689/3487 3896/1684/3631
f 3751/1689/3487 3895/1727/3630 3896/1684/3631
f 3896/1684/3631 3897/1687/3632 3752/1688/3488
f 3752/1688/3488 3897/1687/3632 3753/1691/3489
f 3894/1726/3629 3898/1728/3633 3895/1727/3630
f 3895/1727/3630 3898/1728/3633 3899/1729/3634
f 3896/1684/3631 3895/1727/3630 3900/1730/3635
f 3895/1727/3630 3899/1729/3634 3900/1730/3635
f 3900/1730/3635 3901/1731/3636 3896/1684/3631
f 3896/1684/3631 3901/1731/3636 3897/1687/3632
f 3900/1730/3635 3902/1732/3637 3901/1731/3636
f 3900/1730/3635 3899/1729/3634 3902/1732/3637
f 3898/1728/3633 3903/1683/3469 3899/1729/3634
f 3899/1729/3634 3903/1683/3469 3904/1680/3638
f 3899/1729/3634 3904/1680/3638 3902/1732/3637
f 3901/1731/3636 3902/1732/3637 3905/1733/3639
f 3902/1732/3637 3906/1677/3640 3905/1733/3639
f 3902/1732/3637 3904/1680/3638 3906/1677/3640
f 3905/1733/3639 3906/1677/3640 3907/1675/3641
f 3908/1734/3642 3909/1735/3643 3910/1736/3644
f 3910/1736/3644 3909/1735/3643 3911/1737/3645
f 3910/1736/3644 3911/1737/3645 3912/1738/3646
f 3912/1738/3646 3911/1737/3645 3913/1739/3647
f 3912/1738/3646 3913/1739/3647 3914/1740/3648
f 3914/1740/3648 3913/1739/3647 3915/1741/3649
f 3914/1740/3648 3915/1741/3649 3916/1742/3650
f 3916/1742/3650 3915/1741/3649 3917/1743/3651
f 3918/1744/3652 3916/1742/3650 3917/1743/3651
f 3919/1745/3653 3916/1742/3650 3918/1744/3652
f 3920/1746/3654 3919/1745/3653 3918/1744/3652
f 3921/1747/3655 3919/1745/3653 3920/1746/3654
f 3922/1748/3656 3921/1747/3655 3920/1746/3654
f 3923/1749/3657 3921/1747/3655 3922/1748/3656
f 3924/1750/3658 3923/1749/3657 3922/1748/3656
f 3925/1751/3659 3923/1749/3657 3924/1750/3658
f 3926/2200/3660 3927/2201/3661 3928/2202/3662
f 3928/2202/3662 3927/2201/3661 3929/2203/3662
f 3927/2201/3661 3930/2204/3663 3929/2203/3662
f 3929/2203/3662 3930/2204/3663 3931/2205/3662
f 3930/2204/3663 3932/2206/3664 3931/2205/3662
f 3931/2205/3662 3932/2206/3664 3933/2207/3665
f 3932/2206/3664 3934/2208/3666 3933/2207/3665
f 3933/2207/3665 3934/2208/3666 3935/2209/3667
f 3934/2208/3666 3936/2210/3665 3935/2209/3667
f 3937/2211/3668 3936/2210/3665 3934/2208/3666
f 3937/2211/3668 3938/2212/3669 3936/2210/3665
f 3939/2213/3670 3938/2212/3669 3937/2211/3668
f 3939/2213/3670 3940/2214/3662 3938/2212/3669
f 3941/2215/3671 3940/2214/3662 3939/2213/3670
f 3941/2215/3671 3942/2216/3662 3940/2214/3662
f 3943/2217/3317 3942/2216/3662 3941/2215/3671
f 3944/2218/3672 3945/2219/3673 3946/2220/3674
f 3946/2220/3674 3945/2219/3673 3947/2221/3675
f 3945/2219/3673 3948/2222/3676 3947/2221/3675
f 3946/2220/3674 3947/2221/3675 3949/2223/3677
f 3947/2221/3675 3948/2222/3676 3950/2224/3678
f 3949/2223/3677 3947/2221/3675 3951/2225/3679
f 3947/2221/3675 3950/2224/3678 3951/2225/3679
f 3952/2226/3680 3950/2224/3678 3948/2222/3676
f 3953/2227/3681 3950/2224/3678 3952/2226/3680
f 3953/2227/3681 3954/2228/3682 3950/2224/3678
f 3951/2225/3679 3950/2224/3678 3954/2228/3682
f 3949/2223/3677 3951/2225/3679 3955/2229/3683
f 3949/2223/3677 3955/2229/3683 3956/2230/3684
f 3954/2228/3682 3957/2231/3685 3951/2225/3679
f 3955/2229/3683 3951/2225/3679 3958/2232/3686
f 3951/2225/3679 3957/2231/3685 3958/2232/3686
f 3959/2233/3687 3954/2228/3682 3953/2227/3681
f 3954/2228/3682 3959/2233/3687 3960/2234/3688
f 3954/2228/3682 3960/2234/3688 3957/2231/3685
f 3952/2226/3680 3961/2235/3689 3953/2227/3681
f 3953/2227/3681 3962/2236/3690 3959/2233/3687
f 3961/2235/3689 3962/2236/3690 3953/2227/3681
f 3963/2237/3691 3961/2235/3689 3952/2226/3680
f 3960/2234/3688 3959/2233/3687 3964/2238/3692
f 3965/2239/3693 3959/2233/3687 3962/2236/3690
f 3964/2238/3692 3959/2233/3687 3965/2239/3693
f 3963/2237/3691 3966/2240/3694 3961/2235/3689
f 3961/2235/3689 3967/2241/3695 3962/2236/3690
f 3966/2240/3694 3967/2241/3695 3961/2235/3689
f 3968/2242/3696 3962/2236/3690 3967/2241/3695
f 3969/2243/3697 3962/2236/3690 3968/2242/3696
f 3965/2239/3693 3962/2236/3690 3969/2243/3697
f 3970/2244/3698 3966/2240/3694 3963/2237/3691
f 3970/2244/3698 3971/2245/3699 3966/2240/3694
f 3966/2240/3694 3972/2246/3700 3967/2241/3695
f 3971/2245/3699 3972/2246/3700 3966/2240/3694
f 3972/2246/3700 3973/2247/3701 3967/2241/3695
f 3967/2241/3695 3973/2247/3701 3968/2242/3696
f 3974/2248/3702 3971/2245/3699 3970/2244/3698
f 3974/2248/3702 3975/2249/3703 3971/2245/3699
f 3971/2245/3699 3976/2250/3704 3972/2246/3700
f 3975/2249/3703 3976/2250/3704 3971/2245/3699
f 3972/2246/3700 3976/2250/3704 3977/2251/3705
f 3972/2246/3700 3977/2251/3705 3978/2252/3706
f 3978/2252/3706 3973/2247/3701 3972/2246/3700
f 3979/2253/3707 3975/2249/3703 3974/2248/3702
f 3979/2253/3707 3980/2254/3708 3975/2249/3703
f 3975/2249/3703 3981/2255/3709 3976/2250/3704
f 3975/2249/3703 3980/2254/3708 3981/2255/3709
f 3977/2251/3705 3976/2250/3704 3982/2256/3710
f 3982/2256/3710 3976/2250/3704 3983/2257/3711
f 3976/2250/3704 3981/2255/3709 3984/2258/3712
f 3983/2257/3711 3976/2250/3704 3984/2258/3712
f 3985/2259/3713 3986/2260/3714 3987/2261/3715
f 3988/2262/3716 3986/2260/3714 3985/2259/3713
f 3985/2259/3713 3989/2263/3717 3988/2262/3716
f 3988/2262/3716 3990/2264/3718 3986/2260/3714
f 3988/2262/3716 3989/2263/3717 3991/2265/3719
f 3991/2265/3719 3992/2266/3720 3988/2262/3716
f 3993/2267/3721 3990/2264/3718 3988/2262/3716
f 3988/2262/3716 3992/2266/3720 3993/2267/3721
f 3994/2268/3722 3990/2264/3718 3993/2267/3721
f 3993/2267/3721 3992/2266/3720 3994/2268/3722
f 3995/2269/3723 3990/2264/3718 3994/2268/3722
f 3994/2268/3722 3992/2266/3720 3996/2270/3724
f 3996/2270/3724 3997/2271/3725 3994/2268/3722
f 3994/2268/3722 3998/2272/3726 3995/2269/3723
f 3994/2268/3722 3997/2271/3725 3998/2272/3726
f 3998/2272/3726 3999/2273/3727 3995/2269/3723
f 4000/2274/3728 3999/2273/3727 3998/2272/3726
f 3998/2272/3726 3997/2271/3725 4000/2274/3728
f 4000/2274/3728 3997/2271/3725 4001/2275/3729
f 3999/2273/3727 4000/2274/3728 4002/2276/3730
f 4001/2275/3729 4003/2277/3731 4000/2274/3728
f 4002/2276/3730 4000/2274/3728 4004/2278/3732
f 4000/2274/3728 4003/2277/3731 4004/2278/3732
f 4003/2277/3731 4005/2279/3733 4004/2278/3732
f 4002/2276/3730 4004/2278/3732 4006/2280/3734
f 4004/2278/3732 4005/2279/3733 4006/2280/3734
f 4002/2276/3730 4006/2280/3734 4007/2281/3735
f 4005/2279/3733 4008/2282/3736 4006/2280/3734
f 4006/2280/3734 4008/2282/3736 4009/2283/3737
f 4007/2281/3735 4006/2280/3734 4009/2283/3737
f 4009/2283/3737 4010/2284/3738 4007/2281/3735
f 4011/2285/3739 4010/2284/3738 4009/2283/3737
f 4009/2283/3737 4008/2282/3736 4011/2285/3739
f 4011/2285/3739 4008/2282/3736 4012/2286/3740
f 4011/2285/3739 4013/2287/3741 4010/2284/3738
f 4012/2286/3740 4014/2288/3742 4011/2285/3739
f 4015/2289/3743 4013/2287/3741 4011/2285/3739
f 4011/2285/3739 4014/2288/3742 4015/2289/3743
f 4016/2290/3744 4013/2287/3741 4015/2289/3743
f 4015/2289/3743 4014/2288/3742 4016/2290/3744
f 4017/2291/3745 4013/2287/3741 4016/2290/3744
f 4016/2290/3744 4014/2288/3742 4018/2292/3746
f 4016/2290/3744 4018/2292/3746 4019/2293/3747
f 4016/2290/3744 4019/2293/3747 4017/2291/3745
f 4019/2293/3747 4020/2294/3748 4017/2291/3745
f 4019/2293/3747 4018/2292/3746 4021/2295/3749
f 4022/2296/3750 4020/2294/3748 4019/2293/3747
f 4019/2293/3747 4021/2295/3749 4022/2296/3750
f 4022/2296/3750 4021/2295/3749 4023/2297/3751
f 4022/2296/3750 4023/2297/3751 4024/2298/3752
f 4022/2296/3750 4024/2298/3752 4020/2294/3748
f 4020/2294/3748 4024/2298/3752 4025/2299/3753
f 4024/2298/3752 4023/2297/3751 4026/2300/3754
f 4027/2301/3755 4025/2299/3753 4024/2298/3752
f 4024/2298/3752 4026/2300/3754 4027/2301/3755
f 4028/2302/3715 4025/2299/3753 4027/2301/3755
f 4027/2301/3755 4026/2300/3754 4029/2303/3756
f 4027/2301/3755 4029/2303/3756 4030/2304/3757
f 4027/2301/3755 4030/2304/3757 4028/2302/3715
f 4030/2304/3757 4029/2303/3756 4031/2305/3758
f 4032/2306/3759 4033/2307/3760 4034/2308/3761
f 4034/2308/3761 4033/2307/3760 4035/2309/3762
f 4035/2309/3762 4033/2307/3760 4036/2310/3763
f 4036/2310/3763 4037/2311/3764 4035/2309/3762
f 4035/2309/3762 4037/2311/3764 4038/2312/3765
f 4038/2312/3765 4037/2311/3764 4039/2313/3766
f 4039/2313/3766 4040/2314/3767 4038/2312/3765
f 4041/2315/3768 4040/2314/3767 4039/2313/3766
f 4041/2315/3768 4042/2316/3769 4040/2314/3767
f 4040/2314/3767 4042/2316/3769 4043/2317/3770
f 4042/2316/3769 4044/2318/3771 4043/2317/3770
f 4043/2317/3770 4044/2318/3771 4045/2319/3772
f 4045/2319/3772 4044/2318/3771 4046/2320/3773
f 4046/2320/3773 4047/2321/3774 4045/2319/3772
f 4045/2319/3772 4047/2321/3774 4048/2322/3775
f 4048/2322/3775 4047/2321/3774 4049/2323/3776
f 4049/2323/3776 4050/2324/3777 4048/2322/3775
f 4048/2322/3775 4050/2324/3777 4051/2325/3778
f 4051/2325/3778 4050/2324/3777 4052/2326/3779
f 4052/2326/3779 4053/2327/3780 4051/2325/3778
f 4054/2328/3781 4053/2327/3780 4052/2326/3779
f 4054/2328/3781 4055/2329/3782 4053/2327/3780
f 4053/2327/3780 4055/2329/3782 4056/2330/3783
f 4055/2329/3782 4057/2331/3784 4056/2330/3783
f 4056/2330/3783 4057/2331/3784 4058/2332/3785
f 4058/2332/3785 4057/2331/3784 4059/2333/3786
f 4059/2333/3786 4060/2334/3787 4058/2332/3785
f 4058/2332/3785 4060/2334/3787 4061/2335/3788
f 4061/2335/3788 4060/2334/3787 4062/2336/3789
f 4062/2336/3789 4063/2337/3790 4061/2335/3788
f 4064/2338/3791 4063/2337/3790 4062/2336/3789
f 4064/2338/3791 4065/2339/3792 4063/2337/3790
f 4063/2337/3790 4065/2339/3792 4066/2340/3793
f 4067/2341/3794 4068/2342/3795 4069/2343/3796
f 4067/2341/3794 4070/2344/3307 4068/2342/3795
f 4070/2344/3307 4071/2345/3797 4068/2342/3795
f 4068/2342/3795 4071/2345/3797 4072/2346/3798
f 4071/2345/3797 4073/2347/3799 4072/2346/3798
f 4074/2348/3800 4073/2347/3799 4071/2345/3797
f 4071/2345/3797 4075/2349/3801 4074/2348/3800
f 4076/2350/3802 4075/2349/3801 4071/2345/3797
f 4076/2350/3802 4071/2345/3797 4070/2344/3307
f 4077/2351/3803 4070/2344/3307 4067/2341/3794
f 4078/2352/3804 4077/2351/3803 4067/2341/3794
f 4078/2352/3804 4067/2341/3794 4079/2353/3805
f 4075/2349/3801 4080/2354/3806 4074/2348/3800
f 4081/2355/3807 4077/2351/3803 4078/2352/3804
f 4074/2348/3800 4080/2354/3806 4082/2356/3808
f 4082/2356/3808 4083/2357/3809 4074/2348/3800
f 4080/2354/3806 4084/2358/3286 4082/2356/3808
f 4082/2356/3808 4084/2358/3286 4085/2359/3810
f 4082/2356/3808 4085/2359/3810 4083/2357/3809
f 4086/2360/3811 4081/2355/3807 4078/2352/3804
f 4086/2360/3811 4078/2352/3804 4087/2361/3812
f 4088/2362/3813 4081/2355/3807 4086/2360/3811
f 4083/2357/3809 4085/2359/3810 4089/2363/3814
f 4084/2358/3286 4090/2364/3815 4085/2359/3810
f 4085/2359/3810 4090/2364/3815 4091/2365/3816
f 4085/2359/3810 4091/2365/3816 4089/2363/3814
f 4088/2362/3813 4086/2360/3811 4092/2366/3283
f 4086/2360/3811 4087/2361/3812 4093/2367/3817
f 4092/2366/3283 4086/2360/3811 4093/2367/3817
f 4091/2365/3816 4094/2368/3818 4089/2363/3814
f 4090/2364/3815 4095/2369/3274 4091/2365/3816
f 4091/2365/3816 4095/2369/3274 4096/2370/3819
f 4096/2370/3819 4094/2368/3818 4091/2365/3816
f 4092/2366/3283 4093/2367/3817 4097/2371/3820
f 4096/2370/3819 4098/2372/3821 4094/2368/3818
f 4095/2369/3274 4099/2373/3822 4096/2370/3819
f 4096/2370/3819 4099/2373/3822 4100/2374/3823
f 4100/2374/3823 4098/2372/3821 4096/2370/3819
f 4099/2373/3822 4101/2375/3824 4100/2374/3823
f 4100/2374/3823 4101/2375/3824 4098/2372/3821
f 4097/2371/3820 4093/2367/3817 4102/2376/3825
f 4093/2367/3817 4103/2377/3720 4102/2376/3825
f 4104/2378/3826 4101/2375/3824 4099/2373/3822
f 4105/2379/3827 4097/2371/3820 4102/2376/3825
f 4106/2380/3828 4097/2371/3820 4105/2379/3827
f 4102/2376/3825 4107/2381/3829 4105/2379/3827
f 4104/2378/3826 4108/2382/3830 4101/2375/3824
f 4101/2375/3824 4108/2382/3830 4109/2383/3831
f 4101/2375/3824 4109/2383/3831 4110/2384/3832
f 4108/2382/3830 4111/2385/3833 4109/2383/3831
f 4112/2386/3834 4106/2380/3828 4105/2379/3827
f 4112/2386/3834 4105/2379/3827 4113/2387/3835
f 4114/2388/3836 4106/2380/3828 4112/2386/3834
f 4115/2389/3837 4114/2388/3836 4112/2386/3834
f 4116/2390/3838 4112/2386/3834 4113/2387/3835
f 4115/2389/3837 4112/2386/3834 4116/2390/3838
f 4109/2383/3831 4111/2385/3833 4117/2391/3839
f 4118/2160/3840 3884/2150/3619 3893/2159/3628
f 3887/2153/3622 3884/2150/3619 4118/2160/3840
f 3892/2158/3627 4119/2161/3841 3893/2159/3628
f 3893/2159/3628 4119/2161/3841 4118/2160/3840
f 4120/2162/3842 3888/2154/3623 3891/2157/3626
f 4121/2163/3843 3891/2157/3626 3889/2155/3624
f 4122/2164/3844 4119/2161/3841 3892/2158/3627
f 4118/2160/3840 4119/2161/3841 4123/2165/3845
f 4120/2162/3842 3891/2157/3626 4124/2166/3846
f 4125/2167/3847 3891/2157/3626 4121/2163/3843
f 4126/2168/3848 3891/2157/3626 4125/2167/3847
f 4124/2166/3846 3891/2157/3626 4126/2168/3848
f 4127/2169/3849 4124/2166/3846 4126/2168/3848
f 4125/2167/3847 4127/2169/3849 4126/2168/3848
f 4122/2164/3844 4128/2170/3850 4119/2161/3841
f 4119/2161/3841 4128/2170/3850 4129/2171/3851
f 4130/2172/3852 4119/2161/3841 4129/2171/3851
f 4123/2165/3845 4119/2161/3841 4130/2172/3852
f 4131/2173/3853 4124/2166/3846 4127/2169/3849
f 4132/2174/3854 4127/2169/3849 4125/2167/3847
f 4131/2173/3853 4127/2169/3849 4133/2175/3855
f 4134/2176/3856 4127/2169/3849 4132/2174/3854
f 4135/2177/3857 4127/2169/3849 4134/2176/3856
f 4133/2175/3855 4127/2169/3849 4135/2177/3857
f 4136/2178/3858 4137/2179/3859 4138/2180/3860
f 4136/2178/3858 4139/2181/3861 4137/2179/3859
f 4136/2178/3858 4138/2180/3860 4140/2182/3862
f 4136/2178/3858 4141/2183/3863 4139/2181/3861
f 4136/2178/3858 4142/2184/3864 4141/2183/3863
f 4136/2178/3858 4140/2182/3862 4143/2185/3865
f 4144/2186/3866 4136/2178/3858 4143/2185/3865
f 4136/2178/3858 4144/2186/3866 4142/2184/3864
f 4145/1998/3867 4146/1999/3868 4147/2000/3869
f 4145/1998/3867 4148/2001/3870 4146/1999/3868
f 4145/1998/3867 4147/2000/3869 4149/2002/3871
f 4145/1998/3867 4150/2003/3872 4148/2001/3870
f 4145/1998/3867 4149/2002/3871 4151/2004/3873
f 4145/1998/3867 4152/2005/3874 4150/2003/3872
f 4145/1998/3867 4151/2004/3873 4153/2006/3875
f 4145/1998/3867 4154/2007/3876 4152/2005/3874
f 4154/2007/3876 4145/1998/3867 4155/2008/3877
f 4145/1998/3867 4153/2006/3875 4156/2009/3878
f 4145/1998/3867 4156/2009/3878 4157/2010/3879
f 4145/1998/3867 4157/2010/3879 4155/2008/3877
f 4158/2011/3880 4159/2012/3881 4160/2013/3872
f 4158/2011/3880 4161/2014/3882 4159/2012/3881
f 4160/2013/3872 4159/2012/3881 4162/2015/3883
f 4163/2016/3884 4162/2015/3883 4159/2012/3881
f 4159/2012/3881 4161/2014/3882 4164/2017/3885
f 4163/2016/3884 4159/2012/3881 4164/2017/3885
f 4160/2013/3872 4162/2015/3883 4165/2018/3886
f 4163/2016/3884 4166/2019/3887 4162/2015/3883
f 4165/2018/3886 4162/2015/3883 4166/2019/3887
f 4161/2014/3882 4167/2020/3888 4164/2017/3885
f 4163/2016/3884 4164/2017/3885 4168/2021/3889
f 4164/2017/3885 4167/2020/3888 4168/2021/3889
f 4165/2018/3886 4166/2019/3887 4169/2022/3890
f 4163/2016/3884 4170/2023/3891 4166/2019/3887
f 4169/2022/3890 4166/2019/3887 4170/2023/3891
f 4163/2016/3884 4171/2024/3892 4170/2023/3891
f 4171/2024/3892 4169/2022/3890 4170/2023/3891
f 4167/2020/3888 4172/2025/3893 4168/2021/3889
f 4163/2016/3884 4168/2021/3889 4173/2026/3894
f 4168/2021/3889 4172/2025/3893 4173/2026/3894
f 4174/2027/3895 4169/2022/3890 4171/2024/3892
f 4163/2016/3884 4175/2028/3896 4171/2024/3892
f 4176/2029/3897 4171/2024/3892 4175/2028/3896
f 4174/2027/3895 4171/2024/3892 4176/2029/3897
f 4172/2025/3893 4177/2030/3898 4173/2026/3894
f 4176/2029/3897 4175/2028/3896 4178/2031/3899
f 4173/2026/3894 4177/2030/3898 4179/2032/3900
f 4163/2016/3884 4173/2026/3894 4179/2032/3900
f 4163/2016/3884 4180/2033/3901 4175/2028/3896
f 4178/2031/3899 4175/2028/3896 4180/2033/3901
f 4163/2016/3884 4179/2032/3900 4181/2034/3902
f 4177/2030/3898 4181/2034/3902 4179/2032/3900
f 4163/2016/3884 4181/2034/3902 4180/2033/3901
f 4178/2031/3899 4180/2033/3901 4182/2035/3903
f 4182/2035/3903 4180/2033/3901 4181/2034/3902
f 4182/2035/3903 4181/2034/3902 4177/2030/3898
f 4117/2391/3839 4183/2392/3904 4109/2383/3831
f 4111/2385/3833 4184/2393/3905 4117/2391/3839
f 4185/2394/3255 4114/2388/3836 4115/2389/3837
f 4117/2391/3839 4184/2393/3905 4186/2395/3906
f 4184/2393/3905 4185/2394/3255 4186/2395/3906
f 4186/2395/3906 4185/2394/3255 4115/2389/3837
f 4186/2395/3906 4115/2389/3837 4187/2396/3907
f 4186/2395/3906 4187/2396/3907 4117/2391/3839
f 4188/2353/3908 4189/2341/3909 4190/2343/3729
f 4191/2361/3910 4192/2352/3911 4188/2353/3912
f 4193/2367/3913 4191/2361/3914 4194/2377/3915
f 4195/2376/3916 4194/2377/3917 4196/2381/3918
f 4197/2379/3919 4196/2381/3918 4198/2387/3920
f 4199/2396/3921 4200/2389/3922 4201/2390/3923
f 4202/2391/3924 4199/2396/3925 4203/2392/3926
f 4204/2383/3927 4203/2392/3926 4205/2384/3928
f 4206/2372/3929 4207/2375/3930 4205/2384/3832
f 4208/2348/3931 4209/2357/3932 4210/2347/3933
f 4211/1752/3934 4212/1753/3935 4213/1754/3936
f 4213/1754/3936 4212/1753/3935 4214/1755/3937
f 4212/1753/3935 4215/1756/3938 4214/1755/3937
f 4216/1757/3939 4213/1754/3936 4214/1755/3937
f 4217/1758/3940 4213/1754/3936 4216/1757/3939
f 4214/1755/3937 4215/1756/3938 4218/1759/3941
f 4219/1760/3942 4214/1755/3937 4218/1759/3941
f 4216/1757/3939 4214/1755/3937 4219/1760/3942
f 4220/1761/3943 4217/1758/3940 4216/1757/3939
f 4216/1757/3939 4221/1762/3944 4220/1761/3943
f 4219/1760/3942 4221/1762/3944 4216/1757/3939
f 4222/1763/3945 4217/1758/3940 4220/1761/3943
f 4218/1759/3941 4215/1756/3938 4223/1764/3946
f 4224/1765/3947 4218/1759/3941 4223/1764/3946
f 4219/1760/3942 4218/1759/3941 4224/1765/3947
f 4224/1765/3947 4225/1766/3948 4219/1760/3942
f 4219/1760/3942 4225/1766/3948 4221/1762/3944
f 4223/1764/3946 4215/1756/3938 4226/1767/3949
f 4227/1768/3950 4220/1761/3943 4221/1762/3944
f 4221/1762/3944 4225/1766/3948 4227/1768/3950
f 4228/1769/3951 4222/1763/3945 4220/1761/3943
f 4228/1769/3951 4220/1761/3943 4227/1768/3950
f 4229/1770/3952 4222/1763/3945 4228/1769/3951
f 4226/1767/3949 4230/1771/3953 4223/1764/3946
f 4223/1764/3946 4231/1772/3954 4224/1765/3947
f 4223/1764/3946 4230/1771/3953 4231/1772/3954
f 4224/1765/3947 4231/1772/3954 4232/1773/3955
f 4233/1774/3956 4224/1765/3947 4232/1773/3955
f 4225/1766/3948 4224/1765/3947 4233/1774/3956
f 4227/1768/3950 4225/1766/3948 4234/1775/3957
f 4235/1776/3958 4225/1766/3948 4233/1774/3956
f 4234/1775/3957 4225/1766/3948 4235/1776/3958
f 4236/1777/3959 4228/1769/3951 4227/1768/3950
f 4227/1768/3950 4234/1775/3957 4236/1777/3959
f 4237/1778/3960 4229/1770/3952 4228/1769/3951
f 4237/1778/3960 4228/1769/3951 4236/1777/3959
f 4238/1779/3961 4229/1770/3952 4237/1778/3960
f 4236/1777/3959 4234/1775/3957 4239/1780/3962
f 4240/1781/3963 4234/1775/3957 4235/1776/3958
f 4239/1780/3962 4234/1775/3957 4240/1781/3963
f 4237/1778/3960 4236/1777/3959 4241/1782/3964
f 4236/1777/3959 4239/1780/3962 4242/1783/3965
f 4241/1782/3964 4236/1777/3959 4242/1783/3965
f 4238/1779/3961 4237/1778/3960 4243/1784/3966
f 4243/1784/3966 4237/1778/3960 4241/1782/3964
f 4242/1783/3965 4239/1780/3962 4244/1785/3967
f 4245/1786/3968 4239/1780/3962 4240/1781/3963
f 4244/1785/3967 4239/1780/3962 4245/1786/3968
f 4243/1784/3966 4241/1782/3964 4246/1787/3969
f 4241/1782/3964 4242/1783/3965 4247/1788/3970
f 4246/1787/3969 4241/1782/3964 4247/1788/3970
f 4247/1788/3970 4242/1783/3965 4248/1789/3971
f 4242/1783/3965 4244/1785/3967 4248/1789/3971
f 4248/1789/3971 4244/1785/3967 4249/1790/3972
f 4244/1785/3967 4245/1786/3968 4249/1790/3972
f 4249/1790/3972 4245/1786/3968 4250/1791/3973
f 4251/1792/3974 4248/1789/3971 4249/1790/3972
f 4249/1790/3972 4250/1791/3973 4251/1792/3974
f 4246/1787/3969 4247/1788/3970 4252/1793/3975
f 4252/1793/3975 4247/1788/3970 4253/1794/3935
f 4247/1788/3970 4248/1789/3971 4253/1794/3935
f 4253/1794/3935 4248/1789/3971 4254/1795/3976
f 4254/1795/3976 4248/1789/3971 4251/1792/3974
f 4251/1792/3974 4250/1791/3973 4255/1796/3977
f 4256/1649/3978 4257/1650/3979 4258/1651/3980
f 4259/1652/3981 4257/1650/3979 4256/1649/3978
f 4260/1653/3982 4259/1652/3981 4256/1649/3978
f 4261/1654/3983 4259/1652/3981 4260/1653/3982
f 4262/1655/3984 4261/1654/3983 4260/1653/3982
f 4263/1656/3985 4261/1654/3983 4262/1655/3984
f 4264/1657/3986 4263/1656/3985 4262/1655/3984
f 4265/1658/3987 4263/1656/3985 4264/1657/3986
f 4266/1659/3988 4265/1658/3987 4264/1657/3986
f 4267/1660/3989 4265/1658/3987 4266/1659/3988
f 4268/1661/3990 4267/1660/3989 4266/1659/3988
f 4269/1662/3991 4267/1660/3989 4268/1661/3990
f 4269/1662/3991 4268/1661/3990 4270/1663/3992
f 4270/1663/3992 4268/1661/3990 4271/1664/3993
f 4270/1663/3992 4271/1664/3993 4272/1665/3994
f 4272/1665/3994 4271/1664/3993 4273/1666/3995
f 4272/1665/3994 4273/1666/3995 4274/1667/3996
f 4274/1667/3996 4273/1666/3995 4275/1668/3997
f 4274/1667/3996 4275/1668/3997 4276/1669/3998
f 4276/1669/3998 4275/1668/3997 4277/1670/3999
f 4276/1669/3998 4277/1670/3999 4278/1671/4000
f 4278/1671/4000 4277/1670/3999 4279/1672/4001
f 4278/1671/4000 4279/1672/4001 4280/1673/4002
f 4280/1673/4002 4279/1672/4001 4281/1674/4003
f 4282/1675/4004 4283/1676/4005 4284/1677/4006
f 4284/1677/4006 4283/1676/4005 4285/1678/4007
f 4283/1676/4005 4286/1679/4008 4285/1678/4007
f 4284/1677/4006 4285/1678/4007 4287/1680/4009
f 4285/1678/4007 4286/1679/4008 4288/1681/4010
f 4287/1680/4009 4285/1678/4007 4289/1682/4011
f 4285/1678/4007 4288/1681/4010 4289/1682/4011
f 4287/1680/4009 4289/1682/4011 4290/1683/4012
f 4286/1679/4008 4291/1684/4013 4288/1681/4010
f 4289/1682/4011 4288/1681/4010 4292/1685/4014
f 4288/1681/4010 4291/1684/4013 4292/1685/4014
f 4289/1682/4011 4292/1685/4014 4293/1686/4015
f 4290/1683/4012 4289/1682/4011 4293/1686/4015
f 4294/1687/4016 4291/1684/4013 4286/1679/4008
f 4294/1687/4016 4295/1688/4017 4291/1684/4013
f 4292/1685/4014 4291/1684/4013 4296/1689/4018
f 4291/1684/4013 4295/1688/4017 4296/1689/4018
f 4292/1685/4014 4296/1689/4018 4297/1690/4019
f 4293/1686/4015 4292/1685/4014 4297/1690/4019
f 4298/1691/4020 4295/1688/4017 4294/1687/4016
f 4298/1691/4020 4299/1692/4021 4295/1688/4017
f 4296/1689/4018 4295/1688/4017 4300/1693/4022
f 4295/1688/4017 4299/1692/4021 4300/1693/4022
f 4296/1689/4018 4300/1693/4022 4301/1694/4023
f 4297/1690/4019 4296/1689/4018 4301/1694/4023
f 4302/1695/4024 4299/1692/4021 4298/1691/4020
f 4301/1694/4023 4300/1693/4022 4303/1696/4025
f 4300/1693/4022 4304/1697/4026 4303/1696/4025
f 4300/1693/4022 4299/1692/4021 4304/1697/4026
f 4302/1695/4024 4305/1698/4027 4299/1692/4021
f 4299/1692/4021 4306/1699/4028 4304/1697/4026
f 4299/1692/4021 4305/1698/4027 4306/1699/4028
f 4303/1696/4025 4304/1697/4026 4307/1700/4029
f 4304/1697/4026 4308/1701/4030 4307/1700/4029
f 4304/1697/4026 4306/1699/4028 4308/1701/4030
f 4305/1698/4027 4309/1702/4031 4306/1699/4028
f 4306/1699/4028 4309/1702/4031 4310/1703/4032
f 4306/1699/4028 4310/1703/4032 4308/1701/4030
f 4307/1700/4029 4308/1701/4030 4311/1704/4033
f 4308/1701/4030 4312/1705/4034 4311/1704/4033
f 4308/1701/4030 4310/1703/4032 4312/1705/4034
f 4309/1702/4031 4313/1706/4035 4310/1703/4032
f 4310/1703/4032 4313/1706/4035 4314/1707/4036
f 4310/1703/4032 4314/1707/4036 4312/1705/4034
f 4311/1704/4033 4312/1705/4034 4315/1708/4037
f 4312/1705/4034 4314/1707/4036 4316/1709/4009
f 4312/1705/4034 4316/1709/4009 4315/1708/4037
f 4307/1700/4029 4311/1704/4033 4317/1710/4038
f 4318/1711/4039 4307/1700/4029 4317/1710/4038
f 4311/1704/4033 4319/1712/4040 4317/1710/4038
f 4315/1708/4037 4316/1709/4009 4320/1713/4041
f 4321/1714/4042 4318/1711/4039 4317/1710/4038
f 4319/1712/4040 4322/1715/4043 4317/1710/4038
f 4322/1715/4043 4323/1716/4044 4317/1710/4038
f 4324/1717/4045 4321/1714/4042 4317/1710/4038
f 4323/1716/4044 4324/1717/4045 4317/1710/4038
f 4325/1713/4046 4326/1718/4047 4327/1709/4048
f 4327/1709/4048 4326/1718/4047 4328/1719/4049
f 4326/1718/4047 4329/1720/4050 4328/1719/4049
f 4327/1709/4048 4328/1719/4049 4330/1707/4051
f 4328/1719/4049 4329/1720/4050 4331/1721/4052
f 4330/1707/4051 4328/1719/4049 4332/1722/4053
f 4328/1719/4049 4331/1721/4052 4332/1722/4053
f 4329/1720/4050 4333/1700/4054 4331/1721/4052
f 4330/1707/4051 4332/1722/4053 4334/1706/4055
f 4331/1721/4052 4333/1700/4054 4335/1697/4056
f 4332/1722/4053 4331/1721/4052 4336/1723/4057
f 4331/1721/4052 4335/1697/4056 4336/1723/4057
f 4332/1722/4053 4336/1723/4057 4337/1724/4058
f 4334/1706/4055 4332/1722/4053 4337/1724/4058
f 4333/1700/4054 4338/1696/4059 4335/1697/4056
f 4335/1697/4056 4338/1696/4059 4339/1693/4060
f 4336/1723/4057 4335/1697/4056 4340/1692/4061
f 4335/1697/4056 4339/1693/4060 4340/1692/4061
f 4336/1723/4057 4340/1692/4061 4341/1725/4062
f 4337/1724/4058 4336/1723/4057 4341/1725/4062
f 4338/1696/4059 4342/1694/4063 4339/1693/4060
f 4339/1693/4060 4342/1694/4063 4343/1689/4064
f 4340/1692/4061 4339/1693/4060 4344/1688/4065
f 4339/1693/4060 4343/1689/4064 4344/1688/4065
f 4344/1688/4065 4345/1691/4066 4340/1692/4061
f 4341/1725/4062 4340/1692/4061 4346/1695/4067
f 4340/1692/4061 4345/1691/4066 4346/1695/4067
f 4342/1694/4063 4347/1726/4068 4343/1689/4064
f 4343/1689/4064 4347/1726/4068 4348/1727/4069
f 4344/1688/4065 4343/1689/4064 4349/1684/4070
f 4343/1689/4064 4348/1727/4069 4349/1684/4070
f 4349/1684/4070 4350/1687/4071 4344/1688/4065
f 4344/1688/4065 4350/1687/4071 4345/1691/4066
f 4347/1726/4068 4351/1728/4072 4348/1727/4069
f 4348/1727/4069 4351/1728/4072 4352/1729/4073
f 4349/1684/4070 4348/1727/4069 4353/1730/4074
f 4348/1727/4069 4352/1729/4073 4353/1730/4074
f 4353/1730/4074 4354/1731/4075 4349/1684/4070
f 4349/1684/4070 4354/1731/4075 4350/1687/4071
f 4353/1730/4074 4355/1732/4076 4354/1731/4075
f 4353/1730/4074 4352/1729/4073 4355/1732/4076
f 4351/1728/4072 4356/1683/4046 4352/1729/4073
f 4352/1729/4073 4356/1683/4046 4357/1680/4077
f 4352/1729/4073 4357/1680/4077 4355/1732/4076
f 4354/1731/4075 4355/1732/4076 4358/1733/4078
f 4355/1732/4076 4359/1677/4051 4358/1733/4078
f 4355/1732/4076 4357/1680/4077 4359/1677/4051
f 4358/1733/4078 4359/1677/4051 4360/1675/4079
f 4361/1734/4080 4362/1735/4081 4363/1736/4082
f 4363/1736/4082 4362/1735/4081 4364/1737/4083
f 4363/1736/4082 4364/1737/4083 4365/1738/4084
f 4365/1738/4084 4364/1737/4083 4366/1739/4085
f 4365/1738/4084 4366/1739/4085 4367/1740/4086
f 4367/1740/4086 4366/1739/4085 4368/1741/4087
f 4367/1740/4086 4368/1741/4087 4369/1742/4088
f 4369/1742/4088 4368/1741/4087 4370/1743/4089
f 4371/1744/4024 4369/1742/4088 4370/1743/4089
f 4372/1745/4090 4369/1742/4088 4371/1744/4024
f 4373/1746/4091 4372/1745/4090 4371/1744/4024
f 4374/1747/4066 4372/1745/4090 4373/1746/4091
f 4375/1748/4092 4374/1747/4066 4373/1746/4091
f 4376/1749/4093 4374/1747/4066 4375/1748/4092
f 4377/1750/4094 4376/1749/4093 4375/1748/4092
f 4378/1751/4095 4376/1749/4093 4377/1750/4094
f 4379/1752/4096 4380/1753/4097 4381/1754/4098
f 4381/1754/4098 4380/1753/4097 4382/1755/4099
f 4380/1753/4097 4383/1756/4100 4382/1755/4099
f 4384/1757/4101 4381/1754/4098 4382/1755/4099
f 4385/1758/4102 4381/1754/4098 4384/1757/4101
f 4382/1755/4099 4383/1756/4100 4386/1759/4103
f 4387/1760/4104 4382/1755/4099 4386/1759/4103
f 4384/1757/4101 4382/1755/4099 4387/1760/4104
f 4388/1761/4105 4385/1758/4102 4384/1757/4101
f 4384/1757/4101 4389/1762/4106 4388/1761/4105
f 4387/1760/4104 4389/1762/4106 4384/1757/4101
f 4390/1763/4107 4385/1758/4102 4388/1761/4105
f 4386/1759/4103 4383/1756/4100 4391/1764/4108
f 4392/1765/4109 4386/1759/4103 4391/1764/4108
f 4387/1760/4104 4386/1759/4103 4392/1765/4109
f 4392/1765/4109 4393/1766/4110 4387/1760/4104
f 4387/1760/4104 4393/1766/4110 4389/1762/4106
f 4391/1764/4108 4383/1756/4100 4394/1767/4111
f 4395/1768/4112 4388/1761/4105 4389/1762/4106
f 4389/1762/4106 4393/1766/4110 4395/1768/4112
f 4396/1769/4113 4390/1763/4107 4388/1761/4105
f 4396/1769/4113 4388/1761/4105 4395/1768/4112
f 4397/1770/4114 4390/1763/4107 4396/1769/4113
f 4394/1767/4111 4398/1771/4115 4391/1764/4108
f 4391/1764/4108 4399/1772/4116 4392/1765/4109
f 4391/1764/4108 4398/1771/4115 4399/1772/4116
f 4392/1765/4109 4399/1772/4116 4400/1773/4117
f 4401/1774/4118 4392/1765/4109 4400/1773/4117
f 4393/1766/4110 4392/1765/4109 4401/1774/4118
f 4395/1768/4112 4393/1766/4110 4402/1775/4119
f 4403/1776/4120 4393/1766/4110 4401/1774/4118
f 4402/1775/4119 4393/1766/4110 4403/1776/4120
f 4404/1777/4121 4396/1769/4113 4395/1768/4112
f 4395/1768/4112 4402/1775/4119 4404/1777/4121
f 4405/1778/4122 4397/1770/4114 4396/1769/4113
f 4405/1778/4122 4396/1769/4113 4404/1777/4121
f 4406/1779/4123 4397/1770/4114 4405/1778/4122
f 4404/1777/4121 4402/1775/4119 4407/1780/4124
f 4408/1781/4125 4402/1775/4119 4403/1776/4120
f 4407/1780/4124 4402/1775/4119 4408/1781/4125
f 4405/1778/4122 4404/1777/4121 4409/1782/4126
f 4404/1777/4121 4407/1780/4124 4410/1783/4127
f 4409/1782/4126 4404/1777/4121 4410/1783/4127
f 4406/1779/4123 4405/1778/4122 4411/1784/4128
f 4411/1784/4128 4405/1778/4122 4409/1782/4126
f 4410/1783/4127 4407/1780/4124 4412/1785/4129
f 4413/1786/4130 4407/1780/4124 4408/1781/4125
f 4412/1785/4129 4407/1780/4124 4413/1786/4130
f 4411/1784/4128 4409/1782/4126 4414/1787/4131
f 4409/1782/4126 4410/1783/4127 4415/1788/4132
f 4414/1787/4131 4409/1782/4126 4415/1788/4132
f 4415/1788/4132 4410/1783/4127 4416/1789/4133
f 4410/1783/4127 4412/1785/4129 4416/1789/4133
f 4416/1789/4133 4412/1785/4129 4417/1790/4134
f 4412/1785/4129 4413/1786/4130 4417/1790/4134
f 4417/1790/4134 4413/1786/4130 4418/1791/4135
f 4419/1792/4136 4416/1789/4133 4417/1790/4134
f 4417/1790/4134 4418/1791/4135 4419/1792/4136
f 4414/1787/4131 4415/1788/4132 4420/1793/4137
f 4420/1793/4137 4415/1788/4132 4421/1794/4097
f 4415/1788/4132 4416/1789/4133 4421/1794/4097
f 4421/1794/4097 4416/1789/4133 4422/1795/4138
f 4422/1795/4138 4416/1789/4133 4419/1792/4136
f 4419/1792/4136 4418/1791/4135 4423/1796/4139
f 4424/1649/4140 4425/1650/4141 4426/1651/4142
f 4427/1652/4143 4425/1650/4141 4424/1649/4140
f 4428/1653/4144 4427/1652/4143 4424/1649/4140
f 4429/1654/4145 4427/1652/4143 4428/1653/4144
f 4430/1655/4146 4429/1654/4145 4428/1653/4144
f 4431/1656/4147 4429/1654/4145 4430/1655/4146
f 4432/1657/4148 4431/1656/4147 4430/1655/4146
f 4433/1658/4149 4431/1656/4147 4432/1657/4148
f 4434/1659/4150 4433/1658/4149 4432/1657/4148
f 4435/1660/4151 4433/1658/4149 4434/1659/4150
f 4436/1661/4152 4435/1660/4151 4434/1659/4150
f 4437/1662/4153 4435/1660/4151 4436/1661/4152
f 4437/1662/4153 4436/1661/4152 4438/1663/4154
f 4438/1663/4154 4436/1661/4152 4439/1664/4155
f 4438/1663/4154 4439/1664/4155 4440/1665/4156
f 4440/1665/4156 4439/1664/4155 4441/1666/4157
f 4440/1665/4156 4441/1666/4157 4442/1667/4158
f 4442/1667/4158 4441/1666/4157 4443/1668/4159
f 4442/1667/4158 4443/1668/4159 4444/1669/4160
f 4444/1669/4160 4443/1668/4159 4445/1670/4161
f 4444/1669/4160 4445/1670/4161 4446/1671/4162
f 4446/1671/4162 4445/1670/4161 4447/1672/4163
f 4446/1671/4162 4447/1672/4163 4448/1673/4164
f 4448/1673/4164 4447/1672/4163 4449/1674/4165
f 4450/1675/4166 4451/1676/4167 4452/1677/4168
f 4452/1677/4168 4451/1676/4167 4453/1678/4169
f 4451/1676/4167 4454/1679/4170 4453/1678/4169
f 4452/1677/4168 4453/1678/4169 4455/1680/4171
f 4453/1678/4169 4454/1679/4170 4456/1681/4172
f 4455/1680/4171 4453/1678/4169 4457/1682/4173
f 4453/1678/4169 4456/1681/4172 4457/1682/4173
f 4455/1680/4171 4457/1682/4173 4458/1683/4174
f 4454/1679/4170 4459/1684/4175 4456/1681/4172
f 4457/1682/4173 4456/1681/4172 4460/1685/4176
f 4456/1681/4172 4459/1684/4175 4460/1685/4176
f 4457/1682/4173 4460/1685/4176 4461/1686/4177
f 4458/1683/4174 4457/1682/4173 4461/1686/4177
f 4462/1687/4178 4459/1684/4175 4454/1679/4170
f 4462/1687/4178 4463/1688/4179 4459/1684/4175
f 4460/1685/4176 4459/1684/4175 4464/1689/4180
f 4459/1684/4175 4463/1688/4179 4464/1689/4180
f 4460/1685/4176 4464/1689/4180 4465/1690/4181
f 4461/1686/4177 4460/1685/4176 4465/1690/4181
f 4466/1691/4182 4463/1688/4179 4462/1687/4178
f 4466/1691/4182 4467/1692/4183 4463/1688/4179
f 4464/1689/4180 4463/1688/4179 4468/1693/4184
f 4463/1688/4179 4467/1692/4183 4468/1693/4184
f 4464/1689/4180 4468/1693/4184 4469/1694/4185
f 4465/1690/4181 4464/1689/4180 4469/1694/4185
f 4470/1695/4186 4467/1692/4183 4466/1691/4182
f 4469/1694/4185 4468/1693/4184 4471/1696/4187
f 4468/1693/4184 4472/1697/4188 4471/1696/4187
f 4468/1693/4184 4467/1692/4183 4472/1697/4188
f 4470/1695/4186 4473/1698/4189 4467/1692/4183
f 4467/1692/4183 4474/1699/4190 4472/1697/4188
f 4467/1692/4183 4473/1698/4189 4474/1699/4190
f 4471/1696/4187 4472/1697/4188 4475/1700/4191
f 4472/1697/4188 4476/1701/4192 4475/1700/4191
f 4472/1697/4188 4474/1699/4190 4476/1701/4192
f 4473/1698/4189 4477/1702/4193 4474/1699/4190
f 4474/1699/4190 4477/1702/4193 4478/1703/4194
f 4474/1699/4190 4478/1703/4194 4476/1701/4192
f 4475/1700/4191 4476/1701/4192 4479/1704/4195
f 4476/1701/4192 4480/1705/4196 4479/1704/4195
f 4476/1701/4192 4478/1703/4194 4480/1705/4196
f 4477/1702/4193 4481/1706/4197 4478/1703/4194
f 4478/1703/4194 4481/1706/4197 4482/1707/4198
f 4478/1703/4194 4482/1707/4198 4480/1705/4196
f 4479/1704/4195 4480/1705/4196 4483/1708/4199
f 4480/1705/4196 4482/1707/4198 4484/1709/4200
f 4480/1705/4196 4484/1709/4200 4483/1708/4199
f 4475/1700/4191 4479/1704/4195 4485/1710/4201
f 4486/1711/4202 4475/1700/4191 4485/1710/4201
f 4479/1704/4195 4487/1712/4203 4485/1710/4201
f 4483/1708/4199 4484/1709/4200 4488/1713/4204
f 4489/1714/4205 4486/1711/4202 4485/1710/4201
f 4487/1712/4203 4490/1715/4206 4485/1710/4201
f 4490/1715/4206 4491/1716/4207 4485/1710/4201
f 4492/1717/4208 4489/1714/4205 4485/1710/4201
f 4491/1716/4207 4492/1717/4208 4485/1710/4201
f 4493/1713/4209 4494/1718/4210 4495/1709/4211
f 4495/1709/4211 4494/1718/4210 4496/1719/4212
f 4494/1718/4210 4497/1720/4213 4496/1719/4212
f 4495/1709/4211 4496/1719/4212 4498/1707/4214
f 4496/1719/4212 4497/1720/4213 4499/1721/4215
f 4498/1707/4214 4496/1719/4212 4500/1722/4216
f 4496/1719/4212 4499/1721/4215 4500/1722/4216
f 4497/1720/4213 4501/1700/4217 4499/1721/4215
f 4498/1707/4214 4500/1722/4216 4502/1706/4218
f 4499/1721/4215 4501/1700/4217 4503/1697/4219
f 4500/1722/4216 4499/1721/4215 4504/1723/4220
f 4499/1721/4215 4503/1697/4219 4504/1723/4220
f 4500/1722/4216 4504/1723/4220 4505/1724/4221
f 4502/1706/4218 4500/1722/4216 4505/1724/4221
f 4501/1700/4217 4506/1696/4222 4503/1697/4219
f 4503/1697/4219 4506/1696/4222 4507/1693/4223
f 4504/1723/4220 4503/1697/4219 4508/1692/4224
f 4503/1697/4219 4507/1693/4223 4508/1692/4224
f 4504/1723/4220 4508/1692/4224 4509/1725/4225
f 4505/1724/4221 4504/1723/4220 4509/1725/4225
f 4506/1696/4222 4510/1694/4226 4507/1693/4223
f 4507/1693/4223 4510/1694/4226 4511/1689/4227
f 4508/1692/4224 4507/1693/4223 4512/1688/4228
f 4507/1693/4223 4511/1689/4227 4512/1688/4228
f 4512/1688/4228 4513/1691/4229 4508/1692/4224
f 4509/1725/4225 4508/1692/4224 4514/1695/4230
f 4508/1692/4224 4513/1691/4229 4514/1695/4230
f 4510/1694/4226 4515/1726/4231 4511/1689/4227
f 4511/1689/4227 4515/1726/4231 4516/1727/4232
f 4512/1688/4228 4511/1689/4227 4517/1684/4233
f 4511/1689/4227 4516/1727/4232 4517/1684/4233
f 4517/1684/4233 4518/1687/4234 4512/1688/4228
f 4512/1688/4228 4518/1687/4234 4513/1691/4229
f 4515/1726/4231 4519/1728/4235 4516/1727/4232
f 4516/1727/4232 4519/1728/4235 4520/1729/4236
f 4517/1684/4233 4516/1727/4232 4521/1730/4237
f 4516/1727/4232 4520/1729/4236 4521/1730/4237
f 4521/1730/4237 4522/1731/4238 4517/1684/4233
f 4517/1684/4233 4522/1731/4238 4518/1687/4234
f 4521/1730/4237 4523/1732/4239 4522/1731/4238
f 4521/1730/4237 4520/1729/4236 4523/1732/4239
f 4519/1728/4235 4524/1683/4209 4520/1729/4236
f 4520/1729/4236 4524/1683/4209 4525/1680/4240
f 4520/1729/4236 4525/1680/4240 4523/1732/4239
f 4522/1731/4238 4523/1732/4239 4526/1733/4241
f 4523/1732/4239 4527/1677/4242 4526/1733/4241
f 4523/1732/4239 4525/1680/4240 4527/1677/4242
f 4526/1733/4241 4527/1677/4242 4528/1675/4218
f 4529/1734/4243 4530/1735/4244 4531/1736/4245
f 4531/1736/4245 4530/1735/4244 4532/1737/4246
f 4531/1736/4245 4532/1737/4246 4533/1738/4247
f 4533/1738/4247 4532/1737/4246 4534/1739/4248
f 4533/1738/4247 4534/1739/4248 4535/1740/4249
f 4535/1740/4249 4534/1739/4248 4536/1741/4250
f 4535/1740/4249 4536/1741/4250 4537/1742/4251
f 4537/1742/4251 4536/1741/4250 4538/1743/4252
f 4539/1744/4253 4537/1742/4251 4538/1743/4252
f 4540/1745/4254 4537/1742/4251 4539/1744/4253
f 4541/1746/4255 4540/1745/4254 4539/1744/4253
f 4542/1747/4256 4540/1745/4254 4541/1746/4255
f 4543/1748/4257 4542/1747/4256 4541/1746/4255
f 4544/1749/4258 4542/1747/4256 4543/1748/4257
f 4545/1750/4259 4544/1749/4258 4543/1748/4257
f 4546/1751/4260 4544/1749/4258 4545/1750/4259
f 4547/2200/4261 4548/2201/4262 4549/2202/4263
f 4549/2202/4263 4548/2201/4262 4550/2203/4263
f 4548/2201/4262 4551/2204/4264 4550/2203/4263
f 4550/2203/4263 4551/2204/4264 4552/2205/4263
f 4551/2204/4264 4553/2206/4265 4552/2205/4263
f 4552/2205/4263 4553/2206/4265 4554/2207/4266
f 4553/2206/4265 4555/2208/4267 4554/2207/4266
f 4554/2207/4266 4555/2208/4267 4556/2209/4266
f 4555/2208/4267 4557/2210/4268 4556/2209/4266
f 4558/2211/4269 4557/2210/4268 4555/2208/4267
f 4558/2211/4269 4559/2212/4268 4557/2210/4268
f 4560/2213/4270 4559/2212/4268 4558/2211/4269
f 4560/2213/4270 4561/2214/4271 4559/2212/4268
f 4562/2215/4272 4561/2214/4271 4560/2213/4270
f 4562/2215/4272 4563/2216/4263 4561/2214/4271
f 4564/2217/3863 4563/2216/4263 4562/2215/4272
f 4565/2218/4273 4566/2219/4274 4567/2220/4275
f 4567/2220/4275 4566/2219/4274 4568/2221/4276
f 4566/2219/4274 4569/2222/4277 4568/2221/4276
f 4567/2220/4275 4568/2221/4276 4570/2223/4278
f 4568/2221/4276 4569/2222/4277 4571/2224/4279
f 4570/2223/4278 4568/2221/4276 4572/2225/4280
f 4568/2221/4276 4571/2224/4279 4572/2225/4280
f 4573/2226/4281 4571/2224/4279 4569/2222/4277
f 4574/2227/4282 4571/2224/4279 4573/2226/4281
f 4574/2227/4282 4575/2228/4283 4571/2224/4279
f 4572/2225/4280 4571/2224/4279 4575/2228/4283
f 4570/2223/4278 4572/2225/4280 4576/2229/4284
f 4570/2223/4278 4576/2229/4284 4577/2230/4285
f 4575/2228/4283 4578/2231/4286 4572/2225/4280
f 4576/2229/4284 4572/2225/4280 4579/2232/4287
f 4572/2225/4280 4578/2231/4286 4579/2232/4287
f 4580/2233/4288 4575/2228/4283 4574/2227/4282
f 4575/2228/4283 4580/2233/4288 4581/2234/4289
f 4575/2228/4283 4581/2234/4289 4578/2231/4286
f 4573/2226/4281 4582/2235/4290 4574/2227/4282
f 4574/2227/4282 4583/2236/4291 4580/2233/4288
f 4582/2235/4290 4583/2236/4291 4574/2227/4282
f 4584/2237/4292 4582/2235/4290 4573/2226/4281
f 4581/2234/4289 4580/2233/4288 4585/2238/4293
f 4586/2239/4294 4580/2233/4288 4583/2236/4291
f 4585/2238/4293 4580/2233/4288 4586/2239/4294
f 4584/2237/4292 4587/2240/4295 4582/2235/4290
f 4582/2235/4290 4588/2241/4296 4583/2236/4291
f 4587/2240/4295 4588/2241/4296 4582/2235/4290
f 4589/2242/4297 4583/2236/4291 4588/2241/4296
f 4590/2243/4298 4583/2236/4291 4589/2242/4297
f 4586/2239/4294 4583/2236/4291 4590/2243/4298
f 4591/2244/4299 4587/2240/4295 4584/2237/4292
f 4591/2244/4299 4592/2245/4300 4587/2240/4295
f 4587/2240/4295 4593/2246/4301 4588/2241/4296
f 4592/2245/4300 4593/2246/4301 4587/2240/4295
f 4593/2246/4301 4594/2247/4302 4588/2241/4296
f 4588/2241/4296 4594/2247/4302 4589/2242/4297
f 4595/2248/4303 4592/2245/4300 4591/2244/4299
f 4595/2248/4303 4596/2249/4304 4592/2245/4300
f 4592/2245/4300 4597/2250/4305 4593/2246/4301
f 4596/2249/4304 4597/2250/4305 4592/2245/4300
f 4593/2246/4301 4597/2250/4305 4598/2251/4306
f 4593/2246/4301 4598/2251/4306 4599/2252/4307
f 4599/2252/4307 4594/2247/4302 4593/2246/4301
f 4600/2253/4308 4596/2249/4304 4595/2248/4303
f 4600/2253/4308 4601/2254/4309 4596/2249/4304
f 4596/2249/4304 4602/2255/4310 4597/2250/4305
f 4596/2249/4304 4601/2254/4309 4602/2255/4310
f 4598/2251/4306 4597/2250/4305 4603/2256/4311
f 4603/2256/4311 4597/2250/4305 4604/2257/4312
f 4597/2250/4305 4602/2255/4310 4605/2258/4313
f 4604/2257/4312 4597/2250/4305 4605/2258/4313
f 4606/2259/4314 4607/2260/4315 4608/2261/4316
f 4609/2262/4317 4607/2260/4315 4606/2259/4314
f 4606/2259/4314 4610/2263/4318 4609/2262/4317
f 4609/2262/4317 4611/2264/4319 4607/2260/4315
f 4609/2262/4317 4610/2263/4318 4612/2265/4320
f 4612/2265/4320 4613/2266/4321 4609/2262/4317
f 4614/2267/4322 4611/2264/4319 4609/2262/4317
f 4609/2262/4317 4613/2266/4321 4614/2267/4322
f 4615/2268/4323 4611/2264/4319 4614/2267/4322
f 4614/2267/4322 4613/2266/4321 4615/2268/4323
f 4616/2269/4324 4611/2264/4319 4615/2268/4323
f 4615/2268/4323 4613/2266/4321 4617/2270/4325
f 4617/2270/4325 4618/2271/4326 4615/2268/4323
f 4615/2268/4323 4619/2272/4327 4616/2269/4324
f 4615/2268/4323 4618/2271/4326 4619/2272/4327
f 4619/2272/4327 4620/2273/4328 4616/2269/4324
f 4621/2274/4329 4620/2273/4328 4619/2272/4327
f 4619/2272/4327 4618/2271/4326 4621/2274/4329
f 4621/2274/4329 4618/2271/4326 4622/2275/4330
f 4620/2273/4328 4621/2274/4329 4623/2276/4331
f 4622/2275/4330 4624/2277/4332 4621/2274/4329
f 4623/2276/4331 4621/2274/4329 4625/2278/4333
f 4621/2274/4329 4624/2277/4332 4625/2278/4333
f 4624/2277/4332 4626/2279/4334 4625/2278/4333
f 4623/2276/4331 4625/2278/4333 4627/2280/4335
f 4625/2278/4333 4626/2279/4334 4627/2280/4335
f 4623/2276/4331 4627/2280/4335 4628/2281/4336
f 4626/2279/4334 4629/2282/4337 4627/2280/4335
f 4630/2397/4338 4631/2398/4339 4632/2399/4340
f 4633/2400/4341 4630/2397/4338 4632/2399/4340
f 4632/2399/4340 4631/2398/4339 4634/2401/4342
f 4630/2397/4338 4635/2402/4343 4631/2398/4339
f 4636/2403/4344 4635/2402/4343 4630/2397/4338
f 4637/2404/4345 4636/2403/4344 4630/2397/4338
f 4637/2404/4345 4630/2397/4338 4633/2400/4341
f 4635/2402/4343 4638/2405/4346 4631/2398/4339
f 4631/2398/4339 4639/2406/4347 4634/2401/4342
f 4631/2398/4339 4638/2405/4346 4639/2406/4347
f 4640/2407/4348 4637/2404/4345 4633/2400/4341
f 4634/2401/4342 4639/2406/4347 4641/2408/4349
f 4635/2402/4343 4642/2409/3738 4638/2405/4346
f 4643/2410/4350 4642/2409/3738 4635/2402/4343
f 4636/2403/4344 4643/2410/4350 4635/2402/4343
f 4644/2411/4351 4636/2403/4344 4637/2404/4345
f 4644/2411/4351 4645/2412/4352 4636/2403/4344
f 4645/2412/4352 4643/2410/4350 4636/2403/4344
f 4646/2413/4353 4644/2411/4351 4637/2404/4345
f 4646/2413/4353 4637/2404/4345 4640/2407/4348
f 4638/2405/4346 4647/2414/4354 4639/2406/4347
f 4638/2405/4346 4648/2415/4355 4647/2414/4354
f 4642/2409/3738 4648/2415/4355 4638/2405/4346
f 4639/2406/4347 4647/2414/4354 4649/2416/4356
f 4639/2406/4347 4649/2416/4356 4641/2408/4349
f 4650/2417/4357 4646/2413/4353 4640/2407/4348
f 4641/2408/4349 4649/2416/4356 4651/2418/4358
f 4652/2419/4359 4644/2411/4351 4646/2413/4353
f 4653/2420/4360 4645/2412/4352 4644/2411/4351
f 4652/2419/4359 4653/2420/4360 4644/2411/4351
f 4654/2421/4361 4652/2419/4359 4646/2413/4353
f 4654/2421/4361 4646/2413/4353 4650/2417/4357
f 4647/2414/4354 4655/2422/4362 4649/2416/4356
f 4647/2414/4354 4656/2423/4363 4655/2422/4362
f 4648/2415/4355 4656/2423/4363 4647/2414/4354
f 4649/2416/4356 4655/2422/4362 4657/2424/4364
f 4649/2416/4356 4657/2424/4364 4651/2418/4358
f 4658/2425/4365 4654/2421/4361 4650/2417/4357
f 4651/2418/4358 4657/2424/4364 4659/2426/4366
f 4660/2427/4367 4652/2419/4359 4654/2421/4361
f 4660/2427/4367 4661/2428/4368 4652/2419/4359
f 4661/2428/4368 4653/2420/4360 4652/2419/4359
f 4662/2429/4369 4660/2427/4367 4654/2421/4361
f 4662/2429/4369 4654/2421/4361 4658/2425/4365
f 4655/2422/4362 4663/2430/4370 4657/2424/4364
f 4655/2422/4362 4664/2431/4371 4663/2430/4370
f 4656/2423/4363 4664/2431/4371 4655/2422/4362
f 4657/2424/4364 4663/2430/4370 4665/2432/4372
f 4657/2424/4364 4665/2432/4372 4659/2426/4366
f 4666/2433/4373 4662/2429/4369 4658/2425/4365
f 4659/2426/4366 4665/2432/4372 4667/2434/4374
f 4668/2435/4375 4660/2427/4367 4662/2429/4369
f 4668/2435/4375 4669/2436/4376 4660/2427/4367
f 4669/2436/4376 4661/2428/4368 4660/2427/4367
f 4670/2437/4377 4668/2435/4375 4662/2429/4369
f 4670/2437/4377 4662/2429/4369 4666/2433/4373
f 4663/2430/4370 4671/2438/4378 4665/2432/4372
f 4663/2430/4370 4672/2439/3753 4671/2438/4378
f 4664/2431/4371 4672/2439/3753 4663/2430/4370
f 4665/2432/4372 4671/2438/4378 4673/2440/4379
f 4665/2432/4372 4673/2440/4379 4667/2434/4374
f 4673/2440/4379 4674/2441/4380 4670/2437/4377
f 4674/2441/4380 4668/2435/4375 4670/2437/4377
f 4675/2442/4381 4670/2437/4377 4666/2433/4373
f 4673/2440/4379 4670/2437/4377 4675/2442/4381
f 4667/2434/4374 4673/2440/4379 4675/2442/4381
f 4671/2438/4378 4674/2441/4380 4673/2440/4379
f 4671/2438/4378 4676/2443/3715 4674/2441/4380
f 4672/2439/3753 4676/2443/3715 4671/2438/4378
f 4677/2444/4382 4669/2436/4376 4668/2435/4375
f 4674/2441/4380 4677/2444/4382 4668/2435/4375
f 4676/2443/3715 4677/2444/4382 4674/2441/4380
f 4678/2445/4383 4679/2446/4384 4680/2447/4385
f 4681/2448/4386 4678/2445/4383 4680/2447/4385
f 4682/2449/4387 4678/2445/4383 4681/2448/4386
f 4680/2447/4385 4679/2446/4384 4683/2450/4388
f 4679/2446/4384 4684/2451/4389 4683/2450/4388
f 4680/2447/4385 4683/2450/4388 4685/2452/4390
f 4686/2453/4391 4680/2447/4385 4685/2452/4390
f 4681/2448/4386 4680/2447/4385 4686/2453/4391
f 4687/2454/4392 4682/2449/4387 4681/2448/4386
f 4688/2455/4393 4681/2448/4386 4686/2453/4391
f 4687/2454/4392 4681/2448/4386 4688/2455/4393
f 4689/2456/4394 4682/2449/4387 4687/2454/4392
f 4683/2450/4388 4684/2451/4389 4690/2457/4395
f 4683/2450/4388 4690/2457/4395 4691/2458/4396
f 4685/2452/4390 4683/2450/4388 4691/2458/4396
f 4684/2451/4389 4692/2459/4397 4690/2457/4395
f 4685/2452/4390 4691/2458/4396 4693/2460/4398
f 4694/2461/4399 4685/2452/4390 4693/2460/4398
f 4686/2453/4391 4685/2452/4390 4694/2461/4399
f 4688/2455/4393 4686/2453/4391 4695/2462/4400
f 4695/2462/4400 4686/2453/4391 4694/2461/4399
f 4696/2463/4401 4689/2456/4394 4687/2454/4392
f 4697/2464/4402 4687/2454/4392 4688/2455/4393
f 4696/2463/4401 4687/2454/4392 4697/2464/4402
f 4697/2464/4402 4688/2455/4393 4698/2465/4403
f 4698/2465/4403 4688/2455/4393 4695/2462/4400
f 4695/2462/4400 4694/2461/4399 4699/2466/4404
f 4694/2461/4399 4693/2460/4398 4699/2466/4404
f 4698/2465/4403 4695/2462/4400 4699/2466/4404
f 4693/2460/4398 4691/2458/4396 4700/2467/4405
f 4693/2460/4398 4700/2467/4405 4699/2466/4404
f 4691/2458/4396 4690/2457/4395 4701/2468/4406
f 4691/2458/4396 4701/2468/4406 4700/2467/4405
f 4690/2457/4395 4692/2459/4397 4702/2469/4407
f 4690/2457/4395 4702/2469/4407 4701/2468/4406
f 4692/2459/4397 4703/2470/4408 4702/2469/4407
f 4704/2471/4409 4697/2464/4402 4698/2465/4403
f 4704/2471/4409 4698/2465/4403 4699/2466/4404
f 4705/2472/4410 4696/2463/4401 4697/2464/4402
f 4705/2472/4410 4697/2464/4402 4704/2471/4409
f 4700/2467/4405 4701/2468/4406 4706/2473/4411
f 4700/2467/4405 4706/2473/4411 4699/2466/4404
f 4701/2468/4406 4702/2469/4407 4707/2474/4412
f 4701/2468/4406 4707/2474/4412 4706/2473/4411
f 4702/2469/4407 4703/2470/4408 4708/2475/4413
f 4702/2469/4407 4708/2475/4413 4707/2474/4412
f 4709/2476/4414 4705/2472/4410 4704/2471/4409
f 4709/2476/4414 4704/2471/4409 4699/2466/4404
f 4706/2473/4411 4707/2474/4412 4710/2477/4415
f 4706/2473/4411 4710/2477/4415 4699/2466/4404
f 4707/2474/4412 4708/2475/4413 4711/2478/4416
f 4707/2474/4412 4711/2478/4416 4710/2477/4415
f 4703/2470/4408 4712/2479/4417 4708/2475/4413
f 4708/2475/4413 4712/2479/4417 4713/2480/4418
f 4708/2475/4413 4713/2480/4418 4711/2478/4416
f 4711/2478/4416 4713/2480/4418 4714/2481/4419
f 4711/2478/4416 4714/2481/4419 4715/2482/4420
f 4710/2477/4415 4711/2478/4416 4715/2482/4420
f 4710/2477/4415 4715/2482/4420 4699/2466/4404
f 4716/2483/4421 4705/2472/4410 4709/2476/4414
f 4717/2484/4422 4716/2483/4421 4709/2476/4414
f 4717/2484/4422 4709/2476/4414 4699/2466/4404
f 4715/2482/4420 4714/2481/4419 4718/2485/4423
f 4715/2482/4420 4718/2485/4423 4699/2466/4404
f 4718/2485/4423 4717/2484/4422 4699/2466/4404
f 4712/2479/4417 4719/2486/4424 4713/2480/4418
f 4713/2480/4418 4719/2486/4424 4720/2487/4425
f 4713/2480/4418 4720/2487/4425 4714/2481/4419
f 4714/2481/4419 4720/2487/4425 4721/2488/4426
f 4714/2481/4419 4721/2488/4426 4718/2485/4423
f 4718/2485/4423 4721/2488/4426 4717/2484/4422
f 4721/2488/4426 4716/2483/4421 4717/2484/4422
f 4720/2487/4425 4722/2489/4427 4721/2488/4426
f 4721/2488/4426 4722/2489/4427 4716/2483/4421
f 4719/2486/4424 4723/2490/4428 4720/2487/4425
f 4720/2487/4425 4723/2490/4428 4722/2489/4427
f 4722/2489/4427 4724/2491/4429 4716/2483/4421
f 4716/2483/4421 4724/2491/4429 4705/2472/4410
f 4723/2490/4428 4725/2492/4430 4722/2489/4427
f 4722/2489/4427 4725/2492/4430 4724/2491/4429
f 4725/2492/4430 4726/2493/4431 4724/2491/4429
f 4724/2491/4429 4696/2463/4401 4705/2472/4410
f 4724/2491/4429 4726/2493/4431 4696/2463/4401
f 4726/2493/4431 4689/2456/4394 4696/2463/4401
f 4627/2280/4335 4629/2282/4337 4727/2283/4432
f 4628/2281/4336 4627/2280/4335 4727/2283/4432
f 4727/2283/4432 4728/2284/4433 4628/2281/4336
f 4729/2285/4434 4728/2284/4433 4727/2283/4432
f 4727/2283/4432 4629/2282/4337 4729/2285/4434
f 4729/2285/4434 4629/2282/4337 4730/2286/4435
f 4729/2285/4434 4731/2287/4436 4728/2284/4433
f 4730/2286/4435 4732/2288/4437 4729/2285/4434
f 4733/2289/4438 4731/2287/4436 4729/2285/4434
f 4729/2285/4434 4732/2288/4437 4733/2289/4438
f 4734/2290/4439 4731/2287/4436 4733/2289/4438
f 4733/2289/4438 4732/2288/4437 4734/2290/4439
f 4735/2291/4440 4731/2287/4436 4734/2290/4439
f 4734/2290/4439 4732/2288/4437 4736/2292/4441
f 4734/2290/4439 4736/2292/4441 4737/2293/4442
f 4734/2290/4439 4737/2293/4442 4735/2291/4440
f 4737/2293/4442 4738/2294/4443 4735/2291/4440
f 4737/2293/4442 4736/2292/4441 4739/2295/4444
f 4740/2296/4445 4738/2294/4443 4737/2293/4442
f 4737/2293/4442 4739/2295/4444 4740/2296/4445
f 4740/2296/4445 4739/2295/4444 4741/2297/4446
f 4740/2296/4445 4741/2297/4446 4742/2298/4447
f 4740/2296/4445 4742/2298/4447 4738/2294/4443
f 4738/2294/4443 4742/2298/4447 4743/2299/4448
f 4742/2298/4447 4741/2297/4446 4744/2300/4449
f 4745/2301/4450 4743/2299/4448 4742/2298/4447
f 4742/2298/4447 4744/2300/4449 4745/2301/4450
f 4746/2302/4316 4743/2299/4448 4745/2301/4450
f 4745/2301/4450 4744/2300/4449 4747/2303/4451
f 4745/2301/4450 4747/2303/4451 4748/2304/4452
f 4745/2301/4450 4748/2304/4452 4746/2302/4316
f 4748/2304/4452 4747/2303/4451 4749/2305/4453
f 4750/2306/4454 4751/2307/4455 4752/2308/4456
f 4752/2308/4456 4751/2307/4455 4753/2309/4457
f 4753/2309/4457 4751/2307/4455 4754/2310/4458
f 4754/2310/4458 4755/2311/4459 4753/2309/4457
f 4753/2309/4457 4755/2311/4459 4756/2312/4460
f 4756/2312/4460 4755/2311/4459 4757/2313/4461
f 4757/2313/4461 4758/2314/4462 4756/2312/4460
f 4759/2315/4463 4758/2314/4462 4757/2313/4461
f 4759/2315/4463 4760/2316/4464 4758/2314/4462
f 4758/2314/4462 4760/2316/4464 4761/2317/4465
f 4760/2316/4464 4762/2318/4466 4761/2317/4465
f 4761/2317/4465 4762/2318/4466 4763/2319/4467
f 4763/2319/4467 4762/2318/4466 4764/2320/4468
f 4764/2320/4468 4765/2321/4469 4763/2319/4467
f 4763/2319/4467 4765/2321/4469 4766/2322/4470
f 4766/2322/4470 4765/2321/4469 4767/2323/4471
f 4767/2323/4471 4768/2324/4472 4766/2322/4470
f 4766/2322/4470 4768/2324/4472 4769/2325/4473
f 4769/2325/4473 4768/2324/4472 4770/2326/4474
f 4770/2326/4474 4771/2327/4475 4769/2325/4473
f 4772/2328/4476 4771/2327/4475 4770/2326/4474
f 4772/2328/4476 4773/2329/4477 4771/2327/4475
f 4771/2327/4475 4773/2329/4477 4774/2330/4478
f 4773/2329/4477 4775/2331/4479 4774/2330/4478
f 4774/2330/4478 4775/2331/4479 4776/2332/4480
f 4776/2332/4480 4775/2331/4479 4777/2333/4481
f 4777/2333/4481 4778/2334/4482 4776/2332/4480
f 4776/2332/4480 4778/2334/4482 4779/2335/4483
f 4779/2335/4483 4778/2334/4482 4780/2336/4484
f 4780/2336/4484 4781/2337/4485 4779/2335/4483
f 4782/2338/4486 4781/2337/4485 4780/2336/4484
f 4782/2338/4486 4783/2339/4487 4781/2337/4485
f 4781/2337/4485 4783/2339/4487 4784/2340/4488
f 4785/2341/4489 4786/2342/4490 4787/2343/4491
f 4785/2341/4489 4788/2344/4492 4786/2342/4490
f 4788/2344/4492 4789/2345/4493 4786/2342/4490
f 4786/2342/4490 4789/2345/4493 4790/2346/4494
f 4789/2345/4493 4791/2347/4495 4790/2346/4494
f 4792/2348/4496 4791/2347/4495 4789/2345/4493
f 4789/2345/4493 4793/2349/4497 4792/2348/4496
f 4794/2350/4498 4793/2349/4497 4789/2345/4493
f 4794/2350/4498 4789/2345/4493 4788/2344/4492
f 4795/2351/4499 4788/2344/4492 4785/2341/4489
f 4796/2352/4500 4795/2351/4499 4785/2341/4489
f 4796/2352/4500 4785/2341/4489 4797/2353/4501
f 4793/2349/4497 4798/2354/4502 4792/2348/4496
f 4799/2355/3842 4795/2351/4499 4796/2352/4500
f 4792/2348/4496 4798/2354/4502 4800/2356/4503
f 4800/2356/4503 4801/2357/4504 4792/2348/4496
f 4798/2354/4502 4802/2358/4505 4800/2356/4503
f 4800/2356/4503 4802/2358/4505 4803/2359/4506
f 4800/2356/4503 4803/2359/4506 4801/2357/4504
f 4804/2360/4507 4799/2355/3842 4796/2352/4500
f 4804/2360/4507 4796/2352/4500 4805/2361/4508
f 4806/2362/4509 4799/2355/3842 4804/2360/4507
f 4801/2357/4504 4803/2359/4506 4807/2363/4510
f 4802/2358/4505 4808/2364/4511 4803/2359/4506
f 4803/2359/4506 4808/2364/4511 4809/2365/4512
f 4803/2359/4506 4809/2365/4512 4807/2363/4510
f 4806/2362/4509 4804/2360/4507 4810/2366/3618
f 4804/2360/4507 4805/2361/4508 4811/2367/4513
f 4810/2366/3618 4804/2360/4507 4811/2367/4513
f 4809/2365/4512 4812/2368/4514 4807/2363/4510
f 4808/2364/4511 4813/2369/4515 4809/2365/4512
f 4809/2365/4512 4813/2369/4515 4814/2370/4516
f 4814/2370/4516 4812/2368/4514 4809/2365/4512
f 4810/2366/3618 4811/2367/4513 4815/2371/4517
f 4814/2370/4516 4816/2372/4518 4812/2368/4514
f 4813/2369/4515 4817/2373/4519 4814/2370/4516
f 4814/2370/4516 4817/2373/4519 4818/2374/4520
f 4818/2374/4520 4816/2372/4518 4814/2370/4516
f 4817/2373/4519 4819/2375/4521 4818/2374/4520
f 4818/2374/4520 4819/2375/4521 4816/2372/4518
f 4815/2371/4517 4811/2367/4513 4820/2376/4522
f 4811/2367/4513 4821/2377/4321 4820/2376/4522
f 4822/2378/4523 4819/2375/4521 4817/2373/4519
f 4823/2379/4524 4815/2371/4517 4820/2376/4522
f 4824/2380/4525 4815/2371/4517 4823/2379/4524
f 4820/2376/4522 4825/2381/4526 4823/2379/4524
f 4822/2378/4523 4826/2382/4527 4819/2375/4521
f 4819/2375/4521 4826/2382/4527 4827/2383/4528
f 4819/2375/4521 4827/2383/4528 4828/2384/4529
f 4826/2382/4527 4829/2385/4530 4827/2383/4528
f 4830/2386/4531 4824/2380/4525 4823/2379/4524
f 4830/2386/4531 4823/2379/4524 4831/2387/4532
f 4832/2388/4533 4824/2380/4525 4830/2386/4531
f 4833/2389/4534 4832/2388/4533 4830/2386/4531
f 4834/2390/4535 4830/2386/4531 4831/2387/4532
f 4833/2389/4534 4830/2386/4531 4834/2390/4535
f 4827/2383/4528 4829/2385/4530 4835/2391/4536
f 4835/2391/4536 4836/2392/4537 4827/2383/4528
f 4829/2385/4530 4837/2393/4538 4835/2391/4536
f 4838/2394/4539 4832/2388/4533 4833/2389/4534
f 4835/2391/4536 4837/2393/4538 4839/2395/4540
f 4837/2393/4538 4838/2394/4539 4839/2395/4540
f 4839/2395/4540 4838/2394/4539 4833/2389/4534
f 4839/2395/4540 4833/2389/4534 4840/2396/4541
f 4839/2395/4540 4840/2396/4541 4835/2391/4536
f 4841/2353/4542 4842/2341/4543 4843/2343/4544
f 4844/2361/4508 4845/2352/4545 4841/2353/4326
f 4846/2367/4546 4844/2361/4547 4847/2377/4548
f 4848/2376/4549 4847/2377/4550 4849/2381/4551
f 4850/2379/4552 4849/2381/4553 4851/2387/4554
f 4852/2396/4555 4853/2389/4556 4854/2390/4557
f 4855/2391/4558 4852/2396/4559 4856/2392/4560
f 4857/2383/4561 4856/2392/4562 4858/2384/4563
f 4859/2372/4564 4860/2375/4565 4858/2384/4529
f 4861/2348/4566 4862/2357/4567 4863/2347/4568
f 4864/1752/4569 4865/1753/4570 4866/1754/4571
f 4866/1754/4571 4865/1753/4570 4867/1755/4572
f 4865/1753/4570 4868/1756/4573 4867/1755/4572
f 4869/1757/4574 4866/1754/4571 4867/1755/4572
f 4870/1758/4575 4866/1754/4571 4869/1757/4574
f 4867/1755/4572 4868/1756/4573 4871/1759/4576
f 4872/1760/4577 4867/1755/4572 4871/1759/4576
f 4869/1757/4574 4867/1755/4572 4872/1760/4577
f 4873/1761/4578 4870/1758/4575 4869/1757/4574
f 4869/1757/4574 4874/1762/4579 4873/1761/4578
f 4872/1760/4577 4874/1762/4579 4869/1757/4574
f 4875/1763/4580 4870/1758/4575 4873/1761/4578
f 4871/1759/4576 4868/1756/4573 4876/1764/4581
f 4877/1765/4582 4871/1759/4576 4876/1764/4581
f 4872/1760/4577 4871/1759/4576 4877/1765/4582
f 4877/1765/4582 4878/1766/4583 4872/1760/4577
f 4872/1760/4577 4878/1766/4583 4874/1762/4579
f 4876/1764/4581 4868/1756/4573 4879/1767/4584
f 4880/1768/4585 4873/1761/4578 4874/1762/4579
f 4874/1762/4579 4878/1766/4583 4880/1768/4585
f 4881/1769/4586 4875/1763/4580 4873/1761/4578
f 4881/1769/4586 4873/1761/4578 4880/1768/4585
f 4882/1770/4587 4875/1763/4580 4881/1769/4586
f 4879/1767/4584 4883/1771/4588 4876/1764/4581
f 4876/1764/4581 4884/1772/4589 4877/1765/4582
f 4876/1764/4581 4883/1771/4588 4884/1772/4589
f 4877/1765/4582 4884/1772/4589 4885/1773/4590
f 4886/1774/4591 4877/1765/4582 4885/1773/4590
f 4878/1766/4583 4877/1765/4582 4886/1774/4591
f 4880/1768/4585 4878/1766/4583 4887/1775/4592
f 4888/1776/4593 4878/1766/4583 4886/1774/4591
f 4887/1775/4592 4878/1766/4583 4888/1776/4593
f 4889/1777/4594 4881/1769/4586 4880/1768/4585
f 4880/1768/4585 4887/1775/4592 4889/1777/4594
f 4890/1778/4595 4882/1770/4587 4881/1769/4586
f 4890/1778/4595 4881/1769/4586 4889/1777/4594
f 4891/1779/4596 4882/1770/4587 4890/1778/4595
f 4889/1777/4594 4887/1775/4592 4892/1780/4597
f 4893/1781/4598 4887/1775/4592 4888/1776/4593
f 4892/1780/4597 4887/1775/4592 4893/1781/4598
f 4890/1778/4595 4889/1777/4594 4894/1782/4599
f 4889/1777/4594 4892/1780/4597 4895/1783/4600
f 4894/1782/4599 4889/1777/4594 4895/1783/4600
f 4891/1779/4596 4890/1778/4595 4896/1784/4601
f 4896/1784/4601 4890/1778/4595 4894/1782/4599
f 4895/1783/4600 4892/1780/4597 4897/1785/4602
f 4898/1786/4603 4892/1780/4597 4893/1781/4598
f 4897/1785/4602 4892/1780/4597 4898/1786/4603
f 4896/1784/4601 4894/1782/4599 4899/1787/4604
f 4894/1782/4599 4895/1783/4600 4900/1788/4605
f 4899/1787/4604 4894/1782/4599 4900/1788/4605
f 4900/1788/4605 4895/1783/4600 4901/1789/4606
f 4895/1783/4600 4897/1785/4602 4901/1789/4606
f 4901/1789/4606 4897/1785/4602 4902/1790/4607
f 4897/1785/4602 4898/1786/4603 4902/1790/4607
f 4902/1790/4607 4898/1786/4603 4903/1791/4608
f 4904/1792/4609 4901/1789/4606 4902/1790/4607
f 4902/1790/4607 4903/1791/4608 4904/1792/4609
f 4899/1787/4604 4900/1788/4605 4905/1793/4610
f 4905/1793/4610 4900/1788/4605 4906/1794/4570
f 4900/1788/4605 4901/1789/4606 4906/1794/4570
f 4906/1794/4570 4901/1789/4606 4907/1795/4611
f 4907/1795/4611 4901/1789/4606 4904/1792/4609
f 4904/1792/4609 4903/1791/4608 4908/1796/4612
f 4909/2397/4613 4910/2398/4614 4911/2399/4615
f 4912/2400/4616 4909/2397/4613 4911/2399/4615
f 4911/2399/4615 4910/2398/4614 4913/2401/4617
f 4909/2397/4613 4914/2402/4618 4910/2398/4614
f 4915/2403/4619 4914/2402/4618 4909/2397/4613
f 4916/2404/4620 4915/2403/4619 4909/2397/4613
f 4916/2404/4620 4909/2397/4613 4912/2400/4616
f 4914/2402/4618 4917/2405/4621 4910/2398/4614
f 4910/2398/4614 4918/2406/4622 4913/2401/4617
f 4910/2398/4614 4917/2405/4621 4918/2406/4622
f 4919/2407/4623 4916/2404/4620 4912/2400/4616
f 4913/2401/4617 4918/2406/4622 4920/2408/4624
f 4914/2402/4618 4921/2409/4433 4917/2405/4621
f 4922/2410/4336 4921/2409/4433 4914/2402/4618
f 4915/2403/4619 4922/2410/4336 4914/2402/4618
f 4923/2411/4625 4915/2403/4619 4916/2404/4620
f 4923/2411/4625 4924/2412/4626 4915/2403/4619
f 4924/2412/4626 4922/2410/4336 4915/2403/4619
f 4925/2413/4627 4923/2411/4625 4916/2404/4620
f 4925/2413/4627 4916/2404/4620 4919/2407/4623
f 4917/2405/4621 4926/2414/4628 4918/2406/4622
f 4917/2405/4621 4927/2415/4436 4926/2414/4628
f 4921/2409/4433 4927/2415/4436 4917/2405/4621
f 4918/2406/4622 4926/2414/4628 4928/2416/4629
f 4918/2406/4622 4928/2416/4629 4920/2408/4624
f 4929/2417/4630 4925/2413/4627 4919/2407/4623
f 4920/2408/4624 4928/2416/4629 4930/2418/4631
f 4931/2419/4632 4923/2411/4625 4925/2413/4627
f 4932/2420/4633 4924/2412/4626 4923/2411/4625
f 4931/2419/4632 4932/2420/4633 4923/2411/4625
f 4933/2421/4634 4931/2419/4632 4925/2413/4627
f 4933/2421/4634 4925/2413/4627 4929/2417/4630
f 4926/2414/4628 4934/2422/4635 4928/2416/4629
f 4926/2414/4628 4935/2423/4440 4934/2422/4635
f 4927/2415/4436 4935/2423/4440 4926/2414/4628
f 4928/2416/4629 4934/2422/4635 4936/2424/4636
f 4928/2416/4629 4936/2424/4636 4930/2418/4631
f 4937/2425/4637 4933/2421/4634 4929/2417/4630
f 4930/2418/4631 4936/2424/4636 4938/2426/4638
f 4939/2427/4639 4931/2419/4632 4933/2421/4634
f 4939/2427/4639 4940/2428/4640 4931/2419/4632
f 4940/2428/4640 4932/2420/4633 4931/2419/4632
f 4941/2429/4641 4939/2427/4639 4933/2421/4634
f 4941/2429/4641 4933/2421/4634 4937/2425/4637
f 4934/2422/4635 4942/2430/4642 4936/2424/4636
f 4934/2422/4635 4943/2431/4643 4942/2430/4642
f 4935/2423/4440 4943/2431/4643 4934/2422/4635
f 4936/2424/4636 4942/2430/4642 4944/2432/4644
f 4936/2424/4636 4944/2432/4644 4938/2426/4638
f 4945/2433/4645 4941/2429/4641 4937/2425/4637
f 4938/2426/4638 4944/2432/4644 4946/2434/4646
f 4947/2435/4647 4939/2427/4639 4941/2429/4641
f 4947/2435/4647 4948/2436/4648 4939/2427/4639
f 4948/2436/4648 4940/2428/4640 4939/2427/4639
f 4949/2437/4649 4947/2435/4647 4941/2429/4641
f 4949/2437/4649 4941/2429/4641 4945/2433/4645
f 4942/2430/4642 4950/2438/4650 4944/2432/4644
f 4942/2430/4642 4951/2439/4448 4950/2438/4650
f 4943/2431/4643 4951/2439/4448 4942/2430/4642
f 4944/2432/4644 4950/2438/4650 4952/2440/4651
f 4944/2432/4644 4952/2440/4651 4946/2434/4646
f 4952/2440/4651 4953/2441/4652 4949/2437/4649
f 4953/2441/4652 4947/2435/4647 4949/2437/4649
f 4954/2442/4653 4949/2437/4649 4945/2433/4645
f 4952/2440/4651 4949/2437/4649 4954/2442/4653
f 4946/2434/4646 4952/2440/4651 4954/2442/4653
f 4950/2438/4650 4953/2441/4652 4952/2440/4651
f 4950/2438/4650 4955/2443/4316 4953/2441/4652
f 4951/2439/4448 4955/2443/4316 4950/2438/4650
f 4956/2444/4654 4948/2436/4648 4947/2435/4647
f 4953/2441/4652 4956/2444/4654 4947/2435/4647
f 4955/2443/4316 4956/2444/4654 4953/2441/4652
f 4957/2445/4655 4958/2446/4656 4959/2447/4657
f 4960/2448/4658 4957/2445/4655 4959/2447/4657
f 4961/2449/4659 4957/2445/4655 4960/2448/4658
f 4959/2447/4657 4958/2446/4656 4962/2450/4660
f 4958/2446/4656 4963/2451/4661 4962/2450/4660
f 4959/2447/4657 4962/2450/4660 4964/2452/4662
f 4965/2453/4663 4959/2447/4657 4964/2452/4662
f 4960/2448/4658 4959/2447/4657 4965/2453/4663
f 4966/2454/4664 4961/2449/4659 4960/2448/4658
f 4967/2455/4665 4960/2448/4658 4965/2453/4663
f 4966/2454/4664 4960/2448/4658 4967/2455/4665
f 4968/2456/4666 4961/2449/4659 4966/2454/4664
f 4962/2450/4660 4963/2451/4661 4969/2457/4667
f 4962/2450/4660 4969/2457/4667 4970/2458/4668
f 4964/2452/4662 4962/2450/4660 4970/2458/4668
f 4963/2451/4661 4971/2459/4669 4969/2457/4667
f 4964/2452/4662 4970/2458/4668 4972/2460/4670
f 4973/2461/4671 4964/2452/4662 4972/2460/4670
f 4965/2453/4663 4964/2452/4662 4973/2461/4671
f 4967/2455/4665 4965/2453/4663 4974/2462/4672
f 4974/2462/4672 4965/2453/4663 4973/2461/4671
f 4975/2463/4673 4968/2456/4666 4966/2454/4664
f 4976/2464/4674 4966/2454/4664 4967/2455/4665
f 4975/2463/4673 4966/2454/4664 4976/2464/4674
f 4976/2464/4674 4967/2455/4665 4977/2465/4675
f 4977/2465/4675 4967/2455/4665 4974/2462/4672
f 4974/2462/4672 4973/2461/4671 4978/2466/4676
f 4973/2461/4671 4972/2460/4670 4978/2466/4676
f 4977/2465/4675 4974/2462/4672 4978/2466/4676
f 4972/2460/4670 4970/2458/4668 4979/2467/4677
f 4972/2460/4670 4979/2467/4677 4978/2466/4676
f 4970/2458/4668 4969/2457/4667 4980/2468/4678
f 4970/2458/4668 4980/2468/4678 4979/2467/4677
f 4969/2457/4667 4971/2459/4669 4981/2469/4679
f 4969/2457/4667 4981/2469/4679 4980/2468/4678
f 4971/2459/4669 4982/2470/4680 4981/2469/4679
f 4983/2471/4681 4976/2464/4674 4977/2465/4675
f 4983/2471/4681 4977/2465/4675 4978/2466/4676
f 4984/2472/4682 4975/2463/4673 4976/2464/4674
f 4984/2472/4682 4976/2464/4674 4983/2471/4681
f 4979/2467/4677 4980/2468/4678 4985/2473/4683
f 4979/2467/4677 4985/2473/4683 4978/2466/4676
f 4980/2468/4678 4981/2469/4679 4986/2474/4684
f 4980/2468/4678 4986/2474/4684 4985/2473/4683
f 4981/2469/4679 4982/2470/4680 4987/2475/4685
f 4981/2469/4679 4987/2475/4685 4986/2474/4684
f 4988/2476/4686 4984/2472/4682 4983/2471/4681
f 4988/2476/4686 4983/2471/4681 4978/2466/4676
f 4985/2473/4683 4986/2474/4684 4989/2477/4687
f 4985/2473/4683 4989/2477/4687 4978/2466/4676
f 4986/2474/4684 4987/2475/4685 4990/2478/4688
f 4986/2474/4684 4990/2478/4688 4989/2477/4687
f 4982/2470/4680 4991/2479/4689 4987/2475/4685
f 4987/2475/4685 4991/2479/4689 4992/2480/4690
f 4987/2475/4685 4992/2480/4690 4990/2478/4688
f 4990/2478/4688 4992/2480/4690 4993/2481/4691
f 4990/2478/4688 4993/2481/4691 4994/2482/4692
f 4989/2477/4687 4990/2478/4688 4994/2482/4692
f 4989/2477/4687 4994/2482/4692 4978/2466/4676
f 4995/2483/4693 4984/2472/4682 4988/2476/4686
f 4996/2484/4694 4995/2483/4693 4988/2476/4686
f 4996/2484/4694 4988/2476/4686 4978/2466/4676
f 4994/2482/4692 4993/2481/4691 4997/2485/4695
f 4994/2482/4692 4997/2485/4695 4978/2466/4676
f 4997/2485/4695 4996/2484/4694 4978/2466/4676
f 4991/2479/4689 4998/2486/4696 4992/2480/4690
f 4992/2480/4690 4998/2486/4696 4999/2487/4697
f 4992/2480/4690 4999/2487/4697 4993/2481/4691
f 4993/2481/4691 4999/2487/4697 5000/2488/4698
f 4993/2481/4691 5000/2488/4698 4997/2485/4695
f 4997/2485/4695 5000/2488/4698 4996/2484/4694
f 5000/2488/4698 4995/2483/4693 4996/2484/4694
f 4999/2487/4697 5001/2489/4699 5000/2488/4698
f 5000/2488/4698 5001/2489/4699 4995/2483/4693
f 4998/2486/4696 5002/2490/4700 4999/2487/4697
f 4999/2487/4697 5002/2490/4700 5001/2489/4699
f 5001/2489/4699 5003/2491/4701 4995/2483/4693
f 4995/2483/4693 5003/2491/4701 4984/2472/4682
f 5002/2490/4700 5004/2492/4702 5001/2489/4699
f 5001/2489/4699 5004/2492/4702 5003/2491/4701
f 5004/2492/4702 5005/2493/4703 5003/2491/4701
f 5003/2491/4701 4975/2463/4673 4984/2472/4682
f 5003/2491/4701 5005/2493/4703 4975/2463/4673
f 5005/2493/4703 4968/2456/4666 4975/2463/4673
f 5006/2115/4704 5007/2116/4705 5008/2117/4706
f 5006/2115/4704 5009/2118/4707 5007/2116/4705
f 5008/2117/4706 5007/2116/4705 5010/2119/4708
f 5011/2120/4709 5008/2117/4706 5010/2119/4708
f 5012/2121/4710 5008/2117/4706 5011/2120/4709
f 5010/2119/4708 5007/2116/4705 5013/2122/4711
f 5013/2122/4711 5011/2120/4709 5010/2119/4708
f 5007/2116/4705 5009/2118/4707 5014/2123/4712
f 5013/2122/4711 5007/2116/4705 5015/2124/4713
f 5016/2125/4714 5007/2116/4705 5014/2123/4712
f 5015/2124/4713 5007/2116/4705 5016/2125/4714
f 5009/2118/4707 5017/2126/4715 5014/2123/4712
f 5014/2123/4712 5017/2126/4715 5016/2125/4714
f 5018/2127/4716 5017/2126/4715 5009/2118/4707
f 5012/2121/4710 5011/2120/4709 5019/2128/4717
f 5020/2129/4718 5011/2120/4709 5013/2122/4711
f 5019/2128/4717 5011/2120/4709 5021/2130/4719
f 5022/2131/4720 5011/2120/4709 5020/2129/4718
f 5021/2130/4719 5011/2120/4709 5022/2131/4720
f 5023/2132/4721 5019/2128/4717 5021/2130/4719
f 5022/2131/4720 5023/2132/4721 5021/2130/4719
f 5016/2125/4714 5017/2126/4715 5024/2133/4722
f 5018/2127/4716 5025/2134/4723 5017/2126/4715
f 5017/2126/4715 5025/2134/4723 5026/2135/4724
f 5027/2136/4725 5017/2126/4715 5026/2135/4724
f 5024/2133/4722 5017/2126/4715 5027/2136/4725
f 5028/2137/4726 5019/2128/4717 5023/2132/4721
f 5025/2134/4723 5029/2138/4727 5026/2135/4724
f 5026/2135/4724 5029/2138/4727 5027/2136/4725
f 5030/2139/4728 5023/2132/4721 5022/2131/4720
f 5031/2140/4729 5029/2138/4727 5025/2134/4723
f 5028/2137/4726 5023/2132/4721 5032/2141/4730
f 5033/2142/4731 5023/2132/4721 5030/2139/4728
f 5034/2143/4732 5023/2132/4721 5033/2142/4731
f 5032/2141/4730 5023/2132/4721 5034/2143/4732
f 5027/2136/4725 5029/2138/4727 5035/2144/4733
f 5036/2145/4734 5032/2141/4730 5034/2143/4732
f 5033/2142/4731 5036/2145/4734 5034/2143/4732
f 5031/2140/4729 5037/2146/4735 5029/2138/4727
f 5029/2138/4727 5037/2146/4735 5038/2147/4736
f 5039/2148/4737 5029/2138/4727 5038/2147/4736
f 5035/2144/4733 5029/2138/4727 5039/2148/4737
f 5040/2149/4738 5032/2141/4730 5036/2145/4734
f 5037/2146/4735 5041/2150/4739 5038/2147/4736
f 5038/2147/4736 5041/2150/4739 5039/2148/4737
f 5042/2151/4740 5036/2145/4734 5033/2142/4731
f 5043/2152/4741 5041/2150/4739 5037/2146/4735
f 5039/2148/4737 5041/2150/4739 5044/2153/4742
f 5040/2149/4738 5036/2145/4734 5045/2154/4743
f 5046/2155/4744 5036/2145/4734 5042/2151/4740
f 5047/2156/4745 5036/2145/4734 5046/2155/4744
f 5045/2154/4743 5036/2145/4734 5047/2156/4745
f 5048/2157/4746 5045/2154/4743 5047/2156/4745
f 5046/2155/4744 5048/2157/4746 5047/2156/4745
f 5043/2152/4741 5049/2158/4747 5041/2150/4739
f 5041/2150/4739 5049/2158/4747 5050/2159/4748
f 5051/2160/4749 5041/2150/4739 5050/2159/4748
f 5044/2153/4742 5041/2150/4739 5051/2160/4749
f 5049/2158/4747 5052/2161/4750 5050/2159/4748
f 5050/2159/4748 5052/2161/4750 5051/2160/4749
f 5053/2162/4751 5045/2154/4743 5048/2157/4746
f 5054/2163/4752 5048/2157/4746 5046/2155/4744
f 5055/2164/4753 5052/2161/4750 5049/2158/4747
f 5051/2160/4749 5052/2161/4750 5056/2165/4754
f 5053/2162/4751 5048/2157/4746 5057/2166/4755
f 5058/2167/4756 5048/2157/4746 5054/2163/4752
f 5059/2168/4757 5048/2157/4746 5058/2167/4756
f 5057/2166/4755 5048/2157/4746 5059/2168/4757
f 5060/2169/4758 5057/2166/4755 5059/2168/4757
f 5058/2167/4756 5060/2169/4758 5059/2168/4757
f 5055/2164/4753 5061/2170/4759 5052/2161/4750
f 5052/2161/4750 5061/2170/4759 5062/2171/4760
f 5063/2172/4761 5052/2161/4750 5062/2171/4760
f 5056/2165/4754 5052/2161/4750 5063/2172/4761
f 5064/2173/4762 5057/2166/4755 5060/2169/4758
f 5065/2174/4763 5060/2169/4758 5058/2167/4756
f 5064/2173/4762 5060/2169/4758 5066/2175/4764
f 5067/2176/4765 5060/2169/4758 5065/2174/4763
f 5068/2177/4766 5060/2169/4758 5067/2176/4765
f 5066/2175/4764 5060/2169/4758 5068/2177/4766
f 5069/2178/4767 5070/2179/4768 5071/2180/4769
f 5069/2178/4767 5072/2181/4770 5070/2179/4768
f 5069/2178/4767 5071/2180/4769 5073/2182/4771
f 5069/2178/4767 5074/2183/4772 5072/2181/4770
f 5069/2178/4767 5075/2184/4773 5074/2183/4772
f 5069/2178/4767 5073/2182/4771 5076/2185/4774
f 5077/2186/4775 5069/2178/4767 5076/2185/4774
f 5069/2178/4767 5077/2186/4775 5075/2184/4773
f 5078/2200/4776 5079/2201/4777 5080/2202/4778
f 5080/2202/4778 5079/2201/4777 5081/2203/4778
f 5079/2201/4777 5082/2204/4779 5081/2203/4778
f 5081/2203/4778 5082/2204/4779 5083/2205/4778
f 5082/2204/4779 5084/2206/4780 5083/2205/4778
f 5083/2205/4778 5084/2206/4780 5085/2207/4781
f 5084/2206/4780 5086/2208/4782 5085/2207/4781
f 5085/2207/4781 5086/2208/4782 5087/2209/4783
f 5086/2208/4782 5088/2210/4783 5087/2209/4783
f 5089/2211/4784 5088/2210/4783 5086/2208/4782
f 5089/2211/4784 5090/2212/4781 5088/2210/4783
f 5091/2213/4785 5090/2212/4781 5089/2211/4784
f 5091/2213/4785 5092/2214/4786 5090/2212/4781
f 5093/2215/4787 5092/2214/4786 5091/2213/4785
f 5093/2215/4787 5094/2216/4788 5092/2214/4786
f 5095/2217/4789 5094/2216/4788 5093/2215/4787
f 5096/2218/4790 5097/2219/4791 5098/2220/4792
f 5098/2220/4792 5097/2219/4791 5099/2221/4793
f 5097/2219/4791 5100/2222/4794 5099/2221/4793
f 5098/2220/4792 5099/2221/4793 5101/2223/4795
f 5099/2221/4793 5100/2222/4794 5102/2224/4796
f 5101/2223/4795 5099/2221/4793 5103/2225/4797
f 5099/2221/4793 5102/2224/4796 5103/2225/4797
f 5104/2226/4798 5102/2224/4796 5100/2222/4794
f 5105/2227/4799 5102/2224/4796 5104/2226/4798
f 5105/2227/4799 5106/2228/4800 5102/2224/4796
f 5103/2225/4797 5102/2224/4796 5106/2228/4800
f 5101/2223/4795 5103/2225/4797 5107/2229/4801
f 5101/2223/4795 5107/2229/4801 5108/2230/4802
f 5106/2228/4800 5109/2231/4803 5103/2225/4797
f 5107/2229/4801 5103/2225/4797 5110/2232/4804
f 5103/2225/4797 5109/2231/4803 5110/2232/4804
f 5111/2233/4805 5106/2228/4800 5105/2227/4799
f 5106/2228/4800 5111/2233/4805 5112/2234/4806
f 5106/2228/4800 5112/2234/4806 5109/2231/4803
f 5104/2226/4798 5113/2235/4807 5105/2227/4799
f 5105/2227/4799 5114/2236/4808 5111/2233/4805
f 5113/2235/4807 5114/2236/4808 5105/2227/4799
f 5115/2237/4809 5113/2235/4807 5104/2226/4798
f 5112/2234/4806 5111/2233/4805 5116/2238/4810
f 5117/2239/4811 5111/2233/4805 5114/2236/4808
f 5116/2238/4810 5111/2233/4805 5117/2239/4811
f 5115/2237/4809 5118/2240/4812 5113/2235/4807
f 5113/2235/4807 5119/2241/4813 5114/2236/4808
f 5118/2240/4812 5119/2241/4813 5113/2235/4807
f 5120/2242/4814 5114/2236/4808 5119/2241/4813
f 5121/2243/4815 5114/2236/4808 5120/2242/4814
f 5117/2239/4811 5114/2236/4808 5121/2243/4815
f 5122/2244/4816 5118/2240/4812 5115/2237/4809
f 5122/2244/4816 5123/2245/4817 5118/2240/4812
f 5118/2240/4812 5124/2246/4818 5119/2241/4813
f 5123/2245/4817 5124/2246/4818 5118/2240/4812
f 5124/2246/4818 5125/2247/4819 5119/2241/4813
f 5119/2241/4813 5125/2247/4819 5120/2242/4814
f 5126/2248/4820 5123/2245/4817 5122/2244/4816
f 5126/2248/4820 5127/2249/4821 5123/2245/4817
f 5123/2245/4817 5128/2250/4822 5124/2246/4818
f 5127/2249/4821 5128/2250/4822 5123/2245/4817
f 5124/2246/4818 5128/2250/4822 5129/2251/4823
f 5124/2246/4818 5129/2251/4823 5130/2252/4824
f 5130/2252/4824 5125/2247/4819 5124/2246/4818
f 5131/2253/4825 5127/2249/4821 5126/2248/4820
f 5131/2253/4825 5132/2254/4826 5127/2249/4821
f 5127/2249/4821 5133/2255/4827 5128/2250/4822
f 5127/2249/4821 5132/2254/4826 5133/2255/4827
f 5129/2251/4823 5128/2250/4822 5134/2256/4828
f 5134/2256/4828 5128/2250/4822 5135/2257/4829
f 5128/2250/4822 5133/2255/4827 5136/2258/4830
f 5135/2257/4829 5128/2250/4822 5136/2258/4830
f 5137/2259/4831 5138/2260/4832 5139/2261/4833
f 5140/2262/4834 5138/2260/4832 5137/2259/4831
f 5137/2259/4831 5141/2263/4835 5140/2262/4834
f 5140/2262/4834 5142/2264/4836 5138/2260/4832
f 5140/2262/4834 5141/2263/4835 5143/2265/4837
f 5143/2265/4837 5144/2266/4838 5140/2262/4834
f 5145/2267/4839 5142/2264/4836 5140/2262/4834
f 5140/2262/4834 5144/2266/4838 5145/2267/4839
f 5146/2268/4840 5142/2264/4836 5145/2267/4839
f 5145/2267/4839 5144/2266/4838 5146/2268/4840
f 5147/2269/4841 5142/2264/4836 5146/2268/4840
f 5146/2268/4840 5144/2266/4838 5148/2270/4842
f 5148/2270/4842 5149/2271/4843 5146/2268/4840
f 5146/2268/4840 5150/2272/4844 5147/2269/4841
f 5146/2268/4840 5149/2271/4843 5150/2272/4844
f 5150/2272/4844 5151/2273/4845 5147/2269/4841
f 5152/2274/4846 5151/2273/4845 5150/2272/4844
f 5150/2272/4844 5149/2271/4843 5152/2274/4846
f 5152/2274/4846 5149/2271/4843 5153/2275/4847
f 5151/2273/4845 5152/2274/4846 5154/2276/4848
f 5153/2275/4847 5155/2277/4849 5152/2274/4846
f 5154/2276/4848 5152/2274/4846 5156/2278/4850
f 5152/2274/4846 5155/2277/4849 5156/2278/4850
f 5155/2277/4849 5157/2279/4851 5156/2278/4850
f 5154/2276/4848 5156/2278/4850 5158/2280/4852
f 5156/2278/4850 5157/2279/4851 5158/2280/4852
f 5154/2276/4848 5158/2280/4852 5159/2281/4853
f 5157/2279/4851 5160/2282/4854 5158/2280/4852
f 5158/2280/4852 5160/2282/4854 5161/2283/4855
f 5159/2281/4853 5158/2280/4852 5161/2283/4855
f 5161/2283/4855 5162/2284/4856 5159/2281/4853
f 5163/2285/4857 5162/2284/4856 5161/2283/4855
f 5161/2283/4855 5160/2282/4854 5163/2285/4857
f 5163/2285/4857 5160/2282/4854 5164/2286/4858
f 5163/2285/4857 5165/2287/4859 5162/2284/4856
f 5164/2286/4858 5166/2288/4860 5163/2285/4857
f 5167/2289/4861 5165/2287/4859 5163/2285/4857
f 5163/2285/4857 5166/2288/4860 5167/2289/4861
f 5168/2290/4862 5165/2287/4859 5167/2289/4861
f 5167/2289/4861 5166/2288/4860 5168/2290/4862
f 5169/2291/4863 5165/2287/4859 5168/2290/4862
f 5168/2290/4862 5166/2288/4860 5170/2292/4864
f 5168/2290/4862 5170/2292/4864 5171/2293/4865
f 5168/2290/4862 5171/2293/4865 5169/2291/4863
f 5171/2293/4865 5172/2294/4866 5169/2291/4863
f 5171/2293/4865 5170/2292/4864 5173/2295/4867
f 5174/2296/4868 5172/2294/4866 5171/2293/4865
f 5171/2293/4865 5173/2295/4867 5174/2296/4868
f 5174/2296/4868 5173/2295/4867 5175/2297/4869
f 5174/2296/4868 5175/2297/4869 5176/2298/4870
f 5174/2296/4868 5176/2298/4870 5172/2294/4866
f 5172/2294/4866 5176/2298/4870 5177/2299/4871
f 5176/2298/4870 5175/2297/4869 5178/2300/4872
f 5179/2301/4873 5177/2299/4871 5176/2298/4870
f 5176/2298/4870 5178/2300/4872 5179/2301/4873
f 5180/2302/4874 5177/2299/4871 5179/2301/4873
f 5179/2301/4873 5178/2300/4872 5181/2303/4875
f 5179/2301/4873 5181/2303/4875 5182/2304/4876
f 5179/2301/4873 5182/2304/4876 5180/2302/4874
f 5182/2304/4876 5181/2303/4875 5183/2305/4877
f 5184/2306/4878 5185/2307/4879 5186/2308/4880
f 5186/2308/4880 5185/2307/4879 5187/2309/4881
f 5187/2309/4881 5185/2307/4879 5188/2310/4882
f 5188/2310/4882 5189/2311/4883 5187/2309/4881
f 5187/2309/4881 5189/2311/4883 5190/2312/4884
f 5190/2312/4884 5189/2311/4883 5191/2313/4885
f 5191/2313/4885 5192/2314/4886 5190/2312/4884
f 5193/2315/4887 5192/2314/4886 5191/2313/4885
f 5193/2315/4887 5194/2316/4888 5192/2314/4886
f 5192/2314/4886 5194/2316/4888 5195/2317/4889
f 5194/2316/4888 5196/2318/4890 5195/2317/4889
f 5195/2317/4889 5196/2318/4890 5197/2319/4891
f 5197/2319/4891 5196/2318/4890 5198/2320/4892
f 5198/2320/4892 5199/2321/4893 5197/2319/4891
f 5197/2319/4891 5199/2321/4893 5200/2322/4894
f 5200/2322/4894 5199/2321/4893 5201/2323/4895
f 5201/2323/4895 5202/2324/4896 5200/2322/4894
f 5200/2322/4894 5202/2324/4896 5203/2325/4897
f 5203/2325/4897 5202/2324/4896 5204/2326/4898
f 5204/2326/4898 5205/2327/4899 5203/2325/4897
f 5206/2328/4900 5205/2327/4899 5204/2326/4898
f 5206/2328/4900 5207/2329/4901 5205/2327/4899
f 5205/2327/4899 5207/2329/4901 5208/2330/4902
f 5207/2329/4901 5209/2331/4903 5208/2330/4902
f 5208/2330/4902 5209/2331/4903 5210/2332/4904
f 5210/2332/4904 5209/2331/4903 5211/2333/4905
f 5211/2333/4905 5212/2334/4906 5210/2332/4904
f 5210/2332/4904 5212/2334/4906 5213/2335/4907
f 5213/2335/4907 5212/2334/4906 5214/2336/4908
f 5214/2336/4908 5215/2337/4909 5213/2335/4907
f 5216/2338/4910 5215/2337/4909 5214/2336/4908
f 5216/2338/4910 5217/2339/4878 5215/2337/4909
f 5215/2337/4909 5217/2339/4878 5218/2340/4911
f 5219/2341/4912 5220/2342/4913 5221/2343/4847
f 5219/2341/4912 5222/2344/4762 5220/2342/4913
f 5222/2344/4762 5223/2345/4914 5220/2342/4913
f 5220/2342/4913 5223/2345/4914 5224/2346/4915
f 5223/2345/4914 5225/2347/4916 5224/2346/4915
f 5226/2348/4917 5225/2347/4916 5223/2345/4914
f 5223/2345/4914 5227/2349/4918 5226/2348/4917
f 5228/2350/4919 5227/2349/4918 5223/2345/4914
f 5228/2350/4919 5223/2345/4914 5222/2344/4762
f 5229/2351/4920 5222/2344/4762 5219/2341/4912
f 5230/2352/4921 5229/2351/4920 5219/2341/4912
f 5230/2352/4921 5219/2341/4912 5231/2353/4922
f 5227/2349/4918 5232/2354/4923 5226/2348/4917
f 5233/2355/4751 5229/2351/4920 5230/2352/4921
f 5226/2348/4917 5232/2354/4923 5234/2356/4924
f 5234/2356/4924 5235/2357/4925 5226/2348/4917
f 5232/2354/4923 5236/2358/4741 5234/2356/4924
f 5234/2356/4924 5236/2358/4741 5237/2359/4926
f 5234/2356/4924 5237/2359/4926 5235/2357/4925
f 5238/2360/4927 5233/2355/4751 5230/2352/4921
f 5238/2360/4927 5230/2352/4921 5239/2361/4928
f 5240/2362/4929 5233/2355/4751 5238/2360/4927
f 5235/2357/4925 5237/2359/4926 5241/2363/4930
f 5236/2358/4741 5242/2364/4931 5237/2359/4926
f 5237/2359/4926 5242/2364/4931 5243/2365/4932
f 5237/2359/4926 5243/2365/4932 5241/2363/4930
f 5240/2362/4929 5238/2360/4927 5244/2366/4738
f 5238/2360/4927 5239/2361/4928 5245/2367/4933
f 5244/2366/4738 5238/2360/4927 5245/2367/4933
f 5243/2365/4932 5246/2368/4934 5241/2363/4930
f 5242/2364/4931 5247/2369/4729 5243/2365/4932
f 5243/2365/4932 5247/2369/4729 5248/2370/4935
f 5248/2370/4935 5246/2368/4934 5243/2365/4932
f 5244/2366/4738 5245/2367/4933 5249/2371/4936
f 5248/2370/4935 5250/2372/4937 5246/2368/4934
f 5247/2369/4729 5251/2373/4938 5248/2370/4935
f 5248/2370/4935 5251/2373/4938 5252/2374/4939
f 5252/2374/4939 5250/2372/4937 5248/2370/4935
f 5251/2373/4938 5253/2375/4940 5252/2374/4939
f 5252/2374/4939 5253/2375/4940 5250/2372/4937
f 5249/2371/4936 5245/2367/4933 5254/2376/4941
f 5245/2367/4933 5255/2377/4942 5254/2376/4941
f 5256/2378/4943 5253/2375/4940 5251/2373/4938
f 5257/2379/4944 5249/2371/4936 5254/2376/4941
f 5258/2380/4726 5249/2371/4936 5257/2379/4944
f 5254/2376/4941 5259/2381/4945 5257/2379/4944
f 5256/2378/4943 5260/2382/4946 5253/2375/4940
f 5253/2375/4940 5260/2382/4946 5261/2383/4947
f 5253/2375/4940 5261/2383/4947 5262/2384/4948
f 5260/2382/4946 5263/2385/4704 5261/2383/4947
f 5264/2386/4949 5258/2380/4726 5257/2379/4944
f 5264/2386/4949 5257/2379/4944 5265/2387/4950
f 5266/2388/4951 5258/2380/4726 5264/2386/4949
f 5267/2389/4952 5266/2388/4951 5264/2386/4949
f 5268/2390/4953 5264/2386/4949 5265/2387/4950
f 5267/2389/4952 5264/2386/4949 5268/2390/4953
f 5261/2383/4947 5263/2385/4704 5269/2391/4954
f 5269/2391/4954 5270/2392/4955 5261/2383/4947
f 5263/2385/4704 5271/2393/4956 5269/2391/4954
f 5272/2394/4957 5266/2388/4951 5267/2389/4952
f 5269/2391/4954 5271/2393/4956 5273/2395/4958
f 5271/2393/4956 5272/2394/4957 5273/2395/4958
f 5273/2395/4958 5272/2394/4957 5267/2389/4952
f 5273/2395/4958 5267/2389/4952 5274/2396/4959
f 5273/2395/4958 5274/2396/4959 5269/2391/4954
f 5275/2353/4960 5276/2341/4961 5277/2343/4847
f 5278/2361/4962 5279/2352/4963 5275/2353/4964
f 5280/2367/4965 5278/2361/4966 5281/2377/4838
f 5282/2376/4967 5281/2377/4942 5283/2381/4968
f 5284/2379/4969 5283/2381/4970 5285/2387/4971
f 5286/2396/4972 5287/2389/4973 5288/2390/4974
f 5289/2391/4975 5286/2396/4976 5290/2392/4977
f 5291/2383/4978 5290/2392/4979 5292/2384/4948
f 5293/2372/4980 5294/2375/4981 5292/2384/4982
f 5295/2348/4983 5296/2357/4984 5297/2347/4985
f 5307/2397/4986 5308/2398/4987 5309/2399/4988
f 5310/2400/4989 5307/2397/4986 5309/2399/4988
f 5309/2399/4988 5308/2398/4987 5311/2401/4990
f 5307/2397/4986 5312/2402/4991 5308/2398/4987
f 5313/2403/4992 5312/2402/4991 5307/2397/4986
f 5314/2404/4993 5313/2403/4992 5307/2397/4986
f 5314/2404/4993 5307/2397/4986 5310/2400/4989
f 5312/2402/4991 5315/2405/4994 5308/2398/4987
f 5308/2398/4987 5316/2406/4995 5311/2401/4990
f 5308/2398/4987 5315/2405/4994 5316/2406/4995
f 5317/2407/4996 5314/2404/4993 5310/2400/4989
f 5311/2401/4990 5316/2406/4995 5318/2408/4997
f 5312/2402/4991 5319/2409/4856 5315/2405/4994
f 5320/2410/4998 5319/2409/4856 5312/2402/4991
f 5313/2403/4992 5320/2410/4998 5312/2402/4991
f 5321/2411/4999 5313/2403/4992 5314/2404/4993
f 5321/2411/4999 5322/2412/5000 5313/2403/4992
f 5322/2412/5000 5320/2410/4998 5313/2403/4992
f 5323/2413/5001 5321/2411/4999 5314/2404/4993
f 5323/2413/5001 5314/2404/4993 5317/2407/4996
f 5315/2405/4994 5324/2414/5002 5316/2406/4995
f 5315/2405/4994 5325/2415/5003 5324/2414/5002
f 5319/2409/4856 5325/2415/5003 5315/2405/4994
f 5316/2406/4995 5324/2414/5002 5326/2416/5004
f 5316/2406/4995 5326/2416/5004 5318/2408/4997
f 5327/2417/5005 5323/2413/5001 5317/2407/4996
f 5318/2408/4997 5326/2416/5004 5328/2418/5006
f 5329/2419/5007 5321/2411/4999 5323/2413/5001
f 5330/2420/5008 5322/2412/5000 5321/2411/4999
f 5329/2419/5007 5330/2420/5008 5321/2411/4999
f 5331/2421/5009 5329/2419/5007 5323/2413/5001
f 5331/2421/5009 5323/2413/5001 5327/2417/5005
f 5324/2414/5002 5332/2422/5010 5326/2416/5004
f 5324/2414/5002 5333/2423/4863 5332/2422/5010
f 5325/2415/5003 5333/2423/4863 5324/2414/5002
f 5326/2416/5004 5332/2422/5010 5334/2424/5011
f 5326/2416/5004 5334/2424/5011 5328/2418/5006
f 5335/2425/5012 5331/2421/5009 5327/2417/5005
f 5328/2418/5006 5334/2424/5011 5336/2426/5013
f 5337/2427/5014 5329/2419/5007 5331/2421/5009
f 5337/2427/5014 5338/2428/5015 5329/2419/5007
f 5338/2428/5015 5330/2420/5008 5329/2419/5007
f 5339/2429/5016 5337/2427/5014 5331/2421/5009
f 5339/2429/5016 5331/2421/5009 5335/2425/5012
f 5332/2422/5010 5340/2430/5017 5334/2424/5011
f 5332/2422/5010 5341/2431/5018 5340/2430/5017
f 5333/2423/4863 5341/2431/5018 5332/2422/5010
f 5334/2424/5011 5340/2430/5017 5342/2432/5019
f 5334/2424/5011 5342/2432/5019 5336/2426/5013
f 5343/2433/5020 5339/2429/5016 5335/2425/5012
f 5336/2426/5013 5342/2432/5019 5344/2434/5021
f 5345/2435/5022 5337/2427/5014 5339/2429/5016
f 5345/2435/5022 5346/2436/5023 5337/2427/5014
f 5346/2436/5023 5338/2428/5015 5337/2427/5014
f 5347/2437/5024 5345/2435/5022 5339/2429/5016
f 5347/2437/5024 5339/2429/5016 5343/2433/5020
f 5340/2430/5017 5348/2438/5025 5342/2432/5019
f 5340/2430/5017 5349/2439/4871 5348/2438/5025
f 5341/2431/5018 5349/2439/4871 5340/2430/5017
f 5342/2432/5019 5348/2438/5025 5350/2440/5026
f 5342/2432/5019 5350/2440/5026 5344/2434/5021
f 5350/2440/5026 5351/2441/5027 5347/2437/5024
f 5351/2441/5027 5345/2435/5022 5347/2437/5024
f 5352/2442/5028 5347/2437/5024 5343/2433/5020
f 5350/2440/5026 5347/2437/5024 5352/2442/5028
f 5344/2434/5021 5350/2440/5026 5352/2442/5028
f 5348/2438/5025 5351/2441/5027 5350/2440/5026
f 5348/2438/5025 5353/2443/5029 5351/2441/5027
f 5349/2439/4871 5353/2443/5029 5348/2438/5025
f 5354/2444/5030 5346/2436/5023 5345/2435/5022
f 5351/2441/5027 5354/2444/5030 5345/2435/5022
f 5353/2443/5029 5354/2444/5030 5351/2441/5027
f 5355/2445/5031 5356/2446/5032 5357/2447/5033
f 5358/2448/5034 5355/2445/5031 5357/2447/5033
f 5359/2449/5035 5355/2445/5031 5358/2448/5034
f 5357/2447/5033 5356/2446/5032 5360/2450/5036
f 5356/2446/5032 5361/2451/5037 5360/2450/5036
f 5357/2447/5033 5360/2450/5036 5362/2452/5038
f 5363/2453/5039 5357/2447/5033 5362/2452/5038
f 5358/2448/5034 5357/2447/5033 5363/2453/5039
f 5364/2454/5040 5359/2449/5035 5358/2448/5034
f 5365/2455/5041 5358/2448/5034 5363/2453/5039
f 5364/2454/5040 5358/2448/5034 5365/2455/5041
f 5366/2456/5042 5359/2449/5035 5364/2454/5040
f 5360/2450/5036 5361/2451/5037 5367/2457/5043
f 5360/2450/5036 5367/2457/5043 5368/2458/5044
f 5362/2452/5038 5360/2450/5036 5368/2458/5044
f 5361/2451/5037 5369/2459/5045 5367/2457/5043
f 5362/2452/5038 5368/2458/5044 5370/2460/5046
f 5371/2461/5047 5362/2452/5038 5370/2460/5046
f 5363/2453/5039 5362/2452/5038 5371/2461/5047
f 5365/2455/5041 5363/2453/5039 5372/2462/5048
f 5372/2462/5048 5363/2453/5039 5371/2461/5047
f 5373/2463/5049 5366/2456/5042 5364/2454/5040
f 5374/2464/5050 5364/2454/5040 5365/2455/5041
f 5373/2463/5049 5364/2454/5040 5374/2464/5050
f 5374/2464/5050 5365/2455/5041 5375/2465/5051
f 5375/2465/5051 5365/2455/5041 5372/2462/5048
f 5372/2462/5048 5371/2461/5047 5376/2466/5052
f 5371/2461/5047 5370/2460/5046 5376/2466/5052
f 5375/2465/5051 5372/2462/5048 5376/2466/5052
f 5370/2460/5046 5368/2458/5044 5377/2467/5053
f 5370/2460/5046 5377/2467/5053 5376/2466/5052
f 5368/2458/5044 5367/2457/5043 5378/2468/5054
f 5368/2458/5044 5378/2468/5054 5377/2467/5053
f 5367/2457/5043 5369/2459/5045 5379/2469/5055
f 5367/2457/5043 5379/2469/5055 5378/2468/5054
f 5369/2459/5045 5380/2470/5056 5379/2469/5055
f 5381/2471/5057 5374/2464/5050 5375/2465/5051
f 5381/2471/5057 5375/2465/5051 5376/2466/5052
f 5382/2472/5058 5373/2463/5049 5374/2464/5050
f 5382/2472/5058 5374/2464/5050 5381/2471/5057
f 5377/2467/5053 5378/2468/5054 5383/2473/5059
f 5377/2467/5053 5383/2473/5059 5376/2466/5052
f 5378/2468/5054 5379/2469/5055 5384/2474/5060
f 5378/2468/5054 5384/2474/5060 5383/2473/5059
f 5379/2469/5055 5380/2470/5056 5385/2475/5061
f 5379/2469/5055 5385/2475/5061 5384/2474/5060
f 5386/2476/5062 5382/2472/5058 5381/2471/5057
f 5386/2476/5062 5381/2471/5057 5376/2466/5052
f 5383/2473/5059 5384/2474/5060 5387/2477/5063
f 5383/2473/5059 5387/2477/5063 5376/2466/5052
f 5384/2474/5060 5385/2475/5061 5388/2478/5064
f 5384/2474/5060 5388/2478/5064 5387/2477/5063
f 5380/2470/5056 5389/2479/5065 5385/2475/5061
f 5385/2475/5061 5389/2479/5065 5390/2480/5066
f 5385/2475/5061 5390/2480/5066 5388/2478/5064
f 5388/2478/5064 5390/2480/5066 5391/2481/5067
f 5388/2478/5064 5391/2481/5067 5392/2482/5068
f 5387/2477/5063 5388/2478/5064 5392/2482/5068
f 5387/2477/5063 5392/2482/5068 5376/2466/5052
f 5393/2483/5069 5382/2472/5058 5386/2476/5062
f 5394/2484/5070 5393/2483/5069 5386/2476/5062
f 5394/2484/5070 5386/2476/5062 5376/2466/5052
f 5392/2482/5068 5391/2481/5067 5395/2485/5071
f 5392/2482/5068 5395/2485/5071 5376/2466/5052
f 5395/2485/5071 5394/2484/5070 5376/2466/5052
f 5389/2479/5065 5396/2486/5072 5390/2480/5066
f 5390/2480/5066 5396/2486/5072 5397/2487/5073
f 5390/2480/5066 5397/2487/5073 5391/2481/5067
f 5391/2481/5067 5397/2487/5073 5398/2488/5074
f 5391/2481/5067 5398/2488/5074 5395/2485/5071
f 5395/2485/5071 5398/2488/5074 5394/2484/5070
f 5398/2488/5074 5393/2483/5069 5394/2484/5070
f 5397/2487/5073 5399/2489/5075 5398/2488/5074
f 5398/2488/5074 5399/2489/5075 5393/2483/5069
f 5396/2486/5072 5400/2490/5076 5397/2487/5073
f 5397/2487/5073 5400/2490/5076 5399/2489/5075
f 5399/2489/5075 5401/2491/5077 5393/2483/5069
f 5393/2483/5069 5401/2491/5077 5382/2472/5058
f 5400/2490/5076 5402/2492/5078 5399/2489/5075
f 5399/2489/5075 5402/2492/5078 5401/2491/5077
f 5402/2492/5078 5403/2493/5079 5401/2491/5077
f 5401/2491/5077 5373/2463/5049 5382/2472/5058
f 5401/2491/5077 5403/2493/5079 5373/2463/5049
f 5403/2493/5079 5366/2456/5042 5373/2463/5049
f 5404/2200/5080 5405/2201/5081 5406/2202/5082
f 5406/2202/5082 5405/2201/5081 5407/2203/5083
f 5405/2201/5081 5408/2204/5084 5407/2203/5083
f 5407/2203/5083 5408/2204/5084 5409/2205/5082
f 5408/2204/5084 5410/2206/5085 5409/2205/5082
f 5409/2205/5082 5410/2206/5085 5411/2207/5086
f 5410/2206/5085 5412/2208/5087 5411/2207/5086
f 5411/2207/5086 5412/2208/5087 5413/2209/5086
f 5412/2208/5087 5414/2210/5086 5413/2209/5086
f 5415/2211/5088 5414/2210/5086 5412/2208/5087
f 5415/2211/5088 5416/2212/5086 5414/2210/5086
f 5417/2213/5089 5416/2212/5086 5415/2211/5088
f 5417/2213/5089 5418/2214/5082 5416/2212/5086
f 5419/2215/5090 5418/2214/5082 5417/2213/5089
f 5419/2215/5090 5420/2216/5082 5418/2214/5082
f 5421/2217/5080 5420/2216/5082 5419/2215/5090
f 5422/2218/5091 5423/2219/5092 5424/2220/5093
f 5424/2220/5093 5423/2219/5092 5425/2221/5094
f 5423/2219/5092 5426/2222/5095 5425/2221/5094
f 5424/2220/5093 5425/2221/5094 5427/2223/5096
f 5425/2221/5094 5426/2222/5095 5428/2224/5097
f 5427/2223/5096 5425/2221/5094 5429/2225/5098
f 5425/2221/5094 5428/2224/5097 5429/2225/5098
f 5430/2226/5099 5428/2224/5097 5426/2222/5095
f 5431/2227/5100 5428/2224/5097 5430/2226/5099
f 5431/2227/5100 5432/2228/5101 5428/2224/5097
f 5429/2225/5098 5428/2224/5097 5432/2228/5101
f 5427/2223/5096 5429/2225/5098 5433/2229/5102
f 5427/2223/5096 5433/2229/5102 5434/2230/5103
f 5432/2228/5101 5435/2231/5104 5429/2225/5098
f 5433/2229/5102 5429/2225/5098 5436/2232/5105
f 5429/2225/5098 5435/2231/5104 5436/2232/5105
f 5437/2233/5106 5432/2228/5101 5431/2227/5100
f 5432/2228/5101 5437/2233/5106 5438/2234/5107
f 5432/2228/5101 5438/2234/5107 5435/2231/5104
f 5430/2226/5099 5439/2235/5108 5431/2227/5100
f 5431/2227/5100 5440/2236/5109 5437/2233/5106
f 5439/2235/5108 5440/2236/5109 5431/2227/5100
f 5441/2237/5110 5439/2235/5108 5430/2226/5099
f 5438/2234/5107 5437/2233/5106 5442/2238/5111
f 5443/2239/5112 5437/2233/5106 5440/2236/5109
f 5442/2238/5111 5437/2233/5106 5443/2239/5112
f 5441/2237/5110 5444/2240/5113 5439/2235/5108
f 5439/2235/5108 5445/2241/5114 5440/2236/5109
f 5444/2240/5113 5445/2241/5114 5439/2235/5108
f 5446/2242/5115 5440/2236/5109 5445/2241/5114
f 5447/2243/5116 5440/2236/5109 5446/2242/5115
f 5443/2239/5112 5440/2236/5109 5447/2243/5116
f 5448/2244/5117 5444/2240/5113 5441/2237/5110
f 5448/2244/5117 5449/2245/5118 5444/2240/5113
f 5444/2240/5113 5450/2246/5119 5445/2241/5114
f 5449/2245/5118 5450/2246/5119 5444/2240/5113
f 5450/2246/5119 5451/2247/5120 5445/2241/5114
f 5445/2241/5114 5451/2247/5120 5446/2242/5115
f 5452/2248/5121 5449/2245/5118 5448/2244/5117
f 5452/2248/5121 5453/2249/5122 5449/2245/5118
f 5449/2245/5118 5454/2250/5123 5450/2246/5119
f 5453/2249/5122 5454/2250/5123 5449/2245/5118
f 5450/2246/5119 5454/2250/5123 5455/2251/5124
f 5450/2246/5119 5455/2251/5124 5456/2252/5125
f 5456/2252/5125 5451/2247/5120 5450/2246/5119
f 5457/2253/5126 5453/2249/5122 5452/2248/5121
f 5457/2253/5126 5458/2254/5127 5453/2249/5122
f 5453/2249/5122 5459/2255/5128 5454/2250/5123
f 5453/2249/5122 5458/2254/5127 5459/2255/5128
f 5455/2251/5124 5454/2250/5123 5460/2256/5129
f 5460/2256/5129 5454/2250/5123 5461/2257/5130
f 5454/2250/5123 5459/2255/5128 5462/2258/5131
f 5461/2257/5130 5454/2250/5123 5462/2258/5131
f 5463/2259/5132 5464/2260/5133 5465/2261/5134
f 5466/2262/5135 5464/2260/5133 5463/2259/5132
f 5463/2259/5132 5467/2263/5136 5466/2262/5135
f 5466/2262/5135 5468/2264/5137 5464/2260/5133
f 5466/2262/5135 5467/2263/5136 5469/2265/5138
f 5469/2265/5138 5470/2266/5139 5466/2262/5135
f 5471/2267/5140 5468/2264/5137 5466/2262/5135
f 5466/2262/5135 5470/2266/5139 5471/2267/5140
f 5472/2268/5141 5468/2264/5137 5471/2267/5140
f 5471/2267/5140 5470/2266/5139 5472/2268/5141
f 5473/2269/5142 5468/2264/5137 5472/2268/5141
f 5472/2268/5141 5470/2266/5139 5474/2270/5143
f 5474/2270/5143 5475/2271/5144 5472/2268/5141
f 5472/2268/5141 5476/2272/5145 5473/2269/5142
f 5472/2268/5141 5475/2271/5144 5476/2272/5145
f 5476/2272/5145 5477/2273/5146 5473/2269/5142
f 5478/2274/5147 5477/2273/5146 5476/2272/5145
f 5476/2272/5145 5475/2271/5144 5478/2274/5147
f 5478/2274/5147 5475/2271/5144 5479/2275/5148
f 5477/2273/5146 5478/2274/5147 5480/2276/5149
f 5479/2275/5148 5481/2277/5150 5478/2274/5147
f 5480/2276/5149 5478/2274/5147 5482/2278/5151
f 5478/2274/5147 5481/2277/5150 5482/2278/5151
f 5481/2277/5150 5483/2279/5152 5482/2278/5151
f 5480/2276/5149 5482/2278/5151 5484/2280/5153
f 5482/2278/5151 5483/2279/5152 5484/2280/5153
f 5480/2276/5149 5484/2280/5153 5485/2281/5154
f 5483/2279/5152 5486/2282/5155 5484/2280/5153
f 5484/2280/5153 5486/2282/5155 5487/2283/5156
f 5485/2281/5154 5484/2280/5153 5487/2283/5156
f 5487/2283/5156 5488/2284/5157 5485/2281/5154
f 5489/2285/5158 5488/2284/5157 5487/2283/5156
f 5487/2283/5156 5486/2282/5155 5489/2285/5158
f 5489/2285/5158 5486/2282/5155 5490/2286/5159
f 5489/2285/5158 5491/2287/5160 5488/2284/5157
f 5490/2286/5159 5492/2288/5161 5489/2285/5158
f 5493/2289/5162 5491/2287/5160 5489/2285/5158
f 5489/2285/5158 5492/2288/5161 5493/2289/5162
f 5494/2290/5163 5491/2287/5160 5493/2289/5162
f 5493/2289/5162 5492/2288/5161 5494/2290/5163
f 5495/2291/5164 5491/2287/5160 5494/2290/5163
f 5494/2290/5163 5492/2288/5161 5496/2292/5165
f 5494/2290/5163 5496/2292/5165 5497/2293/5166
f 5494/2290/5163 5497/2293/5166 5495/2291/5164
f 5497/2293/5166 5498/2294/5167 5495/2291/5164
f 5497/2293/5166 5496/2292/5165 5499/2295/5168
f 5500/2296/5169 5498/2294/5167 5497/2293/5166
f 5497/2293/5166 5499/2295/5168 5500/2296/5169
f 5500/2296/5169 5499/2295/5168 5501/2297/5170
f 5500/2296/5169 5501/2297/5170 5502/2298/5171
f 5500/2296/5169 5502/2298/5171 5498/2294/5167
f 5498/2294/5167 5502/2298/5171 5503/2299/5172
f 5502/2298/5171 5501/2297/5170 5504/2300/5173
f 5505/2301/5174 5503/2299/5172 5502/2298/5171
f 5502/2298/5171 5504/2300/5173 5505/2301/5174
f 5506/2302/5175 5503/2299/5172 5505/2301/5174
f 5505/2301/5174 5504/2300/5173 5507/2303/5176
f 5505/2301/5174 5507/2303/5176 5508/2304/5177
f 5505/2301/5174 5508/2304/5177 5506/2302/5175
f 5508/2304/5177 5507/2303/5176 5509/2305/5178
f 5510/2306/5179 5511/2307/5180 5512/2308/5181
f 5512/2308/5181 5511/2307/5180 5513/2309/5182
f 5513/2309/5182 5511/2307/5180 5514/2310/5183
f 5514/2310/5183 5515/2311/5184 5513/2309/5182
f 5513/2309/5182 5515/2311/5184 5516/2312/5185
f 5516/2312/5185 5515/2311/5184 5517/2313/5186
f 5517/2313/5186 5518/2314/5187 5516/2312/5185
f 5519/2315/5188 5518/2314/5187 5517/2313/5186
f 5519/2315/5188 5520/2316/5189 5518/2314/5187
f 5518/2314/5187 5520/2316/5189 5521/2317/5190
f 5520/2316/5189 5522/2318/5191 5521/2317/5190
f 5521/2317/5190 5522/2318/5191 5523/2319/5192
f 5523/2319/5192 5522/2318/5191 5524/2320/5193
f 5524/2320/5193 5525/2321/5194 5523/2319/5192
f 5523/2319/5192 5525/2321/5194 5526/2322/5195
f 5526/2322/5195 5525/2321/5194 5527/2323/5196
f 5527/2323/5196 5528/2324/5197 5526/2322/5195
f 5526/2322/5195 5528/2324/5197 5529/2325/5198
f 5529/2325/5198 5528/2324/5197 5530/2326/5199
f 5530/2326/5199 5531/2327/5200 5529/2325/5198
f 5532/2328/5201 5531/2327/5200 5530/2326/5199
f 5532/2328/5201 5533/2329/5202 5531/2327/5200
f 5531/2327/5200 5533/2329/5202 5534/2330/5203
f 5533/2329/5202 5535/2331/5204 5534/2330/5203
f 5534/2330/5203 5535/2331/5204 5536/2332/5205
f 5536/2332/5205 5535/2331/5204 5537/2333/5206
f 5537/2333/5206 5538/2334/5207 5536/2332/5205
f 5536/2332/5205 5538/2334/5207 5539/2335/5208
f 5539/2335/5208 5538/2334/5207 5540/2336/5209
f 5540/2336/5209 5541/2337/5210 5539/2335/5208
f 5542/2338/5211 5541/2337/5210 5540/2336/5209
f 5542/2338/5211 5543/2339/5212 5541/2337/5210
f 5541/2337/5210 5543/2339/5212 5544/2340/5213
f 5545/2341/5214 5546/2342/5215 5547/2343/5216
f 5545/2341/5214 5548/2344/5217 5546/2342/5215
f 5548/2344/5217 5549/2345/5218 5546/2342/5215
f 5546/2342/5215 5549/2345/5218 5550/2346/5219
f 5549/2345/5218 5551/2347/5220 5550/2346/5219
f 5552/2348/5221 5551/2347/5220 5549/2345/5218
f 5549/2345/5218 5553/2349/5222 5552/2348/5221
f 5554/2350/5223 5553/2349/5222 5549/2345/5218
f 5554/2350/5223 5549/2345/5218 5548/2344/5217
f 5555/2351/5224 5548/2344/5217 5545/2341/5214
f 5556/2352/5225 5555/2351/5224 5545/2341/5214
f 5556/2352/5225 5545/2341/5214 5557/2353/5226
f 5553/2349/5222 5558/2354/5227 5552/2348/5221
f 5559/2355/5228 5555/2351/5224 5556/2352/5225
f 5552/2348/5221 5558/2354/5227 5560/2356/5229
f 5560/2356/5229 5561/2357/5230 5552/2348/5221
f 5558/2354/5227 5562/2358/5231 5560/2356/5229
f 5560/2356/5229 5562/2358/5231 5563/2359/5232
f 5560/2356/5229 5563/2359/5232 5561/2357/5230
f 5564/2360/5233 5559/2355/5228 5556/2352/5225
f 5564/2360/5233 5556/2352/5225 5565/2361/5234
f 5566/2362/5235 5559/2355/5228 5564/2360/5233
f 5561/2357/5230 5563/2359/5232 5567/2363/5236
f 5562/2358/5231 5568/2364/5237 5563/2359/5232
f 5563/2359/5232 5568/2364/5237 5569/2365/5238
f 5563/2359/5232 5569/2365/5238 5567/2363/5236
f 5566/2362/5235 5564/2360/5233 5570/2366/5239
f 5564/2360/5233 5565/2361/5234 5571/2367/5240
f 5570/2366/5239 5564/2360/5233 5571/2367/5240
f 5569/2365/5238 5572/2368/5241 5567/2363/5236
f 5568/2364/5237 5573/2369/5242 5569/2365/5238
f 5569/2365/5238 5573/2369/5242 5574/2370/5243
f 5574/2370/5243 5572/2368/5241 5569/2365/5238
f 5570/2366/5239 5571/2367/5240 5575/2371/5244
f 5574/2370/5243 5576/2372/5245 5572/2368/5241
f 5573/2369/5242 5577/2373/5246 5574/2370/5243
f 5574/2370/5243 5577/2373/5246 5578/2374/5247
f 5578/2374/5247 5576/2372/5245 5574/2370/5243
f 5577/2373/5246 5579/2375/5248 5578/2374/5247
f 5578/2374/5247 5579/2375/5248 5576/2372/5245
f 5575/2371/5244 5571/2367/5240 5580/2376/5249
f 5571/2367/5240 5581/2377/5250 5580/2376/5249
f 5582/2378/5251 5579/2375/5248 5577/2373/5246
f 5583/2379/5252 5575/2371/5244 5580/2376/5249
f 5584/2380/5253 5575/2371/5244 5583/2379/5252
f 5580/2376/5249 5585/2381/5254 5583/2379/5252
f 5582/2378/5251 5586/2382/5255 5579/2375/5248
f 5579/2375/5248 5586/2382/5255 5587/2383/5256
f 5579/2375/5248 5587/2383/5256 5588/2384/5168
f 5586/2382/5255 5589/2385/5257 5587/2383/5256
f 5590/2386/5258 5584/2380/5253 5583/2379/5252
f 5590/2386/5258 5583/2379/5252 5591/2387/5259
f 5592/2388/5260 5584/2380/5253 5590/2386/5258
f 5593/2389/5261 5592/2388/5260 5590/2386/5258
f 5594/2390/5262 5590/2386/5258 5591/2387/5259
f 5593/2389/5261 5590/2386/5258 5594/2390/5262
f 5587/2383/5256 5589/2385/5257 5595/2391/5263
f 5595/2391/5263 5596/2392/5264 5587/2383/5256
f 5589/2385/5257 5597/2393/5265 5595/2391/5263
f 5598/2394/5266 5592/2388/5260 5593/2389/5261
f 5595/2391/5263 5597/2393/5265 5599/2395/5267
f 5597/2393/5265 5598/2394/5266 5599/2395/5267
f 5599/2395/5267 5598/2394/5266 5593/2389/5261
f 5599/2395/5267 5593/2389/5261 5600/2396/5268
f 5599/2395/5267 5600/2396/5268 5595/2391/5263
f 5601/2353/5269 5602/2341/5270 5603/2343/5271
f 5604/2361/5272 5605/2352/5273 5601/2353/5274
f 5606/2367/5275 5604/2361/5276 5607/2377/5139
f 5608/2376/5277 5607/2377/5278 5609/2381/5279
f 5610/2379/5280 5609/2381/5279 5611/2387/5281
f 5612/2396/5282 5613/2389/5283 5614/2390/5284
f 5615/2391/5285 5612/2396/5286 5616/2392/5287
f 5617/2383/5288 5616/2392/5289 5618/2384/5290
f 5619/2372/5291 5620/2375/5292 5618/2384/5293
f 5621/2348/5294 5622/2357/5295 5623/2347/5296
f 5633/2115/5297 5634/2116/5298 5635/2117/5299
f 5633/2115/5297 5636/2118/5300 5634/2116/5298
f 5635/2117/5299 5634/2116/5298 5637/2119/5301
f 5638/2120/5302 5635/2117/5299 5637/2119/5301
f 5639/2121/5266 5635/2117/5299 5638/2120/5302
f 5637/2119/5301 5634/2116/5298 5640/2122/5303
f 5640/2122/5303 5638/2120/5302 5637/2119/5301
f 5634/2116/5298 5636/2118/5300 5641/2123/5304
f 5640/2122/5303 5634/2116/5298 5642/2124/5305
f 5643/2125/5306 5634/2116/5298 5641/2123/5304
f 5642/2124/5305 5634/2116/5298 5643/2125/5306
f 5636/2118/5300 5644/2126/5307 5641/2123/5304
f 5641/2123/5304 5644/2126/5307 5643/2125/5306
f 5645/2127/5308 5644/2126/5307 5636/2118/5300
f 5639/2121/5266 5638/2120/5302 5646/2128/5309
f 5647/2129/5310 5638/2120/5302 5640/2122/5303
f 5646/2128/5309 5638/2120/5302 5648/2130/5311
f 5649/2131/5312 5638/2120/5302 5647/2129/5310
f 5648/2130/5311 5638/2120/5302 5649/2131/5312
f 5650/2132/5313 5646/2128/5309 5648/2130/5311
f 5649/2131/5312 5650/2132/5313 5648/2130/5311
f 5643/2125/5306 5644/2126/5307 5651/2133/5314
f 5645/2127/5308 5652/2134/5315 5644/2126/5307
f 5644/2126/5307 5652/2134/5315 5653/2135/5316
f 5654/2136/5317 5644/2126/5307 5653/2135/5316
f 5651/2133/5314 5644/2126/5307 5654/2136/5317
f 5655/2137/5318 5646/2128/5309 5650/2132/5313
f 5652/2134/5315 5656/2138/5319 5653/2135/5316
f 5653/2135/5316 5656/2138/5319 5654/2136/5317
f 5657/2139/5320 5650/2132/5313 5649/2131/5312
f 5658/2140/5242 5656/2138/5319 5652/2134/5315
f 5655/2137/5318 5650/2132/5313 5659/2141/5321
f 5660/2142/5322 5650/2132/5313 5657/2139/5320
f 5661/2143/5323 5650/2132/5313 5660/2142/5322
f 5659/2141/5321 5650/2132/5313 5661/2143/5323
f 5654/2136/5317 5656/2138/5319 5662/2144/5324
f 5663/2145/5325 5659/2141/5321 5661/2143/5323
f 5660/2142/5322 5663/2145/5325 5661/2143/5323
f 5658/2140/5242 5664/2146/5326 5656/2138/5319
f 5656/2138/5319 5664/2146/5326 5665/2147/5327
f 5666/2148/5328 5656/2138/5319 5665/2147/5327
f 5662/2144/5324 5656/2138/5319 5666/2148/5328
f 5667/2149/5329 5659/2141/5321 5663/2145/5325
f 5664/2146/5326 5668/2150/5330 5665/2147/5327
f 5665/2147/5327 5668/2150/5330 5666/2148/5328
f 5669/2151/5331 5663/2145/5325 5660/2142/5322
f 5670/2152/5231 5668/2150/5330 5664/2146/5326
f 5666/2148/5328 5668/2150/5330 5671/2153/5332
f 5667/2149/5329 5663/2145/5325 5672/2154/5333
f 5673/2155/5334 5663/2145/5325 5669/2151/5331
f 5674/2156/5335 5663/2145/5325 5673/2155/5334
f 5672/2154/5333 5663/2145/5325 5674/2156/5335
f 5675/2157/5336 5672/2154/5333 5674/2156/5335
f 5673/2155/5334 5675/2157/5336 5674/2156/5335
f 5670/2152/5231 5676/2158/5337 5668/2150/5330
f 5668/2150/5330 5676/2158/5337 5677/2159/5338
f 5678/2160/5339 5668/2150/5330 5677/2159/5338
f 5671/2153/5332 5668/2150/5330 5678/2160/5339
f 5676/2158/5337 5679/2161/5340 5677/2159/5338
f 5677/2159/5338 5679/2161/5340 5678/2160/5339
f 5680/2162/5228 5672/2154/5333 5675/2157/5336
f 5681/2163/5341 5675/2157/5336 5673/2155/5334
f 5682/2164/5342 5679/2161/5340 5676/2158/5337
f 5678/2160/5339 5679/2161/5340 5683/2165/5343
f 5680/2162/5228 5675/2157/5336 5684/2166/5344
f 5685/2167/5345 5675/2157/5336 5681/2163/5341
f 5686/2168/5346 5675/2157/5336 5685/2167/5345
f 5684/2166/5344 5675/2157/5336 5686/2168/5346
f 5687/2169/5347 5684/2166/5344 5686/2168/5346
f 5685/2167/5345 5687/2169/5347 5686/2168/5346
f 5682/2164/5342 5688/2170/5348 5679/2161/5340
f 5679/2161/5340 5688/2170/5348 5689/2171/5349
f 5690/2172/5350 5679/2161/5340 5689/2171/5349
f 5683/2165/5343 5679/2161/5340 5690/2172/5350
f 5691/2173/5217 5684/2166/5344 5687/2169/5347
f 5692/2174/5351 5687/2169/5347 5685/2167/5345
f 5691/2173/5217 5687/2169/5347 5693/2175/5352
f 5694/2176/5353 5687/2169/5347 5692/2174/5351
f 5695/2177/5354 5687/2169/5347 5694/2176/5353
f 5693/2175/5352 5687/2169/5347 5695/2177/5354
f 5696/2178/5355 5697/2179/5356 5698/2180/5357
f 5696/2178/5355 5699/2181/5358 5697/2179/5356
f 5696/2178/5355 5698/2180/5357 5700/2182/5359
f 5696/2178/5355 5701/2183/5080 5699/2181/5358
f 5696/2178/5355 5702/2184/5360 5701/2183/5080
f 5696/2178/5355 5700/2182/5359 5703/2185/5361
f 5704/2186/5362 5696/2178/5355 5703/2185/5361
f 5696/2178/5355 5704/2186/5362 5702/2184/5360
f 5705/2397/5363 5706/2398/5364 5707/2399/5365
f 5708/2400/5366 5705/2397/5363 5707/2399/5365
f 5707/2399/5365 5706/2398/5364 5709/2401/5367
f 5705/2397/5363 5710/2402/5368 5706/2398/5364
f 5711/2403/5369 5710/2402/5368 5705/2397/5363
f 5712/2404/5370 5711/2403/5369 5705/2397/5363
f 5712/2404/5370 5705/2397/5363 5708/2400/5366
f 5710/2402/5368 5713/2405/5371 5706/2398/5364
f 5706/2398/5364 5714/2406/5372 5709/2401/5367
f 5706/2398/5364 5713/2405/5371 5714/2406/5372
f 5715/2407/5373 5712/2404/5370 5708/2400/5366
f 5709/2401/5367 5714/2406/5372 5716/2408/5374
f 5710/2402/5368 5717/2409/5375 5713/2405/5371
f 5718/2410/5376 5717/2409/5375 5710/2402/5368
f 5711/2403/5369 5718/2410/5376 5710/2402/5368
f 5719/2411/5377 5711/2403/5369 5712/2404/5370
f 5719/2411/5377 5720/2412/5378 5711/2403/5369
f 5720/2412/5378 5718/2410/5376 5711/2403/5369
f 5721/2413/5379 5719/2411/5377 5712/2404/5370
f 5721/2413/5379 5712/2404/5370 5715/2407/5373
f 5713/2405/5371 5722/2414/5380 5714/2406/5372
f 5713/2405/5371 5723/2415/5160 5722/2414/5380
f 5717/2409/5375 5723/2415/5160 5713/2405/5371
f 5714/2406/5372 5722/2414/5380 5724/2416/5381
f 5714/2406/5372 5724/2416/5381 5716/2408/5374
f 5725/2417/5382 5721/2413/5379 5715/2407/5373
f 5716/2408/5374 5724/2416/5381 5726/2418/5383
f 5727/2419/5384 5719/2411/5377 5721/2413/5379
f 5728/2420/5385 5720/2412/5378 5719/2411/5377
f 5727/2419/5384 5728/2420/5385 5719/2411/5377
f 5729/2421/5386 5727/2419/5384 5721/2413/5379
f 5729/2421/5386 5721/2413/5379 5725/2417/5382
f 5722/2414/5380 5730/2422/5387 5724/2416/5381
f 5722/2414/5380 5731/2423/5388 5730/2422/5387
f 5723/2415/5160 5731/2423/5388 5722/2414/5380
f 5724/2416/5381 5730/2422/5387 5732/2424/5389
f 5724/2416/5381 5732/2424/5389 5726/2418/5383
f 5733/2425/5390 5729/2421/5386 5725/2417/5382
f 5726/2418/5383 5732/2424/5389 5734/2426/5391
f 5735/2427/5392 5727/2419/5384 5729/2421/5386
f 5735/2427/5392 5736/2428/5393 5727/2419/5384
f 5736/2428/5393 5728/2420/5385 5727/2419/5384
f 5737/2429/5394 5735/2427/5392 5729/2421/5386
f 5737/2429/5394 5729/2421/5386 5733/2425/5390
f 5730/2422/5387 5738/2430/5395 5732/2424/5389
f 5730/2422/5387 5739/2431/5396 5738/2430/5395
f 5731/2423/5388 5739/2431/5396 5730/2422/5387
f 5732/2424/5389 5738/2430/5395 5740/2432/5397
f 5732/2424/5389 5740/2432/5397 5734/2426/5391
f 5741/2433/5398 5737/2429/5394 5733/2425/5390
f 5734/2426/5391 5740/2432/5397 5742/2434/5399
f 5743/2435/5400 5735/2427/5392 5737/2429/5394
f 5743/2435/5400 5744/2436/5401 5735/2427/5392
f 5744/2436/5401 5736/2428/5393 5735/2427/5392
f 5745/2437/5402 5743/2435/5400 5737/2429/5394
f 5745/2437/5402 5737/2429/5394 5741/2433/5398
f 5738/2430/5395 5746/2438/5403 5740/2432/5397
f 5738/2430/5395 5747/2439/5404 5746/2438/5403
f 5739/2431/5396 5747/2439/5404 5738/2430/5395
f 5740/2432/5397 5746/2438/5403 5748/2440/5405
f 5740/2432/5397 5748/2440/5405 5742/2434/5399
f 5748/2440/5405 5749/2441/5406 5745/2437/5402
f 5749/2441/5406 5743/2435/5400 5745/2437/5402
f 5750/2442/5407 5745/2437/5402 5741/2433/5398
f 5748/2440/5405 5745/2437/5402 5750/2442/5407
f 5742/2434/5399 5748/2440/5405 5750/2442/5407
f 5746/2438/5403 5749/2441/5406 5748/2440/5405
f 5746/2438/5403 5751/2443/5408 5749/2441/5406
f 5747/2439/5404 5751/2443/5408 5746/2438/5403
f 5752/2444/5133 5744/2436/5401 5743/2435/5400
f 5749/2441/5406 5752/2444/5133 5743/2435/5400
f 5751/2443/5408 5752/2444/5133 5749/2441/5406
f 5753/2445/5409 5754/2446/5410 5755/2447/5411
f 5756/2448/5412 5753/2445/5409 5755/2447/5411
f 5757/2449/5413 5753/2445/5409 5756/2448/5412
f 5755/2447/5411 5754/2446/5410 5758/2450/5414
f 5754/2446/5410 5759/2451/5415 5758/2450/5414
f 5755/2447/5411 5758/2450/5414 5760/2452/5416
f 5761/2453/5417 5755/2447/5411 5760/2452/5416
f 5756/2448/5412 5755/2447/5411 5761/2453/5417
f 5762/2454/5418 5757/2449/5413 5756/2448/5412
f 5763/2455/5419 5756/2448/5412 5761/2453/5417
f 5762/2454/5418 5756/2448/5412 5763/2455/5419
f 5764/2456/5420 5757/2449/5413 5762/2454/5418
f 5758/2450/5414 5759/2451/5415 5765/2457/5421
f 5758/2450/5414 5765/2457/5421 5766/2458/5422
f 5760/2452/5416 5758/2450/5414 5766/2458/5422
f 5759/2451/5415 5767/2459/5423 5765/2457/5421
f 5760/2452/5416 5766/2458/5422 5768/2460/5424
f 5769/2461/5425 5760/2452/5416 5768/2460/5424
f 5761/2453/5417 5760/2452/5416 5769/2461/5425
f 5763/2455/5419 5761/2453/5417 5770/2462/5426
f 5770/2462/5426 5761/2453/5417 5769/2461/5425
f 5771/2463/5427 5764/2456/5420 5762/2454/5418
f 5772/2464/5428 5762/2454/5418 5763/2455/5419
f 5771/2463/5427 5762/2454/5418 5772/2464/5428
f 5772/2464/5428 5763/2455/5419 5773/2465/5429
f 5773/2465/5429 5763/2455/5419 5770/2462/5426
f 5770/2462/5426 5769/2461/5425 5774/2466/5430
f 5769/2461/5425 5768/2460/5424 5774/2466/5430
f 5773/2465/5429 5770/2462/5426 5774/2466/5430
f 5768/2460/5424 5766/2458/5422 5775/2467/5431
f 5768/2460/5424 5775/2467/5431 5774/2466/5430
f 5766/2458/5422 5765/2457/5421 5776/2468/5432
f 5766/2458/5422 5776/2468/5432 5775/2467/5431
f 5765/2457/5421 5767/2459/5423 5777/2469/5433
f 5765/2457/5421 5777/2469/5433 5776/2468/5432
f 5767/2459/5423 5778/2470/5434 5777/2469/5433
f 5779/2471/5435 5772/2464/5428 5773/2465/5429
f 5779/2471/5435 5773/2465/5429 5774/2466/5430
f 5780/2472/5436 5771/2463/5427 5772/2464/5428
f 5780/2472/5436 5772/2464/5428 5779/2471/5435
f 5775/2467/5431 5776/2468/5432 5781/2473/5437
f 5775/2467/5431 5781/2473/5437 5774/2466/5430
f 5776/2468/5432 5777/2469/5433 5782/2474/5438
f 5776/2468/5432 5782/2474/5438 5781/2473/5437
f 5777/2469/5433 5778/2470/5434 5783/2475/5439
f 5777/2469/5433 5783/2475/5439 5782/2474/5438
f 5784/2476/5440 5780/2472/5436 5779/2471/5435
f 5784/2476/5440 5779/2471/5435 5774/2466/5430
f 5781/2473/5437 5782/2474/5438 5785/2477/5441
f 5781/2473/5437 5785/2477/5441 5774/2466/5430
f 5782/2474/5438 5783/2475/5439 5786/2478/5442
f 5782/2474/5438 5786/2478/5442 5785/2477/5441
f 5778/2470/5434 5787/2479/5443 5783/2475/5439
f 5783/2475/5439 5787/2479/5443 5788/2480/5444
f 5783/2475/5439 5788/2480/5444 5786/2478/5442
f 5786/2478/5442 5788/2480/5444 5789/2481/5445
f 5786/2478/5442 5789/2481/5445 5790/2482/5446
f 5785/2477/5441 5786/2478/5442 5790/2482/5446
f 5785/2477/5441 5790/2482/5446 5774/2466/5430
f 5791/2483/5447 5780/2472/5436 5784/2476/5440
f 5792/2484/5448 5791/2483/5447 5784/2476/5440
f 5792/2484/5448 5784/2476/5440 5774/2466/5430
f 5790/2482/5446 5789/2481/5445 5793/2485/5449
f 5790/2482/5446 5793/2485/5449 5774/2466/5430
f 5793/2485/5449 5792/2484/5448 5774/2466/5430
f 5787/2479/5443 5794/2486/5450 5788/2480/5444
f 5788/2480/5444 5794/2486/5450 5795/2487/5451
f 5788/2480/5444 5795/2487/5451 5789/2481/5445
f 5789/2481/5445 5795/2487/5451 5796/2488/5452
f 5789/2481/5445 5796/2488/5452 5793/2485/5449
f 5793/2485/5449 5796/2488/5452 5792/2484/5448
f 5796/2488/5452 5791/2483/5447 5792/2484/5448
f 5795/2487/5451 5797/2489/5453 5796/2488/5452
f 5796/2488/5452 5797/2489/5453 5791/2483/5447
f 5794/2486/5450 5798/2490/5454 5795/2487/5451
f 5795/2487/5451 5798/2490/5454 5797/2489/5453
f 5797/2489/5453 5799/2491/5455 5791/2483/5447
f 5791/2483/5447 5799/2491/5455 5780/2472/5436
f 5798/2490/5454 5800/2492/5456 5797/2489/5453
f 5797/2489/5453 5800/2492/5456 5799/2491/5455
f 5800/2492/5456 5801/2493/5457 5799/2491/5455
f 5799/2491/5455 5771/2463/5427 5780/2472/5436
f 5799/2491/5455 5801/2493/5457 5771/2463/5427
f 5801/2493/5457 5764/2456/5420 5771/2463/5427
l 5298 5299
l 5299 5300
l 5300 5301
l 5301 5302
l 5302 5303
l 5303 5304
l 5304 5305
l 5305 5306
l 5624 5625
l 5625 5626
l 5626 5627
l 5627 5628
l 5628 5629
l 5629 5630
l 5630 5631
l 5631 5632
o rot1
v -0.050385 0.348633 -0.048492
v -0.026230 0.581543 -0.064148
v -0.026230 0.348633 -0.064148
v -0.050385 0.581543 -0.048492
v -0.065002 0.581543 -0.026688
v -0.065002 0.348633 -0.026688
v -0.070618 0.348633 0.000989
v -0.070618 0.581543 0.000989
v -0.065613 0.348633 0.029480
v -0.065613 0.581543 0.029480
v -0.048920 0.348633 0.053467
v -0.048920 0.581543 0.053467
v -0.025940 0.348633 0.068298
v -0.025940 0.581543 0.068298
v 0.000462 0.348633 0.072998
v 0.000462 0.581543 0.072998
v 0.026642 0.348633 0.067200
v 0.026642 0.581543 0.067200
v 0.049591 0.348633 0.050934
v 0.049591 0.581543 0.050934
v 0.064087 0.348633 0.027542
v 0.064087 0.581543 0.027542
v 0.068726 0.348633 0.000990
v 0.068726 0.581543 0.000990
v 0.063110 0.581543 -0.026123
v 0.063110 0.348389 -0.026123
v 0.046997 0.348633 -0.049927
v 0.046997 0.581543 -0.049927
v 0.024673 0.348633 -0.064087
v 0.024673 0.581543 -0.064087
v -0.000378 0.348633 -0.069275
v -0.000378 0.581543 -0.069275
v -0.026230 0.348633 -0.064148
v -0.026230 0.581543 -0.064148
v -0.049500 0.564453 -0.048187
v -0.033630 0.575684 -0.085327
v -0.025253 0.563965 -0.063538
v -0.065857 0.575684 -0.064636
v -0.042603 0.598633 -0.108582
v -0.085388 0.575684 -0.033661
v -0.063965 0.563965 -0.024963
v -0.108276 0.598633 -0.042908
v -0.083374 0.598633 -0.082153
v -0.049927 0.628418 -0.128052
v -0.092407 0.575684 0.002066
v -0.069336 0.563965 0.001989
v -0.127197 0.628418 -0.050812
v -0.097839 0.628906 -0.096985
v -0.137451 0.628418 0.002214
v -0.117004 0.598633 0.002163
v -0.140503 0.663086 -0.056122
v -0.055084 0.663086 -0.141602
v -0.107971 0.663574 -0.107117
v -0.084778 0.575684 0.039398
v -0.063538 0.563965 0.030182
v -0.107361 0.598633 0.049225
v -0.151733 0.663086 0.002274
v -0.126099 0.628418 0.057556
v -0.159546 0.704102 0.002295
v -0.147827 0.704102 -0.059174
v -0.139160 0.663086 0.063232
v -0.057953 0.704102 -0.149170
v -0.113586 0.704590 -0.112854
v -0.063721 0.575684 0.069946
v -0.047729 0.563965 0.053101
v -0.080811 0.598633 0.087952
v -0.094910 0.628418 0.103088
v -0.146484 0.704102 0.066467
v -0.104797 0.663086 0.113525
v -0.033569 0.575684 0.089294
v -0.025192 0.563965 0.067444
v -0.042542 0.598633 0.112610
v -0.049866 0.628418 0.132080
v -0.110291 0.704102 0.119385
v -0.055054 0.663086 0.145630
v 0.000885 0.575684 0.095398
v 0.000416 0.564453 0.071960
v 0.001387 0.598633 0.120422
v 0.001800 0.628418 0.141235
v -0.057892 0.704102 0.153198
v 0.002090 0.663086 0.155762
v 0.044922 0.598633 0.110840
v 0.035004 0.575684 0.087952
v 0.053009 0.628418 0.130005
v 0.058746 0.663086 0.143311
v 0.025742 0.563965 0.066467
v 0.002251 0.704102 0.163940
v 0.061890 0.704102 0.150757
v 0.098389 0.628418 0.097717
v 0.083496 0.598633 0.083374
v 0.065491 0.575684 0.066345
v 0.108826 0.663086 0.107605
v 0.114624 0.704102 0.113159
v 0.048645 0.563965 0.050354
v 0.140381 0.663086 0.055725
v 0.126953 0.628418 0.050690
v 0.107849 0.598633 0.043365
v 0.084717 0.575684 0.034668
v 0.147827 0.704102 0.058563
v 0.063049 0.563965 0.026505
v 0.157715 0.704102 -0.000066
v 0.149780 0.663086 0.000030
v 0.135498 0.628418 0.000290
v 0.115112 0.598633 0.000527
v 0.090393 0.575684 0.000818
v 0.067261 0.563965 0.001046
v 0.146362 0.703613 -0.062042
v 0.138916 0.662598 -0.058838
v 0.125732 0.627930 -0.053192
v 0.106750 0.598145 -0.044952
v 0.083923 0.575195 -0.035248
v 0.062561 0.563965 -0.026138
v 0.061981 0.575684 -0.066406
v 0.079163 0.598633 -0.084473
v 0.093262 0.628418 -0.099670
v 0.103210 0.663086 -0.110046
v 0.108704 0.704102 -0.115906
v 0.045990 0.563965 -0.049469
v 0.032074 0.575684 -0.085449
v 0.023529 0.564453 -0.063599
v 0.041229 0.598633 -0.108765
v 0.048645 0.628418 -0.128174
v 0.053986 0.663086 -0.141724
v 0.056854 0.704102 -0.149292
v 0.001121 0.575684 -0.091614
v 0.000782 0.564453 -0.068115
v 0.001463 0.598633 -0.116638
v 0.001888 0.628418 -0.137573
v 0.002090 0.663086 -0.152100
v 0.002251 0.704102 -0.160156
v -0.042603 0.598633 -0.108582
v -0.033630 0.575684 -0.085327
v -0.049927 0.628418 -0.128052
v -0.055084 0.663086 -0.141602
v -0.057953 0.704102 -0.149170
v -0.025253 0.563965 -0.063538
v -0.087036 1.648438 -0.218872
v -0.165283 1.626953 -0.171997
v -0.161621 1.648438 -0.168335
v -0.088989 1.626953 -0.223755
v -0.000036 1.648438 -0.236938
v -0.076111 1.487305 -0.192139
v -0.146484 1.487305 -0.145630
v 0.000710 1.487305 -0.206055
v 0.000710 1.626953 -0.241943
v 0.086914 1.648438 -0.219849
v -0.118591 1.452148 -0.117676
v -0.061096 1.452148 -0.155273
v 0.000710 1.453125 -0.166260
v 0.073547 1.487305 -0.191162
v 0.088806 1.626953 -0.224731
v 0.161011 1.647461 -0.171265
v 0.164551 1.625977 -0.174927
v -0.118591 1.424805 -0.117676
v -0.061096 1.424805 -0.155273
v 0.000710 1.424805 -0.166260
v 0.059021 1.452148 -0.154175
v 0.139160 1.487305 -0.148315
v 0.186768 1.487305 -0.078857
v 0.220215 1.626953 -0.092529
v 0.215454 1.648438 -0.090576
v 0.059021 1.424805 -0.154175
v 0.111877 1.452148 -0.119873
v 0.150635 1.453125 -0.064148
v 0.202515 1.487305 -0.000023
v 0.237305 1.626953 -0.000023
v 0.232178 1.648438 -0.000023
v 0.111877 1.424805 -0.119873
v 0.150635 1.424805 -0.064148
v 0.163574 1.452148 -0.000023
v 0.222534 1.625000 0.084045
v 0.217773 1.646484 0.082092
v 0.153809 1.452148 0.060944
v 0.189941 1.487305 0.075867
v 0.163574 1.424805 -0.000023
v 0.174438 1.626953 0.165161
v 0.170776 1.648438 0.161377
v 0.120789 1.452148 0.118591
v 0.153809 1.424805 0.060944
v 0.148560 1.487305 0.146484
v 0.090027 1.626953 0.223267
v 0.147217 1.450195 0.058044
v 0.185669 1.489258 0.073914
v 0.114990 1.450195 0.112976
v 0.149536 1.425781 0.059021
v 0.170898 1.626953 0.161743
v 0.218018 1.625977 0.082275
v 0.166870 1.643555 0.157593
v 0.212646 1.642578 0.080139
v 0.145264 1.489258 0.142822
v 0.116455 1.425781 0.114258
v 0.062164 1.450195 0.151489
v 0.088257 1.626953 0.218628
v 0.085999 1.643555 0.213257
v 0.077209 1.489258 0.190918
v 0.062561 1.425781 0.154297
v 0.001211 1.450195 0.164917
v 0.000174 1.489258 0.207642
v 0.000006 1.627930 0.236084
v -0.000005 1.643555 0.230225
v -0.084595 1.627930 0.219360
v 0.000431 1.425781 0.167236
v -0.060974 1.450195 0.153687
v -0.076172 1.489258 0.193237
v -0.082397 1.643555 0.213989
v -0.158936 1.625000 0.170166
v -0.155518 1.642578 0.166870
v -0.137695 1.488281 0.146118
v -0.061890 1.425781 0.155273
v -0.112061 1.449219 0.117310
v -0.184448 1.489258 0.079529
v -0.211060 1.627930 0.090637
v -0.207153 1.643555 0.088928
v -0.114563 1.425781 0.119141
v -0.147827 1.450195 0.064331
v -0.202515 1.489258 -0.000195
v -0.158569 1.450195 -0.000132
v -0.149658 1.425781 0.064880
v -0.224854 1.643555 -0.000024
v -0.230713 1.626953 -0.000027
v -0.185669 1.489258 -0.078003
v -0.211426 1.627930 -0.093567
v -0.147339 1.450195 -0.063721
v -0.160889 1.425781 -0.000497
v -0.142822 1.489258 -0.142456
v -0.206055 1.643555 -0.091370
v -0.161987 1.626953 -0.168457
v -0.157837 1.643555 -0.164307
v -0.147949 1.425781 -0.063904
v -0.113525 1.450195 -0.114319
v -0.115295 1.425781 -0.114929
v -0.157837 1.643555 -0.164307
v -0.206055 1.643555 -0.091370
v -0.000008 1.644531 -0.000033
v -0.224854 1.643555 -0.000024
v -0.207153 1.643555 0.088928
v -0.155518 1.642578 0.166870
v -0.082397 1.643555 0.213989
v -0.000005 1.643555 0.230225
v 0.085999 1.643555 0.213257
v 0.166870 1.643555 0.157593
v 0.212646 1.642578 0.080139
v 0.226807 1.643555 -0.000018
v 0.210449 1.643555 -0.088440
v 0.157227 1.642578 -0.167236
v 0.084900 1.643555 -0.214600
v -0.000013 1.643555 -0.231445
v -0.084961 1.643555 -0.213745
v -0.157837 1.643555 -0.164307
v -0.116272 0.795898 -0.115540
v -0.059875 1.338867 -0.152100
v -0.059875 0.795410 -0.152100
v -0.116272 1.338867 -0.115539
v -0.150391 1.338867 -0.064697
v -0.150391 0.795410 -0.064697
v -0.163330 0.795410 -0.000176
v -0.163330 1.338867 -0.000176
v -0.151733 0.795410 0.066223
v -0.151733 1.338867 0.066223
v -0.112854 0.795410 0.122131
v -0.112854 1.338867 0.122131
v -0.059235 0.795410 0.156738
v -0.059235 1.338867 0.156738
v 0.002325 0.795410 0.167725
v 0.002325 1.338867 0.167725
v 0.063354 0.795410 0.154175
v 0.063354 1.338867 0.154175
v 0.116882 0.795410 0.116272
v 0.116882 1.338867 0.116272
v 0.150757 0.795410 0.061707
v 0.150757 1.338867 0.061707
v 0.161499 0.795410 -0.000173
v 0.161499 1.338867 -0.000173
v 0.148315 1.338867 -0.063354
v 0.148315 0.795410 -0.063354
v 0.110840 0.795410 -0.118896
v 0.110840 1.338867 -0.118896
v 0.058777 0.795410 -0.151855
v 0.058777 1.338867 -0.151855
v 0.000367 0.795410 -0.163940
v 0.000367 1.338867 -0.163940
v -0.059875 0.795410 -0.152100
v -0.059875 1.338867 -0.152100
v 0.088074 1.648438 0.218506
v 0.063843 1.452148 0.159058
v 0.120789 1.424805 0.118591
v 0.078796 1.487305 0.195801
v -0.000036 1.648438 0.235718
v -0.000036 1.487305 0.212891
v -0.000036 1.626953 0.240967
v -0.000036 1.452148 0.172974
v 0.063843 1.424805 0.159058
v -0.086304 1.626953 0.223999
v -0.084412 1.648438 0.219238
v -0.063538 1.452148 0.161255
v -0.078125 1.487305 0.198242
v -0.000036 1.424805 0.172974
v -0.163086 1.625000 0.174439
v -0.159180 1.647461 0.170899
v -0.140991 1.486328 0.149780
v -0.117065 1.452148 0.123108
v -0.063538 1.424805 0.161255
v -0.212158 1.648438 0.091065
v -0.217285 1.626953 0.091980
v -0.188965 1.487305 0.081604
v -0.154541 1.452148 0.067566
v -0.117065 1.423828 0.123108
v -0.154541 1.424805 0.067566
v -0.168701 1.452148 -0.000023
v -0.207642 1.487305 -0.000023
v -0.230347 1.648438 -0.000023
v -0.235474 1.626953 -0.000023
v -0.190308 1.487305 -0.079651
v -0.215820 1.626953 -0.095520
v -0.168701 1.424805 -0.000023
v -0.154175 1.453125 -0.064697
v -0.154175 1.424805 -0.064697
v -0.146484 1.487305 -0.145630
v -0.118591 1.452148 -0.117676
v -0.211060 1.648438 -0.093567
v -0.165283 1.626953 -0.171997
v -0.161621 1.648438 -0.168335
v -0.118591 1.424805 -0.117676
v -0.161621 1.648438 -0.168335
v -0.211060 1.648438 -0.093567
v 0.000038 1.648438 -0.000058
v -0.230347 1.648438 -0.000023
v -0.212158 1.648438 0.091065
v -0.159180 1.647461 0.170899
v -0.084412 1.648438 0.219238
v -0.000036 1.648438 0.235718
v 0.088074 1.648438 0.218506
v 0.170776 1.648438 0.161377
v 0.217773 1.646484 0.082092
v 0.232178 1.648438 -0.000023
v 0.215454 1.648438 -0.090576
v 0.161011 1.647461 -0.171265
v 0.086914 1.648438 -0.219849
v -0.000036 1.648438 -0.236938
v -0.087036 1.648438 -0.218872
v -0.161621 1.648438 -0.168335
v -0.084961 1.643555 -0.213745
v -0.161987 1.626953 -0.168457
v -0.157837 1.643555 -0.164307
v -0.087158 1.626953 -0.219116
v -0.000013 1.643555 -0.231445
v -0.074158 1.489258 -0.187744
v -0.142822 1.489258 -0.142456
v 0.000885 1.489258 -0.201416
v 0.000716 1.627930 -0.237060
v 0.084900 1.643555 -0.214600
v 0.087036 1.626953 -0.220093
v -0.113525 1.450195 -0.114319
v -0.058594 1.450195 -0.151123
v 0.001891 1.450195 -0.158813
v 0.072083 1.489258 -0.186890
v 0.157227 1.642578 -0.167236
v 0.161255 1.626953 -0.171387
v -0.059540 1.425781 -0.150391
v 0.000394 1.425781 -0.162109
v -0.115295 1.425781 -0.114929
v 0.057556 1.450195 -0.150146
v 0.057831 1.425781 -0.152344
v 0.136108 1.489258 -0.145019
v 0.182617 1.489258 -0.077270
v 0.215820 1.627930 -0.090637
v 0.210449 1.643555 -0.088440
v 0.108032 1.450195 -0.116394
v 0.110168 1.425781 -0.117981
v 0.145020 1.450195 -0.063232
v 0.232544 1.626953 -0.000057
v 0.226807 1.643555 -0.000018
v 0.158813 1.450195 -0.000145
v 0.197998 1.489258 -0.000237
v 0.147949 1.425781 -0.063965
v 0.161377 1.425781 -0.000488
vn -0.6948 -0.0000 -0.7192
vn -0.3840 -0.0000 -0.9233
vn -0.3835 0.0001 -0.9235
vn -0.9257 -0.0000 -0.3782
vn -0.9260 -0.0000 -0.3775
vn -0.9999 -0.0000 -0.0111
vn -0.9999 -0.0000 -0.0113
vn -0.9246 -0.0000 0.3811
vn -0.6989 -0.0000 0.7152
vn -0.6990 -0.0000 0.7151
vn -0.3680 -0.0000 0.9298
vn -0.3677 -0.0000 0.9299
vn 0.0209 -0.0000 0.9998
vn 0.4097 -0.0000 0.9122
vn 0.7270 -0.0000 0.6866
vn 0.7272 -0.0000 0.6864
vn 0.9339 -0.0000 0.3576
vn 0.9339 -0.0000 0.3574
vn 0.9998 -0.0000 -0.0194
vn 0.9998 -0.0000 -0.0187
vn 0.9199 -0.0000 -0.3923
vn 0.7032 -0.0000 -0.7110
vn 0.7027 -0.0000 -0.7115
vn 0.3781 -0.0000 -0.9257
vn 0.3780 -0.0000 -0.9258
vn 0.0017 -0.0000 -1.0000
vn 0.0015 -0.0000 -1.0000
vn -0.3830 -0.0000 -0.9237
vn -0.3836 -0.0001 -0.9235
vn -0.3132 -0.8955 -0.3162
vn -0.2284 -0.7954 -0.5614
vn -0.1655 -0.8970 -0.4099
vn -0.4306 -0.7924 -0.4321
vn -0.2912 -0.6392 -0.7118
vn -0.5669 -0.7915 -0.2285
vn -0.4150 -0.8941 -0.1686
vn -0.7179 -0.6339 -0.2879
vn -0.5455 -0.6363 -0.5455
vn -0.3345 -0.4683 -0.8178
vn -0.6118 -0.7910 0.0056
vn -0.4483 -0.8939 0.0035
vn -0.8223 -0.4635 -0.3301
vn -0.6258 -0.4655 -0.6258
vn -0.8866 -0.4624 0.0089
vn -0.7741 -0.6330 0.0076
vn -0.8926 -0.2749 -0.3572
vn -0.3637 -0.2783 -0.8890
vn -0.6801 -0.2763 -0.6791
vn -0.5629 -0.7914 0.2383
vn -0.4116 -0.8944 0.1750
vn -0.7126 -0.6340 0.3006
vn -0.9616 -0.2744 0.0101
vn -0.8164 -0.4634 0.3447
vn -0.9819 -0.1891 0.0103
vn -0.9115 -0.1895 -0.3650
vn -0.8860 -0.2748 0.3734
vn -0.3716 -0.1922 -0.9083
vn -0.6943 -0.1914 -0.6938
vn -0.4243 -0.7935 0.4363
vn -0.3088 -0.8958 0.3195
vn -0.5391 -0.6368 0.5513
vn -0.6182 -0.4661 0.6329
vn -0.9046 -0.1898 0.3816
vn -0.6719 -0.2769 0.6870
vn -0.2217 -0.7955 0.5640
vn -0.1604 -0.8973 0.4113
vn -0.2825 -0.6392 0.7153
vn -0.3244 -0.4687 0.8216
vn -0.6860 -0.1913 0.7020
vn -0.3533 -0.2786 0.8931
vn 0.0119 -0.7962 0.6049
vn 0.0086 -0.8978 0.4404
vn 0.0154 -0.6402 0.7681
vn 0.0178 -0.4695 0.8828
vn -0.3608 -0.1925 0.9126
vn 0.0195 -0.2791 0.9601
vn 0.3161 -0.6391 0.7011
vn 0.2482 -0.7953 0.5531
vn 0.3630 -0.4682 0.8056
vn 0.3952 -0.2783 0.8754
vn 0.1798 -0.8971 0.4036
vn 0.0199 -0.1931 0.9810
vn 0.4035 -0.1924 0.8945
vn 0.6470 -0.4661 0.6035
vn 0.5640 -0.6367 0.5259
vn 0.4446 -0.7935 0.4156
vn 0.7030 -0.2766 0.6552
vn 0.7180 -0.1913 0.6692
vn 0.3239 -0.8960 0.3038
vn 0.8984 -0.2752 0.3423
vn 0.8278 -0.4637 0.3157
vn 0.7221 -0.6347 0.2751
vn 0.5698 -0.7926 0.2170
vn 0.9175 -0.1896 0.3496
vn 0.4170 -0.8950 0.1584
vn 0.9819 -0.1891 -0.0111
vn 0.9615 -0.2747 -0.0110
vn 0.8863 -0.4630 -0.0091
vn 0.7735 -0.6338 -0.0070
vn 0.6104 -0.7921 -0.0039
vn 0.4478 -0.8941 -0.0009
vn 0.9038 -0.1913 -0.3828
vn 0.8848 -0.2776 -0.3743
vn 0.8143 -0.4670 -0.3447
vn 0.7094 -0.6377 -0.3000
vn 0.5591 -0.7946 -0.2368
vn 0.4062 -0.8974 -0.1721
vn 0.4198 -0.7947 -0.4384
vn 0.5356 -0.6381 -0.5532
vn 0.6157 -0.4670 -0.6347
vn 0.6703 -0.2773 -0.6884
vn 0.6844 -0.1916 -0.7035
vn 0.3035 -0.8966 -0.3226
vn 0.2307 -0.7968 -0.5585
vn 0.1672 -0.8980 -0.4070
vn 0.2942 -0.6402 -0.7096
vn 0.3381 -0.4694 -0.8157
vn 0.3684 -0.2791 -0.8868
vn 0.3762 -0.1926 -0.9063
vn -0.0008 -0.7971 -0.6038
vn -0.0002 -0.8983 -0.4394
vn -0.0016 -0.6408 -0.7677
vn -0.0014 -0.4701 -0.8826
vn -0.0016 -0.2796 -0.9601
vn -0.0013 -0.1928 -0.9812
vn -0.2908 -0.6392 -0.7119
vn -0.2280 -0.7954 -0.5615
vn -0.3340 -0.4683 -0.8180
vn -0.3632 -0.2783 -0.8892
vn -0.3712 -0.1922 -0.9084
vn -0.1651 -0.8970 -0.4100
vn -0.0791 0.9794 -0.1859
vn -0.6948 -0.1637 -0.7003
vn -0.1435 0.9790 -0.1450
vn -0.3786 -0.1763 -0.9086
vn -0.0019 0.9797 -0.2003
vn -0.3573 -0.3615 -0.8612
vn -0.6634 -0.3502 -0.6612
vn 0.0014 -0.3650 -0.9310
vn 0.0002 -0.1822 -0.9833
vn 0.0796 0.9799 -0.1828
vn -0.5782 -0.5630 -0.5906
vn -0.3102 -0.5657 -0.7641
vn 0.0075 -0.5667 -0.8239
vn 0.3528 -0.3710 -0.8590
vn 0.3740 -0.1879 -0.9082
vn 0.1457 0.9783 -0.1475
vn 0.6940 -0.1901 -0.6944
vn -0.6976 -0.0000 -0.7165
vn -0.3771 -0.0000 -0.9262
vn 0.0093 -0.0000 -1.0000
vn 0.3174 -0.5642 -0.7622
vn 0.6561 -0.3710 -0.6572
vn 0.8578 -0.3655 -0.3615
vn 0.9064 -0.1844 -0.3799
vn 0.1856 0.9792 -0.0817
vn 0.3854 -0.0000 -0.9227
vn 0.5822 -0.5614 -0.5880
vn 0.7603 -0.5608 -0.3277
vn 0.9316 -0.3630 -0.0177
vn 0.9836 -0.1796 -0.0172
vn 0.2014 0.9795 0.0062
vn 0.7007 -0.0000 -0.7134
vn 0.9183 -0.0000 -0.3959
vn 0.8306 -0.5564 -0.0216
vn 0.9230 -0.1726 0.3440
vn 0.1947 0.9781 0.0737
vn 0.7810 -0.5575 0.2813
vn 0.8744 -0.3566 0.3290
vn 0.9997 -0.0000 -0.0248
vn 0.7202 -0.1573 0.6757
vn 0.1529 0.9788 0.1365
vn 0.6090 -0.5643 0.5573
vn 0.9408 -0.0000 0.3390
vn 0.6820 -0.3442 0.6454
vn 0.3977 -0.1466 0.9057
vn 0.7808 -0.5500 0.2964
vn 0.8730 -0.3589 0.3303
vn 0.6100 -0.5643 0.5563
vn 0.9275 0.0933 0.3621
vn 0.7198 -0.1603 0.6754
vn 0.9225 -0.1748 0.3440
vn 0.1231 0.9865 0.1081
vn 0.1565 0.9859 0.0592
vn 0.6812 -0.3489 0.6436
vn 0.7362 0.0892 0.6708
vn 0.3440 -0.5647 0.7502
vn 0.3975 -0.1499 0.9053
vn 0.0649 0.9867 0.1489
vn 0.3799 -0.3413 0.8598
vn 0.4097 0.0947 0.9073
vn 0.0156 -0.5661 0.8242
vn 0.0096 -0.3403 0.9403
vn 0.0085 -0.1443 0.9895
vn 0.0014 0.9870 0.1608
vn -0.3846 -0.1470 0.9113
vn 0.0087 0.0922 0.9957
vn -0.3248 -0.5609 0.7615
vn -0.3709 -0.3372 0.8653
vn -0.0670 0.9866 0.1485
vn -0.7077 -0.1580 0.6886
vn -0.1238 0.9849 0.1213
vn -0.6770 -0.3383 0.6536
vn -0.3845 0.0928 0.9184
vn -0.6110 -0.5326 0.5856
vn -0.8666 -0.3342 0.3706
vn -0.9086 -0.1535 0.3884
vn -0.1509 0.9862 0.0687
vn -0.7151 0.1010 0.6917
vn -0.7749 -0.5480 0.3151
vn -0.9419 -0.3358 0.0037
vn -0.8262 -0.5633 -0.0012
vn -0.9278 0.0943 0.3611
vn -0.1653 0.9862 0.0023
vn -0.9893 -0.1460 0.0042
vn -0.8710 -0.3389 -0.3557
vn -0.9127 -0.1489 -0.3806
vn -0.7636 -0.5662 -0.3103
vn -0.9973 0.0728 -0.0102
vn -0.6646 -0.3488 -0.6609
vn -0.1498 0.9868 -0.0609
vn -0.6949 -0.1663 -0.6996
vn -0.1145 0.9866 -0.1161
vn -0.9280 0.0542 -0.3686
vn -0.5817 -0.5570 -0.5928
vn -0.7036 0.0376 -0.7096
vn -0.1140 0.9867 -0.1159
vn -0.1494 0.9869 -0.0610
vn 0.0005 1.0000 0.0002
vn -0.1650 0.9863 0.0021
vn -0.1505 0.9862 0.0686
vn -0.1236 0.9849 0.1208
vn -0.0670 0.9867 0.1482
vn 0.0012 0.9870 0.1606
vn 0.0648 0.9868 0.1487
vn 0.1229 0.9865 0.1079
vn 0.1563 0.9859 0.0592
vn 0.1608 0.9870 0.0068
vn 0.1477 0.9868 -0.0660
vn 0.1168 0.9861 -0.1185
vn 0.0645 0.9872 -0.1457
vn -0.0017 0.9871 -0.1598
vn -0.0631 0.9869 -0.1482
vn -0.3835 -0.0000 -0.9235
vn -0.9999 -0.0000 -0.0116
vn -0.9999 -0.0000 -0.0114
vn -0.9245 -0.0000 0.3812
vn -0.9245 -0.0000 0.3811
vn 0.7271 -0.0000 0.6866
vn 0.9340 -0.0000 0.3574
vn 0.9998 -0.0000 -0.0186
vn 0.9198 -0.0000 -0.3923
vn 0.3781 -0.0000 -0.9258
vn 0.3782 -0.0000 -0.9257
vn 0.0014 -0.0000 -1.0000
vn -0.3836 -0.0000 -0.9235
vn 0.0812 0.9791 0.1867
vn 0.3391 -0.5652 0.7520
vn 0.7370 -0.0000 0.6759
vn 0.3803 -0.3363 0.8616
vn 0.0016 0.9795 0.2016
vn 0.0099 -0.3331 0.9429
vn 0.0085 -0.1403 0.9901
vn 0.0148 -0.5667 0.8238
vn 0.4109 -0.0000 0.9117
vn -0.3823 -0.1425 0.9130
vn -0.0814 0.9791 0.1862
vn -0.3277 -0.5599 0.7610
vn -0.3706 -0.3306 0.8680
vn 0.0178 -0.0000 0.9998
vn -0.7066 -0.1542 0.6906
vn -0.1526 0.9767 0.1512
vn -0.6764 -0.3362 0.6554
vn -0.6108 -0.5331 0.5854
vn -0.3930 -0.0000 0.9195
vn -0.1884 0.9784 0.0850
vn -0.9110 -0.1498 0.3842
vn -0.8675 -0.3313 0.3710
vn -0.7750 -0.5398 0.3286
vn -0.7177 -0.0000 0.6964
vn -0.9220 -0.0000 0.3872
vn -0.8316 -0.5554 -0.0006
vn -0.9446 -0.3283 -0.0003
vn -0.2061 0.9785 0.0005
vn -0.9898 -0.1421 -0.0017
vn -0.8720 -0.3333 -0.3584
vn -0.9131 -0.1459 -0.3808
vn -1.0000 -0.0000 -0.0028
vn -0.7633 -0.5589 -0.3240
vn -0.9203 -0.0000 -0.3913
vn -0.6637 -0.3503 -0.6609
vn -0.5784 -0.5629 -0.5904
vn -0.1880 0.9792 -0.0767
vn -0.6950 -0.1638 -0.7001
vn -0.1436 0.9790 -0.1449
vn -0.6980 -0.0000 -0.7161
vn -0.1432 0.9791 -0.1446
vn -0.1876 0.9792 -0.0766
vn 0.0009 1.0000 0.0004
vn -0.2056 0.9786 0.0005
vn -0.1880 0.9785 0.0848
vn -0.1524 0.9767 0.1508
vn -0.0813 0.9792 0.1857
vn 0.0016 0.9795 0.2012
vn 0.0811 0.9792 0.1862
vn 0.1525 0.9789 0.1361
vn 0.1943 0.9782 0.0737
vn 0.2009 0.9796 0.0062
vn 0.1852 0.9793 -0.0815
vn 0.1454 0.9784 -0.1470
vn 0.0795 0.9800 -0.1824
vn -0.0019 0.9798 -0.1998
vn -0.0789 0.9795 -0.1854
vn -0.0632 0.9869 -0.1485
vn -0.6947 -0.1663 -0.6998
vn -0.1144 0.9866 -0.1163
vn -0.3784 -0.1786 -0.9082
vn -0.0017 0.9871 -0.1600
vn -0.3562 -0.3599 -0.8623
vn -0.6642 -0.3488 -0.6612
vn 0.0013 -0.3633 -0.9317
vn 0.0002 -0.1841 -0.9829
vn 0.0645 0.9872 -0.1460
vn 0.3738 -0.1895 -0.9079
vn -0.5815 -0.5570 -0.5930
vn -0.3015 -0.5622 -0.7701
vn 0.0064 -0.5492 -0.8357
vn 0.3525 -0.3670 -0.8609
vn 0.1170 0.9860 -0.1187
vn 0.6938 -0.1914 -0.6943
vn -0.3741 0.0422 -0.9264
vn -0.0099 0.0808 -0.9967
vn -0.7032 0.0376 -0.7100
vn 0.3151 -0.5446 -0.7773
vn 0.3668 0.0999 -0.9249
vn 0.6577 -0.3662 -0.6582
vn 0.8589 -0.3621 -0.3623
vn 0.9062 -0.1859 -0.3798
vn 0.1479 0.9868 -0.0661
vn 0.5949 -0.5356 -0.5993
vn 0.7002 0.1024 -0.7066
vn 0.7742 -0.5346 -0.3389
vn 0.9833 -0.1811 -0.0174
vn 0.1612 0.9869 0.0068
vn 0.8431 -0.5375 -0.0165
vn 0.9322 -0.3616 -0.0175
vn 0.9116 0.1127 -0.3953
vn 0.9942 0.1066 -0.0174
vt 0.970215 0.959137
vt 0.968750 0.968170
vt 0.968750 0.959137
vt 0.970215 0.968170
vt 0.971191 0.968170
vt 0.971191 0.959137
vt 0.972656 0.959137
vt 0.972656 0.968170
vt 0.973633 0.959137
vt 0.973633 0.968170
vt 0.975098 0.959137
vt 0.975098 0.968170
vt 0.976562 0.959137
vt 0.976562 0.968170
vt 0.977539 0.959137
vt 0.977539 0.968170
vt 0.979004 0.959137
vt 0.979004 0.968170
vt 0.979980 0.959137
vt 0.979980 0.968170
vt 0.981445 0.959137
vt 0.981445 0.968170
vt 0.982422 0.959137
vt 0.982422 0.968170
vt 0.983887 0.968170
vt 0.983887 0.959137
vt 0.985352 0.959137
vt 0.985352 0.968170
vt 0.986328 0.959137
vt 0.986328 0.968170
vt 0.987793 0.959137
vt 0.987793 0.968170
vt 0.988770 0.959137
vt 0.988770 0.968170
vt 0.960449 0.950195
vt 0.958984 0.950653
vt 0.958984 0.950195
vt 0.960449 0.950684
vt 0.958984 0.951477
vt 0.961914 0.950653
vt 0.961914 0.950195
vt 0.961914 0.951477
vt 0.960449 0.951508
vt 0.958984 0.952820
vt 0.962891 0.950653
vt 0.962891 0.950195
vt 0.961914 0.952820
vt 0.960449 0.952820
vt 0.962891 0.952820
vt 0.962891 0.951477
vt 0.961914 0.954346
vt 0.958984 0.954346
vt 0.960449 0.954346
vt 0.964355 0.950653
vt 0.964355 0.950195
vt 0.964355 0.951477
vt 0.962891 0.954346
vt 0.964355 0.952820
vt 0.962891 0.955933
vt 0.961914 0.955933
vt 0.964355 0.954346
vt 0.958984 0.955933
vt 0.960449 0.955933
vt 0.965820 0.950653
vt 0.965820 0.950195
vt 0.965820 0.951477
vt 0.965820 0.952820
vt 0.964355 0.955933
vt 0.965820 0.954346
vt 0.967285 0.950653
vt 0.967285 0.950195
vt 0.967285 0.951477
vt 0.967285 0.952820
vt 0.965820 0.955933
vt 0.967285 0.954346
vt 0.968262 0.950653
vt 0.968262 0.950195
vt 0.968262 0.951477
vt 0.968262 0.952820
vt 0.967285 0.955933
vt 0.968262 0.954346
vt 0.969727 0.951477
vt 0.969727 0.950653
vt 0.969727 0.952820
vt 0.969727 0.954346
vt 0.969727 0.950195
vt 0.968262 0.955933
vt 0.969727 0.955933
vt 0.970703 0.952820
vt 0.970703 0.951477
vt 0.970703 0.950653
vt 0.970703 0.954346
vt 0.970703 0.955933
vt 0.970703 0.950195
vt 0.972168 0.954346
vt 0.972168 0.952820
vt 0.972168 0.951477
vt 0.972168 0.950653
vt 0.972168 0.955933
vt 0.972168 0.950195
vt 0.973633 0.955933
vt 0.973633 0.954346
vt 0.973633 0.952820
vt 0.973633 0.951477
vt 0.973633 0.950653
vt 0.973633 0.950195
vt 0.974609 0.955902
vt 0.974609 0.954315
vt 0.974609 0.952789
vt 0.974609 0.951477
vt 0.974609 0.950653
vt 0.975098 0.950165
vt 0.976074 0.950653
vt 0.976074 0.951477
vt 0.976074 0.952820
vt 0.976074 0.954346
vt 0.976074 0.955933
vt 0.976074 0.950195
vt 0.977539 0.950653
vt 0.977539 0.950195
vt 0.977539 0.951477
vt 0.977539 0.952820
vt 0.977539 0.954346
vt 0.977539 0.955933
vt 0.978516 0.950653
vt 0.978516 0.950195
vt 0.978516 0.951477
vt 0.978516 0.952820
vt 0.978516 0.954346
vt 0.978516 0.955933
vt 0.979980 0.951477
vt 0.979980 0.950653
vt 0.979980 0.952820
vt 0.979980 0.954346
vt 0.979980 0.955933
vt 0.979980 0.950195
vt 0.984375 0.976456
vt 0.985352 0.975830
vt 0.985352 0.976456
vt 0.984375 0.975830
vt 0.983398 0.976456
vt 0.984375 0.973175
vt 0.985352 0.973175
vt 0.983398 0.973175
vt 0.983398 0.975830
vt 0.982910 0.976456
vt 0.985352 0.972412
vt 0.984375 0.972412
vt 0.983398 0.972412
vt 0.982910 0.973175
vt 0.982910 0.975830
vt 0.981934 0.976456
vt 0.981934 0.975830
vt 0.985352 0.971954
vt 0.984375 0.971954
vt 0.983398 0.971954
vt 0.982910 0.972412
vt 0.981934 0.973175
vt 0.980957 0.973175
vt 0.980957 0.975830
vt 0.980957 0.976456
vt 0.982910 0.971954
vt 0.981934 0.972412
vt 0.980957 0.972412
vt 0.979980 0.973175
vt 0.979980 0.975830
vt 0.979980 0.976456
vt 0.981934 0.971954
vt 0.980957 0.971954
vt 0.979980 0.972412
vt 0.979004 0.975830
vt 0.979004 0.976456
vt 0.979004 0.972412
vt 0.979004 0.973175
vt 0.979980 0.971954
vt 0.978027 0.975830
vt 0.978027 0.976456
vt 0.978027 0.972412
vt 0.979004 0.971954
vt 0.978027 0.973175
vt 0.977051 0.975830
vt 0.979004 0.972275
vt 0.979004 0.972778
vt 0.978027 0.972275
vt 0.979004 0.971970
vt 0.978027 0.975998
vt 0.979004 0.975998
vt 0.978027 0.976410
vt 0.979004 0.976410
vt 0.978027 0.972778
vt 0.978027 0.971970
vt 0.977051 0.972275
vt 0.977051 0.975998
vt 0.977051 0.976410
vt 0.977051 0.972778
vt 0.977051 0.971970
vt 0.976074 0.972275
vt 0.976074 0.972778
vt 0.976074 0.975998
vt 0.976074 0.976410
vt 0.975098 0.975998
vt 0.976074 0.971970
vt 0.975098 0.972275
vt 0.975098 0.972778
vt 0.975098 0.976410
vt 0.974121 0.975998
vt 0.974121 0.976410
vt 0.974121 0.972778
vt 0.975098 0.971970
vt 0.974121 0.972275
vt 0.973145 0.972778
vt 0.973145 0.975998
vt 0.973145 0.976410
vt 0.974121 0.971970
vt 0.973145 0.972275
vt 0.972168 0.972778
vt 0.972168 0.972275
vt 0.973145 0.971970
vt 0.972168 0.976410
vt 0.972168 0.975998
vt 0.971191 0.972778
vt 0.971191 0.975998
vt 0.971191 0.972275
vt 0.972168 0.971970
vt 0.970215 0.972778
vt 0.971191 0.976410
vt 0.970215 0.975998
vt 0.970215 0.976410
vt 0.971191 0.971970
vt 0.970215 0.972275
vt 0.970215 0.971970
vt 0.967773 0.985092
vt 0.967285 0.983963
vt 0.970215 0.982620
vt 0.966797 0.982620
vt 0.967285 0.981293
vt 0.967773 0.980164
vt 0.969238 0.979401
vt 0.970215 0.979126
vt 0.971680 0.979401
vt 0.972656 0.980148
vt 0.973633 0.981277
vt 0.973633 0.982620
vt 0.973633 0.983948
vt 0.972656 0.985085
vt 0.971680 0.985840
vt 0.970215 0.986107
vt 0.969238 0.985847
vt 0.977051 0.976456
vt 0.977051 0.972412
vt 0.978027 0.971954
vt 0.977051 0.973175
vt 0.976074 0.976456
vt 0.976074 0.973175
vt 0.976074 0.975830
vt 0.976074 0.972412
vt 0.977051 0.971954
vt 0.975098 0.975830
vt 0.975098 0.976456
vt 0.975098 0.972412
vt 0.975098 0.973175
vt 0.976074 0.971954
vt 0.974609 0.975830
vt 0.974121 0.976456
vt 0.974609 0.973175
vt 0.974609 0.972412
vt 0.975098 0.971954
vt 0.973633 0.976456
vt 0.973633 0.975830
vt 0.973633 0.973175
vt 0.973633 0.972412
vt 0.974609 0.971954
vt 0.973633 0.971954
vt 0.972656 0.972412
vt 0.972656 0.973175
vt 0.972656 0.976456
vt 0.972656 0.975830
vt 0.971680 0.973175
vt 0.971680 0.975830
vt 0.972656 0.971954
vt 0.971680 0.972412
vt 0.971680 0.971954
vt 0.970703 0.973175
vt 0.970703 0.972412
vt 0.971680 0.976456
vt 0.970703 0.975830
vt 0.970703 0.976456
vt 0.970703 0.971954
vt 0.967773 0.985229
vt 0.967285 0.984100
vt 0.970215 0.982773
vt 0.966797 0.982773
vt 0.967285 0.981445
vt 0.967773 0.980316
vt 0.969238 0.979568
vt 0.970215 0.979294
vt 0.971680 0.979553
vt 0.972656 0.980316
vt 0.973633 0.981430
vt 0.973633 0.982758
vt 0.973633 0.984100
vt 0.972656 0.985222
vt 0.971680 0.985977
vt 0.970215 0.986237
vt 0.969238 0.985977
vt 0.984375 0.976410
vt 0.985352 0.975998
vt 0.985352 0.976410
vt 0.984375 0.975998
vt 0.983887 0.976410
vt 0.984375 0.972778
vt 0.985352 0.972778
vt 0.983887 0.972778
vt 0.983887 0.975998
vt 0.982910 0.976410
vt 0.982910 0.975998
vt 0.985352 0.972275
vt 0.984375 0.972275
vt 0.983887 0.972275
vt 0.982910 0.972778
vt 0.981934 0.976410
vt 0.981934 0.975998
vt 0.984375 0.971970
vt 0.983887 0.971970
vt 0.985352 0.971970
vt 0.982910 0.972275
vt 0.982910 0.971970
vt 0.981934 0.972778
vt 0.980957 0.972778
vt 0.980957 0.975998
vt 0.980957 0.976410
vt 0.981934 0.972275
vt 0.981934 0.971970
vt 0.980957 0.972275
vt 0.979980 0.975998
vt 0.979980 0.976410
vt 0.979980 0.972275
vt 0.979980 0.972778
vt 0.980957 0.971970
vt 0.979980 0.971970
s 1
usemtl Material.002
f 5802/2494/5458 5803/2495/5459 5804/2496/5460
f 5805/2497/5458 5803/2495/5459 5802/2494/5458
f 5805/2497/5458 5802/2494/5458 5806/2498/5461
f 5806/2498/5461 5802/2494/5458 5807/2499/5462
f 5808/2500/5463 5806/2498/5461 5807/2499/5462
f 5809/2501/5464 5806/2498/5461 5808/2500/5463
f 5810/2502/5465 5809/2501/5464 5808/2500/5463
f 5811/2503/5465 5809/2501/5464 5810/2502/5465
f 5812/2504/5466 5811/2503/5465 5810/2502/5465
f 5813/2505/5467 5811/2503/5465 5812/2504/5466
f 5814/2506/5468 5813/2505/5467 5812/2504/5466
f 5815/2507/5469 5813/2505/5467 5814/2506/5468
f 5816/2508/5470 5815/2507/5469 5814/2506/5468
f 5817/2509/5470 5815/2507/5469 5816/2508/5470
f 5818/2510/5471 5817/2509/5470 5816/2508/5470
f 5819/2511/5471 5817/2509/5470 5818/2510/5471
f 5820/2512/5472 5819/2511/5471 5818/2510/5471
f 5821/2513/5473 5819/2511/5471 5820/2512/5472
f 5822/2514/5474 5821/2513/5473 5820/2512/5472
f 5823/2515/5475 5821/2513/5473 5822/2514/5474
f 5824/2516/5476 5823/2515/5475 5822/2514/5474
f 5825/2517/5477 5823/2515/5475 5824/2516/5476
f 5825/2517/5477 5824/2516/5476 5826/2518/5478
f 5826/2518/5478 5824/2516/5476 5827/2519/5478
f 5828/2520/5479 5826/2518/5478 5827/2519/5478
f 5829/2521/5480 5826/2518/5478 5828/2520/5479
f 5830/2522/5481 5829/2521/5480 5828/2520/5479
f 5831/2523/5482 5829/2521/5480 5830/2522/5481
f 5832/2524/5483 5831/2523/5482 5830/2522/5481
f 5833/2525/5484 5831/2523/5482 5832/2524/5483
f 5834/2526/5485 5833/2525/5484 5832/2524/5483
f 5835/2527/5486 5833/2525/5484 5834/2526/5485
f 5836/2528/5487 5837/2529/5488 5838/2530/5489
f 5839/2531/5490 5837/2529/5488 5836/2528/5487
f 5839/2531/5490 5840/2532/5491 5837/2529/5488
f 5839/2531/5490 5836/2528/5487 5841/2533/5492
f 5841/2533/5492 5836/2528/5487 5842/2534/5493
f 5843/2535/5494 5839/2531/5490 5841/2533/5492
f 5844/2536/5495 5839/2531/5490 5843/2535/5494
f 5844/2536/5495 5840/2532/5491 5839/2531/5490
f 5844/2536/5495 5845/2537/5496 5840/2532/5491
f 5846/2538/5497 5843/2535/5494 5841/2533/5492
f 5847/2539/5498 5841/2533/5492 5842/2534/5493
f 5846/2538/5497 5841/2533/5492 5847/2539/5498
f 5848/2540/5499 5844/2536/5495 5843/2535/5494
f 5849/2541/5500 5844/2536/5495 5848/2540/5499
f 5849/2541/5500 5845/2537/5496 5844/2536/5495
f 5848/2540/5499 5843/2535/5494 5850/2542/5501
f 5851/2543/5502 5843/2535/5494 5846/2538/5497
f 5850/2542/5501 5843/2535/5494 5851/2543/5502
f 5850/2542/5501 5852/2544/5503 5848/2540/5499
f 5852/2544/5503 5849/2541/5500 5848/2540/5499
f 5849/2541/5500 5853/2545/5504 5845/2537/5496
f 5854/2546/5505 5849/2541/5500 5852/2544/5503
f 5854/2546/5505 5853/2545/5504 5849/2541/5500
f 5855/2547/5506 5851/2543/5502 5846/2538/5497
f 5856/2548/5507 5846/2538/5497 5847/2539/5498
f 5855/2547/5506 5846/2538/5497 5856/2548/5507
f 5857/2549/5508 5850/2542/5501 5851/2543/5502
f 5857/2549/5508 5851/2543/5502 5855/2547/5506
f 5858/2550/5509 5852/2544/5503 5850/2542/5501
f 5859/2551/5510 5858/2550/5509 5850/2542/5501
f 5859/2551/5510 5850/2542/5501 5857/2549/5508
f 5860/2552/5511 5852/2544/5503 5858/2550/5509
f 5861/2553/5512 5852/2544/5503 5860/2552/5511
f 5861/2553/5512 5854/2546/5505 5852/2544/5503
f 5862/2554/5513 5860/2552/5511 5858/2550/5509
f 5862/2554/5513 5858/2550/5509 5859/2551/5510
f 5854/2546/5505 5863/2555/5514 5853/2545/5504
f 5864/2556/5515 5854/2546/5505 5861/2553/5512
f 5864/2556/5515 5863/2555/5514 5854/2546/5505
f 5865/2557/5516 5857/2549/5508 5855/2547/5506
f 5866/2558/5517 5855/2547/5506 5856/2548/5507
f 5865/2557/5516 5855/2547/5506 5866/2558/5517
f 5867/2559/5518 5859/2551/5510 5857/2549/5508
f 5867/2559/5518 5857/2549/5508 5865/2557/5516
f 5868/2560/5519 5862/2554/5513 5859/2551/5510
f 5868/2560/5519 5859/2551/5510 5867/2559/5518
f 5869/2561/5520 5860/2552/5511 5862/2554/5513
f 5870/2562/5521 5869/2561/5520 5862/2554/5513
f 5870/2562/5521 5862/2554/5513 5868/2560/5519
f 5871/2563/5522 5867/2559/5518 5865/2557/5516
f 5872/2564/5523 5865/2557/5516 5866/2558/5517
f 5871/2563/5522 5865/2557/5516 5872/2564/5523
f 5873/2565/5524 5868/2560/5519 5867/2559/5518
f 5873/2565/5524 5867/2559/5518 5871/2563/5522
f 5874/2566/5525 5870/2562/5521 5868/2560/5519
f 5874/2566/5525 5868/2560/5519 5873/2565/5524
f 5875/2567/5526 5869/2561/5520 5870/2562/5521
f 5876/2568/5527 5875/2567/5526 5870/2562/5521
f 5876/2568/5527 5870/2562/5521 5874/2566/5525
f 5877/2569/5528 5873/2565/5524 5871/2563/5522
f 5878/2570/5529 5871/2563/5522 5872/2564/5523
f 5877/2569/5528 5871/2563/5522 5878/2570/5529
f 5879/2571/5530 5874/2566/5525 5873/2565/5524
f 5879/2571/5530 5873/2565/5524 5877/2569/5528
f 5880/2572/5531 5876/2568/5527 5874/2566/5525
f 5880/2572/5531 5874/2566/5525 5879/2571/5530
f 5881/2573/5532 5875/2567/5526 5876/2568/5527
f 5882/2574/5533 5881/2573/5532 5876/2568/5527
f 5882/2574/5533 5876/2568/5527 5880/2572/5531
f 5879/2571/5530 5877/2569/5528 5883/2575/5534
f 5877/2569/5528 5878/2570/5529 5884/2576/5535
f 5883/2575/5534 5877/2569/5528 5884/2576/5535
f 5880/2572/5531 5879/2571/5530 5885/2577/5536
f 5885/2577/5536 5879/2571/5530 5883/2575/5534
f 5882/2574/5533 5880/2572/5531 5886/2578/5537
f 5886/2578/5537 5880/2572/5531 5885/2577/5536
f 5884/2576/5535 5878/2570/5529 5887/2579/5538
f 5888/2580/5539 5881/2573/5532 5882/2574/5533
f 5888/2580/5539 5882/2574/5533 5889/2581/5540
f 5889/2581/5540 5882/2574/5533 5886/2578/5537
f 5885/2577/5536 5883/2575/5534 5890/2582/5541
f 5883/2575/5534 5884/2576/5535 5891/2583/5542
f 5890/2582/5541 5883/2575/5534 5891/2583/5542
f 5891/2583/5542 5884/2576/5535 5892/2584/5543
f 5884/2576/5535 5887/2579/5538 5892/2584/5543
f 5886/2578/5537 5885/2577/5536 5893/2585/5544
f 5893/2585/5544 5885/2577/5536 5890/2582/5541
f 5889/2581/5540 5886/2578/5537 5894/2586/5545
f 5894/2586/5545 5886/2578/5537 5893/2585/5544
f 5892/2584/5543 5887/2579/5538 5895/2587/5546
f 5893/2585/5544 5890/2582/5541 5896/2588/5547
f 5890/2582/5541 5891/2583/5542 5897/2589/5548
f 5896/2588/5547 5890/2582/5541 5897/2589/5548
f 5897/2589/5548 5891/2583/5542 5898/2590/5549
f 5891/2583/5542 5892/2584/5543 5898/2590/5549
f 5898/2590/5549 5892/2584/5543 5899/2591/5550
f 5892/2584/5543 5895/2587/5546 5899/2591/5550
f 5894/2586/5545 5893/2585/5544 5900/2592/5551
f 5900/2592/5551 5893/2585/5544 5896/2588/5547
f 5899/2591/5550 5895/2587/5546 5901/2593/5552
f 5900/2592/5551 5896/2588/5547 5902/2594/5553
f 5896/2588/5547 5897/2589/5548 5903/2595/5554
f 5902/2594/5553 5896/2588/5547 5903/2595/5554
f 5903/2595/5554 5897/2589/5548 5904/2596/5555
f 5897/2589/5548 5898/2590/5549 5904/2596/5555
f 5904/2596/5555 5898/2590/5549 5905/2597/5556
f 5898/2590/5549 5899/2591/5550 5905/2597/5556
f 5905/2597/5556 5899/2591/5550 5906/2598/5557
f 5899/2591/5550 5901/2593/5552 5906/2598/5557
f 5906/2598/5557 5901/2593/5552 5907/2599/5558
f 5902/2594/5553 5903/2595/5554 5908/2600/5559
f 5908/2600/5559 5903/2595/5554 5909/2601/5560
f 5910/2602/5561 5903/2595/5554 5904/2596/5555
f 5909/2601/5560 5903/2595/5554 5910/2602/5561
f 5910/2602/5561 5904/2596/5555 5911/2603/5562
f 5911/2603/5562 5904/2596/5555 5905/2597/5556
f 5911/2603/5562 5905/2597/5556 5912/2604/5563
f 5912/2604/5563 5905/2597/5556 5906/2598/5557
f 5912/2604/5563 5906/2598/5557 5913/2605/5564
f 5913/2605/5564 5906/2598/5557 5907/2599/5558
f 5914/2606/5565 5911/2603/5562 5912/2604/5563
f 5912/2604/5563 5913/2605/5564 5914/2606/5565
f 5915/2607/5566 5910/2602/5561 5911/2603/5562
f 5915/2607/5566 5911/2603/5562 5914/2606/5565
f 5916/2608/5567 5909/2601/5560 5910/2602/5561
f 5916/2608/5567 5910/2602/5561 5915/2607/5566
f 5917/2609/5568 5908/2600/5559 5909/2601/5560
f 5917/2609/5568 5909/2601/5560 5916/2608/5567
f 5918/2610/5569 5908/2600/5559 5917/2609/5568
f 5914/2606/5565 5913/2605/5564 5919/2611/5570
f 5920/2612/5571 5915/2607/5566 5914/2606/5565
f 5921/2613/5572 5914/2606/5565 5919/2611/5570
f 5920/2612/5571 5914/2606/5565 5921/2613/5572
f 5922/2614/5573 5916/2608/5567 5915/2607/5566
f 5922/2614/5573 5915/2607/5566 5920/2612/5571
f 5923/2615/5574 5917/2609/5568 5916/2608/5567
f 5923/2615/5574 5916/2608/5567 5922/2614/5573
f 5924/2616/5575 5918/2610/5569 5917/2609/5568
f 5924/2616/5575 5917/2609/5568 5923/2615/5574
f 5925/2617/5576 5918/2610/5569 5924/2616/5575
f 5926/2618/5577 5922/2614/5573 5920/2612/5571
f 5927/2619/5578 5920/2612/5571 5921/2613/5572
f 5926/2618/5577 5920/2612/5571 5927/2619/5578
f 5928/2620/5579 5923/2615/5574 5922/2614/5573
f 5928/2620/5579 5922/2614/5573 5926/2618/5577
f 5929/2621/5580 5924/2616/5575 5923/2615/5574
f 5929/2621/5580 5923/2615/5574 5928/2620/5579
f 5930/2622/5581 5925/2617/5576 5924/2616/5575
f 5930/2622/5581 5924/2616/5575 5929/2621/5580
f 5931/2623/5582 5925/2617/5576 5930/2622/5581
f 5928/2620/5579 5926/2618/5577 5932/2624/5583
f 5926/2618/5577 5927/2619/5578 5933/2625/5584
f 5932/2624/5583 5926/2618/5577 5933/2625/5584
f 5929/2621/5580 5928/2620/5579 5934/2626/5585
f 5934/2626/5585 5928/2620/5579 5932/2624/5583
f 5930/2622/5581 5929/2621/5580 5935/2627/5586
f 5935/2627/5586 5929/2621/5580 5934/2626/5585
f 5931/2623/5582 5930/2622/5581 5936/2628/5587
f 5936/2628/5587 5930/2622/5581 5935/2627/5586
f 5933/2625/5584 5927/2619/5578 5937/2629/5588
f 5938/2630/5589 5939/2631/5590 5940/2632/5591
f 5941/2633/5592 5939/2631/5590 5938/2630/5589
f 5942/2634/5593 5941/2633/5592 5938/2630/5589
f 5943/2635/5594 5939/2631/5590 5941/2633/5592
f 5944/2636/5595 5939/2631/5590 5943/2635/5594
f 5943/2635/5594 5941/2633/5592 5945/2637/5596
f 5946/2638/5597 5941/2633/5592 5942/2634/5593
f 5945/2637/5596 5941/2633/5592 5946/2638/5597
f 5947/2639/5598 5946/2638/5597 5942/2634/5593
f 5943/2635/5594 5948/2640/5599 5944/2636/5595
f 5949/2641/5600 5948/2640/5599 5943/2635/5594
f 5945/2637/5596 5949/2641/5600 5943/2635/5594
f 5950/2642/5601 5949/2641/5600 5945/2637/5596
f 5945/2637/5596 5946/2638/5597 5951/2643/5602
f 5951/2643/5602 5950/2642/5601 5945/2637/5596
f 5951/2643/5602 5946/2638/5597 5952/2644/5603
f 5952/2644/5603 5946/2638/5597 5947/2639/5598
f 5953/2645/5604 5952/2644/5603 5947/2639/5598
f 5954/2646/5605 5951/2643/5602 5952/2644/5603
f 5954/2646/5605 5952/2644/5603 5953/2645/5604
f 5949/2641/5600 5955/2647/5606 5948/2640/5599
f 5956/2648/5607 5955/2647/5606 5949/2641/5600
f 5957/2649/5608 5949/2641/5600 5950/2642/5601
f 5956/2648/5607 5949/2641/5600 5957/2649/5608
f 5958/2650/5609 5950/2642/5601 5951/2643/5602
f 5958/2650/5609 5957/2649/5608 5950/2642/5601
f 5959/2651/5610 5958/2650/5609 5951/2643/5602
f 5959/2651/5610 5951/2643/5602 5954/2646/5605
f 5959/2651/5610 5954/2646/5605 5960/2652/5611
f 5954/2646/5605 5953/2645/5604 5961/2653/5612
f 5960/2652/5611 5954/2646/5605 5961/2653/5612
f 5961/2653/5612 5953/2645/5604 5962/2654/5613
f 5963/2655/5614 5957/2649/5608 5958/2650/5609
f 5964/2656/5615 5958/2650/5609 5959/2651/5610
f 5964/2656/5615 5963/2655/5614 5958/2650/5609
f 5964/2656/5615 5959/2651/5610 5965/2657/5616
f 5965/2657/5616 5959/2651/5610 5960/2652/5611
f 5966/2658/5617 5965/2657/5616 5960/2652/5611
f 5967/2659/5618 5960/2652/5611 5961/2653/5612
f 5966/2658/5617 5960/2652/5611 5967/2659/5618
f 5967/2659/5618 5961/2653/5612 5968/2660/5619
f 5968/2660/5619 5961/2653/5612 5962/2654/5613
f 5969/2661/5620 5963/2655/5614 5964/2656/5615
f 5969/2661/5620 5964/2656/5615 5970/2662/5621
f 5970/2662/5621 5964/2656/5615 5965/2657/5616
f 5971/2663/5622 5965/2657/5616 5966/2658/5617
f 5971/2663/5622 5970/2662/5621 5965/2657/5616
f 5972/2664/5623 5966/2658/5617 5967/2659/5618
f 5973/2665/5624 5967/2659/5618 5968/2660/5619
f 5972/2664/5623 5967/2659/5618 5973/2665/5624
f 5971/2663/5622 5966/2658/5617 5974/2666/5625
f 5975/2667/5626 5966/2658/5617 5972/2664/5623
f 5974/2666/5625 5966/2658/5617 5975/2667/5626
f 5974/2666/5625 5976/2668/5627 5971/2663/5622
f 5976/2668/5627 5970/2662/5621 5971/2663/5622
f 5977/2669/5628 5975/2667/5626 5972/2664/5623
f 5978/2670/5629 5972/2664/5623 5973/2665/5624
f 5977/2669/5628 5972/2664/5623 5978/2670/5629
f 5974/2666/5625 5975/2667/5626 5979/2671/5630
f 5979/2671/5630 5980/2672/5631 5974/2666/5625
f 5980/2672/5631 5976/2668/5627 5974/2666/5625
f 5979/2671/5630 5975/2667/5626 5981/2673/5632
f 5981/2673/5632 5975/2667/5626 5977/2669/5628
f 5982/2674/5633 5981/2673/5632 5977/2669/5628
f 5983/2675/5634 5984/2676/5635 5985/2677/5636
f 5985/2677/5636 5986/2678/5637 5983/2675/5634
f 5987/2679/5638 5984/2676/5635 5988/2680/5639
f 5989/2681/5640 5988/2680/5639 5990/2682/5641
f 5987/2679/5638 5988/2680/5639 5989/2681/5640
f 5985/2677/5636 5984/2676/5635 5991/2683/5642
f 5991/2683/5642 5984/2676/5635 5987/2679/5638
f 5992/2684/5643 5986/2678/5637 5985/2677/5636
f 5985/2677/5636 5991/2683/5642 5993/2685/5644
f 5993/2685/5644 5992/2684/5643 5985/2677/5636
f 5994/2686/5645 5991/2683/5642 5987/2679/5638
f 5995/2687/5646 5987/2679/5638 5989/2681/5640
f 5994/2686/5645 5987/2679/5638 5995/2687/5646
f 5993/2685/5644 5991/2683/5642 5996/2688/5647
f 5996/2688/5647 5991/2683/5642 5994/2686/5645
f 5997/2689/5648 5992/2684/5643 5993/2685/5644
f 5993/2685/5644 5996/2688/5647 5998/2690/5649
f 5998/2690/5649 5997/2689/5648 5993/2685/5644
f 5998/2690/5649 5996/2688/5647 5999/2691/5650
f 5996/2688/5647 5994/2686/5645 5999/2691/5650
f 5999/2691/5650 5994/2686/5645 6000/2692/5651
f 6001/2693/5652 5994/2686/5645 5995/2687/5646
f 6000/2692/5651 5994/2686/5645 6001/2693/5652
f 6002/2694/5653 5999/2691/5650 6000/2692/5651
f 6000/2692/5651 6001/2693/5652 6002/2694/5653
f 6003/2695/5654 5997/2689/5648 5998/2690/5649
f 5998/2690/5649 5999/2691/5650 6004/2696/5655
f 6004/2696/5655 6003/2695/5654 5998/2690/5649
f 6004/2696/5655 5999/2691/5650 6005/2697/5656
f 6005/2697/5656 5999/2691/5650 6002/2694/5653
f 6002/2694/5653 6001/2693/5652 6006/2698/5657
f 6007/2699/5658 6005/2697/5656 6002/2694/5653
f 6008/2700/5659 6002/2694/5653 6006/2698/5657
f 6007/2699/5658 6002/2694/5653 6008/2700/5659
f 6009/2701/5660 6004/2696/5655 6005/2697/5656
f 6009/2701/5660 6005/2697/5656 6007/2699/5658
f 6010/2702/5661 6003/2695/5654 6004/2696/5655
f 6011/2703/5662 6004/2696/5655 6009/2701/5660
f 6011/2703/5662 6010/2702/5661 6004/2696/5655
f 6009/2701/5660 6007/2699/5658 6012/2704/5663
f 6012/2704/5663 6011/2703/5662 6009/2701/5660
f 6008/2700/5659 6013/2705/5664 6007/2699/5658
f 6012/2704/5663 6007/2699/5658 6013/2705/5664
f 6014/2706/5665 6013/2705/5664 6008/2700/5659
f 6015/2707/5666 6010/2702/5661 6011/2703/5662
f 6016/2708/5667 6011/2703/5662 6012/2704/5663
f 6016/2708/5667 6015/2707/5666 6011/2703/5662
f 6012/2704/5663 6013/2705/5664 6017/2709/5668
f 6018/2710/5669 6012/2704/5663 6017/2709/5668
f 6016/2708/5667 6012/2704/5663 6018/2710/5669
f 6019/2711/5670 6015/2707/5666 6016/2708/5667
f 6018/2710/5669 6019/2711/5670 6016/2708/5667
f 6014/2706/5665 6020/2712/5671 6013/2705/5664
f 6017/2709/5668 6013/2705/5664 6021/2713/5672
f 6013/2705/5664 6020/2712/5671 6021/2713/5672
f 6022/2714/5673 6018/2710/5669 6017/2709/5668
f 6017/2709/5668 6021/2713/5672 6022/2714/5673
f 6022/2714/5673 6021/2713/5672 6023/2715/5674
f 6021/2713/5672 6020/2712/5671 6023/2715/5674
f 6024/2716/5675 6018/2710/5669 6022/2714/5673
f 6024/2716/5675 6025/2717/5676 6018/2710/5669
f 6025/2717/5676 6019/2711/5670 6018/2710/5669
f 6026/2718/5677 6024/2716/5675 6022/2714/5673
f 6022/2714/5673 6023/2715/5674 6026/2718/5677
f 6023/2715/5674 6020/2712/5671 6027/2719/5678
f 6026/2718/5677 6023/2715/5674 6028/2720/5679
f 6029/2721/5680 6023/2715/5674 6027/2719/5678
f 6028/2720/5679 6023/2715/5674 6029/2721/5680
f 6030/2722/5681 6025/2717/5676 6024/2716/5675
f 6031/2723/5682 6024/2716/5675 6026/2718/5677
f 6032/2724/5683 6024/2716/5675 6031/2723/5682
f 6030/2722/5681 6024/2716/5675 6032/2724/5683
f 6033/2725/5684 6034/2726/5685 6035/2727/5686
f 6034/2726/5685 6036/2728/5687 6035/2727/5686
f 6036/2728/5687 6037/2729/5688 6035/2727/5686
f 6037/2729/5688 6038/2730/5689 6035/2727/5686
f 6038/2730/5689 6039/2731/5690 6035/2727/5686
f 6039/2731/5690 6040/2732/5691 6035/2727/5686
f 6040/2732/5691 6041/2733/5692 6035/2727/5686
f 6041/2733/5692 6042/2734/5693 6035/2727/5686
f 6042/2734/5693 6043/2735/5694 6035/2727/5686
f 6043/2735/5694 6044/2736/5695 6035/2727/5686
f 6044/2736/5695 6045/2737/5696 6035/2727/5686
f 6045/2737/5696 6046/2738/5697 6035/2727/5686
f 6046/2738/5697 6047/2739/5698 6035/2727/5686
f 6047/2739/5698 6048/2740/5699 6035/2727/5686
f 6048/2740/5699 6049/2741/5700 6035/2727/5686
f 6049/2741/5700 6050/2725/5684 6035/2727/5686
f 6051/2494/5458 6052/2495/5459 6053/2496/5701
f 6054/2497/5458 6052/2495/5459 6051/2494/5458
f 6054/2497/5458 6051/2494/5458 6055/2498/5461
f 6055/2498/5461 6051/2494/5458 6056/2499/5462
f 6057/2500/5702 6055/2498/5461 6056/2499/5462
f 6058/2501/5703 6055/2498/5461 6057/2500/5702
f 6059/2502/5704 6058/2501/5703 6057/2500/5702
f 6060/2503/5705 6058/2501/5703 6059/2502/5704
f 6061/2504/5467 6060/2503/5705 6059/2502/5704
f 6062/2505/5467 6060/2503/5705 6061/2504/5467
f 6063/2506/5468 6062/2505/5467 6061/2504/5467
f 6064/2507/5468 6062/2505/5467 6063/2506/5468
f 6065/2508/5470 6064/2507/5468 6063/2506/5468
f 6066/2509/5470 6064/2507/5468 6065/2508/5470
f 6067/2510/5471 6066/2509/5470 6065/2508/5470
f 6068/2511/5471 6066/2509/5470 6067/2510/5471
f 6069/2512/5706 6068/2511/5471 6067/2510/5471
f 6070/2513/5473 6068/2511/5471 6069/2512/5706
f 6071/2514/5474 6070/2513/5473 6069/2512/5706
f 6072/2515/5707 6070/2513/5473 6071/2514/5474
f 6073/2516/5476 6072/2515/5707 6071/2514/5474
f 6074/2517/5708 6072/2515/5707 6073/2516/5476
f 6074/2517/5708 6073/2516/5476 6075/2518/5709
f 6075/2518/5709 6073/2516/5476 6076/2519/5709
f 6077/2520/5479 6075/2518/5709 6076/2519/5709
f 6078/2521/5480 6075/2518/5709 6077/2520/5479
f 6079/2522/5710 6078/2521/5480 6077/2520/5479
f 6080/2523/5711 6078/2521/5480 6079/2522/5710
f 6081/2524/5712 6080/2523/5711 6079/2522/5710
f 6082/2525/5712 6080/2523/5711 6081/2524/5712
f 6083/2526/5485 6082/2525/5712 6081/2524/5712
f 6084/2527/5713 6082/2525/5712 6083/2526/5485
f 6085/2742/5714 5977/2669/5628 5978/2670/5629
f 5982/2674/5633 5977/2669/5628 6085/2742/5714
f 5979/2671/5630 5981/2673/5632 6086/2743/5715
f 6086/2743/5715 6087/2744/5716 5979/2671/5630
f 6087/2744/5716 5980/2672/5631 5979/2671/5630
f 6086/2743/5715 5981/2673/5632 6088/2745/5717
f 6088/2745/5717 5981/2673/5632 5982/2674/5633
f 6089/2746/5718 5982/2674/5633 6085/2742/5714
f 6088/2745/5717 5982/2674/5633 6090/2747/5719
f 6091/2748/5720 5982/2674/5633 6089/2746/5718
f 6090/2747/5719 5982/2674/5633 6091/2748/5720
f 6086/2743/5715 6088/2745/5717 6092/2749/5721
f 6092/2749/5721 6088/2745/5717 6090/2747/5719
f 6093/2750/5722 6087/2744/5716 6086/2743/5715
f 6092/2749/5721 6093/2750/5722 6086/2743/5715
f 6094/2751/5723 6090/2747/5719 6091/2748/5720
f 6091/2748/5720 6089/2746/5718 6094/2751/5723
f 6094/2751/5723 6089/2746/5718 6095/2752/5724
f 6092/2749/5721 6090/2747/5719 6096/2753/5725
f 6097/2754/5726 6090/2747/5719 6094/2751/5723
f 6096/2753/5725 6090/2747/5719 6097/2754/5726
f 6098/2755/5727 6093/2750/5722 6092/2749/5721
f 6096/2753/5725 6098/2755/5727 6092/2749/5721
f 6099/2756/5728 6097/2754/5726 6094/2751/5723
f 6100/2757/5729 6094/2751/5723 6095/2752/5724
f 6099/2756/5728 6094/2751/5723 6100/2757/5729
f 6101/2758/5730 6096/2753/5725 6097/2754/5726
f 6101/2758/5730 6097/2754/5726 6099/2756/5728
f 6102/2759/5731 6096/2753/5725 6101/2758/5730
f 6102/2759/5731 6103/2760/5732 6096/2753/5725
f 6103/2760/5732 6098/2755/5727 6096/2753/5725
f 6100/2757/5729 6104/2761/5733 6099/2756/5728
f 6099/2756/5728 6104/2761/5733 6105/2762/5734
f 6106/2763/5735 6099/2756/5728 6105/2762/5734
f 6101/2758/5730 6099/2756/5728 6106/2763/5735
f 6102/2759/5731 6101/2758/5730 6107/2764/5736
f 6107/2764/5736 6101/2758/5730 6106/2763/5735
f 6108/2765/5737 6103/2760/5732 6102/2759/5731
f 6109/2766/5738 6102/2759/5731 6107/2764/5736
f 6108/2765/5737 6102/2759/5731 6109/2766/5738
f 6107/2764/5736 6106/2763/5735 6110/2767/5739
f 6110/2767/5739 6109/2766/5738 6107/2764/5736
f 6106/2763/5735 6105/2762/5734 6111/2768/5740
f 6110/2767/5739 6106/2763/5735 6111/2768/5740
f 6104/2761/5733 6112/2769/5741 6105/2762/5734
f 6105/2762/5734 6112/2769/5741 6113/2770/5742
f 6111/2768/5740 6105/2762/5734 6113/2770/5742
f 6114/2771/5743 6110/2767/5739 6111/2768/5740
f 6111/2768/5740 6113/2770/5742 6114/2771/5743
f 6114/2771/5743 6113/2770/5742 6115/2772/5744
f 6113/2770/5742 6112/2769/5741 6115/2772/5744
f 6116/2773/5745 6109/2766/5738 6110/2767/5739
f 6117/2774/5746 6110/2767/5739 6114/2771/5743
f 6118/2775/5747 6110/2767/5739 6117/2774/5746
f 6116/2773/5745 6110/2767/5739 6118/2775/5747
f 6119/2776/5748 6117/2774/5746 6114/2771/5743
f 6114/2771/5743 6115/2772/5744 6119/2776/5748
f 6120/2777/5749 6117/2774/5746 6119/2776/5748
f 6120/2777/5749 6118/2775/5747 6117/2774/5746
f 6115/2772/5744 6112/2769/5741 6121/2778/5750
f 6119/2776/5748 6115/2772/5744 6122/2779/5751
f 6123/2780/5752 6115/2772/5744 6121/2778/5750
f 6122/2779/5751 6115/2772/5744 6123/2780/5752
f 6124/2781/5753 6118/2775/5747 6120/2777/5749
f 6125/2782/5754 6126/2783/5755 6127/2784/5756
f 6126/2783/5755 6128/2785/5757 6127/2784/5756
f 6128/2785/5757 6129/2786/5758 6127/2784/5756
f 6129/2786/5758 6130/2787/5759 6127/2784/5756
f 6130/2787/5759 6131/2788/5760 6127/2784/5756
f 6131/2788/5760 6132/2789/5761 6127/2784/5756
f 6132/2789/5761 6133/2790/5762 6127/2784/5756
f 6133/2790/5762 6134/2791/5763 6127/2784/5756
f 6134/2791/5763 6135/2792/5764 6127/2784/5756
f 6135/2792/5764 6136/2793/5765 6127/2784/5756
f 6136/2793/5765 6137/2794/5766 6127/2784/5756
f 6137/2794/5766 6138/2795/5767 6127/2784/5756
f 6138/2795/5767 6139/2796/5768 6127/2784/5756
f 6139/2796/5768 6140/2797/5769 6127/2784/5756
f 6140/2797/5769 6141/2798/5770 6127/2784/5756
f 6141/2798/5770 6142/2782/5754 6127/2784/5756
f 6143/2799/5771 6144/2800/5772 6145/2801/5773
f 6146/2802/5774 6144/2800/5772 6143/2799/5771
f 6147/2803/5775 6146/2802/5774 6143/2799/5771
f 6148/2804/5776 6144/2800/5772 6146/2802/5774
f 6149/2805/5777 6144/2800/5772 6148/2804/5776
f 6148/2804/5776 6146/2802/5774 6150/2806/5778
f 6151/2807/5779 6146/2802/5774 6147/2803/5775
f 6150/2806/5778 6146/2802/5774 6151/2807/5779
f 6152/2808/5780 6151/2807/5779 6147/2803/5775
f 6153/2809/5781 6150/2806/5778 6151/2807/5779
f 6153/2809/5781 6151/2807/5779 6152/2808/5780
f 6148/2804/5776 6154/2810/5782 6149/2805/5777
f 6155/2811/5783 6154/2810/5782 6148/2804/5776
f 6150/2806/5778 6155/2811/5783 6148/2804/5776
f 6156/2812/5784 6155/2811/5783 6150/2806/5778
f 6157/2813/5785 6150/2806/5778 6153/2809/5781
f 6157/2813/5785 6156/2812/5784 6150/2806/5778
f 6158/2814/5786 6153/2809/5781 6152/2808/5780
f 6159/2815/5787 6157/2813/5785 6153/2809/5781
f 6159/2815/5787 6153/2809/5781 6158/2814/5786
f 6160/2816/5788 6154/2810/5782 6155/2811/5783
f 6161/2817/5789 6155/2811/5783 6156/2812/5784
f 6160/2816/5788 6155/2811/5783 6161/2817/5789
f 6162/2818/5790 6154/2810/5782 6160/2816/5788
f 6163/2819/5791 6156/2812/5784 6157/2813/5785
f 6164/2820/5792 6156/2812/5784 6163/2819/5791
f 6161/2817/5789 6156/2812/5784 6164/2820/5792
f 6165/2821/5793 6163/2819/5791 6157/2813/5785
f 6165/2821/5793 6157/2813/5785 6159/2815/5787
f 6165/2821/5793 6159/2815/5787 6166/2822/5794
f 6159/2815/5787 6158/2814/5786 6167/2823/5795
f 6166/2822/5794 6159/2815/5787 6167/2823/5795
f 6167/2823/5795 6158/2814/5786 6168/2824/5796
f 6169/2825/5797 6163/2819/5791 6165/2821/5793
f 6170/2826/5798 6163/2819/5791 6169/2825/5797
f 6164/2820/5792 6163/2819/5791 6170/2826/5798
f 6169/2825/5797 6165/2821/5793 6171/2827/5799
f 6171/2827/5799 6165/2821/5793 6166/2822/5794
f 6171/2827/5799 6170/2826/5798 6169/2825/5797
f 6172/2828/5800 6166/2822/5794 6167/2823/5795
f 6173/2829/5801 6167/2823/5795 6168/2824/5796
f 6172/2828/5800 6167/2823/5795 6173/2829/5801
f 6171/2827/5799 6166/2822/5794 6174/2830/5802
f 6175/2831/5803 6166/2822/5794 6172/2828/5800
f 6174/2830/5802 6166/2822/5794 6175/2831/5803
f 6176/2832/5804 6170/2826/5798 6171/2827/5799
f 6174/2830/5802 6176/2832/5804 6171/2827/5799
f 5988/2680/5639 6175/2831/5803 6172/2828/5800
f 5990/2682/5641 6172/2828/5800 6173/2829/5801
f 5988/2680/5639 6172/2828/5800 5990/2682/5641
f 6174/2830/5802 6175/2831/5803 5983/2675/5634
f 5984/2676/5635 6175/2831/5803 5988/2680/5639
f 5983/2675/5634 6175/2831/5803 5984/2676/5635
f 5986/2678/5637 6174/2830/5802 5983/2675/5634
f 6177/2833/5805 6174/2830/5802 5986/2678/5637
f 6177/2833/5805 6176/2832/5804 6174/2830/5802
